2026-07-30 17:54:55 WARNING  | DexSniper            | AI client disabled — no valid API key.
2026-07-30 17:54:56 INFO     | DexSniper            | Connected to chain 56 via https://bsc-dataseed.binance.org...
2026-07-30 17:54:56 INFO     | DexSniper            | Factory contract loaded: 0xcA143Ce3...
2026-07-30 17:54:56 INFO     | DexSniper            | =======================================================
2026-07-30 17:54:56 INFO     | DexSniper            | 🚀 DEX Sniper STARTED
2026-07-30 17:54:56 INFO     | DexSniper            |    Chain: BSC
2026-07-30 17:54:56 INFO     | DexSniper            |    Factory: 0xcA143Ce32Fe78...
2026-07-30 17:54:56 INFO     | DexSniper            |    Buy amount: 0.05 BSC
2026-07-30 17:54:56 INFO     | DexSniper            |    TP: 20.00%
2026-07-30 17:54:56 INFO     | DexSniper            |    AI scam filter: ON
2026-07-30 17:54:56 INFO     | DexSniper            | =======================================================
2026-07-30 17:54:56 ERROR    | DexSniper            | Error fetching events: ContractEvent.get_logs() got an unexpected keyword argument 'fromBlock'
2026-07-30 17:54:56 INFO     | DexSniper            | ==================================================
2026-07-30 17:54:56 INFO     | DexSniper            |   📊 DEX SNIPER STATS
2026-07-30 17:54:56 INFO     | DexSniper            |   Runtime: 0:00:00.225990
2026-07-30 17:54:56 INFO     | DexSniper            |   Pairs detected: 0
2026-07-30 17:54:56 INFO     | DexSniper            |   Scams filtered: 0
2026-07-30 17:54:56 INFO     | DexSniper            |   Trades executed: 0
2026-07-30 17:54:56 INFO     | DexSniper            |   Total invested: 0.0 BSC
2026-07-30 17:54:56 INFO     | DexSniper            | ==================================================
2026-07-30 17:54:56 INFO     | DexSniper            | ⏰ Sleeping 30s...
2026-07-30 17:55:19 INFO     | DexSniper            | ⏹️  Shutdown signal received.
2026-07-30 17:55:19 INFO     | DexSniper            | ==================================================
2026-07-30 17:55:19 INFO     | DexSniper            |   📊 DEX SNIPER STATS
2026-07-30 17:55:19 INFO     | DexSniper            |   Runtime: 0:00:22.804002
2026-07-30 17:55:19 INFO     | DexSniper            |   Pairs detected: 0
2026-07-30 17:55:19 INFO     | DexSniper            |   Scams filtered: 0
2026-07-30 17:55:19 INFO     | DexSniper            |   Trades executed: 0
2026-07-30 17:55:19 INFO     | DexSniper            |   Total invested: 0.0 BSC
2026-07-30 17:55:19 INFO     | DexSniper            | ==================================================
2026-07-30 17:56:09 WARNING  | DexSniper            | AI client disabled — no valid API key.
2026-07-30 17:56:10 INFO     | DexSniper            | Connected to chain 56 via https://bsc-dataseed.binance.org...
2026-07-30 17:56:10 INFO     | DexSniper            | Factory contract loaded: 0xcA143Ce3...
2026-07-30 17:56:10 INFO     | DexSniper            | =======================================================
2026-07-30 17:56:10 INFO     | DexSniper            | 🚀 DEX Sniper STARTED
2026-07-30 17:56:10 INFO     | DexSniper            |    Chain: BSC
2026-07-30 17:56:10 INFO     | DexSniper            |    Factory: 0xcA143Ce32Fe78...
2026-07-30 17:56:10 INFO     | DexSniper            |    Buy amount: 0.05 BSC
2026-07-30 17:56:10 INFO     | DexSniper            |    TP: 20.00%
2026-07-30 17:56:10 INFO     | DexSniper            |    AI scam filter: ON
2026-07-30 17:56:10 INFO     | DexSniper            | =======================================================
2026-07-30 17:56:10 ERROR    | DexSniper            | Error fetching events: ContractEvent.get_logs() got an unexpected keyword argument 'toBlock'
2026-07-30 17:56:10 INFO     | DexSniper            | ==================================================
2026-07-30 17:56:10 INFO     | DexSniper            |   📊 DEX SNIPER STATS
2026-07-30 17:56:10 INFO     | DexSniper            |   Runtime: 0:00:00.194601
2026-07-30 17:56:10 INFO     | DexSniper            |   Pairs detected: 0
2026-07-30 17:56:10 INFO     | DexSniper            |   Scams filtered: 0
2026-07-30 17:56:10 INFO     | DexSniper            |   Trades executed: 0
2026-07-30 17:56:10 INFO     | DexSniper            |   Total invested: 0.0 BSC
2026-07-30 17:56:10 INFO     | DexSniper            | ==================================================
2026-07-30 17:56:10 INFO     | DexSniper            | ⏰ Sleeping 30s...
2026-07-30 17:56:37 INFO     | DexSniper            | ⏹️  Shutdown signal received.
2026-07-30 17:56:37 INFO     | DexSniper            | ==================================================
2026-07-30 17:56:37 INFO     | DexSniper            |   📊 DEX SNIPER STATS
2026-07-30 17:56:37 INFO     | DexSniper            |   Runtime: 0:00:27.035308
2026-07-30 17:56:37 INFO     | DexSniper            |   Pairs detected: 0
2026-07-30 17:56:37 INFO     | DexSniper            |   Scams filtered: 0
2026-07-30 17:56:37 INFO     | DexSniper            |   Trades executed: 0
2026-07-30 17:56:37 INFO     | DexSniper            |   Total invested: 0.0 BSC
2026-07-30 17:56:37 INFO     | DexSniper            | ==================================================
2026-07-30 17:57:06 WARNING  | DexSniper            | AI client disabled — no valid API key.
2026-07-30 17:57:07 INFO     | DexSniper            | Connected to chain 56 via https://bsc-dataseed.binance.org...
2026-07-30 17:57:07 INFO     | DexSniper            | Factory contract loaded: 0xcA143Ce3...
2026-07-30 17:57:07 INFO     | DexSniper            | =======================================================
2026-07-30 17:57:07 INFO     | DexSniper            | 🚀 DEX Sniper STARTED
2026-07-30 17:57:07 INFO     | DexSniper            |    Chain: BSC
2026-07-30 17:57:07 INFO     | DexSniper            |    Factory: 0xcA143Ce32Fe78...
2026-07-30 17:57:07 INFO     | DexSniper            |    Buy amount: 0.05 BSC
2026-07-30 17:57:07 INFO     | DexSniper            |    TP: 20.00%
2026-07-30 17:57:07 INFO     | DexSniper            |    AI scam filter: ON
2026-07-30 17:57:07 INFO     | DexSniper            | =======================================================
2026-07-30 17:57:07 ERROR    | DexSniper            | Error fetching events: {'code': -32005, 'message': 'limit exceeded'}
2026-07-30 17:57:07 INFO     | DexSniper            | ==================================================
2026-07-30 17:57:07 INFO     | DexSniper            |   📊 DEX SNIPER STATS
2026-07-30 17:57:07 INFO     | DexSniper            |   Runtime: 0:00:00.321777
2026-07-30 17:57:07 INFO     | DexSniper            |   Pairs detected: 0
2026-07-30 17:57:07 INFO     | DexSniper            |   Scams filtered: 0
2026-07-30 17:57:07 INFO     | DexSniper            |   Trades executed: 0
2026-07-30 17:57:07 INFO     | DexSniper            |   Total invested: 0.0 BSC
2026-07-30 17:57:07 INFO     | DexSniper            | ==================================================
2026-07-30 17:57:07 INFO     | DexSniper            | ⏰ Sleeping 30s...
2026-07-30 17:57:11 INFO     | DexSniper            | ⏹️  Shutdown signal received.
2026-07-30 17:57:11 INFO     | DexSniper            | ==================================================
2026-07-30 17:57:11 INFO     | DexSniper            |   📊 DEX SNIPER STATS
2026-07-30 17:57:11 INFO     | DexSniper            |   Runtime: 0:00:03.590968
2026-07-30 17:57:11 INFO     | DexSniper            |   Pairs detected: 0
2026-07-30 17:57:11 INFO     | DexSniper            |   Scams filtered: 0
2026-07-30 17:57:11 INFO     | DexSniper            |   Trades executed: 0
2026-07-30 17:57:11 INFO     | DexSniper            |   Total invested: 0.0 BSC
2026-07-30 17:57:11 INFO     | DexSniper            | ==================================================
2026-07-30 17:58:31 WARNING  | DexSniper            | AI client disabled — no valid API key.
2026-07-30 17:58:32 INFO     | DexSniper            | Connected to chain 56 via https://bsc-dataseed.binance.org...
2026-07-30 17:58:32 INFO     | DexSniper            | Factory contract loaded: 0xcA143Ce3...
2026-07-30 17:58:32 INFO     | DexSniper            | =======================================================
2026-07-30 17:58:32 INFO     | DexSniper            | 🚀 DEX Sniper STARTED
2026-07-30 17:58:32 INFO     | DexSniper            |    Chain: BSC
2026-07-30 17:58:32 INFO     | DexSniper            |    Factory: 0xcA143Ce32Fe78...
2026-07-30 17:58:32 INFO     | DexSniper            |    Buy amount: 0.05 BSC
2026-07-30 17:58:32 INFO     | DexSniper            |    TP: 20.00%
2026-07-30 17:58:32 INFO     | DexSniper            |    AI scam filter: ON
2026-07-30 17:58:32 INFO     | DexSniper            | =======================================================
2026-07-30 17:58:33 INFO     | DexSniper            | 🆕 New pair detected! Token: 0x0bf4F2b8... Pair: 0xb38F44ff...
2026-07-30 17:58:34 INFO     | DexSniper            |   → Bonk Rich X (BONK)
2026-07-30 17:58:34 INFO     | DexSniper            |   → ✅ Passed checks: Passed basic checks
2026-07-30 17:58:34 INFO     | DexSniper            | 🎯 SNIPE: Bonk Rich X (BONK) — 0.05 BSC invested
2026-07-30 17:58:34 INFO     | DexSniper            | ==================================================
2026-07-30 17:58:34 INFO     | DexSniper            |   📊 DEX SNIPER STATS
2026-07-30 17:58:34 INFO     | DexSniper            |   Runtime: 0:00:01.982765
2026-07-30 17:58:34 INFO     | DexSniper            |   Pairs detected: 1
2026-07-30 17:58:34 INFO     | DexSniper            |   Scams filtered: 0
2026-07-30 17:58:34 INFO     | DexSniper            |   Trades executed: 1
2026-07-30 17:58:34 INFO     | DexSniper            |   Total invested: 0.05 BSC
2026-07-30 17:58:34 INFO     | DexSniper            | ==================================================
2026-07-30 17:58:34 INFO     | DexSniper            | ⏰ Sleeping 30s...
2026-07-30 17:59:05 INFO     | DexSniper            | 🆕 New pair detected! Token: 0xC621b24B... Pair: 0x56F7dEE6...
2026-07-30 17:59:06 INFO     | DexSniper            |   → QQQB (QQQB)
2026-07-30 17:59:06 INFO     | DexSniper            |   → ✅ Passed checks: Passed basic checks
2026-07-30 17:59:06 INFO     | DexSniper            | 🎯 SNIPE: QQQB (QQQB) — 0.05 BSC invested
2026-07-30 17:59:06 INFO     | DexSniper            | ==================================================
2026-07-30 17:59:06 INFO     | DexSniper            |   📊 DEX SNIPER STATS
2026-07-30 17:59:06 INFO     | DexSniper            |   Runtime: 0:00:33.570464
2026-07-30 17:59:06 INFO     | DexSniper            |   Pairs detected: 2
2026-07-30 17:59:06 INFO     | DexSniper            |   Scams filtered: 0
2026-07-30 17:59:06 INFO     | DexSniper            |   Trades executed: 2
2026-07-30 17:59:06 INFO     | DexSniper            |   Total invested: 0.1 BSC
2026-07-30 17:59:06 INFO     | DexSniper            | ==================================================
2026-07-30 17:59:06 INFO     | DexSniper            | ⏰ Sleeping 30s...
2026-07-30 17:59:36 INFO     | DexSniper            | ==================================================
2026-07-30 17:59:36 INFO     | DexSniper            |   📊 DEX SNIPER STATS
2026-07-30 17:59:36 INFO     | DexSniper            |   Runtime: 0:01:03.888194
2026-07-30 17:59:36 INFO     | DexSniper            |   Pairs detected: 2
2026-07-30 17:59:36 INFO     | DexSniper            |   Scams filtered: 0
2026-07-30 17:59:36 INFO     | DexSniper            |   Trades executed: 2
2026-07-30 17:59:36 INFO     | DexSniper            |   Total invested: 0.1 BSC
2026-07-30 17:59:36 INFO     | DexSniper            | ==================================================
2026-07-30 17:59:36 INFO     | DexSniper            | ⏰ Sleeping 30s...
2026-07-30 18:00:07 INFO     | DexSniper            | 🆕 New pair detected! Token: 0xC6D6F8Dc... Pair: 0x2645b875...
2026-07-30 18:00:08 INFO     | DexSniper            |   → NVDA (女大)
2026-07-30 18:00:08 INFO     | DexSniper            |   → ✅ Passed checks: Passed basic checks
2026-07-30 18:00:08 INFO     | DexSniper            | 🎯 SNIPE: NVDA (女大) — 0.05 BSC invested
2026-07-30 18:00:08 INFO     | DexSniper            | ==================================================
2026-07-30 18:00:08 INFO     | DexSniper            |   📊 DEX SNIPER STATS
2026-07-30 18:00:08 INFO     | DexSniper            |   Runtime: 0:01:35.267835
2026-07-30 18:00:08 INFO     | DexSniper            |   Pairs detected: 3
2026-07-30 18:00:08 INFO     | DexSniper            |   Scams filtered: 0
2026-07-30 18:00:08 INFO     | DexSniper            |   Trades executed: 3
2026-07-30 18:00:08 INFO     | DexSniper            |   Total invested: 0.15000000000000002 BSC
2026-07-30 18:00:08 INFO     | DexSniper            | ==================================================
2026-07-30 18:00:08 INFO     | DexSniper            | ⏰ Sleeping 30s...
2026-07-30 18:00:38 INFO     | DexSniper            | ==================================================
2026-07-30 18:00:38 INFO     | DexSniper            |   📊 DEX SNIPER STATS
2026-07-30 18:00:38 INFO     | DexSniper            |   Runtime: 0:02:05.573394
2026-07-30 18:00:38 INFO     | DexSniper            |   Pairs detected: 3
2026-07-30 18:00:38 INFO     | DexSniper            |   Scams filtered: 0
2026-07-30 18:00:38 INFO     | DexSniper            |   Trades executed: 3
2026-07-30 18:00:38 INFO     | DexSniper            |   Total invested: 0.15000000000000002 BSC
2026-07-30 18:00:38 INFO     | DexSniper            | ==================================================
2026-07-30 18:00:38 INFO     | DexSniper            | ⏰ Sleeping 30s...
2026-07-30 18:01:08 INFO     | DexSniper            | ==================================================
2026-07-30 18:01:08 INFO     | DexSniper            |   📊 DEX SNIPER STATS
2026-07-30 18:01:08 INFO     | DexSniper            |   Runtime: 0:02:35.984650
2026-07-30 18:01:08 INFO     | DexSniper            |   Pairs detected: 3
2026-07-30 18:01:08 INFO     | DexSniper            |   Scams filtered: 0
2026-07-30 18:01:08 INFO     | DexSniper            |   Trades executed: 3
2026-07-30 18:01:08 INFO     | DexSniper            |   Total invested: 0.15000000000000002 BSC
2026-07-30 18:01:08 INFO     | DexSniper            | ==================================================
2026-07-30 18:01:08 INFO     | DexSniper            | ⏰ Sleeping 30s...
2026-07-30 18:01:39 INFO     | DexSniper            | 🆕 New pair detected! Token: 0x21cAef8A... Pair: 0x07e525ef...
2026-07-30 18:01:40 INFO     | DexSniper            |   → Tether Gold (XAUt)
2026-07-30 18:01:40 INFO     | DexSniper            |   → ✅ Passed checks: Passed basic checks
2026-07-30 18:01:40 INFO     | DexSniper            | 🎯 SNIPE: Tether Gold (XAUt) — 0.05 BSC invested
2026-07-30 18:01:40 INFO     | DexSniper            | ==================================================
2026-07-30 18:01:40 INFO     | DexSniper            |   📊 DEX SNIPER STATS
2026-07-30 18:01:40 INFO     | DexSniper            |   Runtime: 0:03:07.681025
2026-07-30 18:01:40 INFO     | DexSniper            |   Pairs detected: 4
2026-07-30 18:01:40 INFO     | DexSniper            |   Scams filtered: 0
2026-07-30 18:01:40 INFO     | DexSniper            |   Trades executed: 4
2026-07-30 18:01:40 INFO     | DexSniper            |   Total invested: 0.2 BSC
2026-07-30 18:01:40 INFO     | DexSniper            | ==================================================
2026-07-30 18:01:40 INFO     | DexSniper            | ⏰ Sleeping 30s...
2026-07-30 18:02:10 INFO     | DexSniper            | ==================================================
2026-07-30 18:02:10 INFO     | DexSniper            |   📊 DEX SNIPER STATS
2026-07-30 18:02:10 INFO     | DexSniper            |   Runtime: 0:03:38.041098
2026-07-30 18:02:10 INFO     | DexSniper            |   Pairs detected: 4
2026-07-30 18:02:10 INFO     | DexSniper            |   Scams filtered: 0
2026-07-30 18:02:10 INFO     | DexSniper            |   Trades executed: 4
2026-07-30 18:02:10 INFO     | DexSniper            |   Total invested: 0.2 BSC
2026-07-30 18:02:10 INFO     | DexSniper            | ==================================================
2026-07-30 18:02:10 INFO     | DexSniper            | ⏰ Sleeping 30s...
2026-07-30 18:02:41 INFO     | DexSniper            | ==================================================
2026-07-30 18:02:41 INFO     | DexSniper            |   📊 DEX SNIPER STATS
2026-07-30 18:02:41 INFO     | DexSniper            |   Runtime: 0:04:08.678353
2026-07-30 18:02:41 INFO     | DexSniper            |   Pairs detected: 4
2026-07-30 18:02:41 INFO     | DexSniper            |   Scams filtered: 0
2026-07-30 18:02:41 INFO     | DexSniper            |   Trades executed: 4
2026-07-30 18:02:41 INFO     | DexSniper            |   Total invested: 0.2 BSC
2026-07-30 18:02:41 INFO     | DexSniper            | ==================================================
2026-07-30 18:02:41 INFO     | DexSniper            | ⏰ Sleeping 30s...
2026-07-30 18:03:11 INFO     | DexSniper            | ==================================================
2026-07-30 18:03:11 INFO     | DexSniper            |   📊 DEX SNIPER STATS
2026-07-30 18:03:11 INFO     | DexSniper            |   Runtime: 0:04:39.032713
2026-07-30 18:03:11 INFO     | DexSniper            |   Pairs detected: 4
2026-07-30 18:03:11 INFO     | DexSniper            |   Scams filtered: 0
2026-07-30 18:03:11 INFO     | DexSniper            |   Trades executed: 4
2026-07-30 18:03:11 INFO     | DexSniper            |   Total invested: 0.2 BSC
2026-07-30 18:03:11 INFO     | DexSniper            | ==================================================
2026-07-30 18:03:11 INFO     | DexSniper            | ⏰ Sleeping 30s...
2026-07-30 18:03:42 INFO     | DexSniper            | ==================================================
2026-07-30 18:03:42 INFO     | DexSniper            |   📊 DEX SNIPER STATS
2026-07-30 18:03:42 INFO     | DexSniper            |   Runtime: 0:05:09.340383
2026-07-30 18:03:42 INFO     | DexSniper            |   Pairs detected: 4
2026-07-30 18:03:42 INFO     | DexSniper            |   Scams filtered: 0
2026-07-30 18:03:42 INFO     | DexSniper            |   Trades executed: 4
2026-07-30 18:03:42 INFO     | DexSniper            |   Total invested: 0.2 BSC
2026-07-30 18:03:42 INFO     | DexSniper            | ==================================================
2026-07-30 18:03:42 INFO     | DexSniper            | ⏰ Sleeping 30s...
2026-07-30 18:04:12 INFO     | DexSniper            | 🆕 New pair detected! Token: 0x5fab8df8... Pair: 0xc94688BD...
2026-07-30 18:04:13 INFO     | DexSniper            |   → 🍏APPLEDOG (🍏APPLEDOG)
2026-07-30 18:04:13 INFO     | DexSniper            |   → ✅ Passed checks: Passed basic checks
2026-07-30 18:04:13 INFO     | DexSniper            | 🎯 SNIPE: 🍏APPLEDOG (🍏APPLEDOG) — 0.05 BSC invested
2026-07-30 18:04:13 INFO     | DexSniper            | ==================================================
2026-07-30 18:04:13 INFO     | DexSniper            |   📊 DEX SNIPER STATS
2026-07-30 18:04:13 INFO     | DexSniper            |   Runtime: 0:05:40.588736
2026-07-30 18:04:13 INFO     | DexSniper            |   Pairs detected: 5
2026-07-30 18:04:13 INFO     | DexSniper            |   Scams filtered: 0
2026-07-30 18:04:13 INFO     | DexSniper            |   Trades executed: 5
2026-07-30 18:04:13 INFO     | DexSniper            |   Total invested: 0.25 BSC
2026-07-30 18:04:13 INFO     | DexSniper            | ==================================================
2026-07-30 18:04:13 INFO     | DexSniper            | ⏰ Sleeping 30s...
2026-07-30 18:04:43 INFO     | DexSniper            | 🆕 New pair detected! Token: 0x20241512... Pair: 0xe0c6Aea9...
2026-07-30 18:04:45 INFO     | DexSniper            |   → HYNIXBULL ($HYNIXBULL)
2026-07-30 18:04:45 INFO     | DexSniper            |   → ✅ Passed checks: Passed basic checks
2026-07-30 18:04:45 INFO     | DexSniper            | 🎯 SNIPE: HYNIXBULL ($HYNIXBULL) — 0.05 BSC invested
2026-07-30 18:04:45 INFO     | DexSniper            | ==================================================
2026-07-30 18:04:45 INFO     | DexSniper            |   📊 DEX SNIPER STATS
2026-07-30 18:04:45 INFO     | DexSniper            |   Runtime: 0:06:12.341460
2026-07-30 18:04:45 INFO     | DexSniper            |   Pairs detected: 6
2026-07-30 18:04:45 INFO     | DexSniper            |   Scams filtered: 0
2026-07-30 18:04:45 INFO     | DexSniper            |   Trades executed: 6
2026-07-30 18:04:45 INFO     | DexSniper            |   Total invested: 0.3 BSC
2026-07-30 18:04:45 INFO     | DexSniper            | ==================================================
2026-07-30 18:04:45 INFO     | DexSniper            | ⏰ Sleeping 30s...
2026-07-30 18:05:15 INFO     | DexSniper            | ==================================================
2026-07-30 18:05:15 INFO     | DexSniper            |   📊 DEX SNIPER STATS
2026-07-30 18:05:15 INFO     | DexSniper            |   Runtime: 0:06:42.760363
2026-07-30 18:05:15 INFO     | DexSniper            |   Pairs detected: 6
2026-07-30 18:05:15 INFO     | DexSniper            |   Scams filtered: 0
2026-07-30 18:05:15 INFO     | DexSniper            |   Trades executed: 6
2026-07-30 18:05:15 INFO     | DexSniper            |   Total invested: 0.3 BSC
2026-07-30 18:05:15 INFO     | DexSniper            | ==================================================
2026-07-30 18:05:15 INFO     | DexSniper            | ⏰ Sleeping 30s...
2026-07-30 18:05:46 INFO     | DexSniper            | 🆕 New pair detected! Token: 0x33F377B7... Pair: 0x71ce66c9...
2026-07-30 18:05:48 INFO     | DexSniper            |   → Lorenzo Governance Token (BANK)
2026-07-30 18:05:48 INFO     | DexSniper            |   → ✅ Passed checks: Passed basic checks
2026-07-30 18:05:48 INFO     | DexSniper            | 🎯 SNIPE: Lorenzo Governance Token (BANK) — 0.05 BSC invested
2026-07-30 18:05:48 INFO     | DexSniper            | ==================================================
2026-07-30 18:05:48 INFO     | DexSniper            |   📊 DEX SNIPER STATS
2026-07-30 18:05:48 INFO     | DexSniper            |   Runtime: 0:07:15.583478
2026-07-30 18:05:48 INFO     | DexSniper            |   Pairs detected: 7
2026-07-30 18:05:48 INFO     | DexSniper            |   Scams filtered: 0
2026-07-30 18:05:48 INFO     | DexSniper            |   Trades executed: 7
2026-07-30 18:05:48 INFO     | DexSniper            |   Total invested: 0.35 BSC
2026-07-30 18:05:48 INFO     | DexSniper            | ==================================================
2026-07-30 18:05:48 INFO     | DexSniper            | ⏰ Sleeping 30s...
2026-07-30 18:06:19 INFO     | DexSniper            | ==================================================
2026-07-30 18:06:19 INFO     | DexSniper            |   📊 DEX SNIPER STATS
2026-07-30 18:06:19 INFO     | DexSniper            |   Runtime: 0:07:46.394893
2026-07-30 18:06:19 INFO     | DexSniper            |   Pairs detected: 7
2026-07-30 18:06:19 INFO     | DexSniper            |   Scams filtered: 0
2026-07-30 18:06:19 INFO     | DexSniper            |   Trades executed: 7
2026-07-30 18:06:19 INFO     | DexSniper            |   Total invested: 0.35 BSC
2026-07-30 18:06:19 INFO     | DexSniper            | ==================================================
2026-07-30 18:06:19 INFO     | DexSniper            | ⏰ Sleeping 30s...
2026-07-30 18:06:49 INFO     | DexSniper            | 🆕 New pair detected! Token: 0x7e644832... Pair: 0xB0fF31E3...
2026-07-30 18:06:50 INFO     | DexSniper            |   → 🍏APPLEDOG (🍏APPLEDOG)
2026-07-30 18:06:50 INFO     | DexSniper            |   → ✅ Passed checks: Passed basic checks
2026-07-30 18:06:50 INFO     | DexSniper            | 🎯 SNIPE: 🍏APPLEDOG (🍏APPLEDOG) — 0.05 BSC invested
2026-07-30 18:06:50 INFO     | DexSniper            | ==================================================
2026-07-30 18:06:50 INFO     | DexSniper            |   📊 DEX SNIPER STATS
2026-07-30 18:06:50 INFO     | DexSniper            |   Runtime: 0:08:17.689258
2026-07-30 18:06:50 INFO     | DexSniper            |   Pairs detected: 8
2026-07-30 18:06:50 INFO     | DexSniper            |   Scams filtered: 0
2026-07-30 18:06:50 INFO     | DexSniper            |   Trades executed: 8
2026-07-30 18:06:50 INFO     | DexSniper            |   Total invested: 0.39999999999999997 BSC
2026-07-30 18:06:50 INFO     | DexSniper            | ==================================================
2026-07-30 18:06:50 INFO     | DexSniper            | ⏰ Sleeping 30s...
2026-07-30 18:07:21 INFO     | DexSniper            | 🆕 New pair detected! Token: 0x88198424... Pair: 0x706146A5...
2026-07-30 18:07:22 INFO     | DexSniper            |   → 虚空推演者  (虚演)
2026-07-30 18:07:22 INFO     | DexSniper            |   → ✅ Passed checks: Passed basic checks
2026-07-30 18:07:22 INFO     | DexSniper            | 🎯 SNIPE: 虚空推演者  (虚演) — 0.05 BSC invested
2026-07-30 18:07:22 INFO     | DexSniper            | ==================================================
2026-07-30 18:07:22 INFO     | DexSniper            |   📊 DEX SNIPER STATS
2026-07-30 18:07:22 INFO     | DexSniper            |   Runtime: 0:08:49.281241
2026-07-30 18:07:22 INFO     | DexSniper            |   Pairs detected: 9
2026-07-30 18:07:22 INFO     | DexSniper            |   Scams filtered: 0
2026-07-30 18:07:22 INFO     | DexSniper            |   Trades executed: 9
2026-07-30 18:07:22 INFO     | DexSniper            |   Total invested: 0.44999999999999996 BSC
2026-07-30 18:07:22 INFO     | DexSniper            | ==================================================
2026-07-30 18:07:22 INFO     | DexSniper            | ⏰ Sleeping 30s...
2026-07-30 18:07:52 INFO     | DexSniper            | ==================================================
2026-07-30 18:07:52 INFO     | DexSniper            |   📊 DEX SNIPER STATS
2026-07-30 18:07:52 INFO     | DexSniper            |   Runtime: 0:09:19.592198
2026-07-30 18:07:52 INFO     | DexSniper            |   Pairs detected: 9
2026-07-30 18:07:52 INFO     | DexSniper            |   Scams filtered: 0
2026-07-30 18:07:52 INFO     | DexSniper            |   Trades executed: 9
2026-07-30 18:07:52 INFO     | DexSniper            |   Total invested: 0.44999999999999996 BSC
2026-07-30 18:07:52 INFO     | DexSniper            | ==================================================
2026-07-30 18:07:52 INFO     | DexSniper            | ⏰ Sleeping 30s...
2026-07-30 18:08:23 INFO     | DexSniper            | 🆕 New pair detected! Token: 0xb90C6e31... Pair: 0xD1f8fE93...
2026-07-30 18:08:24 INFO     | DexSniper            |   → 暗域银河  (暗河)
2026-07-30 18:08:24 INFO     | DexSniper            |   → ✅ Passed checks: Passed basic checks
2026-07-30 18:08:24 INFO     | DexSniper            | 🎯 SNIPE: 暗域银河  (暗河) — 0.05 BSC invested
2026-07-30 18:08:24 INFO     | DexSniper            | ==================================================
2026-07-30 18:08:24 INFO     | DexSniper            |   📊 DEX SNIPER STATS
2026-07-30 18:08:24 INFO     | DexSniper            |   Runtime: 0:09:51.272668
2026-07-30 18:08:24 INFO     | DexSniper            |   Pairs detected: 10
2026-07-30 18:08:24 INFO     | DexSniper            |   Scams filtered: 0
2026-07-30 18:08:24 INFO     | DexSniper            |   Trades executed: 10
2026-07-30 18:08:24 INFO     | DexSniper            |   Total invested: 0.49999999999999994 BSC
2026-07-30 18:08:24 INFO     | DexSniper            | ==================================================
2026-07-30 18:08:24 INFO     | DexSniper            | ⏰ Sleeping 30s...
2026-07-30 18:08:54 INFO     | DexSniper            | 🆕 New pair detected! Token: 0x1C8eFE39... Pair: 0x3908eAB6...
2026-07-30 18:08:55 INFO     | DexSniper            |   → Bloom Energy Tokenized bStocks (BEB)
2026-07-30 18:08:55 INFO     | DexSniper            |   → ✅ Passed checks: Passed basic checks
2026-07-30 18:08:55 INFO     | DexSniper            | 🎯 SNIPE: Bloom Energy Tokenized bStocks (BEB) — 0.05 BSC invested
2026-07-30 18:08:55 INFO     | DexSniper            | ==================================================
2026-07-30 18:08:55 INFO     | DexSniper            |   📊 DEX SNIPER STATS
2026-07-30 18:08:55 INFO     | DexSniper            |   Runtime: 0:10:22.750577
2026-07-30 18:08:55 INFO     | DexSniper            |   Pairs detected: 11
2026-07-30 18:08:55 INFO     | DexSniper            |   Scams filtered: 0
2026-07-30 18:08:55 INFO     | DexSniper            |   Trades executed: 11
2026-07-30 18:08:55 INFO     | DexSniper            |   Total invested: 0.5499999999999999 BSC
2026-07-30 18:08:55 INFO     | DexSniper            | ==================================================
2026-07-30 18:08:55 INFO     | DexSniper            | ⏰ Sleeping 30s...
2026-07-30 18:09:25 INFO     | DexSniper            | 🆕 New pair detected! Token: 0x34929bBc... Pair: 0x2dadB824...
2026-07-30 18:09:26 INFO     | DexSniper            |   → 黄金🍜 (黄金🍜)
2026-07-30 18:09:26 INFO     | DexSniper            |   → ✅ Passed checks: Passed basic checks
2026-07-30 18:09:26 INFO     | DexSniper            | 🎯 SNIPE: 黄金🍜 (黄金🍜) — 0.05 BSC invested
2026-07-30 18:09:26 INFO     | DexSniper            | ==================================================
2026-07-30 18:09:26 INFO     | DexSniper            |   📊 DEX SNIPER STATS
2026-07-30 18:09:26 INFO     | DexSniper            |   Runtime: 0:10:53.977429
2026-07-30 18:09:26 INFO     | DexSniper            |   Pairs detected: 12
2026-07-30 18:09:26 INFO     | DexSniper            |   Scams filtered: 0
2026-07-30 18:09:26 INFO     | DexSniper            |   Trades executed: 12
2026-07-30 18:09:26 INFO     | DexSniper            |   Total invested: 0.6 BSC
2026-07-30 18:09:26 INFO     | DexSniper            | ==================================================
2026-07-30 18:09:26 INFO     | DexSniper            | ⏰ Sleeping 30s...
2026-07-30 18:09:57 INFO     | DexSniper            | 🆕 New pair detected! Token: 0x9514d759... Pair: 0x25037D51...
2026-07-30 18:09:58 INFO     | DexSniper            |   → BrainPulse (BPL)
2026-07-30 18:09:58 INFO     | DexSniper            |   → ✅ Passed checks: Passed basic checks
2026-07-30 18:09:58 INFO     | DexSniper            | 🎯 SNIPE: BrainPulse (BPL) — 0.05 BSC invested
2026-07-30 18:09:58 INFO     | DexSniper            | 🆕 New pair detected! Token: 0x5d5d5977... Pair: 0xCae7f951...
2026-07-30 18:09:59 INFO     | DexSniper            |   → 币安黄金人生 (币安黄金人生)
2026-07-30 18:09:59 INFO     | DexSniper            |   → ✅ Passed checks: Passed basic checks
2026-07-30 18:09:59 INFO     | DexSniper            | 🎯 SNIPE: 币安黄金人生 (币安黄金人生) — 0.05 BSC invested
2026-07-30 18:09:59 INFO     | DexSniper            | ==================================================
2026-07-30 18:09:59 INFO     | DexSniper            |   📊 DEX SNIPER STATS
2026-07-30 18:09:59 INFO     | DexSniper            |   Runtime: 0:11:26.141085
2026-07-30 18:09:59 INFO     | DexSniper            |   Pairs detected: 14
2026-07-30 18:09:59 INFO     | DexSniper            |   Scams filtered: 0
2026-07-30 18:09:59 INFO     | DexSniper            |   Trades executed: 14
2026-07-30 18:09:59 INFO     | DexSniper            |   Total invested: 0.7000000000000001 BSC
2026-07-30 18:09:59 INFO     | DexSniper            | ==================================================
2026-07-30 18:09:59 INFO     | DexSniper            | ⏰ Sleeping 30s...
2026-07-30 18:10:29 INFO     | DexSniper            | 🆕 New pair detected! Token: 0xed51A82c... Pair: 0x3920A2c2...
2026-07-30 18:10:30 INFO     | DexSniper            |   → Pizza Fumble (PZZA)
2026-07-30 18:10:30 INFO     | DexSniper            |   → ✅ Passed checks: Passed basic checks
2026-07-30 18:10:30 INFO     | DexSniper            | 🎯 SNIPE: Pizza Fumble (PZZA) — 0.05 BSC invested
2026-07-30 18:10:30 INFO     | DexSniper            | 🆕 New pair detected! Token: 0xE0f76973... Pair: 0xeF84Cd2C...
2026-07-30 18:10:31 INFO     | DexSniper            |   → CZMARS (CZMARS)
2026-07-30 18:10:31 INFO     | DexSniper            |   → ✅ Passed checks: Passed basic checks
2026-07-30 18:10:31 INFO     | DexSniper            | 🎯 SNIPE: CZMARS (CZMARS) — 0.05 BSC invested
2026-07-30 18:10:31 INFO     | DexSniper            | ==================================================
2026-07-30 18:10:31 INFO     | DexSniper            |   📊 DEX SNIPER STATS
2026-07-30 18:10:31 INFO     | DexSniper            |   Runtime: 0:11:58.845453
2026-07-30 18:10:31 INFO     | DexSniper            |   Pairs detected: 16
2026-07-30 18:10:31 INFO     | DexSniper            |   Scams filtered: 0
2026-07-30 18:10:31 INFO     | DexSniper            |   Trades executed: 16
2026-07-30 18:10:31 INFO     | DexSniper            |   Total invested: 0.8000000000000002 BSC
2026-07-30 18:10:31 INFO     | DexSniper            | ==================================================
2026-07-30 18:10:31 INFO     | DexSniper            | ⏰ Sleeping 30s...
2026-07-30 18:11:02 INFO     | DexSniper            | ==================================================
2026-07-30 18:11:02 INFO     | DexSniper            |   📊 DEX SNIPER STATS
2026-07-30 18:11:02 INFO     | DexSniper            |   Runtime: 0:12:29.161170
2026-07-30 18:11:02 INFO     | DexSniper            |   Pairs detected: 16
2026-07-30 18:11:02 INFO     | DexSniper            |   Scams filtered: 0
2026-07-30 18:11:02 INFO     | DexSniper            |   Trades executed: 16
2026-07-30 18:11:02 INFO     | DexSniper            |   Total invested: 0.8000000000000002 BSC
2026-07-30 18:11:02 INFO     | DexSniper            | ==================================================
2026-07-30 18:11:02 INFO     | DexSniper            | ⏰ Sleeping 30s...
2026-07-30 18:11:32 INFO     | DexSniper            | 🆕 New pair detected! Token: 0x2f624218... Pair: 0xe83E8b7e...
2026-07-30 18:11:33 INFO     | DexSniper            |   → AVE (AVE)
2026-07-30 18:11:33 INFO     | DexSniper            |   → ✅ Passed checks: Passed basic checks
2026-07-30 18:11:33 INFO     | DexSniper            | 🎯 SNIPE: AVE (AVE) — 0.05 BSC invested
2026-07-30 18:11:33 INFO     | DexSniper            | ==================================================
2026-07-30 18:11:33 INFO     | DexSniper            |   📊 DEX SNIPER STATS
2026-07-30 18:11:33 INFO     | DexSniper            |   Runtime: 0:13:00.407266
2026-07-30 18:11:33 INFO     | DexSniper            |   Pairs detected: 17
2026-07-30 18:11:33 INFO     | DexSniper            |   Scams filtered: 0
2026-07-30 18:11:33 INFO     | DexSniper            |   Trades executed: 17
2026-07-30 18:11:33 INFO     | DexSniper            |   Total invested: 0.8500000000000002 BSC
2026-07-30 18:11:33 INFO     | DexSniper            | ==================================================
2026-07-30 18:11:33 INFO     | DexSniper            | ⏰ Sleeping 30s...
2026-07-30 18:12:03 INFO     | DexSniper            | ==================================================
2026-07-30 18:12:03 INFO     | DexSniper            |   📊 DEX SNIPER STATS
2026-07-30 18:12:03 INFO     | DexSniper            |   Runtime: 0:13:30.800288
2026-07-30 18:12:03 INFO     | DexSniper            |   Pairs detected: 17
2026-07-30 18:12:03 INFO     | DexSniper            |   Scams filtered: 0
2026-07-30 18:12:03 INFO     | DexSniper            |   Trades executed: 17
2026-07-30 18:12:03 INFO     | DexSniper            |   Total invested: 0.8500000000000002 BSC
2026-07-30 18:12:03 INFO     | DexSniper            | ==================================================
2026-07-30 18:12:03 INFO     | DexSniper            | ⏰ Sleeping 30s...
2026-07-30 18:12:33 INFO     | DexSniper            | ==================================================
2026-07-30 18:12:33 INFO     | DexSniper            |   📊 DEX SNIPER STATS
2026-07-30 18:12:33 INFO     | DexSniper            |   Runtime: 0:14:01.091548
2026-07-30 18:12:33 INFO     | DexSniper            |   Pairs detected: 17
2026-07-30 18:12:33 INFO     | DexSniper            |   Scams filtered: 0
2026-07-30 18:12:33 INFO     | DexSniper            |   Trades executed: 17
2026-07-30 18:12:33 INFO     | DexSniper            |   Total invested: 0.8500000000000002 BSC
2026-07-30 18:12:33 INFO     | DexSniper            | ==================================================
2026-07-30 18:12:33 INFO     | DexSniper            | ⏰ Sleeping 30s...
2026-07-30 18:13:04 INFO     | DexSniper            | ==================================================
2026-07-30 18:13:04 INFO     | DexSniper            |   📊 DEX SNIPER STATS
2026-07-30 18:13:04 INFO     | DexSniper            |   Runtime: 0:14:31.387585
2026-07-30 18:13:04 INFO     | DexSniper            |   Pairs detected: 17
2026-07-30 18:13:04 INFO     | DexSniper            |   Scams filtered: 0
2026-07-30 18:13:04 INFO     | DexSniper            |   Trades executed: 17
2026-07-30 18:13:04 INFO     | DexSniper            |   Total invested: 0.8500000000000002 BSC
2026-07-30 18:13:04 INFO     | DexSniper            | ==================================================
2026-07-30 18:13:04 INFO     | DexSniper            | ⏰ Sleeping 30s...
2026-07-30 18:13:34 INFO     | DexSniper            | ==================================================
2026-07-30 18:13:34 INFO     | DexSniper            |   📊 DEX SNIPER STATS
2026-07-30 18:13:34 INFO     | DexSniper            |   Runtime: 0:15:01.759182
2026-07-30 18:13:34 INFO     | DexSniper            |   Pairs detected: 17
2026-07-30 18:13:34 INFO     | DexSniper            |   Scams filtered: 0
2026-07-30 18:13:34 INFO     | DexSniper            |   Trades executed: 17
2026-07-30 18:13:34 INFO     | DexSniper            |   Total invested: 0.8500000000000002 BSC
2026-07-30 18:13:34 INFO     | DexSniper            | ==================================================
2026-07-30 18:13:34 INFO     | DexSniper            | ⏰ Sleeping 30s...
2026-07-30 18:14:05 INFO     | DexSniper            | 🆕 New pair detected! Token: 0xFeAF7473... Pair: 0x663f27Fd...
2026-07-30 18:14:06 INFO     | DexSniper            |   → AAPLBDOGE🔸 (AAPLBDOGE🔸)
2026-07-30 18:14:06 INFO     | DexSniper            |   → ✅ Passed checks: Passed basic checks
2026-07-30 18:14:06 INFO     | DexSniper            | 🎯 SNIPE: AAPLBDOGE🔸 (AAPLBDOGE🔸) — 0.05 BSC invested
2026-07-30 18:14:06 INFO     | DexSniper            | ==================================================
2026-07-30 18:14:06 INFO     | DexSniper            |   📊 DEX SNIPER STATS
2026-07-30 18:14:06 INFO     | DexSniper            |   Runtime: 0:15:33.191475
2026-07-30 18:14:06 INFO     | DexSniper            |   Pairs detected: 18
2026-07-30 18:14:06 INFO     | DexSniper            |   Scams filtered: 0
2026-07-30 18:14:06 INFO     | DexSniper            |   Trades executed: 18
2026-07-30 18:14:06 INFO     | DexSniper            |   Total invested: 0.9000000000000002 BSC
2026-07-30 18:14:06 INFO     | DexSniper            | ==================================================
2026-07-30 18:14:06 INFO     | DexSniper            | ⏰ Sleeping 30s...
2026-07-30 18:14:37 INFO     | DexSniper            | ==================================================
2026-07-30 18:14:37 INFO     | DexSniper            |   📊 DEX SNIPER STATS
2026-07-30 18:14:37 INFO     | DexSniper            |   Runtime: 0:16:04.500494
2026-07-30 18:14:37 INFO     | DexSniper            |   Pairs detected: 18
2026-07-30 18:14:37 INFO     | DexSniper            |   Scams filtered: 0
2026-07-30 18:14:37 INFO     | DexSniper            |   Trades executed: 18
2026-07-30 18:14:37 INFO     | DexSniper            |   Total invested: 0.9000000000000002 BSC
2026-07-30 18:14:37 INFO     | DexSniper            | ==================================================
2026-07-30 18:14:37 INFO     | DexSniper            | ⏰ Sleeping 30s...
2026-07-30 18:15:07 INFO     | DexSniper            | ==================================================
2026-07-30 18:15:07 INFO     | DexSniper            |   📊 DEX SNIPER STATS
2026-07-30 18:15:07 INFO     | DexSniper            |   Runtime: 0:16:34.843351
2026-07-30 18:15:07 INFO     | DexSniper            |   Pairs detected: 18
2026-07-30 18:15:07 INFO     | DexSniper            |   Scams filtered: 0
2026-07-30 18:15:07 INFO     | DexSniper            |   Trades executed: 18
2026-07-30 18:15:07 INFO     | DexSniper            |   Total invested: 0.9000000000000002 BSC
2026-07-30 18:15:07 INFO     | DexSniper            | ==================================================
2026-07-30 18:15:07 INFO     | DexSniper            | ⏰ Sleeping 30s...
2026-07-30 18:15:38 INFO     | DexSniper            | ==================================================
2026-07-30 18:15:38 INFO     | DexSniper            |   📊 DEX SNIPER STATS
2026-07-30 18:15:38 INFO     | DexSniper            |   Runtime: 0:17:05.147052
2026-07-30 18:15:38 INFO     | DexSniper            |   Pairs detected: 18
2026-07-30 18:15:38 INFO     | DexSniper            |   Scams filtered: 0
2026-07-30 18:15:38 INFO     | DexSniper            |   Trades executed: 18
2026-07-30 18:15:38 INFO     | DexSniper            |   Total invested: 0.9000000000000002 BSC
2026-07-30 18:15:38 INFO     | DexSniper            | ==================================================
2026-07-30 18:15:38 INFO     | DexSniper            | ⏰ Sleeping 30s...
2026-07-30 18:16:08 INFO     | DexSniper            | ==================================================
2026-07-30 18:16:08 INFO     | DexSniper            |   📊 DEX SNIPER STATS
2026-07-30 18:16:08 INFO     | DexSniper            |   Runtime: 0:17:35.457820
2026-07-30 18:16:08 INFO     | DexSniper            |   Pairs detected: 18
2026-07-30 18:16:08 INFO     | DexSniper            |   Scams filtered: 0
2026-07-30 18:16:08 INFO     | DexSniper            |   Trades executed: 18
2026-07-30 18:16:08 INFO     | DexSniper            |   Total invested: 0.9000000000000002 BSC
2026-07-30 18:16:08 INFO     | DexSniper            | ==================================================
2026-07-30 18:16:08 INFO     | DexSniper            | ⏰ Sleeping 30s...
2026-07-30 18:16:38 INFO     | DexSniper            | ==================================================
2026-07-30 18:16:38 INFO     | DexSniper            |   📊 DEX SNIPER STATS
2026-07-30 18:16:38 INFO     | DexSniper            |   Runtime: 0:18:05.790019
2026-07-30 18:16:38 INFO     | DexSniper            |   Pairs detected: 18
2026-07-30 18:16:38 INFO     | DexSniper            |   Scams filtered: 0
2026-07-30 18:16:38 INFO     | DexSniper            |   Trades executed: 18
2026-07-30 18:16:38 INFO     | DexSniper            |   Total invested: 0.9000000000000002 BSC
2026-07-30 18:16:38 INFO     | DexSniper            | ==================================================
2026-07-30 18:16:38 INFO     | DexSniper            | ⏰ Sleeping 30s...
2026-07-30 18:17:09 INFO     | DexSniper            | ==================================================
2026-07-30 18:17:09 INFO     | DexSniper            |   📊 DEX SNIPER STATS
2026-07-30 18:17:09 INFO     | DexSniper            |   Runtime: 0:18:36.424068
2026-07-30 18:17:09 INFO     | DexSniper            |   Pairs detected: 18
2026-07-30 18:17:09 INFO     | DexSniper            |   Scams filtered: 0
2026-07-30 18:17:09 INFO     | DexSniper            |   Trades executed: 18
2026-07-30 18:17:09 INFO     | DexSniper            |   Total invested: 0.9000000000000002 BSC
2026-07-30 18:17:09 INFO     | DexSniper            | ==================================================
2026-07-30 18:17:09 INFO     | DexSniper            | ⏰ Sleeping 30s...
2026-07-30 18:17:39 INFO     | DexSniper            | 🆕 New pair detected! Token: 0xaa469a98... Pair: 0xC54b32A9...
2026-07-30 18:17:40 INFO     | DexSniper            |   → Bridged Polygon (Anubis) (POL)
2026-07-30 18:17:40 INFO     | DexSniper            |   → ✅ Passed checks: Passed basic checks
2026-07-30 18:17:40 INFO     | DexSniper            | 🎯 SNIPE: Bridged Polygon (Anubis) (POL) — 0.05 BSC invested
2026-07-30 18:17:40 INFO     | DexSniper            | ==================================================
2026-07-30 18:17:40 INFO     | DexSniper            |   📊 DEX SNIPER STATS
2026-07-30 18:17:40 INFO     | DexSniper            |   Runtime: 0:19:07.863665
2026-07-30 18:17:40 INFO     | DexSniper            |   Pairs detected: 19
2026-07-30 18:17:40 INFO     | DexSniper            |   Scams filtered: 0
2026-07-30 18:17:40 INFO     | DexSniper            |   Trades executed: 19
2026-07-30 18:17:40 INFO     | DexSniper            |   Total invested: 0.9500000000000003 BSC
2026-07-30 18:17:40 INFO     | DexSniper            | ==================================================
2026-07-30 18:17:40 INFO     | DexSniper            | ⏰ Sleeping 30s...
2026-07-30 18:18:11 INFO     | DexSniper            | ==================================================
2026-07-30 18:18:11 INFO     | DexSniper            |   📊 DEX SNIPER STATS
2026-07-30 18:18:11 INFO     | DexSniper            |   Runtime: 0:19:38.155938
2026-07-30 18:18:11 INFO     | DexSniper            |   Pairs detected: 19
2026-07-30 18:18:11 INFO     | DexSniper            |   Scams filtered: 0
2026-07-30 18:18:11 INFO     | DexSniper            |   Trades executed: 19
2026-07-30 18:18:11 INFO     | DexSniper            |   Total invested: 0.9500000000000003 BSC
2026-07-30 18:18:11 INFO     | DexSniper            | ==================================================
2026-07-30 18:18:11 INFO     | DexSniper            | ⏰ Sleeping 30s...
2026-07-30 18:18:41 INFO     | DexSniper            | 🆕 New pair detected! Token: 0x6B7085DE... Pair: 0x59698577...
2026-07-30 18:18:42 INFO     | DexSniper            |   → 太岁钻石❤️ (太岁钻石❤️)
2026-07-30 18:18:42 INFO     | DexSniper            |   → ✅ Passed checks: Passed basic checks
2026-07-30 18:18:42 INFO     | DexSniper            | 🎯 SNIPE: 太岁钻石❤️ (太岁钻石❤️) — 0.05 BSC invested
2026-07-30 18:18:42 INFO     | DexSniper            | ==================================================
2026-07-30 18:18:42 INFO     | DexSniper            |   📊 DEX SNIPER STATS
2026-07-30 18:18:42 INFO     | DexSniper            |   Runtime: 0:20:09.596681
2026-07-30 18:18:42 INFO     | DexSniper            |   Pairs detected: 20
2026-07-30 18:18:42 INFO     | DexSniper            |   Scams filtered: 0
2026-07-30 18:18:42 INFO     | DexSniper            |   Trades executed: 20
2026-07-30 18:18:42 INFO     | DexSniper            |   Total invested: 1.0000000000000002 BSC
2026-07-30 18:18:42 INFO     | DexSniper            | ==================================================
2026-07-30 18:18:42 INFO     | DexSniper            | ⏰ Sleeping 30s...
2026-07-30 18:19:12 INFO     | DexSniper            | ==================================================
2026-07-30 18:19:12 INFO     | DexSniper            |   📊 DEX SNIPER STATS
2026-07-30 18:19:12 INFO     | DexSniper            |   Runtime: 0:20:40.018131
2026-07-30 18:19:12 INFO     | DexSniper            |   Pairs detected: 20
2026-07-30 18:19:12 INFO     | DexSniper            |   Scams filtered: 0
2026-07-30 18:19:12 INFO     | DexSniper            |   Trades executed: 20
2026-07-30 18:19:12 INFO     | DexSniper            |   Total invested: 1.0000000000000002 BSC
2026-07-30 18:19:12 INFO     | DexSniper            | ==================================================
2026-07-30 18:19:12 INFO     | DexSniper            | ⏰ Sleeping 30s...
2026-07-30 18:19:43 INFO     | DexSniper            | ==================================================
2026-07-30 18:19:43 INFO     | DexSniper            |   📊 DEX SNIPER STATS
2026-07-30 18:19:43 INFO     | DexSniper            |   Runtime: 0:21:10.307605
2026-07-30 18:19:43 INFO     | DexSniper            |   Pairs detected: 20
2026-07-30 18:19:43 INFO     | DexSniper            |   Scams filtered: 0
2026-07-30 18:19:43 INFO     | DexSniper            |   Trades executed: 20
2026-07-30 18:19:43 INFO     | DexSniper            |   Total invested: 1.0000000000000002 BSC
2026-07-30 18:19:43 INFO     | DexSniper            | ==================================================
2026-07-30 18:19:43 INFO     | DexSniper            | ⏰ Sleeping 30s...
2026-07-30 18:20:13 INFO     | DexSniper            | ==================================================
2026-07-30 18:20:13 INFO     | DexSniper            |   📊 DEX SNIPER STATS
2026-07-30 18:20:13 INFO     | DexSniper            |   Runtime: 0:21:40.615295
2026-07-30 18:20:13 INFO     | DexSniper            |   Pairs detected: 20
2026-07-30 18:20:13 INFO     | DexSniper            |   Scams filtered: 0
2026-07-30 18:20:13 INFO     | DexSniper            |   Trades executed: 20
2026-07-30 18:20:13 INFO     | DexSniper            |   Total invested: 1.0000000000000002 BSC
2026-07-30 18:20:13 INFO     | DexSniper            | ==================================================
2026-07-30 18:20:13 INFO     | DexSniper            | ⏰ Sleeping 30s...
2026-07-30 18:20:43 INFO     | DexSniper            | ==================================================
2026-07-30 18:20:43 INFO     | DexSniper            |   📊 DEX SNIPER STATS
2026-07-30 18:20:43 INFO     | DexSniper            |   Runtime: 0:22:10.939780
2026-07-30 18:20:43 INFO     | DexSniper            |   Pairs detected: 20
2026-07-30 18:20:43 INFO     | DexSniper            |   Scams filtered: 0
2026-07-30 18:20:43 INFO     | DexSniper            |   Trades executed: 20
2026-07-30 18:20:43 INFO     | DexSniper            |   Total invested: 1.0000000000000002 BSC
2026-07-30 18:20:43 INFO     | DexSniper            | ==================================================
2026-07-30 18:20:43 INFO     | DexSniper            | ⏰ Sleeping 30s...
2026-07-30 18:21:14 INFO     | DexSniper            | 🆕 New pair detected! Token: 0xac87A5E6... Pair: 0x04f906ac...
2026-07-30 18:21:15 INFO     | DexSniper            |   → INSIDE BINANCE (INSIDE BINANCE)
2026-07-30 18:21:15 INFO     | DexSniper            |   → ✅ Passed checks: Passed basic checks
2026-07-30 18:21:15 INFO     | DexSniper            | 🎯 SNIPE: INSIDE BINANCE (INSIDE BINANCE) — 0.05 BSC invested
2026-07-30 18:21:15 INFO     | DexSniper            | ==================================================
2026-07-30 18:21:15 INFO     | DexSniper            |   📊 DEX SNIPER STATS
2026-07-30 18:21:15 INFO     | DexSniper            |   Runtime: 0:22:42.718971
2026-07-30 18:21:15 INFO     | DexSniper            |   Pairs detected: 21
2026-07-30 18:21:15 INFO     | DexSniper            |   Scams filtered: 0
2026-07-30 18:21:15 INFO     | DexSniper            |   Trades executed: 21
2026-07-30 18:21:15 INFO     | DexSniper            |   Total invested: 1.0500000000000003 BSC
2026-07-30 18:21:15 INFO     | DexSniper            | ==================================================
2026-07-30 18:21:15 INFO     | DexSniper            | ⏰ Sleeping 30s...
2026-07-30 18:21:45 INFO     | DexSniper            | ==================================================
2026-07-30 18:21:45 INFO     | DexSniper            |   📊 DEX SNIPER STATS
2026-07-30 18:21:45 INFO     | DexSniper            |   Runtime: 0:23:13.028100
2026-07-30 18:21:45 INFO     | DexSniper            |   Pairs detected: 21
2026-07-30 18:21:45 INFO     | DexSniper            |   Scams filtered: 0
2026-07-30 18:21:45 INFO     | DexSniper            |   Trades executed: 21
2026-07-30 18:21:45 INFO     | DexSniper            |   Total invested: 1.0500000000000003 BSC
2026-07-30 18:21:45 INFO     | DexSniper            | ==================================================
2026-07-30 18:21:45 INFO     | DexSniper            | ⏰ Sleeping 30s...
2026-07-30 18:22:16 INFO     | DexSniper            | ==================================================
2026-07-30 18:22:16 INFO     | DexSniper            |   📊 DEX SNIPER STATS
2026-07-30 18:22:16 INFO     | DexSniper            |   Runtime: 0:23:43.337317
2026-07-30 18:22:16 INFO     | DexSniper            |   Pairs detected: 21
2026-07-30 18:22:16 INFO     | DexSniper            |   Scams filtered: 0
2026-07-30 18:22:16 INFO     | DexSniper            |   Trades executed: 21
2026-07-30 18:22:16 INFO     | DexSniper            |   Total invested: 1.0500000000000003 BSC
2026-07-30 18:22:16 INFO     | DexSniper            | ==================================================
2026-07-30 18:22:16 INFO     | DexSniper            | ⏰ Sleeping 30s...
2026-07-30 18:22:46 INFO     | DexSniper            | ==================================================
2026-07-30 18:22:46 INFO     | DexSniper            |   📊 DEX SNIPER STATS
2026-07-30 18:22:46 INFO     | DexSniper            |   Runtime: 0:24:13.678667
2026-07-30 18:22:46 INFO     | DexSniper            |   Pairs detected: 21
2026-07-30 18:22:46 INFO     | DexSniper            |   Scams filtered: 0
2026-07-30 18:22:46 INFO     | DexSniper            |   Trades executed: 21
2026-07-30 18:22:46 INFO     | DexSniper            |   Total invested: 1.0500000000000003 BSC
2026-07-30 18:22:46 INFO     | DexSniper            | ==================================================
2026-07-30 18:22:46 INFO     | DexSniper            | ⏰ Sleeping 30s...
2026-07-30 18:23:16 INFO     | DexSniper            | ==================================================
2026-07-30 18:23:16 INFO     | DexSniper            |   📊 DEX SNIPER STATS
2026-07-30 18:23:16 INFO     | DexSniper            |   Runtime: 0:24:44.032010
2026-07-30 18:23:16 INFO     | DexSniper            |   Pairs detected: 21
2026-07-30 18:23:16 INFO     | DexSniper            |   Scams filtered: 0
2026-07-30 18:23:16 INFO     | DexSniper            |   Trades executed: 21
2026-07-30 18:23:16 INFO     | DexSniper            |   Total invested: 1.0500000000000003 BSC
2026-07-30 18:23:16 INFO     | DexSniper            | ==================================================
2026-07-30 18:23:16 INFO     | DexSniper            | ⏰ Sleeping 30s...
2026-07-30 18:23:47 INFO     | DexSniper            | ==================================================
2026-07-30 18:23:47 INFO     | DexSniper            |   📊 DEX SNIPER STATS
2026-07-30 18:23:47 INFO     | DexSniper            |   Runtime: 0:25:14.366355
2026-07-30 18:23:47 INFO     | DexSniper            |   Pairs detected: 21
2026-07-30 18:23:47 INFO     | DexSniper            |   Scams filtered: 0
2026-07-30 18:23:47 INFO     | DexSniper            |   Trades executed: 21
2026-07-30 18:23:47 INFO     | DexSniper            |   Total invested: 1.0500000000000003 BSC
2026-07-30 18:23:47 INFO     | DexSniper            | ==================================================
2026-07-30 18:23:47 INFO     | DexSniper            | ⏰ Sleeping 30s...
2026-07-30 18:24:17 INFO     | DexSniper            | 🆕 New pair detected! Token: 0x5dD0Caa4... Pair: 0xFfD347cC...
2026-07-30 18:24:18 INFO     | DexSniper            |   → 太岁钻石❤️ (太岁钻石❤️)
2026-07-30 18:24:18 INFO     | DexSniper            |   → ✅ Passed checks: Passed basic checks
2026-07-30 18:24:18 INFO     | DexSniper            | 🎯 SNIPE: 太岁钻石❤️ (太岁钻石❤️) — 0.05 BSC invested
2026-07-30 18:24:18 INFO     | DexSniper            | ==================================================
2026-07-30 18:24:18 INFO     | DexSniper            |   📊 DEX SNIPER STATS
2026-07-30 18:24:18 INFO     | DexSniper            |   Runtime: 0:25:45.980461
2026-07-30 18:24:18 INFO     | DexSniper            |   Pairs detected: 22
2026-07-30 18:24:18 INFO     | DexSniper            |   Scams filtered: 0
2026-07-30 18:24:18 INFO     | DexSniper            |   Trades executed: 22
2026-07-30 18:24:18 INFO     | DexSniper            |   Total invested: 1.1000000000000003 BSC
2026-07-30 18:24:18 INFO     | DexSniper            | ==================================================
2026-07-30 18:24:18 INFO     | DexSniper            | ⏰ Sleeping 30s...
2026-07-30 18:24:49 INFO     | DexSniper            | ==================================================
2026-07-30 18:24:49 INFO     | DexSniper            |   📊 DEX SNIPER STATS
2026-07-30 18:24:49 INFO     | DexSniper            |   Runtime: 0:26:16.300037
2026-07-30 18:24:49 INFO     | DexSniper            |   Pairs detected: 22
2026-07-30 18:24:49 INFO     | DexSniper            |   Scams filtered: 0
2026-07-30 18:24:49 INFO     | DexSniper            |   Trades executed: 22
2026-07-30 18:24:49 INFO     | DexSniper            |   Total invested: 1.1000000000000003 BSC
2026-07-30 18:24:49 INFO     | DexSniper            | ==================================================
2026-07-30 18:24:49 INFO     | DexSniper            | ⏰ Sleeping 30s...
2026-07-30 18:25:19 INFO     | DexSniper            | 🆕 New pair detected! Token: 0x5379d51d... Pair: 0xe583586b...
2026-07-30 18:25:20 INFO     | DexSniper            |   → 慈善人生 (慈善人生)
2026-07-30 18:25:20 INFO     | DexSniper            |   → ✅ Passed checks: Passed basic checks
2026-07-30 18:25:20 INFO     | DexSniper            | 🎯 SNIPE: 慈善人生 (慈善人生) — 0.05 BSC invested
2026-07-30 18:25:20 INFO     | DexSniper            | ==================================================
2026-07-30 18:25:20 INFO     | DexSniper            |   📊 DEX SNIPER STATS
2026-07-30 18:25:20 INFO     | DexSniper            |   Runtime: 0:26:47.653495
2026-07-30 18:25:20 INFO     | DexSniper            |   Pairs detected: 23
2026-07-30 18:25:20 INFO     | DexSniper            |   Scams filtered: 0
2026-07-30 18:25:20 INFO     | DexSniper            |   Trades executed: 23
2026-07-30 18:25:20 INFO     | DexSniper            |   Total invested: 1.1500000000000004 BSC
2026-07-30 18:25:20 INFO     | DexSniper            | ==================================================
2026-07-30 18:25:20 INFO     | DexSniper            | ⏰ Sleeping 30s...
2026-07-30 18:25:50 INFO     | DexSniper            | 🆕 New pair detected! Token: 0x550ec262... Pair: 0xDc5b5a5F...
2026-07-30 18:25:52 INFO     | DexSniper            |   → 星云编年史  (星史)
2026-07-30 18:25:52 INFO     | DexSniper            |   → ✅ Passed checks: Passed basic checks
2026-07-30 18:25:52 INFO     | DexSniper            | 🎯 SNIPE: 星云编年史  (星史) — 0.05 BSC invested
2026-07-30 18:25:52 INFO     | DexSniper            | ==================================================
2026-07-30 18:25:52 INFO     | DexSniper            |   📊 DEX SNIPER STATS
2026-07-30 18:25:52 INFO     | DexSniper            |   Runtime: 0:27:19.527640
2026-07-30 18:25:52 INFO     | DexSniper            |   Pairs detected: 24
2026-07-30 18:25:52 INFO     | DexSniper            |   Scams filtered: 0
2026-07-30 18:25:52 INFO     | DexSniper            |   Trades executed: 24
2026-07-30 18:25:52 INFO     | DexSniper            |   Total invested: 1.2000000000000004 BSC
2026-07-30 18:25:52 INFO     | DexSniper            | ==================================================
2026-07-30 18:25:52 INFO     | DexSniper            | ⏰ Sleeping 30s...
2026-07-30 18:26:22 INFO     | DexSniper            | 🆕 New pair detected! Token: 0xa703EE22... Pair: 0xE7979a67...
2026-07-30 18:26:23 INFO     | DexSniper            |   → Goldman Sachs Tokenized bStocks (GSB)
2026-07-30 18:26:23 INFO     | DexSniper            |   → ✅ Passed checks: Passed basic checks
2026-07-30 18:26:23 INFO     | DexSniper            | 🎯 SNIPE: Goldman Sachs Tokenized bStocks (GSB) — 0.05 BSC invested
2026-07-30 18:26:23 INFO     | DexSniper            | ==================================================
2026-07-30 18:26:23 INFO     | DexSniper            |   📊 DEX SNIPER STATS
2026-07-30 18:26:23 INFO     | DexSniper            |   Runtime: 0:27:50.990756
2026-07-30 18:26:23 INFO     | DexSniper            |   Pairs detected: 25
2026-07-30 18:26:23 INFO     | DexSniper            |   Scams filtered: 0
2026-07-30 18:26:23 INFO     | DexSniper            |   Trades executed: 25
2026-07-30 18:26:23 INFO     | DexSniper            |   Total invested: 1.2500000000000004 BSC
2026-07-30 18:26:23 INFO     | DexSniper            | ==================================================
2026-07-30 18:26:23 INFO     | DexSniper            | ⏰ Sleeping 30s...
2026-07-30 18:26:54 INFO     | DexSniper            | 🆕 New pair detected! Token: 0x82a549dc... Pair: 0x26DCCbfC...
2026-07-30 18:26:55 INFO     | DexSniper            |   → MikuTallica Encore (MIKTL)
2026-07-30 18:26:55 INFO     | DexSniper            |   → ✅ Passed checks: Passed basic checks
2026-07-30 18:26:55 INFO     | DexSniper            | 🎯 SNIPE: MikuTallica Encore (MIKTL) — 0.05 BSC invested
2026-07-30 18:26:55 INFO     | DexSniper            | ==================================================
2026-07-30 18:26:55 INFO     | DexSniper            |   📊 DEX SNIPER STATS
2026-07-30 18:26:55 INFO     | DexSniper            |   Runtime: 0:28:22.570182
2026-07-30 18:26:55 INFO     | DexSniper            |   Pairs detected: 26
2026-07-30 18:26:55 INFO     | DexSniper            |   Scams filtered: 0
2026-07-30 18:26:55 INFO     | DexSniper            |   Trades executed: 26
2026-07-30 18:26:55 INFO     | DexSniper            |   Total invested: 1.3000000000000005 BSC
2026-07-30 18:26:55 INFO     | DexSniper            | ==================================================
2026-07-30 18:26:55 INFO     | DexSniper            | ⏰ Sleeping 30s...
2026-07-30 18:27:25 INFO     | DexSniper            | ==================================================
2026-07-30 18:27:25 INFO     | DexSniper            |   📊 DEX SNIPER STATS
2026-07-30 18:27:25 INFO     | DexSniper            |   Runtime: 0:28:52.867712
2026-07-30 18:27:25 INFO     | DexSniper            |   Pairs detected: 26
2026-07-30 18:27:25 INFO     | DexSniper            |   Scams filtered: 0
2026-07-30 18:27:25 INFO     | DexSniper            |   Trades executed: 26
2026-07-30 18:27:25 INFO     | DexSniper            |   Total invested: 1.3000000000000005 BSC
2026-07-30 18:27:25 INFO     | DexSniper            | ==================================================
2026-07-30 18:27:25 INFO     | DexSniper            | ⏰ Sleeping 30s...
2026-07-30 18:27:56 INFO     | DexSniper            | 🆕 New pair detected! Token: 0xbF4e4Cc7... Pair: 0xAFc0421b...
2026-07-30 18:27:57 INFO     | DexSniper            |   → BNB TIGER (BNB TIGER)
2026-07-30 18:27:57 INFO     | DexSniper            |   → ✅ Passed checks: Passed basic checks
2026-07-30 18:27:57 INFO     | DexSniper            | 🎯 SNIPE: BNB TIGER (BNB TIGER) — 0.05 BSC invested
2026-07-30 18:27:57 INFO     | DexSniper            | ==================================================
2026-07-30 18:27:57 INFO     | DexSniper            |   📊 DEX SNIPER STATS
2026-07-30 18:27:57 INFO     | DexSniper            |   Runtime: 0:29:24.318986
2026-07-30 18:27:57 INFO     | DexSniper            |   Pairs detected: 27
2026-07-30 18:27:57 INFO     | DexSniper            |   Scams filtered: 0
2026-07-30 18:27:57 INFO     | DexSniper            |   Trades executed: 27
2026-07-30 18:27:57 INFO     | DexSniper            |   Total invested: 1.3500000000000005 BSC
2026-07-30 18:27:57 INFO     | DexSniper            | ==================================================
2026-07-30 18:27:57 INFO     | DexSniper            | ⏰ Sleeping 30s...
2026-07-30 18:28:27 INFO     | DexSniper            | 🆕 New pair detected! Token: 0xb46c9eb0... Pair: 0x972D6580...
2026-07-30 18:28:29 INFO     | DexSniper            |   → Moira (MOIRA)
2026-07-30 18:28:29 INFO     | DexSniper            |   → ✅ Passed checks: Passed basic checks
2026-07-30 18:28:29 INFO     | DexSniper            | 🎯 SNIPE: Moira (MOIRA) — 0.05 BSC invested
2026-07-30 18:28:29 INFO     | DexSniper            | ==================================================
2026-07-30 18:28:29 INFO     | DexSniper            |   📊 DEX SNIPER STATS
2026-07-30 18:28:29 INFO     | DexSniper            |   Runtime: 0:29:56.111912
2026-07-30 18:28:29 INFO     | DexSniper            |   Pairs detected: 28
2026-07-30 18:28:29 INFO     | DexSniper            |   Scams filtered: 0
2026-07-30 18:28:29 INFO     | DexSniper            |   Trades executed: 28
2026-07-30 18:28:29 INFO     | DexSniper            |   Total invested: 1.4000000000000006 BSC
2026-07-30 18:28:29 INFO     | DexSniper            | ==================================================
2026-07-30 18:28:29 INFO     | DexSniper            | ⏰ Sleeping 30s...
2026-07-30 18:28:59 INFO     | DexSniper            | ==================================================
2026-07-30 18:28:59 INFO     | DexSniper            |   📊 DEX SNIPER STATS
2026-07-30 18:28:59 INFO     | DexSniper            |   Runtime: 0:30:26.471262
2026-07-30 18:28:59 INFO     | DexSniper            |   Pairs detected: 28
2026-07-30 18:28:59 INFO     | DexSniper            |   Scams filtered: 0
2026-07-30 18:28:59 INFO     | DexSniper            |   Trades executed: 28
2026-07-30 18:28:59 INFO     | DexSniper            |   Total invested: 1.4000000000000006 BSC
2026-07-30 18:28:59 INFO     | DexSniper            | ==================================================
2026-07-30 18:28:59 INFO     | DexSniper            | ⏰ Sleeping 30s...
2026-07-30 18:29:29 INFO     | DexSniper            | ==================================================
2026-07-30 18:29:29 INFO     | DexSniper            |   📊 DEX SNIPER STATS
2026-07-30 18:29:29 INFO     | DexSniper            |   Runtime: 0:30:56.776440
2026-07-30 18:29:29 INFO     | DexSniper            |   Pairs detected: 28
2026-07-30 18:29:29 INFO     | DexSniper            |   Scams filtered: 0
2026-07-30 18:29:29 INFO     | DexSniper            |   Trades executed: 28
2026-07-30 18:29:29 INFO     | DexSniper            |   Total invested: 1.4000000000000006 BSC
2026-07-30 18:29:29 INFO     | DexSniper            | ==================================================
2026-07-30 18:29:29 INFO     | DexSniper            | ⏰ Sleeping 30s...
2026-07-30 18:29:59 INFO     | DexSniper            | ==================================================
2026-07-30 18:29:59 INFO     | DexSniper            |   📊 DEX SNIPER STATS
2026-07-30 18:29:59 INFO     | DexSniper            |   Runtime: 0:31:27.068590
2026-07-30 18:29:59 INFO     | DexSniper            |   Pairs detected: 28
2026-07-30 18:29:59 INFO     | DexSniper            |   Scams filtered: 0
2026-07-30 18:29:59 INFO     | DexSniper            |   Trades executed: 28
2026-07-30 18:29:59 INFO     | DexSniper            |   Total invested: 1.4000000000000006 BSC
2026-07-30 18:29:59 INFO     | DexSniper            | ==================================================
2026-07-30 18:29:59 INFO     | DexSniper            | ⏰ Sleeping 30s...
2026-07-30 18:30:30 INFO     | DexSniper            | 🆕 New pair detected! Token: 0x68bd5849... Pair: 0x381fD39c...
2026-07-30 18:30:31 INFO     | DexSniper            |   → 深层巡逻者  (深巡)
2026-07-30 18:30:31 INFO     | DexSniper            |   → ✅ Passed checks: Passed basic checks
2026-07-30 18:30:31 INFO     | DexSniper            | 🎯 SNIPE: 深层巡逻者  (深巡) — 0.05 BSC invested
2026-07-30 18:30:31 INFO     | DexSniper            | ==================================================
2026-07-30 18:30:31 INFO     | DexSniper            |   📊 DEX SNIPER STATS
2026-07-30 18:30:31 INFO     | DexSniper            |   Runtime: 0:31:58.249211
2026-07-30 18:30:31 INFO     | DexSniper            |   Pairs detected: 29
2026-07-30 18:30:31 INFO     | DexSniper            |   Scams filtered: 0
2026-07-30 18:30:31 INFO     | DexSniper            |   Trades executed: 29
2026-07-30 18:30:31 INFO     | DexSniper            |   Total invested: 1.4500000000000006 BSC
2026-07-30 18:30:31 INFO     | DexSniper            | ==================================================
2026-07-30 18:30:31 INFO     | DexSniper            | ⏰ Sleeping 30s...
2026-07-30 18:31:01 INFO     | DexSniper            | ==================================================
2026-07-30 18:31:01 INFO     | DexSniper            |   📊 DEX SNIPER STATS
2026-07-30 18:31:01 INFO     | DexSniper            |   Runtime: 0:32:28.591976
2026-07-30 18:31:01 INFO     | DexSniper            |   Pairs detected: 29
2026-07-30 18:31:01 INFO     | DexSniper            |   Scams filtered: 0
2026-07-30 18:31:01 INFO     | DexSniper            |   Trades executed: 29
2026-07-30 18:31:01 INFO     | DexSniper            |   Total invested: 1.4500000000000006 BSC
2026-07-30 18:31:01 INFO     | DexSniper            | ==================================================
2026-07-30 18:31:01 INFO     | DexSniper            | ⏰ Sleeping 30s...
2026-07-30 18:31:31 INFO     | DexSniper            | ==================================================
2026-07-30 18:31:31 INFO     | DexSniper            |   📊 DEX SNIPER STATS
2026-07-30 18:31:31 INFO     | DexSniper            |   Runtime: 0:32:58.908340
2026-07-30 18:31:31 INFO     | DexSniper            |   Pairs detected: 29
2026-07-30 18:31:31 INFO     | DexSniper            |   Scams filtered: 0
2026-07-30 18:31:31 INFO     | DexSniper            |   Trades executed: 29
2026-07-30 18:31:31 INFO     | DexSniper            |   Total invested: 1.4500000000000006 BSC
2026-07-30 18:31:31 INFO     | DexSniper            | ==================================================
2026-07-30 18:31:31 INFO     | DexSniper            | ⏰ Sleeping 30s...
2026-07-30 18:32:02 INFO     | DexSniper            | ==================================================
2026-07-30 18:32:02 INFO     | DexSniper            |   📊 DEX SNIPER STATS
2026-07-30 18:32:02 INFO     | DexSniper            |   Runtime: 0:33:29.225697
2026-07-30 18:32:02 INFO     | DexSniper            |   Pairs detected: 29
2026-07-30 18:32:02 INFO     | DexSniper            |   Scams filtered: 0
2026-07-30 18:32:02 INFO     | DexSniper            |   Trades executed: 29
2026-07-30 18:32:02 INFO     | DexSniper            |   Total invested: 1.4500000000000006 BSC
2026-07-30 18:32:02 INFO     | DexSniper            | ==================================================
2026-07-30 18:32:02 INFO     | DexSniper            | ⏰ Sleeping 30s...
2026-07-30 18:32:32 INFO     | DexSniper            | ==================================================
2026-07-30 18:32:32 INFO     | DexSniper            |   📊 DEX SNIPER STATS
2026-07-30 18:32:32 INFO     | DexSniper            |   Runtime: 0:33:59.540361
2026-07-30 18:32:32 INFO     | DexSniper            |   Pairs detected: 29
2026-07-30 18:32:32 INFO     | DexSniper            |   Scams filtered: 0
2026-07-30 18:32:32 INFO     | DexSniper            |   Trades executed: 29
2026-07-30 18:32:32 INFO     | DexSniper            |   Total invested: 1.4500000000000006 BSC
2026-07-30 18:32:32 INFO     | DexSniper            | ==================================================
2026-07-30 18:32:32 INFO     | DexSniper            | ⏰ Sleeping 30s...
2026-07-30 18:33:02 INFO     | DexSniper            | ==================================================
2026-07-30 18:33:02 INFO     | DexSniper            |   📊 DEX SNIPER STATS
2026-07-30 18:33:02 INFO     | DexSniper            |   Runtime: 0:34:29.857386
2026-07-30 18:33:02 INFO     | DexSniper            |   Pairs detected: 29
2026-07-30 18:33:02 INFO     | DexSniper            |   Scams filtered: 0
2026-07-30 18:33:02 INFO     | DexSniper            |   Trades executed: 29
2026-07-30 18:33:02 INFO     | DexSniper            |   Total invested: 1.4500000000000006 BSC
2026-07-30 18:33:02 INFO     | DexSniper            | ==================================================
2026-07-30 18:33:02 INFO     | DexSniper            | ⏰ Sleeping 30s...
2026-07-30 18:33:33 INFO     | DexSniper            | ==================================================
2026-07-30 18:33:33 INFO     | DexSniper            |   📊 DEX SNIPER STATS
2026-07-30 18:33:33 INFO     | DexSniper            |   Runtime: 0:35:00.147485
2026-07-30 18:33:33 INFO     | DexSniper            |   Pairs detected: 29
2026-07-30 18:33:33 INFO     | DexSniper            |   Scams filtered: 0
2026-07-30 18:33:33 INFO     | DexSniper            |   Trades executed: 29
2026-07-30 18:33:33 INFO     | DexSniper            |   Total invested: 1.4500000000000006 BSC
2026-07-30 18:33:33 INFO     | DexSniper            | ==================================================
2026-07-30 18:33:33 INFO     | DexSniper            | ⏰ Sleeping 30s...
2026-07-30 18:34:03 INFO     | DexSniper            | ==================================================
2026-07-30 18:34:03 INFO     | DexSniper            |   📊 DEX SNIPER STATS
2026-07-30 18:34:03 INFO     | DexSniper            |   Runtime: 0:35:30.490400
2026-07-30 18:34:03 INFO     | DexSniper            |   Pairs detected: 29
2026-07-30 18:34:03 INFO     | DexSniper            |   Scams filtered: 0
2026-07-30 18:34:03 INFO     | DexSniper            |   Trades executed: 29
2026-07-30 18:34:03 INFO     | DexSniper            |   Total invested: 1.4500000000000006 BSC
2026-07-30 18:34:03 INFO     | DexSniper            | ==================================================
2026-07-30 18:34:03 INFO     | DexSniper            | ⏰ Sleeping 30s...
2026-07-30 18:34:33 INFO     | DexSniper            | 🆕 New pair detected! Token: 0xBd2E3cf8... Pair: 0x987E146e...
2026-07-30 18:34:34 INFO     | DexSniper            |   → TikTok (TikTok)
2026-07-30 18:34:34 INFO     | DexSniper            |   → ✅ Passed checks: Passed basic checks
2026-07-30 18:34:34 INFO     | DexSniper            | 🎯 SNIPE: TikTok (TikTok) — 0.05 BSC invested
2026-07-30 18:34:34 INFO     | DexSniper            | ==================================================
2026-07-30 18:34:34 INFO     | DexSniper            |   📊 DEX SNIPER STATS
2026-07-30 18:34:34 INFO     | DexSniper            |   Runtime: 0:36:01.708545
2026-07-30 18:34:34 INFO     | DexSniper            |   Pairs detected: 30
2026-07-30 18:34:34 INFO     | DexSniper            |   Scams filtered: 0
2026-07-30 18:34:34 INFO     | DexSniper            |   Trades executed: 30
2026-07-30 18:34:34 INFO     | DexSniper            |   Total invested: 1.5000000000000007 BSC
2026-07-30 18:34:34 INFO     | DexSniper            | ==================================================
2026-07-30 18:34:34 INFO     | DexSniper            | ⏰ Sleeping 30s...
2026-07-30 18:35:05 INFO     | DexSniper            | ==================================================
2026-07-30 18:35:05 INFO     | DexSniper            |   📊 DEX SNIPER STATS
2026-07-30 18:35:05 INFO     | DexSniper            |   Runtime: 0:36:32.172946
2026-07-30 18:35:05 INFO     | DexSniper            |   Pairs detected: 30
2026-07-30 18:35:05 INFO     | DexSniper            |   Scams filtered: 0
2026-07-30 18:35:05 INFO     | DexSniper            |   Trades executed: 30
2026-07-30 18:35:05 INFO     | DexSniper            |   Total invested: 1.5000000000000007 BSC
2026-07-30 18:35:05 INFO     | DexSniper            | ==================================================
2026-07-30 18:35:05 INFO     | DexSniper            | ⏰ Sleeping 30s...
2026-07-30 18:35:35 INFO     | DexSniper            | ==================================================
2026-07-30 18:35:35 INFO     | DexSniper            |   📊 DEX SNIPER STATS
2026-07-30 18:35:35 INFO     | DexSniper            |   Runtime: 0:37:02.484740
2026-07-30 18:35:35 INFO     | DexSniper            |   Pairs detected: 30
2026-07-30 18:35:35 INFO     | DexSniper            |   Scams filtered: 0
2026-07-30 18:35:35 INFO     | DexSniper            |   Trades executed: 30
2026-07-30 18:35:35 INFO     | DexSniper            |   Total invested: 1.5000000000000007 BSC
2026-07-30 18:35:35 INFO     | DexSniper            | ==================================================
2026-07-30 18:35:35 INFO     | DexSniper            | ⏰ Sleeping 30s...
2026-07-30 18:36:05 INFO     | DexSniper            | 🆕 New pair detected! Token: 0x1B953308... Pair: 0xbbc7f933...
2026-07-30 18:36:06 INFO     | DexSniper            |   → 祈福 (祈福)
2026-07-30 18:36:06 INFO     | DexSniper            |   → ✅ Passed checks: Passed basic checks
2026-07-30 18:36:06 INFO     | DexSniper            | 🎯 SNIPE: 祈福 (祈福) — 0.05 BSC invested
2026-07-30 18:36:06 INFO     | DexSniper            | ==================================================
2026-07-30 18:36:06 INFO     | DexSniper            |   📊 DEX SNIPER STATS
2026-07-30 18:36:06 INFO     | DexSniper            |   Runtime: 0:37:33.668232
2026-07-30 18:36:06 INFO     | DexSniper            |   Pairs detected: 31
2026-07-30 18:36:06 INFO     | DexSniper            |   Scams filtered: 0
2026-07-30 18:36:06 INFO     | DexSniper            |   Trades executed: 31
2026-07-30 18:36:06 INFO     | DexSniper            |   Total invested: 1.5500000000000007 BSC
2026-07-30 18:36:06 INFO     | DexSniper            | ==================================================
2026-07-30 18:36:06 INFO     | DexSniper            | ⏰ Sleeping 30s...
2026-07-30 18:36:36 INFO     | DexSniper            | 🆕 New pair detected! Token: 0x814aA84f... Pair: 0x0D199190...
2026-07-30 18:36:37 INFO     | DexSniper            |   → Canton Bull Lynx (CBLX)
2026-07-30 18:36:37 INFO     | DexSniper            |   → ✅ Passed checks: Passed basic checks
2026-07-30 18:36:37 INFO     | DexSniper            | 🎯 SNIPE: Canton Bull Lynx (CBLX) — 0.05 BSC invested
2026-07-30 18:36:37 INFO     | DexSniper            | 🆕 New pair detected! Token: 0x8cA42FB3... Pair: 0xd22b0eaB...
2026-07-30 18:36:38 INFO     | DexSniper            |   → InsightPulse (IPL)
2026-07-30 18:36:38 INFO     | DexSniper            |   → ✅ Passed checks: Passed basic checks
2026-07-30 18:36:38 INFO     | DexSniper            | 🎯 SNIPE: InsightPulse (IPL) — 0.05 BSC invested
2026-07-30 18:36:38 INFO     | DexSniper            | ==================================================
2026-07-30 18:36:38 INFO     | DexSniper            |   📊 DEX SNIPER STATS
2026-07-30 18:36:38 INFO     | DexSniper            |   Runtime: 0:38:05.821014
2026-07-30 18:36:38 INFO     | DexSniper            |   Pairs detected: 33
2026-07-30 18:36:38 INFO     | DexSniper            |   Scams filtered: 0
2026-07-30 18:36:38 INFO     | DexSniper            |   Trades executed: 33
2026-07-30 18:36:38 INFO     | DexSniper            |   Total invested: 1.6500000000000008 BSC
2026-07-30 18:36:38 INFO     | DexSniper            | ==================================================
2026-07-30 18:36:38 INFO     | DexSniper            | ⏰ Sleeping 30s...
2026-07-30 18:37:09 INFO     | DexSniper            | ==================================================
2026-07-30 18:37:09 INFO     | DexSniper            |   📊 DEX SNIPER STATS
2026-07-30 18:37:09 INFO     | DexSniper            |   Runtime: 0:38:36.149169
2026-07-30 18:37:09 INFO     | DexSniper            |   Pairs detected: 33
2026-07-30 18:37:09 INFO     | DexSniper            |   Scams filtered: 0
2026-07-30 18:37:09 INFO     | DexSniper            |   Trades executed: 33
2026-07-30 18:37:09 INFO     | DexSniper            |   Total invested: 1.6500000000000008 BSC
2026-07-30 18:37:09 INFO     | DexSniper            | ==================================================
2026-07-30 18:37:09 INFO     | DexSniper            | ⏰ Sleeping 30s...
2026-07-30 18:37:39 INFO     | DexSniper            | 🆕 New pair detected! Token: 0xf88428E2... Pair: 0x1473f800...
2026-07-30 18:37:40 INFO     | DexSniper            |   → EarthCoin (EarthCoin)
2026-07-30 18:37:40 INFO     | DexSniper            |   → ✅ Passed checks: Passed basic checks
2026-07-30 18:37:40 INFO     | DexSniper            | 🎯 SNIPE: EarthCoin (EarthCoin) — 0.05 BSC invested
2026-07-30 18:37:40 INFO     | DexSniper            | 🆕 New pair detected! Token: 0x6f974Ef8... Pair: 0x6490724f...
2026-07-30 18:37:41 INFO     | DexSniper            |   → CAROL (CAROL)
2026-07-30 18:37:41 INFO     | DexSniper            |   → ✅ Passed checks: Passed basic checks
2026-07-30 18:37:41 INFO     | DexSniper            | 🎯 SNIPE: CAROL (CAROL) — 0.05 BSC invested
2026-07-30 18:37:41 INFO     | DexSniper            | ==================================================
2026-07-30 18:37:41 INFO     | DexSniper            |   📊 DEX SNIPER STATS
2026-07-30 18:37:41 INFO     | DexSniper            |   Runtime: 0:39:08.274363
2026-07-30 18:37:41 INFO     | DexSniper            |   Pairs detected: 35
2026-07-30 18:37:41 INFO     | DexSniper            |   Scams filtered: 0
2026-07-30 18:37:41 INFO     | DexSniper            |   Trades executed: 35
2026-07-30 18:37:41 INFO     | DexSniper            |   Total invested: 1.7500000000000009 BSC
2026-07-30 18:37:41 INFO     | DexSniper            | ==================================================
2026-07-30 18:37:41 INFO     | DexSniper            | ⏰ Sleeping 30s...
2026-07-30 18:38:11 INFO     | DexSniper            | 🆕 New pair detected! Token: 0xcDFC3254... Pair: 0xece2Ee98...
2026-07-30 18:38:12 INFO     | DexSniper            |   → Substance coin (实质币)
2026-07-30 18:38:12 INFO     | DexSniper            |   → ✅ Passed checks: Passed basic checks
2026-07-30 18:38:12 INFO     | DexSniper            | 🎯 SNIPE: Substance coin (实质币) — 0.05 BSC invested
2026-07-30 18:38:12 INFO     | DexSniper            | ==================================================
2026-07-30 18:38:12 INFO     | DexSniper            |   📊 DEX SNIPER STATS
2026-07-30 18:38:12 INFO     | DexSniper            |   Runtime: 0:39:39.542346
2026-07-30 18:38:12 INFO     | DexSniper            |   Pairs detected: 36
2026-07-30 18:38:12 INFO     | DexSniper            |   Scams filtered: 0
2026-07-30 18:38:12 INFO     | DexSniper            |   Trades executed: 36
2026-07-30 18:38:12 INFO     | DexSniper            |   Total invested: 1.800000000000001 BSC
2026-07-30 18:38:12 INFO     | DexSniper            | ==================================================
2026-07-30 18:38:12 INFO     | DexSniper            | ⏰ Sleeping 30s...
2026-07-30 18:38:42 INFO     | DexSniper            | ==================================================
2026-07-30 18:38:42 INFO     | DexSniper            |   📊 DEX SNIPER STATS
2026-07-30 18:38:42 INFO     | DexSniper            |   Runtime: 0:40:09.903842
2026-07-30 18:38:42 INFO     | DexSniper            |   Pairs detected: 36
2026-07-30 18:38:42 INFO     | DexSniper            |   Scams filtered: 0
2026-07-30 18:38:42 INFO     | DexSniper            |   Trades executed: 36
2026-07-30 18:38:42 INFO     | DexSniper            |   Total invested: 1.800000000000001 BSC
2026-07-30 18:38:42 INFO     | DexSniper            | ==================================================
2026-07-30 18:38:42 INFO     | DexSniper            | ⏰ Sleeping 30s...
2026-07-30 18:39:13 INFO     | DexSniper            | ==================================================
2026-07-30 18:39:13 INFO     | DexSniper            |   📊 DEX SNIPER STATS
2026-07-30 18:39:13 INFO     | DexSniper            |   Runtime: 0:40:40.191327
2026-07-30 18:39:13 INFO     | DexSniper            |   Pairs detected: 36
2026-07-30 18:39:13 INFO     | DexSniper            |   Scams filtered: 0
2026-07-30 18:39:13 INFO     | DexSniper            |   Trades executed: 36
2026-07-30 18:39:13 INFO     | DexSniper            |   Total invested: 1.800000000000001 BSC
2026-07-30 18:39:13 INFO     | DexSniper            | ==================================================
2026-07-30 18:39:13 INFO     | DexSniper            | ⏰ Sleeping 30s...
2026-07-30 18:39:43 INFO     | DexSniper            | 🆕 New pair detected! Token: 0x0C02ded2... Pair: 0x4Be6B23A...
2026-07-30 18:39:44 INFO     | DexSniper            |   → 财富 (财富)
2026-07-30 18:39:44 INFO     | DexSniper            |   → ✅ Passed checks: Passed basic checks
2026-07-30 18:39:44 INFO     | DexSniper            | 🎯 SNIPE: 财富 (财富) — 0.05 BSC invested
2026-07-30 18:39:44 INFO     | DexSniper            | ==================================================
2026-07-30 18:39:44 INFO     | DexSniper            |   📊 DEX SNIPER STATS
2026-07-30 18:39:44 INFO     | DexSniper            |   Runtime: 0:41:11.751415
2026-07-30 18:39:44 INFO     | DexSniper            |   Pairs detected: 37
2026-07-30 18:39:44 INFO     | DexSniper            |   Scams filtered: 0
2026-07-30 18:39:44 INFO     | DexSniper            |   Trades executed: 37
2026-07-30 18:39:44 INFO     | DexSniper            |   Total invested: 1.850000000000001 BSC
2026-07-30 18:39:44 INFO     | DexSniper            | ==================================================
2026-07-30 18:39:44 INFO     | DexSniper            | ⏰ Sleeping 30s...
2026-07-30 18:40:14 INFO     | DexSniper            | ==================================================
2026-07-30 18:40:14 INFO     | DexSniper            |   📊 DEX SNIPER STATS
2026-07-30 18:40:14 INFO     | DexSniper            |   Runtime: 0:41:42.057141
2026-07-30 18:40:14 INFO     | DexSniper            |   Pairs detected: 37
2026-07-30 18:40:14 INFO     | DexSniper            |   Scams filtered: 0
2026-07-30 18:40:14 INFO     | DexSniper            |   Trades executed: 37
2026-07-30 18:40:14 INFO     | DexSniper            |   Total invested: 1.850000000000001 BSC
2026-07-30 18:40:14 INFO     | DexSniper            | ==================================================
2026-07-30 18:40:14 INFO     | DexSniper            | ⏰ Sleeping 30s...
2026-07-30 18:40:45 INFO     | DexSniper            | 🆕 New pair detected! Token: 0xCDf7E6EF... Pair: 0x0be825BD...
2026-07-30 18:40:47 INFO     | DexSniper            |   → 祈福 (祈福)
2026-07-30 18:40:47 INFO     | DexSniper            |   → ✅ Passed checks: Passed basic checks
2026-07-30 18:40:47 INFO     | DexSniper            | 🎯 SNIPE: 祈福 (祈福) — 0.05 BSC invested
2026-07-30 18:40:47 INFO     | DexSniper            | ==================================================
2026-07-30 18:40:47 INFO     | DexSniper            |   📊 DEX SNIPER STATS
2026-07-30 18:40:47 INFO     | DexSniper            |   Runtime: 0:42:14.701474
2026-07-30 18:40:47 INFO     | DexSniper            |   Pairs detected: 38
2026-07-30 18:40:47 INFO     | DexSniper            |   Scams filtered: 0
2026-07-30 18:40:47 INFO     | DexSniper            |   Trades executed: 38
2026-07-30 18:40:47 INFO     | DexSniper            |   Total invested: 1.900000000000001 BSC
2026-07-30 18:40:47 INFO     | DexSniper            | ==================================================
2026-07-30 18:40:47 INFO     | DexSniper            | ⏰ Sleeping 30s...
2026-07-30 18:41:17 INFO     | DexSniper            | ==================================================
2026-07-30 18:41:17 INFO     | DexSniper            |   📊 DEX SNIPER STATS
2026-07-30 18:41:17 INFO     | DexSniper            |   Runtime: 0:42:44.999158
2026-07-30 18:41:17 INFO     | DexSniper            |   Pairs detected: 38
2026-07-30 18:41:17 INFO     | DexSniper            |   Scams filtered: 0
2026-07-30 18:41:17 INFO     | DexSniper            |   Trades executed: 38
2026-07-30 18:41:17 INFO     | DexSniper            |   Total invested: 1.900000000000001 BSC
2026-07-30 18:41:17 INFO     | DexSniper            | ==================================================
2026-07-30 18:41:17 INFO     | DexSniper            | ⏰ Sleeping 30s...
2026-07-30 18:41:48 INFO     | DexSniper            | ==================================================
2026-07-30 18:41:48 INFO     | DexSniper            |   📊 DEX SNIPER STATS
2026-07-30 18:41:48 INFO     | DexSniper            |   Runtime: 0:43:15.298330
2026-07-30 18:41:48 INFO     | DexSniper            |   Pairs detected: 38
2026-07-30 18:41:48 INFO     | DexSniper            |   Scams filtered: 0
2026-07-30 18:41:48 INFO     | DexSniper            |   Trades executed: 38
2026-07-30 18:41:48 INFO     | DexSniper            |   Total invested: 1.900000000000001 BSC
2026-07-30 18:41:48 INFO     | DexSniper            | ==================================================
2026-07-30 18:41:48 INFO     | DexSniper            | ⏰ Sleeping 30s...
2026-07-30 18:42:18 INFO     | DexSniper            | 🆕 New pair detected! Token: 0x32e7eD46... Pair: 0x1Cc7F933...
2026-07-30 18:42:19 INFO     | DexSniper            |   → ALX (ALX)
2026-07-30 18:42:19 INFO     | DexSniper            |   → ✅ Passed checks: Passed basic checks
2026-07-30 18:42:19 INFO     | DexSniper            | 🎯 SNIPE: ALX (ALX) — 0.05 BSC invested
2026-07-30 18:42:19 INFO     | DexSniper            | ==================================================
2026-07-30 18:42:19 INFO     | DexSniper            |   📊 DEX SNIPER STATS
2026-07-30 18:42:19 INFO     | DexSniper            |   Runtime: 0:43:46.889212
2026-07-30 18:42:19 INFO     | DexSniper            |   Pairs detected: 39
2026-07-30 18:42:19 INFO     | DexSniper            |   Scams filtered: 0
2026-07-30 18:42:19 INFO     | DexSniper            |   Trades executed: 39
2026-07-30 18:42:19 INFO     | DexSniper            |   Total invested: 1.950000000000001 BSC
2026-07-30 18:42:19 INFO     | DexSniper            | ==================================================
2026-07-30 18:42:19 INFO     | DexSniper            | ⏰ Sleeping 30s...
2026-07-30 18:42:50 INFO     | DexSniper            | 🆕 New pair detected! Token: 0x7AdBb1a3... Pair: 0x3762d715...
2026-07-30 18:42:51 INFO     | DexSniper            |   → 虚空灯火  (虚灯)
2026-07-30 18:42:51 INFO     | DexSniper            |   → ✅ Passed checks: Passed basic checks
2026-07-30 18:42:51 INFO     | DexSniper            | 🎯 SNIPE: 虚空灯火  (虚灯) — 0.05 BSC invested
2026-07-30 18:42:51 INFO     | DexSniper            | ==================================================
2026-07-30 18:42:51 INFO     | DexSniper            |   📊 DEX SNIPER STATS
2026-07-30 18:42:51 INFO     | DexSniper            |   Runtime: 0:44:18.182879
2026-07-30 18:42:51 INFO     | DexSniper            |   Pairs detected: 40
2026-07-30 18:42:51 INFO     | DexSniper            |   Scams filtered: 0
2026-07-30 18:42:51 INFO     | DexSniper            |   Trades executed: 40
2026-07-30 18:42:51 INFO     | DexSniper            |   Total invested: 2.000000000000001 BSC
2026-07-30 18:42:51 INFO     | DexSniper            | ==================================================
2026-07-30 18:42:51 INFO     | DexSniper            | ⏰ Sleeping 30s...
2026-07-30 18:43:21 INFO     | DexSniper            | ==================================================
2026-07-30 18:43:21 INFO     | DexSniper            |   📊 DEX SNIPER STATS
2026-07-30 18:43:21 INFO     | DexSniper            |   Runtime: 0:44:48.497766
2026-07-30 18:43:21 INFO     | DexSniper            |   Pairs detected: 40
2026-07-30 18:43:21 INFO     | DexSniper            |   Scams filtered: 0
2026-07-30 18:43:21 INFO     | DexSniper            |   Trades executed: 40
2026-07-30 18:43:21 INFO     | DexSniper            |   Total invested: 2.000000000000001 BSC
2026-07-30 18:43:21 INFO     | DexSniper            | ==================================================
2026-07-30 18:43:21 INFO     | DexSniper            | ⏰ Sleeping 30s...
2026-07-30 18:43:51 INFO     | DexSniper            | ==================================================
2026-07-30 18:43:51 INFO     | DexSniper            |   📊 DEX SNIPER STATS
2026-07-30 18:43:51 INFO     | DexSniper            |   Runtime: 0:45:18.797710
2026-07-30 18:43:51 INFO     | DexSniper            |   Pairs detected: 40
2026-07-30 18:43:51 INFO     | DexSniper            |   Scams filtered: 0
2026-07-30 18:43:51 INFO     | DexSniper            |   Trades executed: 40
2026-07-30 18:43:51 INFO     | DexSniper            |   Total invested: 2.000000000000001 BSC
2026-07-30 18:43:51 INFO     | DexSniper            | ==================================================
2026-07-30 18:43:51 INFO     | DexSniper            | ⏰ Sleeping 30s...
2026-07-30 18:44:21 INFO     | DexSniper            | ==================================================
2026-07-30 18:44:21 INFO     | DexSniper            |   📊 DEX SNIPER STATS
2026-07-30 18:44:21 INFO     | DexSniper            |   Runtime: 0:45:49.086555
2026-07-30 18:44:21 INFO     | DexSniper            |   Pairs detected: 40
2026-07-30 18:44:21 INFO     | DexSniper            |   Scams filtered: 0
2026-07-30 18:44:21 INFO     | DexSniper            |   Trades executed: 40
2026-07-30 18:44:21 INFO     | DexSniper            |   Total invested: 2.000000000000001 BSC
2026-07-30 18:44:21 INFO     | DexSniper            | ==================================================
2026-07-30 18:44:21 INFO     | DexSniper            | ⏰ Sleeping 30s...
2026-07-30 18:44:52 INFO     | DexSniper            | ==================================================
2026-07-30 18:44:52 INFO     | DexSniper            |   📊 DEX SNIPER STATS
2026-07-30 18:44:52 INFO     | DexSniper            |   Runtime: 0:46:19.367550
2026-07-30 18:44:52 INFO     | DexSniper            |   Pairs detected: 40
2026-07-30 18:44:52 INFO     | DexSniper            |   Scams filtered: 0
2026-07-30 18:44:52 INFO     | DexSniper            |   Trades executed: 40
2026-07-30 18:44:52 INFO     | DexSniper            |   Total invested: 2.000000000000001 BSC
2026-07-30 18:44:52 INFO     | DexSniper            | ==================================================
2026-07-30 18:44:52 INFO     | DexSniper            | ⏰ Sleeping 30s...
2026-07-30 18:45:22 INFO     | DexSniper            | 🆕 New pair detected! Token: 0x60c2D765... Pair: 0x17F8B396...
2026-07-30 18:45:23 INFO     | DexSniper            |   → ASSDAQ (ASSDAQ)
2026-07-30 18:45:23 INFO     | DexSniper            |   → ✅ Passed checks: Passed basic checks
2026-07-30 18:45:23 INFO     | DexSniper            | 🎯 SNIPE: ASSDAQ (ASSDAQ) — 0.05 BSC invested
2026-07-30 18:45:23 INFO     | DexSniper            | 🆕 New pair detected! Token: 0x111109FF... Pair: 0x4C9e9790...
2026-07-30 18:45:24 INFO     | DexSniper            |   → iPhone's 20th Anniversary (iPhone)
2026-07-30 18:45:24 INFO     | DexSniper            |   → ✅ Passed checks: Passed basic checks
2026-07-30 18:45:24 INFO     | DexSniper            | 🎯 SNIPE: iPhone's 20th Anniversary (iPhone) — 0.05 BSC invested
2026-07-30 18:45:24 INFO     | DexSniper            | ==================================================
2026-07-30 18:45:24 INFO     | DexSniper            |   📊 DEX SNIPER STATS
2026-07-30 18:45:24 INFO     | DexSniper            |   Runtime: 0:46:51.363114
2026-07-30 18:45:24 INFO     | DexSniper            |   Pairs detected: 42
2026-07-30 18:45:24 INFO     | DexSniper            |   Scams filtered: 0
2026-07-30 18:45:24 INFO     | DexSniper            |   Trades executed: 42
2026-07-30 18:45:24 INFO     | DexSniper            |   Total invested: 2.1000000000000005 BSC
2026-07-30 18:45:24 INFO     | DexSniper            | ==================================================
2026-07-30 18:45:24 INFO     | DexSniper            | ⏰ Sleeping 30s...
2026-07-30 18:45:54 INFO     | DexSniper            | ==================================================
2026-07-30 18:45:54 INFO     | DexSniper            |   📊 DEX SNIPER STATS
2026-07-30 18:45:54 INFO     | DexSniper            |   Runtime: 0:47:21.768735
2026-07-30 18:45:54 INFO     | DexSniper            |   Pairs detected: 42
2026-07-30 18:45:54 INFO     | DexSniper            |   Scams filtered: 0
2026-07-30 18:45:54 INFO     | DexSniper            |   Trades executed: 42
2026-07-30 18:45:54 INFO     | DexSniper            |   Total invested: 2.1000000000000005 BSC
2026-07-30 18:45:54 INFO     | DexSniper            | ==================================================
2026-07-30 18:45:54 INFO     | DexSniper            | ⏰ Sleeping 30s...
2026-07-30 18:46:25 INFO     | DexSniper            | ==================================================
2026-07-30 18:46:25 INFO     | DexSniper            |   📊 DEX SNIPER STATS
2026-07-30 18:46:25 INFO     | DexSniper            |   Runtime: 0:47:52.345242
2026-07-30 18:46:25 INFO     | DexSniper            |   Pairs detected: 42
2026-07-30 18:46:25 INFO     | DexSniper            |   Scams filtered: 0
2026-07-30 18:46:25 INFO     | DexSniper            |   Trades executed: 42
2026-07-30 18:46:25 INFO     | DexSniper            |   Total invested: 2.1000000000000005 BSC
2026-07-30 18:46:25 INFO     | DexSniper            | ==================================================
2026-07-30 18:46:25 INFO     | DexSniper            | ⏰ Sleeping 30s...
2026-07-30 18:46:55 INFO     | DexSniper            | ==================================================
2026-07-30 18:46:55 INFO     | DexSniper            |   📊 DEX SNIPER STATS
2026-07-30 18:46:55 INFO     | DexSniper            |   Runtime: 0:48:22.633045
2026-07-30 18:46:55 INFO     | DexSniper            |   Pairs detected: 42
2026-07-30 18:46:55 INFO     | DexSniper            |   Scams filtered: 0
2026-07-30 18:46:55 INFO     | DexSniper            |   Trades executed: 42
2026-07-30 18:46:55 INFO     | DexSniper            |   Total invested: 2.1000000000000005 BSC
2026-07-30 18:46:55 INFO     | DexSniper            | ==================================================
2026-07-30 18:46:55 INFO     | DexSniper            | ⏰ Sleeping 30s...
2026-07-30 18:47:25 INFO     | DexSniper            | 🆕 New pair detected! Token: 0x122a3EDf... Pair: 0x58d77d2d...
2026-07-30 18:47:26 INFO     | DexSniper            |   → Doge (DOGE)
2026-07-30 18:47:26 INFO     | DexSniper            |   → ✅ Passed checks: Passed basic checks
2026-07-30 18:47:26 INFO     | DexSniper            | 🎯 SNIPE: Doge (DOGE) — 0.05 BSC invested
2026-07-30 18:47:26 INFO     | DexSniper            | ==================================================
2026-07-30 18:47:26 INFO     | DexSniper            |   📊 DEX SNIPER STATS
2026-07-30 18:47:26 INFO     | DexSniper            |   Runtime: 0:48:53.860798
2026-07-30 18:47:26 INFO     | DexSniper            |   Pairs detected: 43
2026-07-30 18:47:26 INFO     | DexSniper            |   Scams filtered: 0
2026-07-30 18:47:26 INFO     | DexSniper            |   Trades executed: 43
2026-07-30 18:47:26 INFO     | DexSniper            |   Total invested: 2.1500000000000004 BSC
2026-07-30 18:47:26 INFO     | DexSniper            | ==================================================
2026-07-30 18:47:26 INFO     | DexSniper            | ⏰ Sleeping 30s...
2026-07-30 18:47:57 INFO     | DexSniper            | ==================================================
2026-07-30 18:47:57 INFO     | DexSniper            |   📊 DEX SNIPER STATS
2026-07-30 18:47:57 INFO     | DexSniper            |   Runtime: 0:49:24.152935
2026-07-30 18:47:57 INFO     | DexSniper            |   Pairs detected: 43
2026-07-30 18:47:57 INFO     | DexSniper            |   Scams filtered: 0
2026-07-30 18:47:57 INFO     | DexSniper            |   Trades executed: 43
2026-07-30 18:47:57 INFO     | DexSniper            |   Total invested: 2.1500000000000004 BSC
2026-07-30 18:47:57 INFO     | DexSniper            | ==================================================
2026-07-30 18:47:57 INFO     | DexSniper            | ⏰ Sleeping 30s...
2026-07-30 18:48:27 INFO     | DexSniper            | 🆕 New pair detected! Token: 0x3109bC33... Pair: 0x69E780C9...
2026-07-30 18:48:28 INFO     | DexSniper            |   → Lorenzo Governance Token (BANK)
2026-07-30 18:48:28 INFO     | DexSniper            |   → ✅ Passed checks: Passed basic checks
2026-07-30 18:48:28 INFO     | DexSniper            | 🎯 SNIPE: Lorenzo Governance Token (BANK) — 0.05 BSC invested
2026-07-30 18:48:28 INFO     | DexSniper            | ==================================================
2026-07-30 18:48:28 INFO     | DexSniper            |   📊 DEX SNIPER STATS
2026-07-30 18:48:28 INFO     | DexSniper            |   Runtime: 0:49:55.351640
2026-07-30 18:48:28 INFO     | DexSniper            |   Pairs detected: 44
2026-07-30 18:48:28 INFO     | DexSniper            |   Scams filtered: 0
2026-07-30 18:48:28 INFO     | DexSniper            |   Trades executed: 44
2026-07-30 18:48:28 INFO     | DexSniper            |   Total invested: 2.2 BSC
2026-07-30 18:48:28 INFO     | DexSniper            | ==================================================
2026-07-30 18:48:28 INFO     | DexSniper            | ⏰ Sleeping 30s...
2026-07-30 18:48:58 INFO     | DexSniper            | ==================================================
2026-07-30 18:48:58 INFO     | DexSniper            |   📊 DEX SNIPER STATS
2026-07-30 18:48:58 INFO     | DexSniper            |   Runtime: 0:50:25.657313
2026-07-30 18:48:58 INFO     | DexSniper            |   Pairs detected: 44
2026-07-30 18:48:58 INFO     | DexSniper            |   Scams filtered: 0
2026-07-30 18:48:58 INFO     | DexSniper            |   Trades executed: 44
2026-07-30 18:48:58 INFO     | DexSniper            |   Total invested: 2.2 BSC
2026-07-30 18:48:58 INFO     | DexSniper            | ==================================================
2026-07-30 18:48:58 INFO     | DexSniper            | ⏰ Sleeping 30s...
2026-07-30 18:49:28 INFO     | DexSniper            | ==================================================
2026-07-30 18:49:28 INFO     | DexSniper            |   📊 DEX SNIPER STATS
2026-07-30 18:49:28 INFO     | DexSniper            |   Runtime: 0:50:55.989863
2026-07-30 18:49:28 INFO     | DexSniper            |   Pairs detected: 44
2026-07-30 18:49:28 INFO     | DexSniper            |   Scams filtered: 0
2026-07-30 18:49:28 INFO     | DexSniper            |   Trades executed: 44
2026-07-30 18:49:28 INFO     | DexSniper            |   Total invested: 2.2 BSC
2026-07-30 18:49:28 INFO     | DexSniper            | ==================================================
2026-07-30 18:49:28 INFO     | DexSniper            | ⏰ Sleeping 30s...
2026-07-30 18:49:59 INFO     | DexSniper            | ==================================================
2026-07-30 18:49:59 INFO     | DexSniper            |   📊 DEX SNIPER STATS
2026-07-30 18:49:59 INFO     | DexSniper            |   Runtime: 0:51:26.723624
2026-07-30 18:49:59 INFO     | DexSniper            |   Pairs detected: 44
2026-07-30 18:49:59 INFO     | DexSniper            |   Scams filtered: 0
2026-07-30 18:49:59 INFO     | DexSniper            |   Trades executed: 44
2026-07-30 18:49:59 INFO     | DexSniper            |   Total invested: 2.2 BSC
2026-07-30 18:49:59 INFO     | DexSniper            | ==================================================
2026-07-30 18:49:59 INFO     | DexSniper            | ⏰ Sleeping 30s...
2026-07-30 18:50:15 WARNING  | DexSniper            | AI client disabled — no valid API key.
2026-07-30 18:50:16 INFO     | DexSniper            | Connected to chain 56 via https://bsc-dataseed.binance.org...
2026-07-30 18:50:16 INFO     | DexSniper            | Factory contract loaded: 0xcA143Ce3...
2026-07-30 18:50:16 INFO     | DexSniper            | =======================================================
2026-07-30 18:50:16 INFO     | DexSniper            | 🚀 DEX Sniper STARTED
2026-07-30 18:50:16 INFO     | DexSniper            |    Chain: BSC
2026-07-30 18:50:16 INFO     | DexSniper            |    Factory: 0xcA143Ce32Fe78...
2026-07-30 18:50:16 INFO     | DexSniper            |    Buy amount: 0.05 BSC
2026-07-30 18:50:16 INFO     | DexSniper            |    TP: 20.00%
2026-07-30 18:50:16 INFO     | DexSniper            |    AI scam filter: ON
2026-07-30 18:50:16 INFO     | DexSniper            | =======================================================
2026-07-30 18:50:16 INFO     | DexSniper            | ==================================================
2026-07-30 18:50:16 INFO     | DexSniper            |   📊 DEX SNIPER STATS
2026-07-30 18:50:16 INFO     | DexSniper            |   Runtime: 0:00:00.476819
2026-07-30 18:50:16 INFO     | DexSniper            |   Pairs detected: 0
2026-07-30 18:50:16 INFO     | DexSniper            |   Scams filtered: 0
2026-07-30 18:50:16 INFO     | DexSniper            |   Trades executed: 0
2026-07-30 18:50:16 INFO     | DexSniper            |   Total invested: 0.0 BSC
2026-07-30 18:50:16 INFO     | DexSniper            | ==================================================
2026-07-30 18:50:16 INFO     | DexSniper            | ⏰ Sleeping 30s...
2026-07-30 18:50:29 INFO     | DexSniper            | 🆕 New pair detected! Token: 0x9C3de157... Pair: 0x0A8101ca...
2026-07-30 18:50:30 INFO     | DexSniper            |   → Moira (MOIRA)
2026-07-30 18:50:30 INFO     | DexSniper            |   → ✅ Passed checks: Passed basic checks
2026-07-30 18:50:30 INFO     | DexSniper            | 🎯 SNIPE: Moira (MOIRA) — 0.05 BSC invested
2026-07-30 18:50:30 INFO     | DexSniper            | 🆕 New pair detected! Token: 0x2F2D2485... Pair: 0xb4FBf6ED...
2026-07-30 18:50:31 INFO     | DexSniper            |   → 金融属蛇 (金融属蛇)
2026-07-30 18:50:31 INFO     | DexSniper            |   → ✅ Passed checks: Passed basic checks
2026-07-30 18:50:31 INFO     | DexSniper            | 🎯 SNIPE: 金融属蛇 (金融属蛇) — 0.05 BSC invested
2026-07-30 18:50:31 INFO     | DexSniper            | ==================================================
2026-07-30 18:50:31 INFO     | DexSniper            |   📊 DEX SNIPER STATS
2026-07-30 18:50:31 INFO     | DexSniper            |   Runtime: 0:51:59.039102
2026-07-30 18:50:31 INFO     | DexSniper            |   Pairs detected: 46
2026-07-30 18:50:31 INFO     | DexSniper            |   Scams filtered: 0
2026-07-30 18:50:31 INFO     | DexSniper            |   Trades executed: 46
2026-07-30 18:50:31 INFO     | DexSniper            |   Total invested: 2.3 BSC
2026-07-30 18:50:31 INFO     | DexSniper            | ==================================================
2026-07-30 18:50:31 INFO     | DexSniper            | ⏰ Sleeping 30s...
2026-07-30 18:50:47 INFO     | DexSniper            | 🆕 New pair detected! Token: 0x2F2D2485... Pair: 0xb4FBf6ED...
2026-07-30 18:50:48 INFO     | DexSniper            |   → 金融属蛇 (金融属蛇)
2026-07-30 18:50:48 INFO     | DexSniper            |   → ✅ Passed checks: Passed basic checks
2026-07-30 18:50:48 INFO     | DexSniper            | 🎯 SNIPE: 金融属蛇 (金融属蛇) — 0.05 BSC invested
2026-07-30 18:50:48 INFO     | DexSniper            | ==================================================
2026-07-30 18:50:48 INFO     | DexSniper            |   📊 DEX SNIPER STATS
2026-07-30 18:50:48 INFO     | DexSniper            |   Runtime: 0:00:31.779204
2026-07-30 18:50:48 INFO     | DexSniper            |   Pairs detected: 1
2026-07-30 18:50:48 INFO     | DexSniper            |   Scams filtered: 0
2026-07-30 18:50:48 INFO     | DexSniper            |   Trades executed: 1
2026-07-30 18:50:48 INFO     | DexSniper            |   Total invested: 0.05 BSC
2026-07-30 18:50:48 INFO     | DexSniper            | ==================================================
2026-07-30 18:50:48 INFO     | DexSniper            | ⏰ Sleeping 30s...
2026-07-30 18:51:02 INFO     | DexSniper            | ==================================================
2026-07-30 18:51:02 INFO     | DexSniper            |   📊 DEX SNIPER STATS
2026-07-30 18:51:02 INFO     | DexSniper            |   Runtime: 0:52:29.366398
2026-07-30 18:51:02 INFO     | DexSniper            |   Pairs detected: 46
2026-07-30 18:51:02 INFO     | DexSniper            |   Scams filtered: 0
2026-07-30 18:51:02 INFO     | DexSniper            |   Trades executed: 46
2026-07-30 18:51:02 INFO     | DexSniper            |   Total invested: 2.3 BSC
2026-07-30 18:51:02 INFO     | DexSniper            | ==================================================
2026-07-30 18:51:02 INFO     | DexSniper            | ⏰ Sleeping 30s...
2026-07-30 18:51:18 INFO     | DexSniper            | ==================================================
2026-07-30 18:51:18 INFO     | DexSniper            |   📊 DEX SNIPER STATS
2026-07-30 18:51:18 INFO     | DexSniper            |   Runtime: 0:01:02.099156
2026-07-30 18:51:18 INFO     | DexSniper            |   Pairs detected: 1
2026-07-30 18:51:18 INFO     | DexSniper            |   Scams filtered: 0
2026-07-30 18:51:18 INFO     | DexSniper            |   Trades executed: 1
2026-07-30 18:51:18 INFO     | DexSniper            |   Total invested: 0.05 BSC
2026-07-30 18:51:18 INFO     | DexSniper            | ==================================================
2026-07-30 18:51:18 INFO     | DexSniper            | ⏰ Sleeping 30s...
2026-07-30 18:51:32 INFO     | DexSniper            | ==================================================
2026-07-30 18:51:32 INFO     | DexSniper            |   📊 DEX SNIPER STATS
2026-07-30 18:51:32 INFO     | DexSniper            |   Runtime: 0:52:59.665261
2026-07-30 18:51:32 INFO     | DexSniper            |   Pairs detected: 46
2026-07-30 18:51:32 INFO     | DexSniper            |   Scams filtered: 0
2026-07-30 18:51:32 INFO     | DexSniper            |   Trades executed: 46
2026-07-30 18:51:32 INFO     | DexSniper            |   Total invested: 2.3 BSC
2026-07-30 18:51:32 INFO     | DexSniper            | ==================================================
2026-07-30 18:51:32 INFO     | DexSniper            | ⏰ Sleeping 30s...
2026-07-30 18:52:02 INFO     | DexSniper            | 🆕 New pair detected! Token: 0xB4248750... Pair: 0xF386C7EA...
2026-07-30 18:52:04 INFO     | DexSniper            |   → TCryptochicks (TCC)
2026-07-30 18:52:04 INFO     | DexSniper            |   → ✅ Passed checks: Passed basic checks
2026-07-30 18:52:04 INFO     | DexSniper            | 🎯 SNIPE: TCryptochicks (TCC) — 0.05 BSC invested
2026-07-30 18:52:04 INFO     | DexSniper            | ==================================================
2026-07-30 18:52:04 INFO     | DexSniper            |   📊 DEX SNIPER STATS
2026-07-30 18:52:04 INFO     | DexSniper            |   Runtime: 0:53:31.275897
2026-07-30 18:52:04 INFO     | DexSniper            |   Pairs detected: 47
2026-07-30 18:52:04 INFO     | DexSniper            |   Scams filtered: 0
2026-07-30 18:52:04 INFO     | DexSniper            |   Trades executed: 47
2026-07-30 18:52:04 INFO     | DexSniper            |   Total invested: 2.3499999999999996 BSC
2026-07-30 18:52:04 INFO     | DexSniper            | ==================================================
2026-07-30 18:52:04 INFO     | DexSniper            | ⏰ Sleeping 30s...
2026-07-30 18:52:34 INFO     | DexSniper            | 🆕 New pair detected! Token: 0x0b49716e... Pair: 0xcaCB7487...
2026-07-30 18:52:35 INFO     | DexSniper            |   → QQQB (QQQB)
2026-07-30 18:52:35 INFO     | DexSniper            |   → ✅ Passed checks: Passed basic checks
2026-07-30 18:52:35 INFO     | DexSniper            | 🎯 SNIPE: QQQB (QQQB) — 0.05 BSC invested
2026-07-30 18:52:35 INFO     | DexSniper            | ==================================================
2026-07-30 18:52:35 INFO     | DexSniper            |   📊 DEX SNIPER STATS
2026-07-30 18:52:35 INFO     | DexSniper            |   Runtime: 0:54:02.559972
2026-07-30 18:52:35 INFO     | DexSniper            |   Pairs detected: 48
2026-07-30 18:52:35 INFO     | DexSniper            |   Scams filtered: 0
2026-07-30 18:52:35 INFO     | DexSniper            |   Trades executed: 48
2026-07-30 18:52:35 INFO     | DexSniper            |   Total invested: 2.3999999999999995 BSC
2026-07-30 18:52:35 INFO     | DexSniper            | ==================================================
2026-07-30 18:52:35 INFO     | DexSniper            | ⏰ Sleeping 30s...
2026-07-30 18:53:05 INFO     | DexSniper            | ==================================================
2026-07-30 18:53:05 INFO     | DexSniper            |   📊 DEX SNIPER STATS
2026-07-30 18:53:05 INFO     | DexSniper            |   Runtime: 0:54:32.884748
2026-07-30 18:53:05 INFO     | DexSniper            |   Pairs detected: 48
2026-07-30 18:53:05 INFO     | DexSniper            |   Scams filtered: 0
2026-07-30 18:53:05 INFO     | DexSniper            |   Trades executed: 48
2026-07-30 18:53:05 INFO     | DexSniper            |   Total invested: 2.3999999999999995 BSC
2026-07-30 18:53:05 INFO     | DexSniper            | ==================================================
2026-07-30 18:53:05 INFO     | DexSniper            | ⏰ Sleeping 30s...
2026-07-30 18:53:36 INFO     | DexSniper            | 🆕 New pair detected! Token: 0xe8D83C05... Pair: 0xAF66ACfb...
2026-07-30 18:53:37 INFO     | DexSniper            |   → 量子脉冲核  (量脉)
2026-07-30 18:53:37 INFO     | DexSniper            |   → ✅ Passed checks: Passed basic checks
2026-07-30 18:53:37 INFO     | DexSniper            | 🎯 SNIPE: 量子脉冲核  (量脉) — 0.05 BSC invested
2026-07-30 18:53:37 INFO     | DexSniper            | ==================================================
2026-07-30 18:53:37 INFO     | DexSniper            |   📊 DEX SNIPER STATS
2026-07-30 18:53:37 INFO     | DexSniper            |   Runtime: 0:55:04.923040
2026-07-30 18:53:37 INFO     | DexSniper            |   Pairs detected: 49
2026-07-30 18:53:37 INFO     | DexSniper            |   Scams filtered: 0
2026-07-30 18:53:37 INFO     | DexSniper            |   Trades executed: 49
2026-07-30 18:53:37 INFO     | DexSniper            |   Total invested: 2.4499999999999993 BSC
2026-07-30 18:53:37 INFO     | DexSniper            | ==================================================
2026-07-30 18:53:37 INFO     | DexSniper            | ⏰ Sleeping 30s...
2026-07-30 18:54:08 INFO     | DexSniper            | ==================================================
2026-07-30 18:54:08 INFO     | DexSniper            |   📊 DEX SNIPER STATS
2026-07-30 18:54:08 INFO     | DexSniper            |   Runtime: 0:55:35.262032
2026-07-30 18:54:08 INFO     | DexSniper            |   Pairs detected: 49
2026-07-30 18:54:08 INFO     | DexSniper            |   Scams filtered: 0
2026-07-30 18:54:08 INFO     | DexSniper            |   Trades executed: 49
2026-07-30 18:54:08 INFO     | DexSniper            |   Total invested: 2.4499999999999993 BSC
2026-07-30 18:54:08 INFO     | DexSniper            | ==================================================
2026-07-30 18:54:08 INFO     | DexSniper            | ⏰ Sleeping 30s...
2026-07-30 18:54:38 INFO     | DexSniper            | 🆕 New pair detected! Token: 0xD17a2bF4... Pair: 0x459643f9...
2026-07-30 18:54:39 INFO     | DexSniper            |   → ath (ATH)
2026-07-30 18:54:39 INFO     | DexSniper            |   → ✅ Passed checks: Passed basic checks
2026-07-30 18:54:39 INFO     | DexSniper            | 🎯 SNIPE: ath (ATH) — 0.05 BSC invested
2026-07-30 18:54:39 INFO     | DexSniper            | ==================================================
2026-07-30 18:54:39 INFO     | DexSniper            |   📊 DEX SNIPER STATS
2026-07-30 18:54:39 INFO     | DexSniper            |   Runtime: 0:56:06.871620
2026-07-30 18:54:39 INFO     | DexSniper            |   Pairs detected: 50
2026-07-30 18:54:39 INFO     | DexSniper            |   Scams filtered: 0
2026-07-30 18:54:39 INFO     | DexSniper            |   Trades executed: 50
2026-07-30 18:54:39 INFO     | DexSniper            |   Total invested: 2.499999999999999 BSC
2026-07-30 18:54:39 INFO     | DexSniper            | ==================================================
2026-07-30 18:54:39 INFO     | DexSniper            | ⏰ Sleeping 30s...
2026-07-30 18:55:10 INFO     | DexSniper            | ==================================================
2026-07-30 18:55:10 INFO     | DexSniper            |   📊 DEX SNIPER STATS
2026-07-30 18:55:10 INFO     | DexSniper            |   Runtime: 0:56:37.695057
2026-07-30 18:55:10 INFO     | DexSniper            |   Pairs detected: 50
2026-07-30 18:55:10 INFO     | DexSniper            |   Scams filtered: 0
2026-07-30 18:55:10 INFO     | DexSniper            |   Trades executed: 50
2026-07-30 18:55:10 INFO     | DexSniper            |   Total invested: 2.499999999999999 BSC
2026-07-30 18:55:10 INFO     | DexSniper            | ==================================================
2026-07-30 18:55:10 INFO     | DexSniper            | ⏰ Sleeping 30s...
2026-07-30 18:55:40 INFO     | DexSniper            | ==================================================
2026-07-30 18:55:40 INFO     | DexSniper            |   📊 DEX SNIPER STATS
2026-07-30 18:55:40 INFO     | DexSniper            |   Runtime: 0:57:08.026842
2026-07-30 18:55:40 INFO     | DexSniper            |   Pairs detected: 50
2026-07-30 18:55:40 INFO     | DexSniper            |   Scams filtered: 0
2026-07-30 18:55:40 INFO     | DexSniper            |   Trades executed: 50
2026-07-30 18:55:40 INFO     | DexSniper            |   Total invested: 2.499999999999999 BSC
2026-07-30 18:55:40 INFO     | DexSniper            | ==================================================
2026-07-30 18:55:40 INFO     | DexSniper            | ⏰ Sleeping 30s...
2026-07-30 18:56:11 INFO     | DexSniper            | ==================================================
2026-07-30 18:56:11 INFO     | DexSniper            |   📊 DEX SNIPER STATS
2026-07-30 18:56:11 INFO     | DexSniper            |   Runtime: 0:57:38.369176
2026-07-30 18:56:11 INFO     | DexSniper            |   Pairs detected: 50
2026-07-30 18:56:11 INFO     | DexSniper            |   Scams filtered: 0
2026-07-30 18:56:11 INFO     | DexSniper            |   Trades executed: 50
2026-07-30 18:56:11 INFO     | DexSniper            |   Total invested: 2.499999999999999 BSC
2026-07-30 18:56:11 INFO     | DexSniper            | ==================================================
2026-07-30 18:56:11 INFO     | DexSniper            | ⏰ Sleeping 30s...
2026-07-30 18:56:41 INFO     | DexSniper            | 🆕 New pair detected! Token: 0xAD22eE6F... Pair: 0x8E964Dc9...
2026-07-30 18:56:42 INFO     | DexSniper            |   → 币有 (币有)
2026-07-30 18:56:42 INFO     | DexSniper            |   → ✅ Passed checks: Passed basic checks
2026-07-30 18:56:42 INFO     | DexSniper            | 🎯 SNIPE: 币有 (币有) — 0.05 BSC invested
2026-07-30 18:56:42 INFO     | DexSniper            | ==================================================
2026-07-30 18:56:42 INFO     | DexSniper            |   📊 DEX SNIPER STATS
2026-07-30 18:56:42 INFO     | DexSniper            |   Runtime: 0:58:10.077210
2026-07-30 18:56:42 INFO     | DexSniper            |   Pairs detected: 51
2026-07-30 18:56:42 INFO     | DexSniper            |   Scams filtered: 0
2026-07-30 18:56:42 INFO     | DexSniper            |   Trades executed: 51
2026-07-30 18:56:42 INFO     | DexSniper            |   Total invested: 2.549999999999999 BSC
2026-07-30 18:56:42 INFO     | DexSniper            | ==================================================
2026-07-30 18:56:42 INFO     | DexSniper            | ⏰ Sleeping 30s...
2026-07-30 18:57:13 INFO     | DexSniper            | 🆕 New pair detected! Token: 0x4Eb11401... Pair: 0xA8D6778f...
2026-07-30 18:57:14 INFO     | DexSniper            |   → CZMOON (CZMOON)
2026-07-30 18:57:14 INFO     | DexSniper            |   → ✅ Passed checks: Passed basic checks
2026-07-30 18:57:14 INFO     | DexSniper            | 🎯 SNIPE: CZMOON (CZMOON) — 0.05 BSC invested
2026-07-30 18:57:14 INFO     | DexSniper            | 🆕 New pair detected! Token: 0xba093854... Pair: 0xcd8e6Fa9...
2026-07-30 18:57:15 INFO     | DexSniper            |   → 量子脉冲核 (量脉)
2026-07-30 18:57:15 INFO     | DexSniper            |   → ✅ Passed checks: Passed basic checks
2026-07-30 18:57:15 INFO     | DexSniper            | 🎯 SNIPE: 量子脉冲核 (量脉) — 0.05 BSC invested
2026-07-30 18:57:15 INFO     | DexSniper            | ==================================================
2026-07-30 18:57:15 INFO     | DexSniper            |   📊 DEX SNIPER STATS
2026-07-30 18:57:15 INFO     | DexSniper            |   Runtime: 0:58:42.623471
2026-07-30 18:57:15 INFO     | DexSniper            |   Pairs detected: 53
2026-07-30 18:57:15 INFO     | DexSniper            |   Scams filtered: 0
2026-07-30 18:57:15 INFO     | DexSniper            |   Trades executed: 53
2026-07-30 18:57:15 INFO     | DexSniper            |   Total invested: 2.6499999999999986 BSC
2026-07-30 18:57:15 INFO     | DexSniper            | ==================================================
2026-07-30 18:57:15 INFO     | DexSniper            | ⏰ Sleeping 30s...
2026-07-30 18:57:45 INFO     | DexSniper            | 🆕 New pair detected! Token: 0x69deC085... Pair: 0x046E0c0f...
2026-07-30 18:57:46 INFO     | DexSniper            |   → Golden Age (黄金时代)
2026-07-30 18:57:46 INFO     | DexSniper            |   → ✅ Passed checks: Passed basic checks
2026-07-30 18:57:46 INFO     | DexSniper            | 🎯 SNIPE: Golden Age (黄金时代) — 0.05 BSC invested
2026-07-30 18:57:46 INFO     | DexSniper            | ==================================================
2026-07-30 18:57:46 INFO     | DexSniper            |   📊 DEX SNIPER STATS
2026-07-30 18:57:46 INFO     | DexSniper            |   Runtime: 0:59:13.884404
2026-07-30 18:57:46 INFO     | DexSniper            |   Pairs detected: 54
2026-07-30 18:57:46 INFO     | DexSniper            |   Scams filtered: 0
2026-07-30 18:57:46 INFO     | DexSniper            |   Trades executed: 54
2026-07-30 18:57:46 INFO     | DexSniper            |   Total invested: 2.6999999999999984 BSC
2026-07-30 18:57:46 INFO     | DexSniper            | ==================================================
2026-07-30 18:57:46 INFO     | DexSniper            | ⏰ Sleeping 30s...
2026-07-30 18:58:17 INFO     | DexSniper            | ==================================================
2026-07-30 18:58:17 INFO     | DexSniper            |   📊 DEX SNIPER STATS
2026-07-30 18:58:17 INFO     | DexSniper            |   Runtime: 0:59:44.526946
2026-07-30 18:58:17 INFO     | DexSniper            |   Pairs detected: 54
2026-07-30 18:58:17 INFO     | DexSniper            |   Scams filtered: 0
2026-07-30 18:58:17 INFO     | DexSniper            |   Trades executed: 54
2026-07-30 18:58:17 INFO     | DexSniper            |   Total invested: 2.6999999999999984 BSC
2026-07-30 18:58:17 INFO     | DexSniper            | ==================================================
2026-07-30 18:58:17 INFO     | DexSniper            | ⏰ Sleeping 30s...
2026-07-30 18:58:48 INFO     | DexSniper            | ==================================================
2026-07-30 18:58:48 INFO     | DexSniper            |   📊 DEX SNIPER STATS
2026-07-30 18:58:48 INFO     | DexSniper            |   Runtime: 1:00:15.426056
2026-07-30 18:58:48 INFO     | DexSniper            |   Pairs detected: 54
2026-07-30 18:58:48 INFO     | DexSniper            |   Scams filtered: 0
2026-07-30 18:58:48 INFO     | DexSniper            |   Trades executed: 54
2026-07-30 18:58:48 INFO     | DexSniper            |   Total invested: 2.6999999999999984 BSC
2026-07-30 18:58:48 INFO     | DexSniper            | ==================================================
2026-07-30 18:58:48 INFO     | DexSniper            | ⏰ Sleeping 30s...
2026-07-30 18:59:18 INFO     | DexSniper            | 🆕 New pair detected! Token: 0xC2B65944... Pair: 0x794b2DD9...
2026-07-30 18:59:19 INFO     | DexSniper            |   → Moon (MOON)
2026-07-30 18:59:19 INFO     | DexSniper            |   → ✅ Passed checks: Passed basic checks
2026-07-30 18:59:19 INFO     | DexSniper            | 🎯 SNIPE: Moon (MOON) — 0.05 BSC invested
2026-07-30 18:59:19 INFO     | DexSniper            | 🆕 New pair detected! Token: 0x5D69Cba5... Pair: 0x389f1B18...
2026-07-30 18:59:20 INFO     | DexSniper            |   → BTCBZ (BTCBZ)
2026-07-30 18:59:20 INFO     | DexSniper            |   → ✅ Passed checks: Passed basic checks
2026-07-30 18:59:20 INFO     | DexSniper            | 🎯 SNIPE: BTCBZ (BTCBZ) — 0.05 BSC invested
2026-07-30 18:59:20 INFO     | DexSniper            | ==================================================
2026-07-30 18:59:20 INFO     | DexSniper            |   📊 DEX SNIPER STATS
2026-07-30 18:59:20 INFO     | DexSniper            |   Runtime: 1:00:47.665361
2026-07-30 18:59:20 INFO     | DexSniper            |   Pairs detected: 56
2026-07-30 18:59:20 INFO     | DexSniper            |   Scams filtered: 0
2026-07-30 18:59:20 INFO     | DexSniper            |   Trades executed: 56
2026-07-30 18:59:20 INFO     | DexSniper            |   Total invested: 2.799999999999998 BSC
2026-07-30 18:59:20 INFO     | DexSniper            | ==================================================
2026-07-30 18:59:20 INFO     | DexSniper            | ⏰ Sleeping 30s...
2026-07-30 18:59:50 INFO     | DexSniper            | 🆕 New pair detected! Token: 0xc022B148... Pair: 0xeb704AF6...
2026-07-30 18:59:51 INFO     | DexSniper            |   → 深蓝星域  (蓝域)
2026-07-30 18:59:51 INFO     | DexSniper            |   → ✅ Passed checks: Passed basic checks
2026-07-30 18:59:51 INFO     | DexSniper            | 🎯 SNIPE: 深蓝星域  (蓝域) — 0.05 BSC invested
2026-07-30 18:59:51 INFO     | DexSniper            | ==================================================
2026-07-30 18:59:51 INFO     | DexSniper            |   📊 DEX SNIPER STATS
2026-07-30 18:59:51 INFO     | DexSniper            |   Runtime: 1:01:18.802313
2026-07-30 18:59:51 INFO     | DexSniper            |   Pairs detected: 57
2026-07-30 18:59:51 INFO     | DexSniper            |   Scams filtered: 0
2026-07-30 18:59:51 INFO     | DexSniper            |   Trades executed: 57
2026-07-30 18:59:51 INFO     | DexSniper            |   Total invested: 2.849999999999998 BSC
2026-07-30 18:59:51 INFO     | DexSniper            | ==================================================
2026-07-30 18:59:51 INFO     | DexSniper            | ⏰ Sleeping 30s...
2026-07-30 19:00:22 INFO     | DexSniper            | ==================================================
2026-07-30 19:00:22 INFO     | DexSniper            |   📊 DEX SNIPER STATS
2026-07-30 19:00:22 INFO     | DexSniper            |   Runtime: 1:01:49.122887
2026-07-30 19:00:22 INFO     | DexSniper            |   Pairs detected: 57
2026-07-30 19:00:22 INFO     | DexSniper            |   Scams filtered: 0
2026-07-30 19:00:22 INFO     | DexSniper            |   Trades executed: 57
2026-07-30 19:00:22 INFO     | DexSniper            |   Total invested: 2.849999999999998 BSC
2026-07-30 19:00:22 INFO     | DexSniper            | ==================================================
2026-07-30 19:00:22 INFO     | DexSniper            | ⏰ Sleeping 30s...
2026-07-30 19:00:52 INFO     | DexSniper            | 🆕 New pair detected! Token: 0x3822c25E... Pair: 0xCe43e8f4...
2026-07-30 19:00:53 INFO     | DexSniper            |   → 黑马 (黑马)
2026-07-30 19:00:53 INFO     | DexSniper            |   → ✅ Passed checks: Passed basic checks
2026-07-30 19:00:53 INFO     | DexSniper            | 🎯 SNIPE: 黑马 (黑马) — 0.05 BSC invested
2026-07-30 19:00:53 INFO     | DexSniper            | 🆕 New pair detected! Token: 0x632bfD97... Pair: 0x02AC012e...
2026-07-30 19:00:55 INFO     | DexSniper            |   → 宇宙长河  (宇河)
2026-07-30 19:00:55 INFO     | DexSniper            |   → ✅ Passed checks: Passed basic checks
2026-07-30 19:00:55 INFO     | DexSniper            | 🎯 SNIPE: 宇宙长河  (宇河) — 0.05 BSC invested
2026-07-30 19:00:55 INFO     | DexSniper            | ==================================================
2026-07-30 19:00:55 INFO     | DexSniper            |   📊 DEX SNIPER STATS
2026-07-30 19:00:55 INFO     | DexSniper            |   Runtime: 1:02:22.675006
2026-07-30 19:00:55 INFO     | DexSniper            |   Pairs detected: 59
2026-07-30 19:00:55 INFO     | DexSniper            |   Scams filtered: 0
2026-07-30 19:00:55 INFO     | DexSniper            |   Trades executed: 59
2026-07-30 19:00:55 INFO     | DexSniper            |   Total invested: 2.9499999999999975 BSC
2026-07-30 19:00:55 INFO     | DexSniper            | ==================================================
2026-07-30 19:00:55 INFO     | DexSniper            | ⏰ Sleeping 30s...
2026-07-30 19:01:25 INFO     | DexSniper            | 🆕 New pair detected! Token: 0x8cB5E07b... Pair: 0x847C9CF8...
2026-07-30 19:01:26 INFO     | DexSniper            |   → Goldman Sachs Tokenized bStocks (GSB)
2026-07-30 19:01:26 INFO     | DexSniper            |   → ✅ Passed checks: Passed basic checks
2026-07-30 19:01:26 INFO     | DexSniper            | 🎯 SNIPE: Goldman Sachs Tokenized bStocks (GSB) — 0.05 BSC invested
2026-07-30 19:01:26 INFO     | DexSniper            | ==================================================
2026-07-30 19:01:26 INFO     | DexSniper            |   📊 DEX SNIPER STATS
2026-07-30 19:01:26 INFO     | DexSniper            |   Runtime: 1:02:53.947728
2026-07-30 19:01:26 INFO     | DexSniper            |   Pairs detected: 60
2026-07-30 19:01:26 INFO     | DexSniper            |   Scams filtered: 0
2026-07-30 19:01:26 INFO     | DexSniper            |   Trades executed: 60
2026-07-30 19:01:26 INFO     | DexSniper            |   Total invested: 2.9999999999999973 BSC
2026-07-30 19:01:26 INFO     | DexSniper            | ==================================================
2026-07-30 19:01:26 INFO     | DexSniper            | ⏰ Sleeping 30s...
2026-07-30 19:01:57 INFO     | DexSniper            | ==================================================
2026-07-30 19:01:57 INFO     | DexSniper            |   📊 DEX SNIPER STATS
2026-07-30 19:01:57 INFO     | DexSniper            |   Runtime: 1:03:24.270808
2026-07-30 19:01:57 INFO     | DexSniper            |   Pairs detected: 60
2026-07-30 19:01:57 INFO     | DexSniper            |   Scams filtered: 0
2026-07-30 19:01:57 INFO     | DexSniper            |   Trades executed: 60
2026-07-30 19:01:57 INFO     | DexSniper            |   Total invested: 2.9999999999999973 BSC
2026-07-30 19:01:57 INFO     | DexSniper            | ==================================================
2026-07-30 19:01:57 INFO     | DexSniper            | ⏰ Sleeping 30s...
2026-07-30 19:02:27 INFO     | DexSniper            | 🆕 New pair detected! Token: 0x6B6A78B0... Pair: 0x9dfd110A...
2026-07-30 19:02:28 INFO     | DexSniper            |   → kimi pets (龍鳳麒瑞)
2026-07-30 19:02:28 INFO     | DexSniper            |   → ✅ Passed checks: Passed basic checks
2026-07-30 19:02:28 INFO     | DexSniper            | 🎯 SNIPE: kimi pets (龍鳳麒瑞) — 0.05 BSC invested
2026-07-30 19:02:28 INFO     | DexSniper            | ==================================================
2026-07-30 19:02:28 INFO     | DexSniper            |   📊 DEX SNIPER STATS
2026-07-30 19:02:28 INFO     | DexSniper            |   Runtime: 1:03:55.567423
2026-07-30 19:02:28 INFO     | DexSniper            |   Pairs detected: 61
2026-07-30 19:02:28 INFO     | DexSniper            |   Scams filtered: 0
2026-07-30 19:02:28 INFO     | DexSniper            |   Trades executed: 61
2026-07-30 19:02:28 INFO     | DexSniper            |   Total invested: 3.049999999999997 BSC
2026-07-30 19:02:28 INFO     | DexSniper            | ==================================================
2026-07-30 19:02:28 INFO     | DexSniper            | ⏰ Sleeping 30s...
2026-07-30 19:02:58 INFO     | DexSniper            | ==================================================
2026-07-30 19:02:58 INFO     | DexSniper            |   📊 DEX SNIPER STATS
2026-07-30 19:02:58 INFO     | DexSniper            |   Runtime: 1:04:25.901857
2026-07-30 19:02:58 INFO     | DexSniper            |   Pairs detected: 61
2026-07-30 19:02:58 INFO     | DexSniper            |   Scams filtered: 0
2026-07-30 19:02:58 INFO     | DexSniper            |   Trades executed: 61
2026-07-30 19:02:58 INFO     | DexSniper            |   Total invested: 3.049999999999997 BSC
2026-07-30 19:02:58 INFO     | DexSniper            | ==================================================
2026-07-30 19:02:58 INFO     | DexSniper            | ⏰ Sleeping 30s...
2026-07-30 19:03:29 INFO     | DexSniper            | 🆕 New pair detected! Token: 0xb8D8f055... Pair: 0xF4FbA2ee...
2026-07-30 19:03:30 INFO     | DexSniper            |   → DeepPulse (DPL)
2026-07-30 19:03:30 INFO     | DexSniper            |   → ✅ Passed checks: Passed basic checks
2026-07-30 19:03:30 INFO     | DexSniper            | 🎯 SNIPE: DeepPulse (DPL) — 0.05 BSC invested
2026-07-30 19:03:30 INFO     | DexSniper            | ==================================================
2026-07-30 19:03:30 INFO     | DexSniper            |   📊 DEX SNIPER STATS
2026-07-30 19:03:30 INFO     | DexSniper            |   Runtime: 1:04:57.228827
2026-07-30 19:03:30 INFO     | DexSniper            |   Pairs detected: 62
2026-07-30 19:03:30 INFO     | DexSniper            |   Scams filtered: 0
2026-07-30 19:03:30 INFO     | DexSniper            |   Trades executed: 62
2026-07-30 19:03:30 INFO     | DexSniper            |   Total invested: 3.099999999999997 BSC
2026-07-30 19:03:30 INFO     | DexSniper            | ==================================================
2026-07-30 19:03:30 INFO     | DexSniper            | ⏰ Sleeping 30s...
2026-07-30 19:04:00 INFO     | DexSniper            | ==================================================
2026-07-30 19:04:00 INFO     | DexSniper            |   📊 DEX SNIPER STATS
2026-07-30 19:04:00 INFO     | DexSniper            |   Runtime: 1:05:27.699625
2026-07-30 19:04:00 INFO     | DexSniper            |   Pairs detected: 62
2026-07-30 19:04:00 INFO     | DexSniper            |   Scams filtered: 0
2026-07-30 19:04:00 INFO     | DexSniper            |   Trades executed: 62
2026-07-30 19:04:00 INFO     | DexSniper            |   Total invested: 3.099999999999997 BSC
2026-07-30 19:04:00 INFO     | DexSniper            | ==================================================
2026-07-30 19:04:00 INFO     | DexSniper            | ⏰ Sleeping 30s...
2026-07-30 19:04:31 INFO     | DexSniper            | ==================================================
2026-07-30 19:04:31 INFO     | DexSniper            |   📊 DEX SNIPER STATS
2026-07-30 19:04:31 INFO     | DexSniper            |   Runtime: 1:05:58.393117
2026-07-30 19:04:31 INFO     | DexSniper            |   Pairs detected: 62
2026-07-30 19:04:31 INFO     | DexSniper            |   Scams filtered: 0
2026-07-30 19:04:31 INFO     | DexSniper            |   Trades executed: 62
2026-07-30 19:04:31 INFO     | DexSniper            |   Total invested: 3.099999999999997 BSC
2026-07-30 19:04:31 INFO     | DexSniper            | ==================================================
2026-07-30 19:04:31 INFO     | DexSniper            | ⏰ Sleeping 30s...
2026-07-30 19:05:01 INFO     | DexSniper            | ==================================================
2026-07-30 19:05:01 INFO     | DexSniper            |   📊 DEX SNIPER STATS
2026-07-30 19:05:01 INFO     | DexSniper            |   Runtime: 1:06:29.020980
2026-07-30 19:05:01 INFO     | DexSniper            |   Pairs detected: 62
2026-07-30 19:05:01 INFO     | DexSniper            |   Scams filtered: 0
2026-07-30 19:05:01 INFO     | DexSniper            |   Trades executed: 62
2026-07-30 19:05:01 INFO     | DexSniper            |   Total invested: 3.099999999999997 BSC
2026-07-30 19:05:01 INFO     | DexSniper            | ==================================================
2026-07-30 19:05:01 INFO     | DexSniper            | ⏰ Sleeping 30s...
2026-07-30 19:05:32 INFO     | DexSniper            | 🆕 New pair detected! Token: 0x04793c6d... Pair: 0x7BC5E170...
2026-07-30 19:05:33 INFO     | DexSniper            |   → LogicPulse (LPL)
2026-07-30 19:05:33 INFO     | DexSniper            |   → ✅ Passed checks: Passed basic checks
2026-07-30 19:05:33 INFO     | DexSniper            | 🎯 SNIPE: LogicPulse (LPL) — 0.05 BSC invested
2026-07-30 19:05:33 INFO     | DexSniper            | ==================================================
2026-07-30 19:05:33 INFO     | DexSniper            |   📊 DEX SNIPER STATS
2026-07-30 19:05:33 INFO     | DexSniper            |   Runtime: 1:07:00.881001
2026-07-30 19:05:33 INFO     | DexSniper            |   Pairs detected: 63
2026-07-30 19:05:33 INFO     | DexSniper            |   Scams filtered: 0
2026-07-30 19:05:33 INFO     | DexSniper            |   Trades executed: 63
2026-07-30 19:05:33 INFO     | DexSniper            |   Total invested: 3.149999999999997 BSC
2026-07-30 19:05:33 INFO     | DexSniper            | ==================================================
2026-07-30 19:05:33 INFO     | DexSniper            | ⏰ Sleeping 30s...
2026-07-30 19:06:04 INFO     | DexSniper            | ==================================================
2026-07-30 19:06:04 INFO     | DexSniper            |   📊 DEX SNIPER STATS
2026-07-30 19:06:04 INFO     | DexSniper            |   Runtime: 1:07:31.237446
2026-07-30 19:06:04 INFO     | DexSniper            |   Pairs detected: 63
2026-07-30 19:06:04 INFO     | DexSniper            |   Scams filtered: 0
2026-07-30 19:06:04 INFO     | DexSniper            |   Trades executed: 63
2026-07-30 19:06:04 INFO     | DexSniper            |   Total invested: 3.149999999999997 BSC
2026-07-30 19:06:04 INFO     | DexSniper            | ==================================================
2026-07-30 19:06:04 INFO     | DexSniper            | ⏰ Sleeping 30s...
2026-07-30 19:06:34 INFO     | DexSniper            | ==================================================
2026-07-30 19:06:34 INFO     | DexSniper            |   📊 DEX SNIPER STATS
2026-07-30 19:06:34 INFO     | DexSniper            |   Runtime: 1:08:01.554962
2026-07-30 19:06:34 INFO     | DexSniper            |   Pairs detected: 63
2026-07-30 19:06:34 INFO     | DexSniper            |   Scams filtered: 0
2026-07-30 19:06:34 INFO     | DexSniper            |   Trades executed: 63
2026-07-30 19:06:34 INFO     | DexSniper            |   Total invested: 3.149999999999997 BSC
2026-07-30 19:06:34 INFO     | DexSniper            | ==================================================
2026-07-30 19:06:34 INFO     | DexSniper            | ⏰ Sleeping 30s...
2026-07-30 19:07:04 INFO     | DexSniper            | ==================================================
2026-07-30 19:07:04 INFO     | DexSniper            |   📊 DEX SNIPER STATS
2026-07-30 19:07:04 INFO     | DexSniper            |   Runtime: 1:08:31.849249
2026-07-30 19:07:04 INFO     | DexSniper            |   Pairs detected: 63
2026-07-30 19:07:04 INFO     | DexSniper            |   Scams filtered: 0
2026-07-30 19:07:04 INFO     | DexSniper            |   Trades executed: 63
2026-07-30 19:07:04 INFO     | DexSniper            |   Total invested: 3.149999999999997 BSC
2026-07-30 19:07:04 INFO     | DexSniper            | ==================================================
2026-07-30 19:07:04 INFO     | DexSniper            | ⏰ Sleeping 30s...
2026-07-30 19:07:35 INFO     | DexSniper            | 🆕 New pair detected! Token: 0xefc1Ad7f... Pair: 0xA4ED029d...
2026-07-30 19:07:36 INFO     | DexSniper            |   → 🌙双子座 (🌙双子座)
2026-07-30 19:07:36 INFO     | DexSniper            |   → ✅ Passed checks: Passed basic checks
2026-07-30 19:07:36 INFO     | DexSniper            | 🎯 SNIPE: 🌙双子座 (🌙双子座) — 0.05 BSC invested
2026-07-30 19:07:36 INFO     | DexSniper            | ==================================================
2026-07-30 19:07:36 INFO     | DexSniper            |   📊 DEX SNIPER STATS
2026-07-30 19:07:36 INFO     | DexSniper            |   Runtime: 1:09:03.150956
2026-07-30 19:07:36 INFO     | DexSniper            |   Pairs detected: 64
2026-07-30 19:07:36 INFO     | DexSniper            |   Scams filtered: 0
2026-07-30 19:07:36 INFO     | DexSniper            |   Trades executed: 64
2026-07-30 19:07:36 INFO     | DexSniper            |   Total invested: 3.1999999999999966 BSC
2026-07-30 19:07:36 INFO     | DexSniper            | ==================================================
2026-07-30 19:07:36 INFO     | DexSniper            | ⏰ Sleeping 30s...
2026-07-30 19:08:06 INFO     | DexSniper            | 🆕 New pair detected! Token: 0x51d65a30... Pair: 0x5BebBfA4...
2026-07-30 19:08:08 INFO     | DexSniper            |   → 美猴王 (美猴王)
2026-07-30 19:08:08 INFO     | DexSniper            |   → ✅ Passed checks: Passed basic checks
2026-07-30 19:08:08 INFO     | DexSniper            | 🎯 SNIPE: 美猴王 (美猴王) — 0.05 BSC invested
2026-07-30 19:08:08 INFO     | DexSniper            | ==================================================
2026-07-30 19:08:08 INFO     | DexSniper            |   📊 DEX SNIPER STATS
2026-07-30 19:08:08 INFO     | DexSniper            |   Runtime: 1:09:35.116523
2026-07-30 19:08:08 INFO     | DexSniper            |   Pairs detected: 65
2026-07-30 19:08:08 INFO     | DexSniper            |   Scams filtered: 0
2026-07-30 19:08:08 INFO     | DexSniper            |   Trades executed: 65
2026-07-30 19:08:08 INFO     | DexSniper            |   Total invested: 3.2499999999999964 BSC
2026-07-30 19:08:08 INFO     | DexSniper            | ==================================================
2026-07-30 19:08:08 INFO     | DexSniper            | ⏰ Sleeping 30s...
2026-07-30 19:08:38 INFO     | DexSniper            | ==================================================
2026-07-30 19:08:38 INFO     | DexSniper            |   📊 DEX SNIPER STATS
2026-07-30 19:08:38 INFO     | DexSniper            |   Runtime: 1:10:05.438972
2026-07-30 19:08:38 INFO     | DexSniper            |   Pairs detected: 65
2026-07-30 19:08:38 INFO     | DexSniper            |   Scams filtered: 0
2026-07-30 19:08:38 INFO     | DexSniper            |   Trades executed: 65
2026-07-30 19:08:38 INFO     | DexSniper            |   Total invested: 3.2499999999999964 BSC
2026-07-30 19:08:38 INFO     | DexSniper            | ==================================================
2026-07-30 19:08:38 INFO     | DexSniper            | ⏰ Sleeping 30s...
2026-07-30 19:09:08 INFO     | DexSniper            | ==================================================
2026-07-30 19:09:08 INFO     | DexSniper            |   📊 DEX SNIPER STATS
2026-07-30 19:09:08 INFO     | DexSniper            |   Runtime: 1:10:35.797350
2026-07-30 19:09:08 INFO     | DexSniper            |   Pairs detected: 65
2026-07-30 19:09:08 INFO     | DexSniper            |   Scams filtered: 0
2026-07-30 19:09:08 INFO     | DexSniper            |   Trades executed: 65
2026-07-30 19:09:08 INFO     | DexSniper            |   Total invested: 3.2499999999999964 BSC
2026-07-30 19:09:08 INFO     | DexSniper            | ==================================================
2026-07-30 19:09:08 INFO     | DexSniper            | ⏰ Sleeping 30s...
2026-07-30 19:09:39 INFO     | DexSniper            | ==================================================
2026-07-30 19:09:39 INFO     | DexSniper            |   📊 DEX SNIPER STATS
2026-07-30 19:09:39 INFO     | DexSniper            |   Runtime: 1:11:06.119098
2026-07-30 19:09:39 INFO     | DexSniper            |   Pairs detected: 65
2026-07-30 19:09:39 INFO     | DexSniper            |   Scams filtered: 0
2026-07-30 19:09:39 INFO     | DexSniper            |   Trades executed: 65
2026-07-30 19:09:39 INFO     | DexSniper            |   Total invested: 3.2499999999999964 BSC
2026-07-30 19:09:39 INFO     | DexSniper            | ==================================================
2026-07-30 19:09:39 INFO     | DexSniper            | ⏰ Sleeping 30s...
2026-07-30 19:10:09 INFO     | DexSniper            | ==================================================
2026-07-30 19:10:09 INFO     | DexSniper            |   📊 DEX SNIPER STATS
2026-07-30 19:10:09 INFO     | DexSniper            |   Runtime: 1:11:36.469567
2026-07-30 19:10:09 INFO     | DexSniper            |   Pairs detected: 65
2026-07-30 19:10:09 INFO     | DexSniper            |   Scams filtered: 0
2026-07-30 19:10:09 INFO     | DexSniper            |   Trades executed: 65
2026-07-30 19:10:09 INFO     | DexSniper            |   Total invested: 3.2499999999999964 BSC
2026-07-30 19:10:09 INFO     | DexSniper            | ==================================================
2026-07-30 19:10:09 INFO     | DexSniper            | ⏰ Sleeping 30s...
2026-07-30 19:10:39 INFO     | DexSniper            | ==================================================
2026-07-30 19:10:39 INFO     | DexSniper            |   📊 DEX SNIPER STATS
2026-07-30 19:10:39 INFO     | DexSniper            |   Runtime: 1:12:06.770277
2026-07-30 19:10:39 INFO     | DexSniper            |   Pairs detected: 65
2026-07-30 19:10:39 INFO     | DexSniper            |   Scams filtered: 0
2026-07-30 19:10:39 INFO     | DexSniper            |   Trades executed: 65
2026-07-30 19:10:39 INFO     | DexSniper            |   Total invested: 3.2499999999999964 BSC
2026-07-30 19:10:39 INFO     | DexSniper            | ==================================================
2026-07-30 19:10:39 INFO     | DexSniper            | ⏰ Sleeping 30s...
2026-07-30 19:11:09 INFO     | DexSniper            | 🆕 New pair detected! Token: 0xe4281ad9... Pair: 0xd4bddE49...
2026-07-30 19:11:10 INFO     | DexSniper            |   → Amazon Tokenized bStocks (AMZNB)
2026-07-30 19:11:10 INFO     | DexSniper            |   → ✅ Passed checks: Passed basic checks
2026-07-30 19:11:10 INFO     | DexSniper            | 🎯 SNIPE: Amazon Tokenized bStocks (AMZNB) — 0.05 BSC invested
2026-07-30 19:11:10 INFO     | DexSniper            | ==================================================
2026-07-30 19:11:10 INFO     | DexSniper            |   📊 DEX SNIPER STATS
2026-07-30 19:11:10 INFO     | DexSniper            |   Runtime: 1:12:38.094076
2026-07-30 19:11:10 INFO     | DexSniper            |   Pairs detected: 66
2026-07-30 19:11:10 INFO     | DexSniper            |   Scams filtered: 0
2026-07-30 19:11:10 INFO     | DexSniper            |   Trades executed: 66
2026-07-30 19:11:10 INFO     | DexSniper            |   Total invested: 3.2999999999999963 BSC
2026-07-30 19:11:10 INFO     | DexSniper            | ==================================================
2026-07-30 19:11:10 INFO     | DexSniper            | ⏰ Sleeping 30s...
2026-07-30 19:11:41 INFO     | DexSniper            | 🆕 New pair detected! Token: 0xcE72f569... Pair: 0x48930b9F...
2026-07-30 19:11:43 INFO     | DexSniper            |   → Agent (Agent)
2026-07-30 19:11:43 INFO     | DexSniper            |   → ✅ Passed checks: Passed basic checks
2026-07-30 19:11:43 INFO     | DexSniper            | 🎯 SNIPE: Agent (Agent) — 0.05 BSC invested
2026-07-30 19:11:43 INFO     | DexSniper            | ==================================================
2026-07-30 19:11:43 INFO     | DexSniper            |   📊 DEX SNIPER STATS
2026-07-30 19:11:43 INFO     | DexSniper            |   Runtime: 1:13:10.116181
2026-07-30 19:11:43 INFO     | DexSniper            |   Pairs detected: 67
2026-07-30 19:11:43 INFO     | DexSniper            |   Scams filtered: 0
2026-07-30 19:11:43 INFO     | DexSniper            |   Trades executed: 67
2026-07-30 19:11:43 INFO     | DexSniper            |   Total invested: 3.349999999999996 BSC
2026-07-30 19:11:43 INFO     | DexSniper            | ==================================================
2026-07-30 19:11:43 INFO     | DexSniper            | ⏰ Sleeping 30s...
2026-07-30 19:12:13 INFO     | DexSniper            | ==================================================
2026-07-30 19:12:13 INFO     | DexSniper            |   📊 DEX SNIPER STATS
2026-07-30 19:12:13 INFO     | DexSniper            |   Runtime: 1:13:40.499113
2026-07-30 19:12:13 INFO     | DexSniper            |   Pairs detected: 67
2026-07-30 19:12:13 INFO     | DexSniper            |   Scams filtered: 0
2026-07-30 19:12:13 INFO     | DexSniper            |   Trades executed: 67
2026-07-30 19:12:13 INFO     | DexSniper            |   Total invested: 3.349999999999996 BSC
2026-07-30 19:12:13 INFO     | DexSniper            | ==================================================
2026-07-30 19:12:13 INFO     | DexSniper            | ⏰ Sleeping 30s...
2026-07-30 19:12:43 INFO     | DexSniper            | 🆕 New pair detected! Token: 0xfc6ae2DA... Pair: 0xC265E6f5...
2026-07-30 19:12:45 INFO     | DexSniper            |   → 黑小蛋 (黑小蛋)
2026-07-30 19:12:45 INFO     | DexSniper            |   → ✅ Passed checks: Passed basic checks
2026-07-30 19:12:45 INFO     | DexSniper            | 🎯 SNIPE: 黑小蛋 (黑小蛋) — 0.05 BSC invested
2026-07-30 19:12:45 INFO     | DexSniper            | 🆕 New pair detected! Token: 0x79f5599F... Pair: 0x916e9700...
2026-07-30 19:12:46 INFO     | DexSniper            |   → 🌙双子座 (🌙双子座)
2026-07-30 19:12:46 INFO     | DexSniper            |   → ✅ Passed checks: Passed basic checks
2026-07-30 19:12:46 INFO     | DexSniper            | 🎯 SNIPE: 🌙双子座 (🌙双子座) — 0.05 BSC invested
2026-07-30 19:12:46 INFO     | DexSniper            | ==================================================
2026-07-30 19:12:46 INFO     | DexSniper            |   📊 DEX SNIPER STATS
2026-07-30 19:12:46 INFO     | DexSniper            |   Runtime: 1:14:13.193666
2026-07-30 19:12:46 INFO     | DexSniper            |   Pairs detected: 69
2026-07-30 19:12:46 INFO     | DexSniper            |   Scams filtered: 0
2026-07-30 19:12:46 INFO     | DexSniper            |   Trades executed: 69
2026-07-30 19:12:46 INFO     | DexSniper            |   Total invested: 3.4499999999999957 BSC
2026-07-30 19:12:46 INFO     | DexSniper            | ==================================================
2026-07-30 19:12:46 INFO     | DexSniper            | ⏰ Sleeping 30s...
2026-07-30 19:13:16 INFO     | DexSniper            | 🆕 New pair detected! Token: 0xC9D340c5... Pair: 0xB1d7Ad9a...
2026-07-30 19:13:17 INFO     | DexSniper            |   → CHIIKAWA (CHIIKAWA)
2026-07-30 19:13:17 INFO     | DexSniper            |   → ✅ Passed checks: Passed basic checks
2026-07-30 19:13:17 INFO     | DexSniper            | 🎯 SNIPE: CHIIKAWA (CHIIKAWA) — 0.05 BSC invested
2026-07-30 19:13:17 INFO     | DexSniper            | ==================================================
2026-07-30 19:13:17 INFO     | DexSniper            |   📊 DEX SNIPER STATS
2026-07-30 19:13:17 INFO     | DexSniper            |   Runtime: 1:14:44.955934
2026-07-30 19:13:17 INFO     | DexSniper            |   Pairs detected: 70
2026-07-30 19:13:17 INFO     | DexSniper            |   Scams filtered: 0
2026-07-30 19:13:17 INFO     | DexSniper            |   Trades executed: 70
2026-07-30 19:13:17 INFO     | DexSniper            |   Total invested: 3.4999999999999956 BSC
2026-07-30 19:13:17 INFO     | DexSniper            | ==================================================
2026-07-30 19:13:17 INFO     | DexSniper            | ⏰ Sleeping 30s...
2026-07-30 19:13:49 INFO     | DexSniper            | ==================================================
2026-07-30 19:13:49 INFO     | DexSniper            |   📊 DEX SNIPER STATS
2026-07-30 19:13:49 INFO     | DexSniper            |   Runtime: 1:15:16.429238
2026-07-30 19:13:49 INFO     | DexSniper            |   Pairs detected: 70
2026-07-30 19:13:49 INFO     | DexSniper            |   Scams filtered: 0
2026-07-30 19:13:49 INFO     | DexSniper            |   Trades executed: 70
2026-07-30 19:13:49 INFO     | DexSniper            |   Total invested: 3.4999999999999956 BSC
2026-07-30 19:13:49 INFO     | DexSniper            | ==================================================
2026-07-30 19:13:49 INFO     | DexSniper            | ⏰ Sleeping 30s...
2026-07-30 19:14:20 INFO     | DexSniper            | ==================================================
2026-07-30 19:14:20 INFO     | DexSniper            |   📊 DEX SNIPER STATS
2026-07-30 19:14:20 INFO     | DexSniper            |   Runtime: 1:15:47.364160
2026-07-30 19:14:20 INFO     | DexSniper            |   Pairs detected: 70
2026-07-30 19:14:20 INFO     | DexSniper            |   Scams filtered: 0
2026-07-30 19:14:20 INFO     | DexSniper            |   Trades executed: 70
2026-07-30 19:14:20 INFO     | DexSniper            |   Total invested: 3.4999999999999956 BSC
2026-07-30 19:14:20 INFO     | DexSniper            | ==================================================
2026-07-30 19:14:20 INFO     | DexSniper            | ⏰ Sleeping 30s...
2026-07-30 19:14:50 INFO     | DexSniper            | 🆕 New pair detected! Token: 0x8063F1b9... Pair: 0x371A4682...
2026-07-30 19:14:51 INFO     | DexSniper            |   → NVDA (女大)
2026-07-30 19:14:51 INFO     | DexSniper            |   → ✅ Passed checks: Passed basic checks
2026-07-30 19:14:51 INFO     | DexSniper            | 🎯 SNIPE: NVDA (女大) — 0.05 BSC invested
2026-07-30 19:14:51 INFO     | DexSniper            | ==================================================
2026-07-30 19:14:51 INFO     | DexSniper            |   📊 DEX SNIPER STATS
2026-07-30 19:14:51 INFO     | DexSniper            |   Runtime: 1:16:18.523818
2026-07-30 19:14:51 INFO     | DexSniper            |   Pairs detected: 71
2026-07-30 19:14:51 INFO     | DexSniper            |   Scams filtered: 0
2026-07-30 19:14:51 INFO     | DexSniper            |   Trades executed: 71
2026-07-30 19:14:51 INFO     | DexSniper            |   Total invested: 3.5499999999999954 BSC
2026-07-30 19:14:51 INFO     | DexSniper            | ==================================================
2026-07-30 19:14:51 INFO     | DexSniper            | ⏰ Sleeping 30s...
2026-07-30 19:15:21 INFO     | DexSniper            | ==================================================
2026-07-30 19:15:21 INFO     | DexSniper            |   📊 DEX SNIPER STATS
2026-07-30 19:15:21 INFO     | DexSniper            |   Runtime: 1:16:48.831799
2026-07-30 19:15:21 INFO     | DexSniper            |   Pairs detected: 71
2026-07-30 19:15:21 INFO     | DexSniper            |   Scams filtered: 0
2026-07-30 19:15:21 INFO     | DexSniper            |   Trades executed: 71
2026-07-30 19:15:21 INFO     | DexSniper            |   Total invested: 3.5499999999999954 BSC
2026-07-30 19:15:21 INFO     | DexSniper            | ==================================================
2026-07-30 19:15:21 INFO     | DexSniper            | ⏰ Sleeping 30s...
2026-07-30 19:15:52 INFO     | DexSniper            | ==================================================
2026-07-30 19:15:52 INFO     | DexSniper            |   📊 DEX SNIPER STATS
2026-07-30 19:15:52 INFO     | DexSniper            |   Runtime: 1:17:19.147297
2026-07-30 19:15:52 INFO     | DexSniper            |   Pairs detected: 71
2026-07-30 19:15:52 INFO     | DexSniper            |   Scams filtered: 0
2026-07-30 19:15:52 INFO     | DexSniper            |   Trades executed: 71
2026-07-30 19:15:52 INFO     | DexSniper            |   Total invested: 3.5499999999999954 BSC
2026-07-30 19:15:52 INFO     | DexSniper            | ==================================================
2026-07-30 19:15:52 INFO     | DexSniper            | ⏰ Sleeping 30s...
2026-07-30 19:16:22 INFO     | DexSniper            | ==================================================
2026-07-30 19:16:22 INFO     | DexSniper            |   📊 DEX SNIPER STATS
2026-07-30 19:16:22 INFO     | DexSniper            |   Runtime: 1:17:49.440935
2026-07-30 19:16:22 INFO     | DexSniper            |   Pairs detected: 71
2026-07-30 19:16:22 INFO     | DexSniper            |   Scams filtered: 0
2026-07-30 19:16:22 INFO     | DexSniper            |   Trades executed: 71
2026-07-30 19:16:22 INFO     | DexSniper            |   Total invested: 3.5499999999999954 BSC
2026-07-30 19:16:22 INFO     | DexSniper            | ==================================================
2026-07-30 19:16:22 INFO     | DexSniper            | ⏰ Sleeping 30s...
2026-07-30 19:16:52 INFO     | DexSniper            | 🆕 New pair detected! Token: 0x69969F83... Pair: 0x888b1beA...
2026-07-30 19:16:53 INFO     | DexSniper            |   → 星驰联盟 (STARZ)
2026-07-30 19:16:53 INFO     | DexSniper            |   → ✅ Passed checks: Passed basic checks
2026-07-30 19:16:53 INFO     | DexSniper            | 🎯 SNIPE: 星驰联盟 (STARZ) — 0.05 BSC invested
2026-07-30 19:16:53 INFO     | DexSniper            | ==================================================
2026-07-30 19:16:53 INFO     | DexSniper            |   📊 DEX SNIPER STATS
2026-07-30 19:16:53 INFO     | DexSniper            |   Runtime: 1:18:20.805600
2026-07-30 19:16:53 INFO     | DexSniper            |   Pairs detected: 72
2026-07-30 19:16:53 INFO     | DexSniper            |   Scams filtered: 0
2026-07-30 19:16:53 INFO     | DexSniper            |   Trades executed: 72
2026-07-30 19:16:53 INFO     | DexSniper            |   Total invested: 3.599999999999995 BSC
2026-07-30 19:16:53 INFO     | DexSniper            | ==================================================
2026-07-30 19:16:53 INFO     | DexSniper            | ⏰ Sleeping 30s...
2026-07-30 19:17:24 INFO     | DexSniper            | ==================================================
2026-07-30 19:17:24 INFO     | DexSniper            |   📊 DEX SNIPER STATS
2026-07-30 19:17:24 INFO     | DexSniper            |   Runtime: 1:18:51.492814
2026-07-30 19:17:24 INFO     | DexSniper            |   Pairs detected: 72
2026-07-30 19:17:24 INFO     | DexSniper            |   Scams filtered: 0
2026-07-30 19:17:24 INFO     | DexSniper            |   Trades executed: 72
2026-07-30 19:17:24 INFO     | DexSniper            |   Total invested: 3.599999999999995 BSC
2026-07-30 19:17:24 INFO     | DexSniper            | ==================================================
2026-07-30 19:17:24 INFO     | DexSniper            | ⏰ Sleeping 30s...
2026-07-30 19:17:55 INFO     | DexSniper            | ==================================================
2026-07-30 19:17:55 INFO     | DexSniper            |   📊 DEX SNIPER STATS
2026-07-30 19:17:55 INFO     | DexSniper            |   Runtime: 1:19:22.123471
2026-07-30 19:17:55 INFO     | DexSniper            |   Pairs detected: 72
2026-07-30 19:17:55 INFO     | DexSniper            |   Scams filtered: 0
2026-07-30 19:17:55 INFO     | DexSniper            |   Trades executed: 72
2026-07-30 19:17:55 INFO     | DexSniper            |   Total invested: 3.599999999999995 BSC
2026-07-30 19:17:55 INFO     | DexSniper            | ==================================================
2026-07-30 19:17:55 INFO     | DexSniper            | ⏰ Sleeping 30s...
2026-07-30 19:18:25 INFO     | DexSniper            | 🆕 New pair detected! Token: 0x84C5e07D... Pair: 0x609d20b8...
2026-07-30 19:18:26 INFO     | DexSniper            |   → BinanceShares (BinanceShares)
2026-07-30 19:18:26 INFO     | DexSniper            |   → ✅ Passed checks: Passed basic checks
2026-07-30 19:18:26 INFO     | DexSniper            | 🎯 SNIPE: BinanceShares (BinanceShares) — 0.05 BSC invested
2026-07-30 19:18:26 INFO     | DexSniper            | ==================================================
2026-07-30 19:18:26 INFO     | DexSniper            |   📊 DEX SNIPER STATS
2026-07-30 19:18:26 INFO     | DexSniper            |   Runtime: 1:19:53.930012
2026-07-30 19:18:26 INFO     | DexSniper            |   Pairs detected: 73
2026-07-30 19:18:26 INFO     | DexSniper            |   Scams filtered: 0
2026-07-30 19:18:26 INFO     | DexSniper            |   Trades executed: 73
2026-07-30 19:18:26 INFO     | DexSniper            |   Total invested: 3.649999999999995 BSC
2026-07-30 19:18:26 INFO     | DexSniper            | ==================================================
2026-07-30 19:18:26 INFO     | DexSniper            | ⏰ Sleeping 30s...
2026-07-30 19:18:57 INFO     | DexSniper            | 🆕 New pair detected! Token: 0xD9b5894e... Pair: 0xCD57EA25...
2026-07-30 19:18:58 INFO     | DexSniper            |   → 神经暗潮  (神潮)
2026-07-30 19:18:58 INFO     | DexSniper            |   → ✅ Passed checks: Passed basic checks
2026-07-30 19:18:58 INFO     | DexSniper            | 🎯 SNIPE: 神经暗潮  (神潮) — 0.05 BSC invested
2026-07-30 19:18:58 INFO     | DexSniper            | ==================================================
2026-07-30 19:18:58 INFO     | DexSniper            |   📊 DEX SNIPER STATS
2026-07-30 19:18:58 INFO     | DexSniper            |   Runtime: 1:20:25.134824
2026-07-30 19:18:58 INFO     | DexSniper            |   Pairs detected: 74
2026-07-30 19:18:58 INFO     | DexSniper            |   Scams filtered: 0
2026-07-30 19:18:58 INFO     | DexSniper            |   Trades executed: 74
2026-07-30 19:18:58 INFO     | DexSniper            |   Total invested: 3.699999999999995 BSC
2026-07-30 19:18:58 INFO     | DexSniper            | ==================================================
2026-07-30 19:18:58 INFO     | DexSniper            | ⏰ Sleeping 30s...
2026-07-30 19:19:28 INFO     | DexSniper            | 🆕 New pair detected! Token: 0xFc3B3959... Pair: 0x542e9a1b...
2026-07-30 19:19:29 INFO     | DexSniper            |   → changpeng mode (长鹏模式)
2026-07-30 19:19:29 INFO     | DexSniper            |   → ✅ Passed checks: Passed basic checks
2026-07-30 19:19:29 INFO     | DexSniper            | 🎯 SNIPE: changpeng mode (长鹏模式) — 0.05 BSC invested
2026-07-30 19:19:29 INFO     | DexSniper            | ==================================================
2026-07-30 19:19:29 INFO     | DexSniper            |   📊 DEX SNIPER STATS
2026-07-30 19:19:29 INFO     | DexSniper            |   Runtime: 1:20:56.951954
2026-07-30 19:19:29 INFO     | DexSniper            |   Pairs detected: 75
2026-07-30 19:19:29 INFO     | DexSniper            |   Scams filtered: 0
2026-07-30 19:19:29 INFO     | DexSniper            |   Trades executed: 75
2026-07-30 19:19:29 INFO     | DexSniper            |   Total invested: 3.7499999999999947 BSC
2026-07-30 19:19:29 INFO     | DexSniper            | ==================================================
2026-07-30 19:19:29 INFO     | DexSniper            | ⏰ Sleeping 30s...
2026-07-30 19:20:00 INFO     | DexSniper            | 🆕 New pair detected! Token: 0x509F39b6... Pair: 0x957c3D30...
2026-07-30 19:20:01 INFO     | DexSniper            |   → 火星人 (火星人)
2026-07-30 19:20:01 INFO     | DexSniper            |   → ✅ Passed checks: Passed basic checks
2026-07-30 19:20:01 INFO     | DexSniper            | 🎯 SNIPE: 火星人 (火星人) — 0.05 BSC invested
2026-07-30 19:20:01 INFO     | DexSniper            | 🆕 New pair detected! Token: 0x7C22D7F3... Pair: 0xb508e1Ad...
2026-07-30 19:20:02 INFO     | DexSniper            |   → 代码回廊  (码廊)
2026-07-30 19:20:02 INFO     | DexSniper            |   → ✅ Passed checks: Passed basic checks
2026-07-30 19:20:02 INFO     | DexSniper            | 🎯 SNIPE: 代码回廊  (码廊) — 0.05 BSC invested
2026-07-30 19:20:02 INFO     | DexSniper            | ==================================================
2026-07-30 19:20:02 INFO     | DexSniper            |   📊 DEX SNIPER STATS
2026-07-30 19:20:02 INFO     | DexSniper            |   Runtime: 1:21:29.178092
2026-07-30 19:20:02 INFO     | DexSniper            |   Pairs detected: 77
2026-07-30 19:20:02 INFO     | DexSniper            |   Scams filtered: 0
2026-07-30 19:20:02 INFO     | DexSniper            |   Trades executed: 77
2026-07-30 19:20:02 INFO     | DexSniper            |   Total invested: 3.8499999999999943 BSC
2026-07-30 19:20:02 INFO     | DexSniper            | ==================================================
2026-07-30 19:20:02 INFO     | DexSniper            | ⏰ Sleeping 30s...
2026-07-30 19:20:32 INFO     | DexSniper            | 🆕 New pair detected! Token: 0x37e27875... Pair: 0x2eFC7dA5...
2026-07-30 19:20:33 INFO     | DexSniper            |   → Shiba (SHIB)
2026-07-30 19:20:33 INFO     | DexSniper            |   → ✅ Passed checks: Passed basic checks
2026-07-30 19:20:33 INFO     | DexSniper            | 🎯 SNIPE: Shiba (SHIB) — 0.05 BSC invested
2026-07-30 19:20:33 INFO     | DexSniper            | ==================================================
2026-07-30 19:20:33 INFO     | DexSniper            |   📊 DEX SNIPER STATS
2026-07-30 19:20:33 INFO     | DexSniper            |   Runtime: 1:22:00.765148
2026-07-30 19:20:33 INFO     | DexSniper            |   Pairs detected: 78
2026-07-30 19:20:33 INFO     | DexSniper            |   Scams filtered: 0
2026-07-30 19:20:33 INFO     | DexSniper            |   Trades executed: 78
2026-07-30 19:20:33 INFO     | DexSniper            |   Total invested: 3.899999999999994 BSC
2026-07-30 19:20:33 INFO     | DexSniper            | ==================================================
2026-07-30 19:20:33 INFO     | DexSniper            | ⏰ Sleeping 30s...
2026-07-30 19:21:03 INFO     | DexSniper            | ==================================================
2026-07-30 19:21:03 INFO     | DexSniper            |   📊 DEX SNIPER STATS
2026-07-30 19:21:03 INFO     | DexSniper            |   Runtime: 1:22:31.048963
2026-07-30 19:21:03 INFO     | DexSniper            |   Pairs detected: 78
2026-07-30 19:21:03 INFO     | DexSniper            |   Scams filtered: 0
2026-07-30 19:21:03 INFO     | DexSniper            |   Trades executed: 78
2026-07-30 19:21:03 INFO     | DexSniper            |   Total invested: 3.899999999999994 BSC
2026-07-30 19:21:03 INFO     | DexSniper            | ==================================================
2026-07-30 19:21:03 INFO     | DexSniper            | ⏰ Sleeping 30s...
2026-07-30 19:21:34 INFO     | DexSniper            | ==================================================
2026-07-30 19:21:34 INFO     | DexSniper            |   📊 DEX SNIPER STATS
2026-07-30 19:21:34 INFO     | DexSniper            |   Runtime: 1:23:01.877967
2026-07-30 19:21:34 INFO     | DexSniper            |   Pairs detected: 78
2026-07-30 19:21:34 INFO     | DexSniper            |   Scams filtered: 0
2026-07-30 19:21:34 INFO     | DexSniper            |   Trades executed: 78
2026-07-30 19:21:34 INFO     | DexSniper            |   Total invested: 3.899999999999994 BSC
2026-07-30 19:21:34 INFO     | DexSniper            | ==================================================
2026-07-30 19:21:34 INFO     | DexSniper            | ⏰ Sleeping 30s...
2026-07-30 19:22:35 INFO     | DexSniper            | 🆕 New pair detected! Token: 0x965A62D4... Pair: 0x52D867A6...
2026-07-30 19:22:57 WARNING  | DexSniper            |   → Cannot read token info. Skipping.
2026-07-30 19:22:57 INFO     | DexSniper            | 🆕 New pair detected! Token: 0x5CCF7775... Pair: 0x73A6bc61...
2026-07-30 19:23:20 WARNING  | DexSniper            |   → Cannot read token info. Skipping.
2026-07-30 19:23:20 INFO     | DexSniper            | 🆕 New pair detected! Token: 0x27757097... Pair: 0xe13F76A1...
2026-07-30 19:23:40 WARNING  | DexSniper            |   → Cannot read token info. Skipping.
2026-07-30 19:23:40 INFO     | DexSniper            | ==================================================
2026-07-30 19:23:40 INFO     | DexSniper            |   📊 DEX SNIPER STATS
2026-07-30 19:23:40 INFO     | DexSniper            |   Runtime: 1:25:07.716684
2026-07-30 19:23:40 INFO     | DexSniper            |   Pairs detected: 81
2026-07-30 19:23:40 INFO     | DexSniper            |   Scams filtered: 0
2026-07-30 19:23:40 INFO     | DexSniper            |   Trades executed: 78
2026-07-30 19:23:40 INFO     | DexSniper            |   Total invested: 3.899999999999994 BSC
2026-07-30 19:23:40 INFO     | DexSniper            | ==================================================
2026-07-30 19:23:40 INFO     | DexSniper            | ⏰ Sleeping 30s...
2026-07-30 19:24:11 INFO     | DexSniper            | 🆕 New pair detected! Token: 0x0c248D56... Pair: 0x13Db21a9...
2026-07-30 19:25:01 WARNING  | DexSniper            |   → Cannot read token info. Skipping.
2026-07-30 19:25:01 INFO     | DexSniper            | 🆕 New pair detected! Token: 0xF29fCB26... Pair: 0x99c5fE51...
2026-07-30 19:25:24 WARNING  | DexSniper            |   → Cannot read token info. Skipping.
2026-07-30 19:25:24 INFO     | DexSniper            | ==================================================
2026-07-30 19:25:24 INFO     | DexSniper            |   📊 DEX SNIPER STATS
2026-07-30 19:25:24 INFO     | DexSniper            |   Runtime: 1:26:51.764532
2026-07-30 19:25:24 INFO     | DexSniper            |   Pairs detected: 83
2026-07-30 19:25:24 INFO     | DexSniper            |   Scams filtered: 0
2026-07-30 19:25:24 INFO     | DexSniper            |   Trades executed: 78
2026-07-30 19:25:24 INFO     | DexSniper            |   Total invested: 3.899999999999994 BSC
2026-07-30 19:25:24 INFO     | DexSniper            | ==================================================
2026-07-30 19:25:24 INFO     | DexSniper            | ⏰ Sleeping 30s...
2026-07-30 19:25:55 INFO     | DexSniper            | ==================================================
2026-07-30 19:25:55 INFO     | DexSniper            |   📊 DEX SNIPER STATS
2026-07-30 19:25:55 INFO     | DexSniper            |   Runtime: 1:27:22.555369
2026-07-30 19:25:55 INFO     | DexSniper            |   Pairs detected: 83
2026-07-30 19:25:55 INFO     | DexSniper            |   Scams filtered: 0
2026-07-30 19:25:55 INFO     | DexSniper            |   Trades executed: 78
2026-07-30 19:25:55 INFO     | DexSniper            |   Total invested: 3.899999999999994 BSC
2026-07-30 19:25:55 INFO     | DexSniper            | ==================================================
2026-07-30 19:25:55 INFO     | DexSniper            | ⏰ Sleeping 30s...
2026-07-30 19:26:55 ERROR    | DexSniper            | Error fetching events: HTTPSConnectionPool(host='bsc-dataseed.binance.org', port=443): Read timed out.
2026-07-30 19:26:55 INFO     | DexSniper            | ==================================================
2026-07-30 19:26:55 INFO     | DexSniper            |   📊 DEX SNIPER STATS
2026-07-30 19:26:55 INFO     | DexSniper            |   Runtime: 1:28:22.791596
2026-07-30 19:26:55 INFO     | DexSniper            |   Pairs detected: 83
2026-07-30 19:26:55 INFO     | DexSniper            |   Scams filtered: 0
2026-07-30 19:26:55 INFO     | DexSniper            |   Trades executed: 78
2026-07-30 19:26:55 INFO     | DexSniper            |   Total invested: 3.899999999999994 BSC
2026-07-30 19:26:55 INFO     | DexSniper            | ==================================================
2026-07-30 19:26:55 INFO     | DexSniper            | ⏰ Sleeping 30s...
2026-07-30 19:27:26 INFO     | DexSniper            | 🆕 New pair detected! Token: 0x4c06dC68... Pair: 0x8A6FF8Cf...
2026-07-30 19:28:16 WARNING  | DexSniper            |   → Cannot read token info. Skipping.
2026-07-30 19:28:16 INFO     | DexSniper            | 🆕 New pair detected! Token: 0x6478aEE1... Pair: 0x7f93E2C6...
2026-07-30 19:28:18 INFO     | DexSniper            |   → 星云深处  (星深)
2026-07-30 19:28:18 INFO     | DexSniper            |   → ✅ Passed checks: Passed basic checks
2026-07-30 19:28:18 INFO     | DexSniper            | 🎯 SNIPE: 星云深处  (星深) — 0.05 BSC invested
2026-07-30 19:28:18 INFO     | DexSniper            | ==================================================
2026-07-30 19:28:18 INFO     | DexSniper            |   📊 DEX SNIPER STATS
2026-07-30 19:28:18 INFO     | DexSniper            |   Runtime: 1:29:45.547088
2026-07-30 19:28:18 INFO     | DexSniper            |   Pairs detected: 85
2026-07-30 19:28:18 INFO     | DexSniper            |   Scams filtered: 0
2026-07-30 19:28:18 INFO     | DexSniper            |   Trades executed: 79
2026-07-30 19:28:18 INFO     | DexSniper            |   Total invested: 3.949999999999994 BSC
2026-07-30 19:28:18 INFO     | DexSniper            | ==================================================
2026-07-30 19:28:18 INFO     | DexSniper            | ⏰ Sleeping 30s...
2026-07-30 19:28:48 INFO     | DexSniper            | 🆕 New pair detected! Token: 0xE9b9C54a... Pair: 0xEaF39501...
2026-07-30 19:28:49 INFO     | DexSniper            |   → pStock Coin (pSTOCK)
2026-07-30 19:28:49 INFO     | DexSniper            |   → ✅ Passed checks: Passed basic checks
2026-07-30 19:28:49 INFO     | DexSniper            | 🎯 SNIPE: pStock Coin (pSTOCK) — 0.05 BSC invested
2026-07-30 19:28:49 INFO     | DexSniper            | ==================================================
2026-07-30 19:28:49 INFO     | DexSniper            |   📊 DEX SNIPER STATS
2026-07-30 19:28:49 INFO     | DexSniper            |   Runtime: 1:30:16.764755
2026-07-30 19:28:49 INFO     | DexSniper            |   Pairs detected: 86
2026-07-30 19:28:49 INFO     | DexSniper            |   Scams filtered: 0
2026-07-30 19:28:49 INFO     | DexSniper            |   Trades executed: 80
2026-07-30 19:28:49 INFO     | DexSniper            |   Total invested: 3.999999999999994 BSC
2026-07-30 19:28:49 INFO     | DexSniper            | ==================================================
2026-07-30 19:28:49 INFO     | DexSniper            | ⏰ Sleeping 30s...
2026-07-30 19:29:19 INFO     | DexSniper            | 🆕 New pair detected! Token: 0x9E33FE49... Pair: 0x92D5D9a2...
2026-07-30 19:29:20 INFO     | DexSniper            |   → 代码回廊 (码廊)
2026-07-30 19:29:20 INFO     | DexSniper            |   → ✅ Passed checks: Passed basic checks
2026-07-30 19:29:20 INFO     | DexSniper            | 🎯 SNIPE: 代码回廊 (码廊) — 0.05 BSC invested
2026-07-30 19:29:20 INFO     | DexSniper            | 🆕 New pair detected! Token: 0xb3eD260A... Pair: 0xba4647e2...
2026-07-30 19:29:21 INFO     | DexSniper            |   → 寂静星轨  (静星)
2026-07-30 19:29:21 INFO     | DexSniper            |   → ✅ Passed checks: Passed basic checks
2026-07-30 19:29:21 INFO     | DexSniper            | 🎯 SNIPE: 寂静星轨  (静星) — 0.05 BSC invested
2026-07-30 19:29:21 INFO     | DexSniper            | ==================================================
2026-07-30 19:29:21 INFO     | DexSniper            |   📊 DEX SNIPER STATS
2026-07-30 19:29:21 INFO     | DexSniper            |   Runtime: 1:30:48.886536
2026-07-30 19:29:21 INFO     | DexSniper            |   Pairs detected: 88
2026-07-30 19:29:21 INFO     | DexSniper            |   Scams filtered: 0
2026-07-30 19:29:21 INFO     | DexSniper            |   Trades executed: 82
2026-07-30 19:29:21 INFO     | DexSniper            |   Total invested: 4.099999999999993 BSC
2026-07-30 19:29:21 INFO     | DexSniper            | ==================================================
2026-07-30 19:29:21 INFO     | DexSniper            | ⏰ Sleeping 30s...
2026-07-30 19:29:52 INFO     | DexSniper            | ==================================================
2026-07-30 19:29:52 INFO     | DexSniper            |   📊 DEX SNIPER STATS
2026-07-30 19:29:52 INFO     | DexSniper            |   Runtime: 1:31:19.204387
2026-07-30 19:29:52 INFO     | DexSniper            |   Pairs detected: 88
2026-07-30 19:29:52 INFO     | DexSniper            |   Scams filtered: 0
2026-07-30 19:29:52 INFO     | DexSniper            |   Trades executed: 82
2026-07-30 19:29:52 INFO     | DexSniper            |   Total invested: 4.099999999999993 BSC
2026-07-30 19:29:52 INFO     | DexSniper            | ==================================================
2026-07-30 19:29:52 INFO     | DexSniper            | ⏰ Sleeping 30s...
2026-07-30 19:30:22 INFO     | DexSniper            | 🆕 New pair detected! Token: 0xFEeEC636... Pair: 0x4fB5Bb67...
2026-07-30 19:30:23 INFO     | DexSniper            |   → Buy & Retire (401k)
2026-07-30 19:30:23 INFO     | DexSniper            |   → ✅ Passed checks: Passed basic checks
2026-07-30 19:30:23 INFO     | DexSniper            | 🎯 SNIPE: Buy & Retire (401k) — 0.05 BSC invested
2026-07-30 19:30:23 INFO     | DexSniper            | 🆕 New pair detected! Token: 0x6A4a7180... Pair: 0xF479a9F9...
2026-07-30 19:30:24 INFO     | DexSniper            |   → 宇宙边界  (宇界)
2026-07-30 19:30:24 INFO     | DexSniper            |   → ✅ Passed checks: Passed basic checks
2026-07-30 19:30:24 INFO     | DexSniper            | 🎯 SNIPE: 宇宙边界  (宇界) — 0.05 BSC invested
2026-07-30 19:30:24 INFO     | DexSniper            | ==================================================
2026-07-30 19:30:24 INFO     | DexSniper            |   📊 DEX SNIPER STATS
2026-07-30 19:30:24 INFO     | DexSniper            |   Runtime: 1:31:51.276957
2026-07-30 19:30:24 INFO     | DexSniper            |   Pairs detected: 90
2026-07-30 19:30:24 INFO     | DexSniper            |   Scams filtered: 0
2026-07-30 19:30:24 INFO     | DexSniper            |   Trades executed: 84
2026-07-30 19:30:24 INFO     | DexSniper            |   Total invested: 4.199999999999993 BSC
2026-07-30 19:30:24 INFO     | DexSniper            | ==================================================
2026-07-30 19:30:24 INFO     | DexSniper            | ⏰ Sleeping 30s...
2026-07-30 19:30:54 INFO     | DexSniper            | 🆕 New pair detected! Token: 0x48b746Ab... Pair: 0x11a83A5D...
2026-07-30 19:30:55 INFO     | DexSniper            |   → Lorenzo Governance Token (BANK)
2026-07-30 19:30:55 INFO     | DexSniper            |   → ✅ Passed checks: Passed basic checks
2026-07-30 19:30:55 INFO     | DexSniper            | 🎯 SNIPE: Lorenzo Governance Token (BANK) — 0.05 BSC invested
2026-07-30 19:30:55 INFO     | DexSniper            | 🆕 New pair detected! Token: 0xe4DD566e... Pair: 0x22aF7bdb...
2026-07-30 19:30:56 INFO     | DexSniper            |   → GameStop Tokenized Stock (Robinhood) (GME)
2026-07-30 19:30:56 INFO     | DexSniper            |   → ✅ Passed checks: Passed basic checks
2026-07-30 19:30:56 INFO     | DexSniper            | 🎯 SNIPE: GameStop Tokenized Stock (Robinhood) (GME) — 0.05 BSC invested
2026-07-30 19:30:56 INFO     | DexSniper            | ==================================================
2026-07-30 19:30:56 INFO     | DexSniper            |   📊 DEX SNIPER STATS
2026-07-30 19:30:56 INFO     | DexSniper            |   Runtime: 1:32:23.669624
2026-07-30 19:30:56 INFO     | DexSniper            |   Pairs detected: 92
2026-07-30 19:30:56 INFO     | DexSniper            |   Scams filtered: 0
2026-07-30 19:30:56 INFO     | DexSniper            |   Trades executed: 86
2026-07-30 19:30:56 INFO     | DexSniper            |   Total invested: 4.299999999999993 BSC
2026-07-30 19:30:56 INFO     | DexSniper            | ==================================================
2026-07-30 19:30:56 INFO     | DexSniper            | ⏰ Sleeping 30s...
2026-07-30 19:31:26 INFO     | DexSniper            | 🆕 New pair detected! Token: 0xDD99c81E... Pair: 0xbB777B33...
2026-07-30 19:31:28 INFO     | DexSniper            |   → 光年漂流瓶  (光漂)
2026-07-30 19:31:28 INFO     | DexSniper            |   → ✅ Passed checks: Passed basic checks
2026-07-30 19:31:28 INFO     | DexSniper            | 🎯 SNIPE: 光年漂流瓶  (光漂) — 0.05 BSC invested
2026-07-30 19:31:28 INFO     | DexSniper            | 🆕 New pair detected! Token: 0xc623B464... Pair: 0x73e7b126...
2026-07-30 19:31:29 INFO     | DexSniper            |   → VisionPulse (VPL)
2026-07-30 19:31:29 INFO     | DexSniper            |   → ✅ Passed checks: Passed basic checks
2026-07-30 19:31:29 INFO     | DexSniper            | 🎯 SNIPE: VisionPulse (VPL) — 0.05 BSC invested
2026-07-30 19:31:29 INFO     | DexSniper            | ==================================================
2026-07-30 19:31:29 INFO     | DexSniper            |   📊 DEX SNIPER STATS
2026-07-30 19:31:29 INFO     | DexSniper            |   Runtime: 1:32:56.145770
2026-07-30 19:31:29 INFO     | DexSniper            |   Pairs detected: 94
2026-07-30 19:31:29 INFO     | DexSniper            |   Scams filtered: 0
2026-07-30 19:31:29 INFO     | DexSniper            |   Trades executed: 88
2026-07-30 19:31:29 INFO     | DexSniper            |   Total invested: 4.399999999999992 BSC
2026-07-30 19:31:29 INFO     | DexSniper            | ==================================================
2026-07-30 19:31:29 INFO     | DexSniper            | ⏰ Sleeping 30s...
2026-07-30 19:31:59 INFO     | DexSniper            | ==================================================
2026-07-30 19:31:59 INFO     | DexSniper            |   📊 DEX SNIPER STATS
2026-07-30 19:31:59 INFO     | DexSniper            |   Runtime: 1:33:26.493688
2026-07-30 19:31:59 INFO     | DexSniper            |   Pairs detected: 94
2026-07-30 19:31:59 INFO     | DexSniper            |   Scams filtered: 0
2026-07-30 19:31:59 INFO     | DexSniper            |   Trades executed: 88
2026-07-30 19:31:59 INFO     | DexSniper            |   Total invested: 4.399999999999992 BSC
2026-07-30 19:31:59 INFO     | DexSniper            | ==================================================
2026-07-30 19:31:59 INFO     | DexSniper            | ⏰ Sleeping 30s...
2026-07-30 19:32:29 INFO     | DexSniper            | 🆕 New pair detected! Token: 0xB1987ef5... Pair: 0x2a3cb1aF...
2026-07-30 19:32:30 INFO     | DexSniper            |   → 银河回廊  (银廊)
2026-07-30 19:32:30 INFO     | DexSniper            |   → ✅ Passed checks: Passed basic checks
2026-07-30 19:32:30 INFO     | DexSniper            | 🎯 SNIPE: 银河回廊  (银廊) — 0.05 BSC invested
2026-07-30 19:32:30 INFO     | DexSniper            | ==================================================
2026-07-30 19:32:30 INFO     | DexSniper            |   📊 DEX SNIPER STATS
2026-07-30 19:32:30 INFO     | DexSniper            |   Runtime: 1:33:58.027033
2026-07-30 19:32:30 INFO     | DexSniper            |   Pairs detected: 95
2026-07-30 19:32:30 INFO     | DexSniper            |   Scams filtered: 0
2026-07-30 19:32:30 INFO     | DexSniper            |   Trades executed: 89
2026-07-30 19:32:30 INFO     | DexSniper            |   Total invested: 4.449999999999992 BSC
2026-07-30 19:32:30 INFO     | DexSniper            | ==================================================
2026-07-30 19:32:30 INFO     | DexSniper            | ⏰ Sleeping 30s...
2026-07-30 19:33:01 INFO     | DexSniper            | ==================================================
2026-07-30 19:33:01 INFO     | DexSniper            |   📊 DEX SNIPER STATS
2026-07-30 19:33:01 INFO     | DexSniper            |   Runtime: 1:34:28.320612
2026-07-30 19:33:01 INFO     | DexSniper            |   Pairs detected: 95
2026-07-30 19:33:01 INFO     | DexSniper            |   Scams filtered: 0
2026-07-30 19:33:01 INFO     | DexSniper            |   Trades executed: 89
2026-07-30 19:33:01 INFO     | DexSniper            |   Total invested: 4.449999999999992 BSC
2026-07-30 19:33:01 INFO     | DexSniper            | ==================================================
2026-07-30 19:33:01 INFO     | DexSniper            | ⏰ Sleeping 30s...
2026-07-30 19:33:31 INFO     | DexSniper            | 🆕 New pair detected! Token: 0x6edF9687... Pair: 0x6D44Dfba...
2026-07-30 19:33:32 INFO     | DexSniper            |   → NeuroPulse (NPS)
2026-07-30 19:33:32 INFO     | DexSniper            |   → ✅ Passed checks: Passed basic checks
2026-07-30 19:33:32 INFO     | DexSniper            | 🎯 SNIPE: NeuroPulse (NPS) — 0.05 BSC invested
2026-07-30 19:33:32 INFO     | DexSniper            | 🆕 New pair detected! Token: 0xb163906C... Pair: 0x0E9A55bf...
2026-07-30 19:33:33 INFO     | DexSniper            |   → ARES (ARES)
2026-07-30 19:33:33 INFO     | DexSniper            |   → ✅ Passed checks: Passed basic checks
2026-07-30 19:33:33 INFO     | DexSniper            | 🎯 SNIPE: ARES (ARES) — 0.05 BSC invested
2026-07-30 19:33:33 INFO     | DexSniper            | 🆕 New pair detected! Token: 0x2D535135... Pair: 0xA842cA2E...
2026-07-30 19:33:34 INFO     | DexSniper            |   → 虚空神火  (虚火)
2026-07-30 19:33:34 INFO     | DexSniper            |   → ✅ Passed checks: Passed basic checks
2026-07-30 19:33:34 INFO     | DexSniper            | 🎯 SNIPE: 虚空神火  (虚火) — 0.05 BSC invested
2026-07-30 19:33:34 INFO     | DexSniper            | 🆕 New pair detected! Token: 0x72958EA2... Pair: 0x0cC8e2DA...
2026-07-30 19:33:35 INFO     | DexSniper            |   → Cerebras Tokenized bStocks (CBRSB)
2026-07-30 19:33:35 INFO     | DexSniper            |   → ✅ Passed checks: Passed basic checks
2026-07-30 19:33:35 INFO     | DexSniper            | 🎯 SNIPE: Cerebras Tokenized bStocks (CBRSB) — 0.05 BSC invested
2026-07-30 19:33:35 INFO     | DexSniper            | ==================================================
2026-07-30 19:33:35 INFO     | DexSniper            |   📊 DEX SNIPER STATS
2026-07-30 19:33:35 INFO     | DexSniper            |   Runtime: 1:35:02.236830
2026-07-30 19:33:35 INFO     | DexSniper            |   Pairs detected: 99
2026-07-30 19:33:35 INFO     | DexSniper            |   Scams filtered: 0
2026-07-30 19:33:35 INFO     | DexSniper            |   Trades executed: 93
2026-07-30 19:33:35 INFO     | DexSniper            |   Total invested: 4.6499999999999915 BSC
2026-07-30 19:33:35 INFO     | DexSniper            | ==================================================
2026-07-30 19:33:35 INFO     | DexSniper            | ⏰ Sleeping 30s...
2026-07-30 19:34:05 INFO     | DexSniper            | ==================================================
2026-07-30 19:34:05 INFO     | DexSniper            |   📊 DEX SNIPER STATS
2026-07-30 19:34:05 INFO     | DexSniper            |   Runtime: 1:35:32.558809
2026-07-30 19:34:05 INFO     | DexSniper            |   Pairs detected: 99
2026-07-30 19:34:05 INFO     | DexSniper            |   Scams filtered: 0
2026-07-30 19:34:05 INFO     | DexSniper            |   Trades executed: 93
2026-07-30 19:34:05 INFO     | DexSniper            |   Total invested: 4.6499999999999915 BSC
2026-07-30 19:34:05 INFO     | DexSniper            | ==================================================
2026-07-30 19:34:05 INFO     | DexSniper            | ⏰ Sleeping 30s...
2026-07-30 19:34:35 INFO     | DexSniper            | 🆕 New pair detected! Token: 0x4120BCea... Pair: 0xDde8fD43...
2026-07-30 19:34:36 INFO     | DexSniper            |   → 深空风暴  (空暴)
2026-07-30 19:34:36 INFO     | DexSniper            |   → ✅ Passed checks: Passed basic checks
2026-07-30 19:34:36 INFO     | DexSniper            | 🎯 SNIPE: 深空风暴  (空暴) — 0.05 BSC invested
2026-07-30 19:34:36 INFO     | DexSniper            | ==================================================
2026-07-30 19:34:36 INFO     | DexSniper            |   📊 DEX SNIPER STATS
2026-07-30 19:34:36 INFO     | DexSniper            |   Runtime: 1:36:03.836983
2026-07-30 19:34:36 INFO     | DexSniper            |   Pairs detected: 100
2026-07-30 19:34:36 INFO     | DexSniper            |   Scams filtered: 0
2026-07-30 19:34:36 INFO     | DexSniper            |   Trades executed: 94
2026-07-30 19:34:36 INFO     | DexSniper            |   Total invested: 4.699999999999991 BSC
2026-07-30 19:34:36 INFO     | DexSniper            | ==================================================
2026-07-30 19:34:36 INFO     | DexSniper            | ⏰ Sleeping 30s...
2026-07-30 19:35:07 INFO     | DexSniper            | 🆕 New pair detected! Token: 0x1b52c361... Pair: 0xe3B18626...
2026-07-30 19:35:07 INFO     | DexSniper            |   → DataPulse (DPS)
2026-07-30 19:35:07 INFO     | DexSniper            |   → ✅ Passed checks: Passed basic checks
2026-07-30 19:35:07 INFO     | DexSniper            | 🎯 SNIPE: DataPulse (DPS) — 0.05 BSC invested
2026-07-30 19:35:07 INFO     | DexSniper            | 🆕 New pair detected! Token: 0x9e6AE4Ed... Pair: 0xb5926F63...
2026-07-30 19:35:08 INFO     | DexSniper            |   → Bstock TEST1B (TEST1B)
2026-07-30 19:35:08 INFO     | DexSniper            |   → ✅ Passed checks: Passed basic checks
2026-07-30 19:35:08 INFO     | DexSniper            | 🎯 SNIPE: Bstock TEST1B (TEST1B) — 0.05 BSC invested
2026-07-30 19:35:08 INFO     | DexSniper            | ==================================================
2026-07-30 19:35:08 INFO     | DexSniper            |   📊 DEX SNIPER STATS
2026-07-30 19:35:08 INFO     | DexSniper            |   Runtime: 1:36:35.977371
2026-07-30 19:35:08 INFO     | DexSniper            |   Pairs detected: 102
2026-07-30 19:35:08 INFO     | DexSniper            |   Scams filtered: 0
2026-07-30 19:35:08 INFO     | DexSniper            |   Trades executed: 96
2026-07-30 19:35:08 INFO     | DexSniper            |   Total invested: 4.799999999999991 BSC
2026-07-30 19:35:08 INFO     | DexSniper            | ==================================================
2026-07-30 19:35:08 INFO     | DexSniper            | ⏰ Sleeping 30s...
2026-07-30 19:35:39 INFO     | DexSniper            | 🆕 New pair detected! Token: 0x575Dcc45... Pair: 0xf8d5Bb62...
2026-07-30 19:35:40 INFO     | DexSniper            |   → 星门旅者  (星旅)
2026-07-30 19:35:40 INFO     | DexSniper            |   → ✅ Passed checks: Passed basic checks
2026-07-30 19:35:40 INFO     | DexSniper            | 🎯 SNIPE: 星门旅者  (星旅) — 0.05 BSC invested
2026-07-30 19:35:40 INFO     | DexSniper            | ==================================================
2026-07-30 19:35:40 INFO     | DexSniper            |   📊 DEX SNIPER STATS
2026-07-30 19:35:40 INFO     | DexSniper            |   Runtime: 1:37:07.386966
2026-07-30 19:35:40 INFO     | DexSniper            |   Pairs detected: 103
2026-07-30 19:35:40 INFO     | DexSniper            |   Scams filtered: 0
2026-07-30 19:35:40 INFO     | DexSniper            |   Trades executed: 97
2026-07-30 19:35:40 INFO     | DexSniper            |   Total invested: 4.849999999999991 BSC
2026-07-30 19:35:40 INFO     | DexSniper            | ==================================================
2026-07-30 19:35:40 INFO     | DexSniper            | ⏰ Sleeping 30s...
2026-07-30 19:36:10 INFO     | DexSniper            | 🆕 New pair detected! Token: 0x205812Cd... Pair: 0x9DF6A07c...
2026-07-30 19:36:11 INFO     | DexSniper            |   → Invesqo QQQ (QQQB)
2026-07-30 19:36:11 INFO     | DexSniper            |   → ✅ Passed checks: Passed basic checks
2026-07-30 19:36:11 INFO     | DexSniper            | 🎯 SNIPE: Invesqo QQQ (QQQB) — 0.05 BSC invested
2026-07-30 19:36:11 INFO     | DexSniper            | 🆕 New pair detected! Token: 0xfd4F6162... Pair: 0x80316dd3...
2026-07-30 19:36:12 INFO     | DexSniper            |   → 永恒天穹  (永穹)
2026-07-30 19:36:12 INFO     | DexSniper            |   → ✅ Passed checks: Passed basic checks
2026-07-30 19:36:12 INFO     | DexSniper            | 🎯 SNIPE: 永恒天穹  (永穹) — 0.05 BSC invested
2026-07-30 19:36:12 INFO     | DexSniper            | ==================================================
2026-07-30 19:36:12 INFO     | DexSniper            |   📊 DEX SNIPER STATS
2026-07-30 19:36:12 INFO     | DexSniper            |   Runtime: 1:37:39.497669
2026-07-30 19:36:12 INFO     | DexSniper            |   Pairs detected: 105
2026-07-30 19:36:12 INFO     | DexSniper            |   Scams filtered: 0
2026-07-30 19:36:12 INFO     | DexSniper            |   Trades executed: 99
2026-07-30 19:36:12 INFO     | DexSniper            |   Total invested: 4.94999999999999 BSC
2026-07-30 19:36:12 INFO     | DexSniper            | ==================================================
2026-07-30 19:36:12 INFO     | DexSniper            | ⏰ Sleeping 30s...
2026-07-30 19:37:12 INFO     | DexSniper            | 🆕 New pair detected! Token: 0x729f0109... Pair: 0x5209d1c7...
2026-07-30 19:37:13 INFO     | DexSniper            |   → 火币神 (火币神)
2026-07-30 19:37:13 INFO     | DexSniper            |   → ✅ Passed checks: Passed basic checks
2026-07-30 19:37:13 INFO     | DexSniper            | 🎯 SNIPE: 火币神 (火币神) — 0.05 BSC invested
2026-07-30 19:37:13 INFO     | DexSniper            | ==================================================
2026-07-30 19:37:13 INFO     | DexSniper            |   📊 DEX SNIPER STATS
2026-07-30 19:37:13 INFO     | DexSniper            |   Runtime: 1:38:40.796427
2026-07-30 19:37:13 INFO     | DexSniper            |   Pairs detected: 106
2026-07-30 19:37:13 INFO     | DexSniper            |   Scams filtered: 0
2026-07-30 19:37:13 INFO     | DexSniper            |   Trades executed: 100
2026-07-30 19:37:13 INFO     | DexSniper            |   Total invested: 4.99999999999999 BSC
2026-07-30 19:37:13 INFO     | DexSniper            | ==================================================
2026-07-30 19:37:13 INFO     | DexSniper            | ⏰ Sleeping 30s...
2026-07-30 19:37:43 INFO     | DexSniper            | 🆕 New pair detected! Token: 0x4d51E5d4... Pair: 0xb1B1504F...
2026-07-30 19:37:44 INFO     | DexSniper            |   → 赤焰银河  (赤河)
2026-07-30 19:37:44 INFO     | DexSniper            |   → ✅ Passed checks: Passed basic checks
2026-07-30 19:37:44 INFO     | DexSniper            | 🎯 SNIPE: 赤焰银河  (赤河) — 0.05 BSC invested
2026-07-30 19:37:44 INFO     | DexSniper            | ==================================================
2026-07-30 19:37:44 INFO     | DexSniper            |   📊 DEX SNIPER STATS
2026-07-30 19:37:44 INFO     | DexSniper            |   Runtime: 1:39:12.043839
2026-07-30 19:37:44 INFO     | DexSniper            |   Pairs detected: 107
2026-07-30 19:37:44 INFO     | DexSniper            |   Scams filtered: 0
2026-07-30 19:37:44 INFO     | DexSniper            |   Trades executed: 101
2026-07-30 19:37:44 INFO     | DexSniper            |   Total invested: 5.04999999999999 BSC
2026-07-30 19:37:44 INFO     | DexSniper            | ==================================================
2026-07-30 19:37:44 INFO     | DexSniper            | ⏰ Sleeping 30s...
2026-07-30 19:38:15 INFO     | DexSniper            | 🆕 New pair detected! Token: 0xaE98712b... Pair: 0xB05C8756...
2026-07-30 19:38:16 INFO     | DexSniper            |   → MetaPulse (MPS)
2026-07-30 19:38:16 INFO     | DexSniper            |   → ✅ Passed checks: Passed basic checks
2026-07-30 19:38:16 INFO     | DexSniper            | 🎯 SNIPE: MetaPulse (MPS) — 0.05 BSC invested
2026-07-30 19:38:16 INFO     | DexSniper            | ==================================================
2026-07-30 19:38:16 INFO     | DexSniper            |   📊 DEX SNIPER STATS
2026-07-30 19:38:16 INFO     | DexSniper            |   Runtime: 1:39:43.315034
2026-07-30 19:38:16 INFO     | DexSniper            |   Pairs detected: 108
2026-07-30 19:38:16 INFO     | DexSniper            |   Scams filtered: 0
2026-07-30 19:38:16 INFO     | DexSniper            |   Trades executed: 102
2026-07-30 19:38:16 INFO     | DexSniper            |   Total invested: 5.09999999999999 BSC
2026-07-30 19:38:16 INFO     | DexSniper            | ==================================================
2026-07-30 19:38:16 INFO     | DexSniper            | ⏰ Sleeping 30s...
2026-07-30 19:38:46 INFO     | DexSniper            | ==================================================
2026-07-30 19:38:46 INFO     | DexSniper            |   📊 DEX SNIPER STATS
2026-07-30 19:38:46 INFO     | DexSniper            |   Runtime: 1:40:13.660389
2026-07-30 19:38:46 INFO     | DexSniper            |   Pairs detected: 108
2026-07-30 19:38:46 INFO     | DexSniper            |   Scams filtered: 0
2026-07-30 19:38:46 INFO     | DexSniper            |   Trades executed: 102
2026-07-30 19:38:46 INFO     | DexSniper            |   Total invested: 5.09999999999999 BSC
2026-07-30 19:38:46 INFO     | DexSniper            | ==================================================
2026-07-30 19:38:46 INFO     | DexSniper            | ⏰ Sleeping 30s...
2026-07-30 19:39:16 INFO     | DexSniper            | 🆕 New pair detected! Token: 0xb6a5e168... Pair: 0xe461881f...
2026-07-30 19:39:18 INFO     | DexSniper            |   → FuturePulse (FPS)
2026-07-30 19:39:18 INFO     | DexSniper            |   → ✅ Passed checks: Passed basic checks
2026-07-30 19:39:18 INFO     | DexSniper            | 🎯 SNIPE: FuturePulse (FPS) — 0.05 BSC invested
2026-07-30 19:39:18 INFO     | DexSniper            | ==================================================
2026-07-30 19:39:18 INFO     | DexSniper            |   📊 DEX SNIPER STATS
2026-07-30 19:39:18 INFO     | DexSniper            |   Runtime: 1:40:45.297971
2026-07-30 19:39:18 INFO     | DexSniper            |   Pairs detected: 109
2026-07-30 19:39:18 INFO     | DexSniper            |   Scams filtered: 0
2026-07-30 19:39:18 INFO     | DexSniper            |   Trades executed: 103
2026-07-30 19:39:18 INFO     | DexSniper            |   Total invested: 5.14999999999999 BSC
2026-07-30 19:39:18 INFO     | DexSniper            | ==================================================
2026-07-30 19:39:18 INFO     | DexSniper            | ⏰ Sleeping 30s...
2026-07-30 19:39:48 INFO     | DexSniper            | ==================================================
2026-07-30 19:39:48 INFO     | DexSniper            |   📊 DEX SNIPER STATS
2026-07-30 19:39:48 INFO     | DexSniper            |   Runtime: 1:41:15.591317
2026-07-30 19:39:48 INFO     | DexSniper            |   Pairs detected: 109
2026-07-30 19:39:48 INFO     | DexSniper            |   Scams filtered: 0
2026-07-30 19:39:48 INFO     | DexSniper            |   Trades executed: 103
2026-07-30 19:39:48 INFO     | DexSniper            |   Total invested: 5.14999999999999 BSC
2026-07-30 19:39:48 INFO     | DexSniper            | ==================================================
2026-07-30 19:39:48 INFO     | DexSniper            | ⏰ Sleeping 30s...
2026-07-30 19:40:19 INFO     | DexSniper            | 🆕 New pair detected! Token: 0x5bf8C849... Pair: 0x641034F7...
2026-07-30 19:40:21 INFO     | DexSniper            |   → BrainQuantum (BQT)
2026-07-30 19:40:21 INFO     | DexSniper            |   → ✅ Passed checks: Passed basic checks
2026-07-30 19:40:21 INFO     | DexSniper            | 🎯 SNIPE: BrainQuantum (BQT) — 0.05 BSC invested
2026-07-30 19:40:21 INFO     | DexSniper            | 🆕 New pair detected! Token: 0xb2e1e5E3... Pair: 0x307FFa95...
2026-07-30 19:40:21 INFO     | DexSniper            |   → 银河轨道者  (银轨)
2026-07-30 19:40:21 INFO     | DexSniper            |   → ✅ Passed checks: Passed basic checks
2026-07-30 19:40:21 INFO     | DexSniper            | 🎯 SNIPE: 银河轨道者  (银轨) — 0.05 BSC invested
2026-07-30 19:40:21 INFO     | DexSniper            | ==================================================
2026-07-30 19:40:21 INFO     | DexSniper            |   📊 DEX SNIPER STATS
2026-07-30 19:40:21 INFO     | DexSniper            |   Runtime: 1:41:49.064375
2026-07-30 19:40:21 INFO     | DexSniper            |   Pairs detected: 111
2026-07-30 19:40:21 INFO     | DexSniper            |   Scams filtered: 0
2026-07-30 19:40:21 INFO     | DexSniper            |   Trades executed: 105
2026-07-30 19:40:21 INFO     | DexSniper            |   Total invested: 5.249999999999989 BSC
2026-07-30 19:40:21 INFO     | DexSniper            | ==================================================
2026-07-30 19:40:21 INFO     | DexSniper            | ⏰ Sleeping 30s...
2026-07-30 19:40:52 INFO     | DexSniper            | 🆕 New pair detected! Token: 0x5E08d70c... Pair: 0x79B9ce52...
2026-07-30 19:40:53 INFO     | DexSniper            |   → TKN (TKN)
2026-07-30 19:40:53 INFO     | DexSniper            |   → ✅ Passed checks: Passed basic checks
2026-07-30 19:40:53 INFO     | DexSniper            | 🎯 SNIPE: TKN (TKN) — 0.05 BSC invested
2026-07-30 19:40:53 INFO     | DexSniper            | ==================================================
2026-07-30 19:40:53 INFO     | DexSniper            |   📊 DEX SNIPER STATS
2026-07-30 19:40:53 INFO     | DexSniper            |   Runtime: 1:42:20.408154
2026-07-30 19:40:53 INFO     | DexSniper            |   Pairs detected: 112
2026-07-30 19:40:53 INFO     | DexSniper            |   Scams filtered: 0
2026-07-30 19:40:53 INFO     | DexSniper            |   Trades executed: 106
2026-07-30 19:40:53 INFO     | DexSniper            |   Total invested: 5.299999999999989 BSC
2026-07-30 19:40:53 INFO     | DexSniper            | ==================================================
2026-07-30 19:40:53 INFO     | DexSniper            | ⏰ Sleeping 30s...
2026-07-30 19:41:23 INFO     | DexSniper            | 🆕 New pair detected! Token: 0x2977efD8... Pair: 0x1bb5F5a9...
2026-07-30 19:41:25 INFO     | DexSniper            |   → NeuralQuantum (NQT)
2026-07-30 19:41:25 INFO     | DexSniper            |   → ✅ Passed checks: Passed basic checks
2026-07-30 19:41:25 INFO     | DexSniper            | 🎯 SNIPE: NeuralQuantum (NQT) — 0.05 BSC invested
2026-07-30 19:41:25 INFO     | DexSniper            | 🆕 New pair detected! Token: 0x78fe6916... Pair: 0x332A819A...
2026-07-30 19:41:26 INFO     | DexSniper            |   → QQQB (QQQB)
2026-07-30 19:41:26 INFO     | DexSniper            |   → ✅ Passed checks: Passed basic checks
2026-07-30 19:41:26 INFO     | DexSniper            | 🎯 SNIPE: QQQB (QQQB) — 0.05 BSC invested
2026-07-30 19:41:26 INFO     | DexSniper            | ==================================================
2026-07-30 19:41:26 INFO     | DexSniper            |   📊 DEX SNIPER STATS
2026-07-30 19:41:26 INFO     | DexSniper            |   Runtime: 1:42:53.432675
2026-07-30 19:41:26 INFO     | DexSniper            |   Pairs detected: 114
2026-07-30 19:41:26 INFO     | DexSniper            |   Scams filtered: 0
2026-07-30 19:41:26 INFO     | DexSniper            |   Trades executed: 108
2026-07-30 19:41:26 INFO     | DexSniper            |   Total invested: 5.399999999999989 BSC
2026-07-30 19:41:26 INFO     | DexSniper            | ==================================================
2026-07-30 19:41:26 INFO     | DexSniper            | ⏰ Sleeping 30s...
2026-07-30 19:41:56 INFO     | DexSniper            | 🆕 New pair detected! Token: 0x2be2b909... Pair: 0x9B910c45...
2026-07-30 19:41:57 INFO     | DexSniper            |   → ZYRONEX (ZRN)
2026-07-30 19:41:57 INFO     | DexSniper            |   → ✅ Passed checks: Passed basic checks
2026-07-30 19:41:57 INFO     | DexSniper            | 🎯 SNIPE: ZYRONEX (ZRN) — 0.05 BSC invested
2026-07-30 19:41:57 INFO     | DexSniper            | 🆕 New pair detected! Token: 0x71088D8D... Pair: 0x873A1E77...
2026-07-30 19:41:58 INFO     | DexSniper            |   → VisionQuantum (VQT)
2026-07-30 19:41:58 INFO     | DexSniper            |   → ✅ Passed checks: Passed basic checks
2026-07-30 19:41:58 INFO     | DexSniper            | 🎯 SNIPE: VisionQuantum (VQT) — 0.05 BSC invested
2026-07-30 19:41:58 INFO     | DexSniper            | ==================================================
2026-07-30 19:41:58 INFO     | DexSniper            |   📊 DEX SNIPER STATS
2026-07-30 19:41:58 INFO     | DexSniper            |   Runtime: 1:43:25.804471
2026-07-30 19:41:58 INFO     | DexSniper            |   Pairs detected: 116
2026-07-30 19:41:58 INFO     | DexSniper            |   Scams filtered: 0
2026-07-30 19:41:58 INFO     | DexSniper            |   Trades executed: 110
2026-07-30 19:41:58 INFO     | DexSniper            |   Total invested: 5.4999999999999885 BSC
2026-07-30 19:41:58 INFO     | DexSniper            | ==================================================
2026-07-30 19:41:58 INFO     | DexSniper            | ⏰ Sleeping 30s...
2026-07-30 19:42:29 INFO     | DexSniper            | 🆕 New pair detected! Token: 0x08726848... Pair: 0x5d0585B4...
2026-07-30 19:42:30 INFO     | DexSniper            |   → 宇宙之瞳  (宇瞳)
2026-07-30 19:42:30 INFO     | DexSniper            |   → ✅ Passed checks: Passed basic checks
2026-07-30 19:42:30 INFO     | DexSniper            | 🎯 SNIPE: 宇宙之瞳  (宇瞳) — 0.05 BSC invested
2026-07-30 19:42:30 INFO     | DexSniper            | ==================================================
2026-07-30 19:42:30 INFO     | DexSniper            |   📊 DEX SNIPER STATS
2026-07-30 19:42:30 INFO     | DexSniper            |   Runtime: 1:43:57.474284
2026-07-30 19:42:30 INFO     | DexSniper            |   Pairs detected: 117
2026-07-30 19:42:30 INFO     | DexSniper            |   Scams filtered: 0
2026-07-30 19:42:30 INFO     | DexSniper            |   Trades executed: 111
2026-07-30 19:42:30 INFO     | DexSniper            |   Total invested: 5.549999999999988 BSC
2026-07-30 19:42:30 INFO     | DexSniper            | ==================================================
2026-07-30 19:42:30 INFO     | DexSniper            | ⏰ Sleeping 30s...
2026-07-30 19:43:01 INFO     | DexSniper            | 🆕 New pair detected! Token: 0x33ee1369... Pair: 0xAC40B901...
2026-07-30 19:43:02 INFO     | DexSniper            |   → InsightQuantum (IQT)
2026-07-30 19:43:02 INFO     | DexSniper            |   → ✅ Passed checks: Passed basic checks
2026-07-30 19:43:02 INFO     | DexSniper            | 🎯 SNIPE: InsightQuantum (IQT) — 0.05 BSC invested
2026-07-30 19:43:02 INFO     | DexSniper            | ==================================================
2026-07-30 19:43:02 INFO     | DexSniper            |   📊 DEX SNIPER STATS
2026-07-30 19:43:02 INFO     | DexSniper            |   Runtime: 1:44:29.264115
2026-07-30 19:43:02 INFO     | DexSniper            |   Pairs detected: 118
2026-07-30 19:43:02 INFO     | DexSniper            |   Scams filtered: 0
2026-07-30 19:43:02 INFO     | DexSniper            |   Trades executed: 112
2026-07-30 19:43:02 INFO     | DexSniper            |   Total invested: 5.599999999999988 BSC
2026-07-30 19:43:02 INFO     | DexSniper            | ==================================================
2026-07-30 19:43:02 INFO     | DexSniper            | ⏰ Sleeping 30s...
2026-07-30 19:43:32 INFO     | DexSniper            | 🆕 New pair detected! Token: 0xB2ca60cD... Pair: 0xFC9ACD76...
2026-07-30 19:43:33 INFO     | DexSniper            |   → 天际观星者  (天星)
2026-07-30 19:43:33 INFO     | DexSniper            |   → ✅ Passed checks: Passed basic checks
2026-07-30 19:43:33 INFO     | DexSniper            | 🎯 SNIPE: 天际观星者  (天星) — 0.05 BSC invested
2026-07-30 19:43:33 INFO     | DexSniper            | ==================================================
2026-07-30 19:43:33 INFO     | DexSniper            |   📊 DEX SNIPER STATS
2026-07-30 19:43:33 INFO     | DexSniper            |   Runtime: 1:45:00.549479
2026-07-30 19:43:33 INFO     | DexSniper            |   Pairs detected: 119
2026-07-30 19:43:33 INFO     | DexSniper            |   Scams filtered: 0
2026-07-30 19:43:33 INFO     | DexSniper            |   Trades executed: 113
2026-07-30 19:43:33 INFO     | DexSniper            |   Total invested: 5.649999999999988 BSC
2026-07-30 19:43:33 INFO     | DexSniper            | ==================================================
2026-07-30 19:43:33 INFO     | DexSniper            | ⏰ Sleeping 30s...
2026-07-30 19:44:03 INFO     | DexSniper            | 🆕 New pair detected! Token: 0x8bf2E1f0... Pair: 0x8DbbEB0D...
2026-07-30 19:44:04 INFO     | DexSniper            |   → LogicQuantum (LQT)
2026-07-30 19:44:04 INFO     | DexSniper            |   → ✅ Passed checks: Passed basic checks
2026-07-30 19:44:04 INFO     | DexSniper            | 🎯 SNIPE: LogicQuantum (LQT) — 0.05 BSC invested
2026-07-30 19:44:04 INFO     | DexSniper            | ==================================================
2026-07-30 19:44:04 INFO     | DexSniper            |   📊 DEX SNIPER STATS
2026-07-30 19:44:04 INFO     | DexSniper            |   Runtime: 1:45:31.916047
2026-07-30 19:44:04 INFO     | DexSniper            |   Pairs detected: 120
2026-07-30 19:44:04 INFO     | DexSniper            |   Scams filtered: 0
2026-07-30 19:44:04 INFO     | DexSniper            |   Trades executed: 114
2026-07-30 19:44:04 INFO     | DexSniper            |   Total invested: 5.699999999999988 BSC
2026-07-30 19:44:04 INFO     | DexSniper            | ==================================================
2026-07-30 19:44:04 INFO     | DexSniper            | ⏰ Sleeping 30s...
2026-07-30 19:44:35 INFO     | DexSniper            | 🆕 New pair detected! Token: 0xBfA8Ba3b... Pair: 0x0991899e...
2026-07-30 19:44:36 INFO     | DexSniper            |   → 🔥Floki Ninja (🔥FLOK)
2026-07-30 19:44:36 INFO     | DexSniper            |   → ✅ Passed checks: Passed basic checks
2026-07-30 19:44:36 INFO     | DexSniper            | 🎯 SNIPE: 🔥Floki Ninja (🔥FLOK) — 0.05 BSC invested
2026-07-30 19:44:36 INFO     | DexSniper            | ==================================================
2026-07-30 19:44:36 INFO     | DexSniper            |   📊 DEX SNIPER STATS
2026-07-30 19:44:36 INFO     | DexSniper            |   Runtime: 1:46:03.591309
2026-07-30 19:44:36 INFO     | DexSniper            |   Pairs detected: 121
2026-07-30 19:44:36 INFO     | DexSniper            |   Scams filtered: 0
2026-07-30 19:44:36 INFO     | DexSniper            |   Trades executed: 115
2026-07-30 19:44:36 INFO     | DexSniper            |   Total invested: 5.749999999999988 BSC
2026-07-30 19:44:36 INFO     | DexSniper            | ==================================================
2026-07-30 19:44:36 INFO     | DexSniper            | ⏰ Sleeping 30s...
2026-07-30 19:45:06 INFO     | DexSniper            | 🆕 New pair detected! Token: 0x69A2D259... Pair: 0xc3C3Ea72...
2026-07-30 19:45:07 INFO     | DexSniper            |   → CogniQuantum (CQT)
2026-07-30 19:45:07 INFO     | DexSniper            |   → ✅ Passed checks: Passed basic checks
2026-07-30 19:45:07 INFO     | DexSniper            | 🎯 SNIPE: CogniQuantum (CQT) — 0.05 BSC invested
2026-07-30 19:45:07 INFO     | DexSniper            | ==================================================
2026-07-30 19:45:07 INFO     | DexSniper            |   📊 DEX SNIPER STATS
2026-07-30 19:45:07 INFO     | DexSniper            |   Runtime: 1:46:34.864596
2026-07-30 19:45:07 INFO     | DexSniper            |   Pairs detected: 122
2026-07-30 19:45:07 INFO     | DexSniper            |   Scams filtered: 0
2026-07-30 19:45:07 INFO     | DexSniper            |   Trades executed: 116
2026-07-30 19:45:07 INFO     | DexSniper            |   Total invested: 5.799999999999987 BSC
2026-07-30 19:45:07 INFO     | DexSniper            | ==================================================
2026-07-30 19:45:07 INFO     | DexSniper            | ⏰ Sleeping 30s...
2026-07-30 19:45:38 INFO     | DexSniper            | 🆕 New pair detected! Token: 0x2420d321... Pair: 0x30CB0bA1...
2026-07-30 19:45:39 INFO     | DexSniper            |   → 星云旅人  (星旅)
2026-07-30 19:45:39 INFO     | DexSniper            |   → ✅ Passed checks: Passed basic checks
2026-07-30 19:45:39 INFO     | DexSniper            | 🎯 SNIPE: 星云旅人  (星旅) — 0.05 BSC invested
2026-07-30 19:45:39 INFO     | DexSniper            | 🆕 New pair detected! Token: 0x731c2D11... Pair: 0x7A4Cb5Fc...
2026-07-30 19:45:40 INFO     | DexSniper            |   → 永夜智能者  (夜智)
2026-07-30 19:45:40 INFO     | DexSniper            |   → ✅ Passed checks: Passed basic checks
2026-07-30 19:45:40 INFO     | DexSniper            | 🎯 SNIPE: 永夜智能者  (夜智) — 0.05 BSC invested
2026-07-30 19:45:40 INFO     | DexSniper            | 🆕 New pair detected! Token: 0x4Bace6A8... Pair: 0xC7dCD445...
2026-07-30 19:45:41 INFO     | DexSniper            |   → 火币神 (火币神)
2026-07-30 19:45:41 INFO     | DexSniper            |   → ✅ Passed checks: Passed basic checks
2026-07-30 19:45:41 INFO     | DexSniper            | 🎯 SNIPE: 火币神 (火币神) — 0.05 BSC invested
2026-07-30 19:45:41 INFO     | DexSniper            | ==================================================
2026-07-30 19:45:41 INFO     | DexSniper            |   📊 DEX SNIPER STATS
2026-07-30 19:45:41 INFO     | DexSniper            |   Runtime: 1:47:08.128259
2026-07-30 19:45:41 INFO     | DexSniper            |   Pairs detected: 125
2026-07-30 19:45:41 INFO     | DexSniper            |   Scams filtered: 0
2026-07-30 19:45:41 INFO     | DexSniper            |   Trades executed: 119
2026-07-30 19:45:41 INFO     | DexSniper            |   Total invested: 5.949999999999987 BSC
2026-07-30 19:45:41 INFO     | DexSniper            | ==================================================
2026-07-30 19:45:41 INFO     | DexSniper            | ⏰ Sleeping 30s...
2026-07-30 19:46:11 INFO     | DexSniper            | 🆕 New pair detected! Token: 0xE84538AE... Pair: 0x1eFAEB8a...
2026-07-30 19:46:12 INFO     | DexSniper            |   → DataQuantum (DQT)
2026-07-30 19:46:12 INFO     | DexSniper            |   → ✅ Passed checks: Passed basic checks
2026-07-30 19:46:12 INFO     | DexSniper            | 🎯 SNIPE: DataQuantum (DQT) — 0.05 BSC invested
2026-07-30 19:46:12 INFO     | DexSniper            | ==================================================
2026-07-30 19:46:12 INFO     | DexSniper            |   📊 DEX SNIPER STATS
2026-07-30 19:46:12 INFO     | DexSniper            |   Runtime: 1:47:39.781103
2026-07-30 19:46:12 INFO     | DexSniper            |   Pairs detected: 126
2026-07-30 19:46:12 INFO     | DexSniper            |   Scams filtered: 0
2026-07-30 19:46:12 INFO     | DexSniper            |   Trades executed: 120
2026-07-30 19:46:12 INFO     | DexSniper            |   Total invested: 5.999999999999987 BSC
2026-07-30 19:46:12 INFO     | DexSniper            | ==================================================
2026-07-30 19:46:12 INFO     | DexSniper            | ⏰ Sleeping 30s...
2026-07-30 19:46:43 INFO     | DexSniper            | ==================================================
2026-07-30 19:46:43 INFO     | DexSniper            |   📊 DEX SNIPER STATS
2026-07-30 19:46:43 INFO     | DexSniper            |   Runtime: 1:48:10.171750
2026-07-30 19:46:43 INFO     | DexSniper            |   Pairs detected: 126
2026-07-30 19:46:43 INFO     | DexSniper            |   Scams filtered: 0
2026-07-30 19:46:43 INFO     | DexSniper            |   Trades executed: 120
2026-07-30 19:46:43 INFO     | DexSniper            |   Total invested: 5.999999999999987 BSC
2026-07-30 19:46:43 INFO     | DexSniper            | ==================================================
2026-07-30 19:46:43 INFO     | DexSniper            | ⏰ Sleeping 30s...
2026-07-30 19:47:13 INFO     | DexSniper            | 🆕 New pair detected! Token: 0x6fbC9E15... Pair: 0xa98C0F0D...
2026-07-30 19:47:14 INFO     | DexSniper            |   → CoreQuantum (CRQ)
2026-07-30 19:47:14 INFO     | DexSniper            |   → ✅ Passed checks: Passed basic checks
2026-07-30 19:47:14 INFO     | DexSniper            | 🎯 SNIPE: CoreQuantum (CRQ) — 0.05 BSC invested
2026-07-30 19:47:14 INFO     | DexSniper            | 🆕 New pair detected! Token: 0x865D0110... Pair: 0xCD026B49...
2026-07-30 19:47:15 INFO     | DexSniper            |   → 冰蓝逻辑核  (冰核)
2026-07-30 19:47:15 INFO     | DexSniper            |   → ✅ Passed checks: Passed basic checks
2026-07-30 19:47:15 INFO     | DexSniper            | 🎯 SNIPE: 冰蓝逻辑核  (冰核) — 0.05 BSC invested
2026-07-30 19:47:15 INFO     | DexSniper            | 🆕 New pair detected! Token: 0xbbb50349... Pair: 0x6BD5389e...
2026-07-30 19:47:16 INFO     | DexSniper            |   → 深渊星门  (渊门)
2026-07-30 19:47:16 INFO     | DexSniper            |   → ✅ Passed checks: Passed basic checks
2026-07-30 19:47:16 INFO     | DexSniper            | 🎯 SNIPE: 深渊星门  (渊门) — 0.05 BSC invested
2026-07-30 19:47:16 INFO     | DexSniper            | ==================================================
2026-07-30 19:47:16 INFO     | DexSniper            |   📊 DEX SNIPER STATS
2026-07-30 19:47:16 INFO     | DexSniper            |   Runtime: 1:48:43.785135
2026-07-30 19:47:16 INFO     | DexSniper            |   Pairs detected: 129
2026-07-30 19:47:16 INFO     | DexSniper            |   Scams filtered: 0
2026-07-30 19:47:16 INFO     | DexSniper            |   Trades executed: 123
2026-07-30 19:47:16 INFO     | DexSniper            |   Total invested: 6.149999999999986 BSC
2026-07-30 19:47:16 INFO     | DexSniper            | ==================================================
2026-07-30 19:47:16 INFO     | DexSniper            | ⏰ Sleeping 30s...
2026-07-30 19:47:46 INFO     | DexSniper            | 🆕 New pair detected! Token: 0x6f5AE26F... Pair: 0xC045aC90...
2026-07-30 19:47:47 INFO     | DexSniper            |   → AstraQuantum (AQT)
2026-07-30 19:47:47 INFO     | DexSniper            |   → ✅ Passed checks: Passed basic checks
2026-07-30 19:47:47 INFO     | DexSniper            | 🎯 SNIPE: AstraQuantum (AQT) — 0.05 BSC invested
2026-07-30 19:47:47 INFO     | DexSniper            | ==================================================
2026-07-30 19:47:47 INFO     | DexSniper            |   📊 DEX SNIPER STATS
2026-07-30 19:47:47 INFO     | DexSniper            |   Runtime: 1:49:14.974722
2026-07-30 19:47:47 INFO     | DexSniper            |   Pairs detected: 130
2026-07-30 19:47:47 INFO     | DexSniper            |   Scams filtered: 0
2026-07-30 19:47:47 INFO     | DexSniper            |   Trades executed: 124
2026-07-30 19:47:47 INFO     | DexSniper            |   Total invested: 6.199999999999986 BSC
2026-07-30 19:47:47 INFO     | DexSniper            | ==================================================
2026-07-30 19:47:47 INFO     | DexSniper            | ⏰ Sleeping 30s...
2026-07-30 19:48:18 INFO     | DexSniper            | ==================================================
2026-07-30 19:48:18 INFO     | DexSniper            |   📊 DEX SNIPER STATS
2026-07-30 19:48:18 INFO     | DexSniper            |   Runtime: 1:49:45.587868
2026-07-30 19:48:18 INFO     | DexSniper            |   Pairs detected: 130
2026-07-30 19:48:18 INFO     | DexSniper            |   Scams filtered: 0
2026-07-30 19:48:18 INFO     | DexSniper            |   Trades executed: 124
2026-07-30 19:48:18 INFO     | DexSniper            |   Total invested: 6.199999999999986 BSC
2026-07-30 19:48:18 INFO     | DexSniper            | ==================================================
2026-07-30 19:48:18 INFO     | DexSniper            | ⏰ Sleeping 30s...
2026-07-30 19:48:49 INFO     | DexSniper            | 🆕 New pair detected! Token: 0x43b964c7... Pair: 0x0bD4a5af...
2026-07-30 19:48:50 INFO     | DexSniper            |   → HyperQuantum (HQT)
2026-07-30 19:48:50 INFO     | DexSniper            |   → ✅ Passed checks: Passed basic checks
2026-07-30 19:48:50 INFO     | DexSniper            | 🎯 SNIPE: HyperQuantum (HQT) — 0.05 BSC invested
2026-07-30 19:48:50 INFO     | DexSniper            | 🆕 New pair detected! Token: 0xA68db6d0... Pair: 0xf48E03B9...
2026-07-30 19:48:51 INFO     | DexSniper            |   → 数据风暴眼  (数暴)
2026-07-30 19:48:51 INFO     | DexSniper            |   → ✅ Passed checks: Passed basic checks
2026-07-30 19:48:51 INFO     | DexSniper            | 🎯 SNIPE: 数据风暴眼  (数暴) — 0.05 BSC invested
2026-07-30 19:48:51 INFO     | DexSniper            | ==================================================
2026-07-30 19:48:51 INFO     | DexSniper            |   📊 DEX SNIPER STATS
2026-07-30 19:48:51 INFO     | DexSniper            |   Runtime: 1:50:18.563796
2026-07-30 19:48:51 INFO     | DexSniper            |   Pairs detected: 132
2026-07-30 19:48:51 INFO     | DexSniper            |   Scams filtered: 0
2026-07-30 19:48:51 INFO     | DexSniper            |   Trades executed: 126
2026-07-30 19:48:51 INFO     | DexSniper            |   Total invested: 6.299999999999986 BSC
2026-07-30 19:48:51 INFO     | DexSniper            | ==================================================
2026-07-30 19:48:51 INFO     | DexSniper            | ⏰ Sleeping 30s...
2026-07-30 19:49:23 INFO     | DexSniper            | ==================================================
2026-07-30 19:49:23 INFO     | DexSniper            |   📊 DEX SNIPER STATS
2026-07-30 19:49:23 INFO     | DexSniper            |   Runtime: 1:50:50.804487
2026-07-30 19:49:23 INFO     | DexSniper            |   Pairs detected: 132
2026-07-30 19:49:23 INFO     | DexSniper            |   Scams filtered: 0
2026-07-30 19:49:23 INFO     | DexSniper            |   Trades executed: 126
2026-07-30 19:49:23 INFO     | DexSniper            |   Total invested: 6.299999999999986 BSC
2026-07-30 19:49:23 INFO     | DexSniper            | ==================================================
2026-07-30 19:49:23 INFO     | DexSniper            | ⏰ Sleeping 30s...
2026-07-30 19:49:54 INFO     | DexSniper            | 🆕 New pair detected! Token: 0xbAA9D091... Pair: 0xd897959c...
2026-07-30 19:49:55 INFO     | DexSniper            |   → 逆袭人生 (逆袭人生)
2026-07-30 19:49:55 INFO     | DexSniper            |   → ✅ Passed checks: Passed basic checks
2026-07-30 19:49:55 INFO     | DexSniper            | 🎯 SNIPE: 逆袭人生 (逆袭人生) — 0.05 BSC invested
2026-07-30 19:49:55 INFO     | DexSniper            | 🆕 New pair detected! Token: 0x927f61B1... Pair: 0xEC4f5D9B...
2026-07-30 19:49:56 INFO     | DexSniper            |   → 光辉分析者  (光析)
2026-07-30 19:49:56 INFO     | DexSniper            |   → ✅ Passed checks: Passed basic checks
2026-07-30 19:49:56 INFO     | DexSniper            | 🎯 SNIPE: 光辉分析者  (光析) — 0.05 BSC invested
2026-07-30 19:49:56 INFO     | DexSniper            | 🆕 New pair detected! Token: 0xAa65e1aa... Pair: 0xBaFc2Da7...
2026-07-30 19:49:58 INFO     | DexSniper            |   → 银河夜航  (银航)
2026-07-30 19:49:58 INFO     | DexSniper            |   → ✅ Passed checks: Passed basic checks
2026-07-30 19:49:58 INFO     | DexSniper            | 🎯 SNIPE: 银河夜航  (银航) — 0.05 BSC invested
2026-07-30 19:49:58 INFO     | DexSniper            | ==================================================
2026-07-30 19:49:58 INFO     | DexSniper            |   📊 DEX SNIPER STATS
2026-07-30 19:49:58 INFO     | DexSniper            |   Runtime: 1:51:25.530545
2026-07-30 19:49:58 INFO     | DexSniper            |   Pairs detected: 135
2026-07-30 19:49:58 INFO     | DexSniper            |   Scams filtered: 0
2026-07-30 19:49:58 INFO     | DexSniper            |   Trades executed: 129
2026-07-30 19:49:58 INFO     | DexSniper            |   Total invested: 6.449999999999985 BSC
2026-07-30 19:49:58 INFO     | DexSniper            | ==================================================
2026-07-30 19:49:58 INFO     | DexSniper            | ⏰ Sleeping 30s...
2026-07-30 19:50:28 INFO     | DexSniper            | 🆕 New pair detected! Token: 0x3C6A3376... Pair: 0xA12E1436...
2026-07-30 19:50:29 INFO     | DexSniper            |   → Bstock TEST1B (TEST1B)
2026-07-30 19:50:29 INFO     | DexSniper            |   → ✅ Passed checks: Passed basic checks
2026-07-30 19:50:29 INFO     | DexSniper            | 🎯 SNIPE: Bstock TEST1B (TEST1B) — 0.05 BSC invested
2026-07-30 19:50:29 INFO     | DexSniper            | 🆕 New pair detected! Token: 0xbB2D4C62... Pair: 0x7639ede5...
2026-07-30 19:50:30 INFO     | DexSniper            |   → BrainGenesis (BGS)
2026-07-30 19:50:30 INFO     | DexSniper            |   → ✅ Passed checks: Passed basic checks
2026-07-30 19:50:30 INFO     | DexSniper            | 🎯 SNIPE: BrainGenesis (BGS) — 0.05 BSC invested
2026-07-30 19:50:30 INFO     | DexSniper            | 🆕 New pair detected! Token: 0x5d9e897A... Pair: 0x4589f8D5...
2026-07-30 19:50:31 INFO     | DexSniper            |   → Bot 2.0 (BOT)
2026-07-30 19:50:31 INFO     | DexSniper            |   → ✅ Passed checks: Passed basic checks
2026-07-30 19:50:31 INFO     | DexSniper            | 🎯 SNIPE: Bot 2.0 (BOT) — 0.05 BSC invested
2026-07-30 19:50:31 INFO     | DexSniper            | ==================================================
2026-07-30 19:50:31 INFO     | DexSniper            |   📊 DEX SNIPER STATS
2026-07-30 19:50:31 INFO     | DexSniper            |   Runtime: 1:51:58.859069
2026-07-30 19:50:31 INFO     | DexSniper            |   Pairs detected: 138
2026-07-30 19:50:31 INFO     | DexSniper            |   Scams filtered: 0
2026-07-30 19:50:31 INFO     | DexSniper            |   Trades executed: 132
2026-07-30 19:50:31 INFO     | DexSniper            |   Total invested: 6.5999999999999845 BSC
2026-07-30 19:50:31 INFO     | DexSniper            | ==================================================
2026-07-30 19:50:31 INFO     | DexSniper            | ⏰ Sleeping 30s...
2026-07-30 19:51:02 INFO     | DexSniper            | 🆕 New pair detected! Token: 0x7dA4e147... Pair: 0xf6208f2D...
2026-07-30 19:51:03 INFO     | DexSniper            |   → 光速彗星  (光彗)
2026-07-30 19:51:03 INFO     | DexSniper            |   → ✅ Passed checks: Passed basic checks
2026-07-30 19:51:03 INFO     | DexSniper            | 🎯 SNIPE: 光速彗星  (光彗) — 0.05 BSC invested
2026-07-30 19:51:03 INFO     | DexSniper            | 🆕 New pair detected! Token: 0x11D0D5E7... Pair: 0xBc233ed2...
2026-07-30 19:51:05 INFO     | DexSniper            |   → 暗影运算体  (暗算)
2026-07-30 19:51:05 INFO     | DexSniper            |   → ✅ Passed checks: Passed basic checks
2026-07-30 19:51:05 INFO     | DexSniper            | 🎯 SNIPE: 暗影运算体  (暗算) — 0.05 BSC invested
2026-07-30 19:51:05 INFO     | DexSniper            | ==================================================
2026-07-30 19:51:05 INFO     | DexSniper            |   📊 DEX SNIPER STATS
2026-07-30 19:51:05 INFO     | DexSniper            |   Runtime: 1:52:32.116267
2026-07-30 19:51:05 INFO     | DexSniper            |   Pairs detected: 140
2026-07-30 19:51:05 INFO     | DexSniper            |   Scams filtered: 0
2026-07-30 19:51:05 INFO     | DexSniper            |   Trades executed: 134
2026-07-30 19:51:05 INFO     | DexSniper            |   Total invested: 6.699999999999984 BSC
2026-07-30 19:51:05 INFO     | DexSniper            | ==================================================
2026-07-30 19:51:05 INFO     | DexSniper            | ⏰ Sleeping 30s...
2026-07-30 19:51:35 INFO     | DexSniper            | 🆕 New pair detected! Token: 0xda6635A4... Pair: 0xE08fd289...
2026-07-30 19:51:36 INFO     | DexSniper            |   → VisionGenesis (VGS)
2026-07-30 19:51:36 INFO     | DexSniper            |   → ✅ Passed checks: Passed basic checks
2026-07-30 19:51:36 INFO     | DexSniper            | 🎯 SNIPE: VisionGenesis (VGS) — 0.05 BSC invested
2026-07-30 19:51:36 INFO     | DexSniper            | 🆕 New pair detected! Token: 0x3ECaFB02... Pair: 0x8fbE59f9...
2026-07-30 19:51:37 INFO     | DexSniper            |   → BNBCZ (BNBCZ)
2026-07-30 19:51:37 INFO     | DexSniper            |   → ✅ Passed checks: Passed basic checks
2026-07-30 19:51:37 INFO     | DexSniper            | 🎯 SNIPE: BNBCZ (BNBCZ) — 0.05 BSC invested
2026-07-30 19:51:37 INFO     | DexSniper            | ==================================================
2026-07-30 19:51:37 INFO     | DexSniper            |   📊 DEX SNIPER STATS
2026-07-30 19:51:37 INFO     | DexSniper            |   Runtime: 1:53:04.511170
2026-07-30 19:51:37 INFO     | DexSniper            |   Pairs detected: 142
2026-07-30 19:51:37 INFO     | DexSniper            |   Scams filtered: 0
2026-07-30 19:51:37 INFO     | DexSniper            |   Trades executed: 136
2026-07-30 19:51:37 INFO     | DexSniper            |   Total invested: 6.799999999999984 BSC
2026-07-30 19:51:37 INFO     | DexSniper            | ==================================================
2026-07-30 19:51:37 INFO     | DexSniper            | ⏰ Sleeping 30s...
2026-07-30 19:52:07 INFO     | DexSniper            | 🆕 New pair detected! Token: 0xB6Bb0326... Pair: 0xAe1BEEa7...
2026-07-30 19:52:09 INFO     | DexSniper            |   → 宇宙风暴核  (宇核)
2026-07-30 19:52:09 INFO     | DexSniper            |   → ✅ Passed checks: Passed basic checks
2026-07-30 19:52:09 INFO     | DexSniper            | 🎯 SNIPE: 宇宙风暴核  (宇核) — 0.05 BSC invested
2026-07-30 19:52:09 INFO     | DexSniper            | ==================================================
2026-07-30 19:52:09 INFO     | DexSniper            |   📊 DEX SNIPER STATS
2026-07-30 19:52:09 INFO     | DexSniper            |   Runtime: 1:53:36.465454
2026-07-30 19:52:09 INFO     | DexSniper            |   Pairs detected: 143
2026-07-30 19:52:09 INFO     | DexSniper            |   Scams filtered: 0
2026-07-30 19:52:09 INFO     | DexSniper            |   Trades executed: 137
2026-07-30 19:52:09 INFO     | DexSniper            |   Total invested: 6.849999999999984 BSC
2026-07-30 19:52:09 INFO     | DexSniper            | ==================================================
2026-07-30 19:52:09 INFO     | DexSniper            | ⏰ Sleeping 30s...
2026-07-30 19:52:39 INFO     | DexSniper            | 🆕 New pair detected! Token: 0x0d4ddF06... Pair: 0x943279C7...
2026-07-30 19:52:40 INFO     | DexSniper            |   → 深空意识核  (空识)
2026-07-30 19:52:40 INFO     | DexSniper            |   → ✅ Passed checks: Passed basic checks
2026-07-30 19:52:40 INFO     | DexSniper            | 🎯 SNIPE: 深空意识核  (空识) — 0.05 BSC invested
2026-07-30 19:52:40 INFO     | DexSniper            | 🆕 New pair detected! Token: 0x3a914f6c... Pair: 0xB727c7CE...
2026-07-30 19:52:41 INFO     | DexSniper            |   → AIGenesis (AIG)
2026-07-30 19:52:41 INFO     | DexSniper            |   → ✅ Passed checks: Passed basic checks
2026-07-30 19:52:41 INFO     | DexSniper            | 🎯 SNIPE: AIGenesis (AIG) — 0.05 BSC invested
2026-07-30 19:52:41 INFO     | DexSniper            | ==================================================
2026-07-30 19:52:41 INFO     | DexSniper            |   📊 DEX SNIPER STATS
2026-07-30 19:52:41 INFO     | DexSniper            |   Runtime: 1:54:08.769798
2026-07-30 19:52:41 INFO     | DexSniper            |   Pairs detected: 145
2026-07-30 19:52:41 INFO     | DexSniper            |   Scams filtered: 0
2026-07-30 19:52:41 INFO     | DexSniper            |   Trades executed: 139
2026-07-30 19:52:41 INFO     | DexSniper            |   Total invested: 6.949999999999983 BSC
2026-07-30 19:52:41 INFO     | DexSniper            | ==================================================
2026-07-30 19:52:41 INFO     | DexSniper            | ⏰ Sleeping 30s...
2026-07-30 19:53:12 INFO     | DexSniper            | ==================================================
2026-07-30 19:53:12 INFO     | DexSniper            |   📊 DEX SNIPER STATS
2026-07-30 19:53:12 INFO     | DexSniper            |   Runtime: 1:54:39.112406
2026-07-30 19:53:12 INFO     | DexSniper            |   Pairs detected: 145
2026-07-30 19:53:12 INFO     | DexSniper            |   Scams filtered: 0
2026-07-30 19:53:12 INFO     | DexSniper            |   Trades executed: 139
2026-07-30 19:53:12 INFO     | DexSniper            |   Total invested: 6.949999999999983 BSC
2026-07-30 19:53:12 INFO     | DexSniper            | ==================================================
2026-07-30 19:53:12 INFO     | DexSniper            | ⏰ Sleeping 30s...
2026-07-30 19:53:42 INFO     | DexSniper            | ==================================================
2026-07-30 19:53:42 INFO     | DexSniper            |   📊 DEX SNIPER STATS
2026-07-30 19:53:42 INFO     | DexSniper            |   Runtime: 1:55:09.406890
2026-07-30 19:53:42 INFO     | DexSniper            |   Pairs detected: 145
2026-07-30 19:53:42 INFO     | DexSniper            |   Scams filtered: 0
2026-07-30 19:53:42 INFO     | DexSniper            |   Trades executed: 139
2026-07-30 19:53:42 INFO     | DexSniper            |   Total invested: 6.949999999999983 BSC
2026-07-30 19:53:42 INFO     | DexSniper            | ==================================================
2026-07-30 19:53:42 INFO     | DexSniper            | ⏰ Sleeping 30s...
2026-07-30 19:54:12 INFO     | DexSniper            | 🆕 New pair detected! Token: 0x1a2501b2... Pair: 0x0070ED73...
2026-07-30 19:54:14 INFO     | DexSniper            |   → 苍穹余火  (苍火)
2026-07-30 19:54:14 INFO     | DexSniper            |   → ✅ Passed checks: Passed basic checks
2026-07-30 19:54:14 INFO     | DexSniper            | 🎯 SNIPE: 苍穹余火  (苍火) — 0.05 BSC invested
2026-07-30 19:54:14 INFO     | DexSniper            | ==================================================
2026-07-30 19:54:14 INFO     | DexSniper            |   📊 DEX SNIPER STATS
2026-07-30 19:54:14 INFO     | DexSniper            |   Runtime: 1:55:41.882203
2026-07-30 19:54:14 INFO     | DexSniper            |   Pairs detected: 146
2026-07-30 19:54:14 INFO     | DexSniper            |   Scams filtered: 0
2026-07-30 19:54:14 INFO     | DexSniper            |   Trades executed: 140
2026-07-30 19:54:14 INFO     | DexSniper            |   Total invested: 6.999999999999983 BSC
2026-07-30 19:54:14 INFO     | DexSniper            | ==================================================
2026-07-30 19:54:14 INFO     | DexSniper            | ⏰ Sleeping 30s...
2026-07-30 19:54:45 INFO     | DexSniper            | 🆕 New pair detected! Token: 0x5F0b58eF... Pair: 0x6CCBeeD2...
2026-07-30 19:54:46 INFO     | DexSniper            |   → Ape Samurai🐼 (APE🐼)
2026-07-30 19:54:46 INFO     | DexSniper            |   → ✅ Passed checks: Passed basic checks
2026-07-30 19:54:46 INFO     | DexSniper            | 🎯 SNIPE: Ape Samurai🐼 (APE🐼) — 0.05 BSC invested
2026-07-30 19:54:46 INFO     | DexSniper            | ==================================================
2026-07-30 19:54:46 INFO     | DexSniper            |   📊 DEX SNIPER STATS
2026-07-30 19:54:46 INFO     | DexSniper            |   Runtime: 1:56:13.215271
2026-07-30 19:54:46 INFO     | DexSniper            |   Pairs detected: 147
2026-07-30 19:54:46 INFO     | DexSniper            |   Scams filtered: 0
2026-07-30 19:54:46 INFO     | DexSniper            |   Trades executed: 141
2026-07-30 19:54:46 INFO     | DexSniper            |   Total invested: 7.049999999999983 BSC
2026-07-30 19:54:46 INFO     | DexSniper            | ==================================================
2026-07-30 19:54:46 INFO     | DexSniper            | ⏰ Sleeping 30s...
2026-07-30 19:55:16 INFO     | DexSniper            | 🆕 New pair detected! Token: 0xcEEdd8Dd... Pair: 0x07157FeF...
2026-07-30 19:55:17 INFO     | DexSniper            |   → InsightGenesis (IGS)
2026-07-30 19:55:17 INFO     | DexSniper            |   → ✅ Passed checks: Passed basic checks
2026-07-30 19:55:17 INFO     | DexSniper            | 🎯 SNIPE: InsightGenesis (IGS) — 0.05 BSC invested
2026-07-30 19:55:17 INFO     | DexSniper            | ==================================================
2026-07-30 19:55:17 INFO     | DexSniper            |   📊 DEX SNIPER STATS
2026-07-30 19:55:17 INFO     | DexSniper            |   Runtime: 1:56:44.435890
2026-07-30 19:55:17 INFO     | DexSniper            |   Pairs detected: 148
2026-07-30 19:55:17 INFO     | DexSniper            |   Scams filtered: 0
2026-07-30 19:55:17 INFO     | DexSniper            |   Trades executed: 142
2026-07-30 19:55:17 INFO     | DexSniper            |   Total invested: 7.099999999999983 BSC
2026-07-30 19:55:17 INFO     | DexSniper            | ==================================================
2026-07-30 19:55:17 INFO     | DexSniper            | ⏰ Sleeping 30s...
2026-07-30 19:55:47 INFO     | DexSniper            | 🆕 New pair detected! Token: 0xfeB477a2... Pair: 0x55594773...
2026-07-30 19:55:48 INFO     | DexSniper            |   → 深空引路人  (空路)
2026-07-30 19:55:48 INFO     | DexSniper            |   → ✅ Passed checks: Passed basic checks
2026-07-30 19:55:48 INFO     | DexSniper            | 🎯 SNIPE: 深空引路人  (空路) — 0.05 BSC invested
2026-07-30 19:55:48 INFO     | DexSniper            | 🆕 New pair detected! Token: 0xd82707c6... Pair: 0x0F9D5A11...
2026-07-30 19:55:49 INFO     | DexSniper            |   → Bloom Energy Tokenized bStocks (BEB)
2026-07-30 19:55:49 INFO     | DexSniper            |   → ✅ Passed checks: Passed basic checks
2026-07-30 19:55:49 INFO     | DexSniper            | 🎯 SNIPE: Bloom Energy Tokenized bStocks (BEB) — 0.05 BSC invested
2026-07-30 19:55:49 INFO     | DexSniper            | ==================================================
2026-07-30 19:55:49 INFO     | DexSniper            |   📊 DEX SNIPER STATS
2026-07-30 19:55:49 INFO     | DexSniper            |   Runtime: 1:57:16.570657
2026-07-30 19:55:49 INFO     | DexSniper            |   Pairs detected: 150
2026-07-30 19:55:49 INFO     | DexSniper            |   Scams filtered: 0
2026-07-30 19:55:49 INFO     | DexSniper            |   Trades executed: 144
2026-07-30 19:55:49 INFO     | DexSniper            |   Total invested: 7.199999999999982 BSC
2026-07-30 19:55:49 INFO     | DexSniper            | ==================================================
2026-07-30 19:55:49 INFO     | DexSniper            | ⏰ Sleeping 30s...
2026-07-30 19:56:19 INFO     | DexSniper            | 🆕 New pair detected! Token: 0x7548759E... Pair: 0x40790f4a...
2026-07-30 19:56:20 INFO     | DexSniper            |   → CogniGenesis (CGS)
2026-07-30 19:56:20 INFO     | DexSniper            |   → ✅ Passed checks: Passed basic checks
2026-07-30 19:56:20 INFO     | DexSniper            | 🎯 SNIPE: CogniGenesis (CGS) — 0.05 BSC invested
2026-07-30 19:56:20 INFO     | DexSniper            | ==================================================
2026-07-30 19:56:20 INFO     | DexSniper            |   📊 DEX SNIPER STATS
2026-07-30 19:56:20 INFO     | DexSniper            |   Runtime: 1:57:48.091332
2026-07-30 19:56:20 INFO     | DexSniper            |   Pairs detected: 151
2026-07-30 19:56:20 INFO     | DexSniper            |   Scams filtered: 0
2026-07-30 19:56:20 INFO     | DexSniper            |   Trades executed: 145
2026-07-30 19:56:20 INFO     | DexSniper            |   Total invested: 7.249999999999982 BSC
2026-07-30 19:56:20 INFO     | DexSniper            | ==================================================
2026-07-30 19:56:20 INFO     | DexSniper            | ⏰ Sleeping 30s...
2026-07-30 19:56:51 INFO     | DexSniper            | 🆕 New pair detected! Token: 0x05D1dC7F... Pair: 0x96260C00...
2026-07-30 19:56:52 INFO     | DexSniper            |   → 无限宇宙潮  (宇潮)
2026-07-30 19:56:52 INFO     | DexSniper            |   → ✅ Passed checks: Passed basic checks
2026-07-30 19:56:52 INFO     | DexSniper            | 🎯 SNIPE: 无限宇宙潮  (宇潮) — 0.05 BSC invested
2026-07-30 19:56:52 INFO     | DexSniper            | ==================================================
2026-07-30 19:56:52 INFO     | DexSniper            |   📊 DEX SNIPER STATS
2026-07-30 19:56:52 INFO     | DexSniper            |   Runtime: 1:58:19.274566
2026-07-30 19:56:52 INFO     | DexSniper            |   Pairs detected: 152
2026-07-30 19:56:52 INFO     | DexSniper            |   Scams filtered: 0
2026-07-30 19:56:52 INFO     | DexSniper            |   Trades executed: 146
2026-07-30 19:56:52 INFO     | DexSniper            |   Total invested: 7.299999999999982 BSC
2026-07-30 19:56:52 INFO     | DexSniper            | ==================================================
2026-07-30 19:56:52 INFO     | DexSniper            | ⏰ Sleeping 30s...
2026-07-30 19:57:22 INFO     | DexSniper            | 🆕 New pair detected! Token: 0x4E21df9F... Pair: 0x8eb4FE52...
2026-07-30 19:57:23 INFO     | DexSniper            |   → FutureGenesis (FGS)
2026-07-30 19:57:23 INFO     | DexSniper            |   → ✅ Passed checks: Passed basic checks
2026-07-30 19:57:23 INFO     | DexSniper            | 🎯 SNIPE: FutureGenesis (FGS) — 0.05 BSC invested
2026-07-30 19:57:23 INFO     | DexSniper            | ==================================================
2026-07-30 19:57:23 INFO     | DexSniper            |   📊 DEX SNIPER STATS
2026-07-30 19:57:23 INFO     | DexSniper            |   Runtime: 1:58:50.936603
2026-07-30 19:57:23 INFO     | DexSniper            |   Pairs detected: 153
2026-07-30 19:57:23 INFO     | DexSniper            |   Scams filtered: 0
2026-07-30 19:57:23 INFO     | DexSniper            |   Trades executed: 147
2026-07-30 19:57:23 INFO     | DexSniper            |   Total invested: 7.349999999999982 BSC
2026-07-30 19:57:23 INFO     | DexSniper            | ==================================================
2026-07-30 19:57:23 INFO     | DexSniper            | ⏰ Sleeping 30s...
2026-07-30 19:57:54 INFO     | DexSniper            | 🆕 New pair detected! Token: 0xc1220129... Pair: 0x669EF1FB...
2026-07-30 19:57:55 INFO     | DexSniper            |   → 星尘流火  (星火)
2026-07-30 19:57:55 INFO     | DexSniper            |   → ✅ Passed checks: Passed basic checks
2026-07-30 19:57:55 INFO     | DexSniper            | 🎯 SNIPE: 星尘流火  (星火) — 0.05 BSC invested
2026-07-30 19:57:55 INFO     | DexSniper            | ==================================================
2026-07-30 19:57:55 INFO     | DexSniper            |   📊 DEX SNIPER STATS
2026-07-30 19:57:55 INFO     | DexSniper            |   Runtime: 1:59:22.187169
2026-07-30 19:57:55 INFO     | DexSniper            |   Pairs detected: 154
2026-07-30 19:57:55 INFO     | DexSniper            |   Scams filtered: 0
2026-07-30 19:57:55 INFO     | DexSniper            |   Trades executed: 148
2026-07-30 19:57:55 INFO     | DexSniper            |   Total invested: 7.399999999999982 BSC
2026-07-30 19:57:55 INFO     | DexSniper            | ==================================================
2026-07-30 19:57:55 INFO     | DexSniper            | ⏰ Sleeping 30s...
2026-07-30 19:58:25 INFO     | DexSniper            | 🆕 New pair detected! Token: 0xBa146bc1... Pair: 0xc402AAF2...
2026-07-30 19:58:26 INFO     | DexSniper            |   → BNBTITAN (BNBTITAN)
2026-07-30 19:58:26 INFO     | DexSniper            |   → ✅ Passed checks: Passed basic checks
2026-07-30 19:58:26 INFO     | DexSniper            | 🎯 SNIPE: BNBTITAN (BNBTITAN) — 0.05 BSC invested
2026-07-30 19:58:26 INFO     | DexSniper            | 🆕 New pair detected! Token: 0x88369EC2... Pair: 0x2f2b3200...
2026-07-30 19:58:27 INFO     | DexSniper            |   → VITEX (VITEX)
2026-07-30 19:58:27 INFO     | DexSniper            |   → ✅ Passed checks: Passed basic checks
2026-07-30 19:58:27 INFO     | DexSniper            | 🎯 SNIPE: VITEX (VITEX) — 0.05 BSC invested
2026-07-30 19:58:27 INFO     | DexSniper            | 🆕 New pair detected! Token: 0x25b692f3... Pair: 0x389B3b8b...
2026-07-30 19:58:28 INFO     | DexSniper            |   → LogicGenesis (LGS)
2026-07-30 19:58:28 INFO     | DexSniper            |   → ✅ Passed checks: Passed basic checks
2026-07-30 19:58:28 INFO     | DexSniper            | 🎯 SNIPE: LogicGenesis (LGS) — 0.05 BSC invested
2026-07-30 19:58:28 INFO     | DexSniper            | ==================================================
2026-07-30 19:58:28 INFO     | DexSniper            |   📊 DEX SNIPER STATS
2026-07-30 19:58:28 INFO     | DexSniper            |   Runtime: 1:59:55.196898
2026-07-30 19:58:28 INFO     | DexSniper            |   Pairs detected: 157
2026-07-30 19:58:28 INFO     | DexSniper            |   Scams filtered: 0
2026-07-30 19:58:28 INFO     | DexSniper            |   Trades executed: 151
2026-07-30 19:58:28 INFO     | DexSniper            |   Total invested: 7.549999999999981 BSC
2026-07-30 19:58:28 INFO     | DexSniper            | ==================================================
2026-07-30 19:58:28 INFO     | DexSniper            | ⏰ Sleeping 30s...
2026-07-30 19:58:58 INFO     | DexSniper            | 🆕 New pair detected! Token: 0x26221B1B... Pair: 0xf57F0166...
2026-07-30 19:58:59 INFO     | DexSniper            |   → 银河静默者  (银静)
2026-07-30 19:58:59 INFO     | DexSniper            |   → ✅ Passed checks: Passed basic checks
2026-07-30 19:58:59 INFO     | DexSniper            | 🎯 SNIPE: 银河静默者  (银静) — 0.05 BSC invested
2026-07-30 19:58:59 INFO     | DexSniper            | ==================================================
2026-07-30 19:58:59 INFO     | DexSniper            |   📊 DEX SNIPER STATS
2026-07-30 19:58:59 INFO     | DexSniper            |   Runtime: 2:00:26.467721
2026-07-30 19:58:59 INFO     | DexSniper            |   Pairs detected: 158
2026-07-30 19:58:59 INFO     | DexSniper            |   Scams filtered: 0
2026-07-30 19:58:59 INFO     | DexSniper            |   Trades executed: 152
2026-07-30 19:58:59 INFO     | DexSniper            |   Total invested: 7.599999999999981 BSC
2026-07-30 19:58:59 INFO     | DexSniper            | ==================================================
2026-07-30 19:58:59 INFO     | DexSniper            | ⏰ Sleeping 30s...
2026-07-30 19:59:29 INFO     | DexSniper            | 🆕 New pair detected! Token: 0x964A25ae... Pair: 0xf8F28792...
2026-07-30 19:59:30 INFO     | DexSniper            |   → DataGenesis (DGS)
2026-07-30 19:59:30 INFO     | DexSniper            |   → ✅ Passed checks: Passed basic checks
2026-07-30 19:59:30 INFO     | DexSniper            | 🎯 SNIPE: DataGenesis (DGS) — 0.05 BSC invested
2026-07-30 19:59:30 INFO     | DexSniper            | ==================================================
2026-07-30 19:59:30 INFO     | DexSniper            |   📊 DEX SNIPER STATS
2026-07-30 19:59:30 INFO     | DexSniper            |   Runtime: 2:00:57.697376
2026-07-30 19:59:30 INFO     | DexSniper            |   Pairs detected: 159
2026-07-30 19:59:30 INFO     | DexSniper            |   Scams filtered: 0
2026-07-30 19:59:30 INFO     | DexSniper            |   Trades executed: 153
2026-07-30 19:59:30 INFO     | DexSniper            |   Total invested: 7.649999999999981 BSC
2026-07-30 19:59:30 INFO     | DexSniper            | ==================================================
2026-07-30 19:59:30 INFO     | DexSniper            | ⏰ Sleeping 30s...
2026-07-30 20:00:00 INFO     | DexSniper            | 🆕 New pair detected! Token: 0x5411adc2... Pair: 0x103a09A5...
2026-07-30 20:00:01 INFO     | DexSniper            |   → BNBTITAN (BNBTITAN)
2026-07-30 20:00:01 INFO     | DexSniper            |   → ✅ Passed checks: Passed basic checks
2026-07-30 20:00:01 INFO     | DexSniper            | 🎯 SNIPE: BNBTITAN (BNBTITAN) — 0.05 BSC invested
2026-07-30 20:00:01 INFO     | DexSniper            | ==================================================
2026-07-30 20:00:01 INFO     | DexSniper            |   📊 DEX SNIPER STATS
2026-07-30 20:00:01 INFO     | DexSniper            |   Runtime: 2:01:28.910885
2026-07-30 20:00:01 INFO     | DexSniper            |   Pairs detected: 160
2026-07-30 20:00:01 INFO     | DexSniper            |   Scams filtered: 0
2026-07-30 20:00:01 INFO     | DexSniper            |   Trades executed: 154
2026-07-30 20:00:01 INFO     | DexSniper            |   Total invested: 7.699999999999981 BSC
2026-07-30 20:00:01 INFO     | DexSniper            | ==================================================
2026-07-30 20:00:01 INFO     | DexSniper            | ⏰ Sleeping 30s...
2026-07-30 20:00:32 INFO     | DexSniper            | ==================================================
2026-07-30 20:00:32 INFO     | DexSniper            |   📊 DEX SNIPER STATS
2026-07-30 20:00:32 INFO     | DexSniper            |   Runtime: 2:01:59.222970
2026-07-30 20:00:32 INFO     | DexSniper            |   Pairs detected: 160
2026-07-30 20:00:32 INFO     | DexSniper            |   Scams filtered: 0
2026-07-30 20:00:32 INFO     | DexSniper            |   Trades executed: 154
2026-07-30 20:00:32 INFO     | DexSniper            |   Total invested: 7.699999999999981 BSC
2026-07-30 20:00:32 INFO     | DexSniper            | ==================================================
2026-07-30 20:00:32 INFO     | DexSniper            | ⏰ Sleeping 30s...
2026-07-30 20:01:02 INFO     | DexSniper            | ==================================================
2026-07-30 20:01:02 INFO     | DexSniper            |   📊 DEX SNIPER STATS
2026-07-30 20:01:02 INFO     | DexSniper            |   Runtime: 2:02:29.518207
2026-07-30 20:01:02 INFO     | DexSniper            |   Pairs detected: 160
2026-07-30 20:01:02 INFO     | DexSniper            |   Scams filtered: 0
2026-07-30 20:01:02 INFO     | DexSniper            |   Trades executed: 154
2026-07-30 20:01:02 INFO     | DexSniper            |   Total invested: 7.699999999999981 BSC
2026-07-30 20:01:02 INFO     | DexSniper            | ==================================================
2026-07-30 20:01:02 INFO     | DexSniper            | ⏰ Sleeping 30s...
2026-07-30 20:01:32 INFO     | DexSniper            | 🆕 New pair detected! Token: 0xB836F21A... Pair: 0xDbDcEcd2...
2026-07-30 20:01:33 INFO     | DexSniper            |   → Bstock TEST1B (TEST1B)
2026-07-30 20:01:33 INFO     | DexSniper            |   → ✅ Passed checks: Passed basic checks
2026-07-30 20:01:33 INFO     | DexSniper            | 🎯 SNIPE: Bstock TEST1B (TEST1B) — 0.05 BSC invested
2026-07-30 20:01:33 INFO     | DexSniper            | ==================================================
2026-07-30 20:01:33 INFO     | DexSniper            |   📊 DEX SNIPER STATS
2026-07-30 20:01:33 INFO     | DexSniper            |   Runtime: 2:03:00.768260
2026-07-30 20:01:33 INFO     | DexSniper            |   Pairs detected: 161
2026-07-30 20:01:33 INFO     | DexSniper            |   Scams filtered: 0
2026-07-30 20:01:33 INFO     | DexSniper            |   Trades executed: 155
2026-07-30 20:01:33 INFO     | DexSniper            |   Total invested: 7.7499999999999805 BSC
2026-07-30 20:01:33 INFO     | DexSniper            | ==================================================
2026-07-30 20:01:33 INFO     | DexSniper            | ⏰ Sleeping 30s...
2026-07-30 20:02:03 INFO     | DexSniper            | 🆕 New pair detected! Token: 0x8D4b976C... Pair: 0x14faa28A...
2026-07-30 20:02:05 INFO     | DexSniper            |   → 锦鲤金融 (锦鲤金融)
2026-07-30 20:02:05 INFO     | DexSniper            |   → ✅ Passed checks: Passed basic checks
2026-07-30 20:02:05 INFO     | DexSniper            | 🎯 SNIPE: 锦鲤金融 (锦鲤金融) — 0.05 BSC invested
2026-07-30 20:02:05 INFO     | DexSniper            | 🆕 New pair detected! Token: 0x770826C1... Pair: 0x90A2b8FB...
2026-07-30 20:02:05 INFO     | DexSniper            |   → Superapp (SUPERAPP)
2026-07-30 20:02:05 INFO     | DexSniper            |   → ✅ Passed checks: Passed basic checks
2026-07-30 20:02:05 INFO     | DexSniper            | 🎯 SNIPE: Superapp (SUPERAPP) — 0.05 BSC invested
2026-07-30 20:02:05 INFO     | DexSniper            | ==================================================
2026-07-30 20:02:05 INFO     | DexSniper            |   📊 DEX SNIPER STATS
2026-07-30 20:02:05 INFO     | DexSniper            |   Runtime: 2:03:33.039205
2026-07-30 20:02:05 INFO     | DexSniper            |   Pairs detected: 163
2026-07-30 20:02:05 INFO     | DexSniper            |   Scams filtered: 0
2026-07-30 20:02:05 INFO     | DexSniper            |   Trades executed: 157
2026-07-30 20:02:05 INFO     | DexSniper            |   Total invested: 7.84999999999998 BSC
2026-07-30 20:02:05 INFO     | DexSniper            | ==================================================
2026-07-30 20:02:05 INFO     | DexSniper            | ⏰ Sleeping 30s...
2026-07-30 20:02:36 INFO     | DexSniper            | 🆕 New pair detected! Token: 0x08a3EEa0... Pair: 0xE19C2872...
2026-07-30 20:02:37 INFO     | DexSniper            |   → SP69 (SP69)
2026-07-30 20:02:37 INFO     | DexSniper            |   → ✅ Passed checks: Passed basic checks
2026-07-30 20:02:37 INFO     | DexSniper            | 🎯 SNIPE: SP69 (SP69) — 0.05 BSC invested
2026-07-30 20:02:37 INFO     | DexSniper            | 🆕 New pair detected! Token: 0x4519941c... Pair: 0x6B3608Af...
2026-07-30 20:02:38 INFO     | DexSniper            |   → Keel Infrastructure Tokenized Stock (Ondo) (KEELon)
2026-07-30 20:02:38 INFO     | DexSniper            |   → ✅ Passed checks: Passed basic checks
2026-07-30 20:02:38 INFO     | DexSniper            | 🎯 SNIPE: Keel Infrastructure Tokenized Stock (Ondo) (KEELon) — 0.05 BSC invested
2026-07-30 20:02:38 INFO     | DexSniper            | ==================================================
2026-07-30 20:02:38 INFO     | DexSniper            |   📊 DEX SNIPER STATS
2026-07-30 20:02:38 INFO     | DexSniper            |   Runtime: 2:04:05.442574
2026-07-30 20:02:38 INFO     | DexSniper            |   Pairs detected: 165
2026-07-30 20:02:38 INFO     | DexSniper            |   Scams filtered: 0
2026-07-30 20:02:38 INFO     | DexSniper            |   Trades executed: 159
2026-07-30 20:02:38 INFO     | DexSniper            |   Total invested: 7.94999999999998 BSC
2026-07-30 20:02:38 INFO     | DexSniper            | ==================================================
2026-07-30 20:02:38 INFO     | DexSniper            | ⏰ Sleeping 30s...
2026-07-30 20:03:08 INFO     | DexSniper            | ==================================================
2026-07-30 20:03:08 INFO     | DexSniper            |   📊 DEX SNIPER STATS
2026-07-30 20:03:08 INFO     | DexSniper            |   Runtime: 2:04:35.798920
2026-07-30 20:03:08 INFO     | DexSniper            |   Pairs detected: 165
2026-07-30 20:03:08 INFO     | DexSniper            |   Scams filtered: 0
2026-07-30 20:03:08 INFO     | DexSniper            |   Trades executed: 159
2026-07-30 20:03:08 INFO     | DexSniper            |   Total invested: 7.94999999999998 BSC
2026-07-30 20:03:08 INFO     | DexSniper            | ==================================================
2026-07-30 20:03:08 INFO     | DexSniper            | ⏰ Sleeping 30s...
2026-07-30 20:03:39 INFO     | DexSniper            | ==================================================
2026-07-30 20:03:39 INFO     | DexSniper            |   📊 DEX SNIPER STATS
2026-07-30 20:03:39 INFO     | DexSniper            |   Runtime: 2:05:06.142280
2026-07-30 20:03:39 INFO     | DexSniper            |   Pairs detected: 165
2026-07-30 20:03:39 INFO     | DexSniper            |   Scams filtered: 0
2026-07-30 20:03:39 INFO     | DexSniper            |   Trades executed: 159
2026-07-30 20:03:39 INFO     | DexSniper            |   Total invested: 7.94999999999998 BSC
2026-07-30 20:03:39 INFO     | DexSniper            | ==================================================
2026-07-30 20:03:39 INFO     | DexSniper            | ⏰ Sleeping 30s...
2026-07-30 20:04:09 INFO     | DexSniper            | 🆕 New pair detected! Token: 0x548A62c2... Pair: 0xd6112Eb5...
2026-07-30 20:04:10 INFO     | DexSniper            |   → BullNinja (BULL)
2026-07-30 20:04:10 INFO     | DexSniper            |   → ✅ Passed checks: Passed basic checks
2026-07-30 20:04:10 INFO     | DexSniper            | 🎯 SNIPE: BullNinja (BULL) — 0.05 BSC invested
2026-07-30 20:04:10 INFO     | DexSniper            | ==================================================
2026-07-30 20:04:10 INFO     | DexSniper            |   📊 DEX SNIPER STATS
2026-07-30 20:04:10 INFO     | DexSniper            |   Runtime: 2:05:37.822845
2026-07-30 20:04:10 INFO     | DexSniper            |   Pairs detected: 166
2026-07-30 20:04:10 INFO     | DexSniper            |   Scams filtered: 0
2026-07-30 20:04:10 INFO     | DexSniper            |   Trades executed: 160
2026-07-30 20:04:10 INFO     | DexSniper            |   Total invested: 7.99999999999998 BSC
2026-07-30 20:04:10 INFO     | DexSniper            | ==================================================
2026-07-30 20:04:10 INFO     | DexSniper            | ⏰ Sleeping 30s...
2026-07-30 20:04:41 INFO     | DexSniper            | ==================================================
2026-07-30 20:04:41 INFO     | DexSniper            |   📊 DEX SNIPER STATS
2026-07-30 20:04:41 INFO     | DexSniper            |   Runtime: 2:06:08.132144
2026-07-30 20:04:41 INFO     | DexSniper            |   Pairs detected: 166
2026-07-30 20:04:41 INFO     | DexSniper            |   Scams filtered: 0
2026-07-30 20:04:41 INFO     | DexSniper            |   Trades executed: 160
2026-07-30 20:04:41 INFO     | DexSniper            |   Total invested: 7.99999999999998 BSC
2026-07-30 20:04:41 INFO     | DexSniper            | ==================================================
2026-07-30 20:04:41 INFO     | DexSniper            | ⏰ Sleeping 30s...
2026-07-30 20:05:11 INFO     | DexSniper            | 🆕 New pair detected! Token: 0x37c2c958... Pair: 0xA50BffcB...
2026-07-30 20:05:12 INFO     | DexSniper            |   → Robin Hood (robinhoodfox.com) (FOX)
2026-07-30 20:05:12 INFO     | DexSniper            |   → ✅ Passed checks: Passed basic checks
2026-07-30 20:05:12 INFO     | DexSniper            | 🎯 SNIPE: Robin Hood (robinhoodfox.com) (FOX) — 0.05 BSC invested
2026-07-30 20:05:12 INFO     | DexSniper            | 🆕 New pair detected! Token: 0xFBF671C0... Pair: 0x03931119...
2026-07-30 20:05:13 INFO     | DexSniper            |   → BNB MASCOT (BENNY)
2026-07-30 20:05:13 INFO     | DexSniper            |   → ✅ Passed checks: Passed basic checks
2026-07-30 20:05:13 INFO     | DexSniper            | 🎯 SNIPE: BNB MASCOT (BENNY) — 0.05 BSC invested
2026-07-30 20:05:13 INFO     | DexSniper            | ==================================================
2026-07-30 20:05:13 INFO     | DexSniper            |   📊 DEX SNIPER STATS
2026-07-30 20:05:13 INFO     | DexSniper            |   Runtime: 2:06:40.353542
2026-07-30 20:05:13 INFO     | DexSniper            |   Pairs detected: 168
2026-07-30 20:05:13 INFO     | DexSniper            |   Scams filtered: 0
2026-07-30 20:05:13 INFO     | DexSniper            |   Trades executed: 162
2026-07-30 20:05:13 INFO     | DexSniper            |   Total invested: 8.09999999999998 BSC
2026-07-30 20:05:13 INFO     | DexSniper            | ==================================================
2026-07-30 20:05:13 INFO     | DexSniper            | ⏰ Sleeping 30s...
2026-07-30 20:05:43 INFO     | DexSniper            | ==================================================
2026-07-30 20:05:43 INFO     | DexSniper            |   📊 DEX SNIPER STATS
2026-07-30 20:05:43 INFO     | DexSniper            |   Runtime: 2:07:10.676847
2026-07-30 20:05:43 INFO     | DexSniper            |   Pairs detected: 168
2026-07-30 20:05:43 INFO     | DexSniper            |   Scams filtered: 0
2026-07-30 20:05:43 INFO     | DexSniper            |   Trades executed: 162
2026-07-30 20:05:43 INFO     | DexSniper            |   Total invested: 8.09999999999998 BSC
2026-07-30 20:05:43 INFO     | DexSniper            | ==================================================
2026-07-30 20:05:43 INFO     | DexSniper            | ⏰ Sleeping 30s...
2026-07-30 20:06:14 INFO     | DexSniper            | ==================================================
2026-07-30 20:06:14 INFO     | DexSniper            |   📊 DEX SNIPER STATS
2026-07-30 20:06:14 INFO     | DexSniper            |   Runtime: 2:07:41.258141
2026-07-30 20:06:14 INFO     | DexSniper            |   Pairs detected: 168
2026-07-30 20:06:14 INFO     | DexSniper            |   Scams filtered: 0
2026-07-30 20:06:14 INFO     | DexSniper            |   Trades executed: 162
2026-07-30 20:06:14 INFO     | DexSniper            |   Total invested: 8.09999999999998 BSC
2026-07-30 20:06:14 INFO     | DexSniper            | ==================================================
2026-07-30 20:06:14 INFO     | DexSniper            | ⏰ Sleeping 30s...
2026-07-30 20:06:44 INFO     | DexSniper            | ==================================================
2026-07-30 20:06:44 INFO     | DexSniper            |   📊 DEX SNIPER STATS
2026-07-30 20:06:44 INFO     | DexSniper            |   Runtime: 2:08:11.599543
2026-07-30 20:06:44 INFO     | DexSniper            |   Pairs detected: 168
2026-07-30 20:06:44 INFO     | DexSniper            |   Scams filtered: 0
2026-07-30 20:06:44 INFO     | DexSniper            |   Trades executed: 162
2026-07-30 20:06:44 INFO     | DexSniper            |   Total invested: 8.09999999999998 BSC
2026-07-30 20:06:44 INFO     | DexSniper            | ==================================================
2026-07-30 20:06:44 INFO     | DexSniper            | ⏰ Sleeping 30s...
2026-07-30 20:07:14 INFO     | DexSniper            | ==================================================
2026-07-30 20:07:14 INFO     | DexSniper            |   📊 DEX SNIPER STATS
2026-07-30 20:07:14 INFO     | DexSniper            |   Runtime: 2:08:41.936332
2026-07-30 20:07:14 INFO     | DexSniper            |   Pairs detected: 168
2026-07-30 20:07:14 INFO     | DexSniper            |   Scams filtered: 0
2026-07-30 20:07:14 INFO     | DexSniper            |   Trades executed: 162
2026-07-30 20:07:14 INFO     | DexSniper            |   Total invested: 8.09999999999998 BSC
2026-07-30 20:07:14 INFO     | DexSniper            | ==================================================
2026-07-30 20:07:14 INFO     | DexSniper            | ⏰ Sleeping 30s...
2026-07-30 20:07:45 INFO     | DexSniper            | ==================================================
2026-07-30 20:07:45 INFO     | DexSniper            |   📊 DEX SNIPER STATS
2026-07-30 20:07:45 INFO     | DexSniper            |   Runtime: 2:09:12.242396
2026-07-30 20:07:45 INFO     | DexSniper            |   Pairs detected: 168
2026-07-30 20:07:45 INFO     | DexSniper            |   Scams filtered: 0
2026-07-30 20:07:45 INFO     | DexSniper            |   Trades executed: 162
2026-07-30 20:07:45 INFO     | DexSniper            |   Total invested: 8.09999999999998 BSC
2026-07-30 20:07:45 INFO     | DexSniper            | ==================================================
2026-07-30 20:07:45 INFO     | DexSniper            | ⏰ Sleeping 30s...
2026-07-30 20:08:15 INFO     | DexSniper            | 🆕 New pair detected! Token: 0x1E3e2a97... Pair: 0x49f6f3C4...
2026-07-30 20:08:16 INFO     | DexSniper            |   → 加密市场超级关键意见领袖KOL (加密帝)
2026-07-30 20:08:16 INFO     | DexSniper            |   → ✅ Passed checks: Passed basic checks
2026-07-30 20:08:16 INFO     | DexSniper            | 🎯 SNIPE: 加密市场超级关键意见领袖KOL (加密帝) — 0.05 BSC invested
2026-07-30 20:08:16 INFO     | DexSniper            | 🆕 New pair detected! Token: 0x5E37f325... Pair: 0xf188336E...
2026-07-30 20:08:17 INFO     | DexSniper            |   → Arkie Coin (ARKIE)
2026-07-30 20:08:17 INFO     | DexSniper            |   → ✅ Passed checks: Passed basic checks
2026-07-30 20:08:17 INFO     | DexSniper            | 🎯 SNIPE: Arkie Coin (ARKIE) — 0.05 BSC invested
2026-07-30 20:08:17 INFO     | DexSniper            | 🆕 New pair detected! Token: 0x13fC325d... Pair: 0x50C4F068...
2026-07-30 20:08:18 INFO     | DexSniper            |   → KharYsma Coins (KHACN)
2026-07-30 20:08:18 INFO     | DexSniper            |   → ✅ Passed checks: Passed basic checks
2026-07-30 20:08:18 INFO     | DexSniper            | 🎯 SNIPE: KharYsma Coins (KHACN) — 0.05 BSC invested
2026-07-30 20:08:18 INFO     | DexSniper            | ==================================================
2026-07-30 20:08:18 INFO     | DexSniper            |   📊 DEX SNIPER STATS
2026-07-30 20:08:18 INFO     | DexSniper            |   Runtime: 2:09:45.762085
2026-07-30 20:08:18 INFO     | DexSniper            |   Pairs detected: 171
2026-07-30 20:08:18 INFO     | DexSniper            |   Scams filtered: 0
2026-07-30 20:08:18 INFO     | DexSniper            |   Trades executed: 165
2026-07-30 20:08:18 INFO     | DexSniper            |   Total invested: 8.249999999999982 BSC
2026-07-30 20:08:18 INFO     | DexSniper            | ==================================================
2026-07-30 20:08:18 INFO     | DexSniper            | ⏰ Sleeping 30s...
2026-07-30 20:08:48 INFO     | DexSniper            | ==================================================
2026-07-30 20:08:48 INFO     | DexSniper            |   📊 DEX SNIPER STATS
2026-07-30 20:08:48 INFO     | DexSniper            |   Runtime: 2:10:16.068249
2026-07-30 20:08:48 INFO     | DexSniper            |   Pairs detected: 171
2026-07-30 20:08:48 INFO     | DexSniper            |   Scams filtered: 0
2026-07-30 20:08:48 INFO     | DexSniper            |   Trades executed: 165
2026-07-30 20:08:48 INFO     | DexSniper            |   Total invested: 8.249999999999982 BSC
2026-07-30 20:08:48 INFO     | DexSniper            | ==================================================
2026-07-30 20:08:48 INFO     | DexSniper            | ⏰ Sleeping 30s...
2026-07-30 20:09:19 INFO     | DexSniper            | ==================================================
2026-07-30 20:09:19 INFO     | DexSniper            |   📊 DEX SNIPER STATS
2026-07-30 20:09:19 INFO     | DexSniper            |   Runtime: 2:10:46.711611
2026-07-30 20:09:19 INFO     | DexSniper            |   Pairs detected: 171
2026-07-30 20:09:19 INFO     | DexSniper            |   Scams filtered: 0
2026-07-30 20:09:19 INFO     | DexSniper            |   Trades executed: 165
2026-07-30 20:09:19 INFO     | DexSniper            |   Total invested: 8.249999999999982 BSC
2026-07-30 20:09:19 INFO     | DexSniper            | ==================================================
2026-07-30 20:09:19 INFO     | DexSniper            | ⏰ Sleeping 30s...
2026-07-30 20:09:50 INFO     | DexSniper            | ==================================================
2026-07-30 20:09:50 INFO     | DexSniper            |   📊 DEX SNIPER STATS
2026-07-30 20:09:50 INFO     | DexSniper            |   Runtime: 2:11:17.363957
2026-07-30 20:09:50 INFO     | DexSniper            |   Pairs detected: 171
2026-07-30 20:09:50 INFO     | DexSniper            |   Scams filtered: 0
2026-07-30 20:09:50 INFO     | DexSniper            |   Trades executed: 165
2026-07-30 20:09:50 INFO     | DexSniper            |   Total invested: 8.249999999999982 BSC
2026-07-30 20:09:50 INFO     | DexSniper            | ==================================================
2026-07-30 20:09:50 INFO     | DexSniper            | ⏰ Sleeping 30s...
2026-07-30 20:10:20 INFO     | DexSniper            | 🆕 New pair detected! Token: 0x2B23c04b... Pair: 0xb9Bd5eF1...
2026-07-30 20:10:22 INFO     | DexSniper            |   → Real World Asses (RWA)
2026-07-30 20:10:22 INFO     | DexSniper            |   → ✅ Passed checks: Passed basic checks
2026-07-30 20:10:22 INFO     | DexSniper            | 🎯 SNIPE: Real World Asses (RWA) — 0.05 BSC invested
2026-07-30 20:10:22 INFO     | DexSniper            | ==================================================
2026-07-30 20:10:22 INFO     | DexSniper            |   📊 DEX SNIPER STATS
2026-07-30 20:10:22 INFO     | DexSniper            |   Runtime: 2:11:49.282023
2026-07-30 20:10:22 INFO     | DexSniper            |   Pairs detected: 172
2026-07-30 20:10:22 INFO     | DexSniper            |   Scams filtered: 0
2026-07-30 20:10:22 INFO     | DexSniper            |   Trades executed: 166
2026-07-30 20:10:22 INFO     | DexSniper            |   Total invested: 8.299999999999983 BSC
2026-07-30 20:10:22 INFO     | DexSniper            | ==================================================
2026-07-30 20:10:22 INFO     | DexSniper            | ⏰ Sleeping 30s...
2026-07-30 20:10:52 INFO     | DexSniper            | ==================================================
2026-07-30 20:10:52 INFO     | DexSniper            |   📊 DEX SNIPER STATS
2026-07-30 20:10:52 INFO     | DexSniper            |   Runtime: 2:12:19.605586
2026-07-30 20:10:52 INFO     | DexSniper            |   Pairs detected: 172
2026-07-30 20:10:52 INFO     | DexSniper            |   Scams filtered: 0
2026-07-30 20:10:52 INFO     | DexSniper            |   Trades executed: 166
2026-07-30 20:10:52 INFO     | DexSniper            |   Total invested: 8.299999999999983 BSC
2026-07-30 20:10:52 INFO     | DexSniper            | ==================================================
2026-07-30 20:10:52 INFO     | DexSniper            | ⏰ Sleeping 30s...
2026-07-30 20:11:22 INFO     | DexSniper            | ==================================================
2026-07-30 20:11:22 INFO     | DexSniper            |   📊 DEX SNIPER STATS
2026-07-30 20:11:22 INFO     | DexSniper            |   Runtime: 2:12:50.035543
2026-07-30 20:11:22 INFO     | DexSniper            |   Pairs detected: 172
2026-07-30 20:11:22 INFO     | DexSniper            |   Scams filtered: 0
2026-07-30 20:11:22 INFO     | DexSniper            |   Trades executed: 166
2026-07-30 20:11:22 INFO     | DexSniper            |   Total invested: 8.299999999999983 BSC
2026-07-30 20:11:22 INFO     | DexSniper            | ==================================================
2026-07-30 20:11:22 INFO     | DexSniper            | ⏰ Sleeping 30s...
2026-07-30 20:11:53 INFO     | DexSniper            | 🆕 New pair detected! Token: 0x1c05FD5b... Pair: 0x69b48eA0...
2026-07-30 20:11:54 INFO     | DexSniper            |   → 币安黑马 (币安黑马)
2026-07-30 20:11:54 INFO     | DexSniper            |   → ✅ Passed checks: Passed basic checks
2026-07-30 20:11:54 INFO     | DexSniper            | 🎯 SNIPE: 币安黑马 (币安黑马) — 0.05 BSC invested
2026-07-30 20:11:54 INFO     | DexSniper            | ==================================================
2026-07-30 20:11:54 INFO     | DexSniper            |   📊 DEX SNIPER STATS
2026-07-30 20:11:54 INFO     | DexSniper            |   Runtime: 2:13:21.346538
2026-07-30 20:11:54 INFO     | DexSniper            |   Pairs detected: 173
2026-07-30 20:11:54 INFO     | DexSniper            |   Scams filtered: 0
2026-07-30 20:11:54 INFO     | DexSniper            |   Trades executed: 167
2026-07-30 20:11:54 INFO     | DexSniper            |   Total invested: 8.349999999999984 BSC
2026-07-30 20:11:54 INFO     | DexSniper            | ==================================================
2026-07-30 20:11:54 INFO     | DexSniper            | ⏰ Sleeping 30s...
2026-07-30 20:12:24 INFO     | DexSniper            | 🆕 New pair detected! Token: 0xc3a595bf... Pair: 0xDB4873Ef...
2026-07-30 20:12:25 INFO     | DexSniper            |   → Samurai💰 (SAMU💰)
2026-07-30 20:12:25 INFO     | DexSniper            |   → ✅ Passed checks: Passed basic checks
2026-07-30 20:12:25 INFO     | DexSniper            | 🎯 SNIPE: Samurai💰 (SAMU💰) — 0.05 BSC invested
2026-07-30 20:12:25 INFO     | DexSniper            | ==================================================
2026-07-30 20:12:25 INFO     | DexSniper            |   📊 DEX SNIPER STATS
2026-07-30 20:12:25 INFO     | DexSniper            |   Runtime: 2:13:52.691915
2026-07-30 20:12:25 INFO     | DexSniper            |   Pairs detected: 174
2026-07-30 20:12:25 INFO     | DexSniper            |   Scams filtered: 0
2026-07-30 20:12:25 INFO     | DexSniper            |   Trades executed: 168
2026-07-30 20:12:25 INFO     | DexSniper            |   Total invested: 8.399999999999984 BSC
2026-07-30 20:12:25 INFO     | DexSniper            | ==================================================
2026-07-30 20:12:25 INFO     | DexSniper            | ⏰ Sleeping 30s...
2026-07-30 20:12:55 INFO     | DexSniper            | ==================================================
2026-07-30 20:12:55 INFO     | DexSniper            |   📊 DEX SNIPER STATS
2026-07-30 20:12:55 INFO     | DexSniper            |   Runtime: 2:14:23.000820
2026-07-30 20:12:55 INFO     | DexSniper            |   Pairs detected: 174
2026-07-30 20:12:55 INFO     | DexSniper            |   Scams filtered: 0
2026-07-30 20:12:55 INFO     | DexSniper            |   Trades executed: 168
2026-07-30 20:12:55 INFO     | DexSniper            |   Total invested: 8.399999999999984 BSC
2026-07-30 20:12:55 INFO     | DexSniper            | ==================================================
2026-07-30 20:12:55 INFO     | DexSniper            | ⏰ Sleeping 30s...
2026-07-30 20:13:26 INFO     | DexSniper            | ==================================================
2026-07-30 20:13:26 INFO     | DexSniper            |   📊 DEX SNIPER STATS
2026-07-30 20:13:26 INFO     | DexSniper            |   Runtime: 2:14:53.290656
2026-07-30 20:13:26 INFO     | DexSniper            |   Pairs detected: 174
2026-07-30 20:13:26 INFO     | DexSniper            |   Scams filtered: 0
2026-07-30 20:13:26 INFO     | DexSniper            |   Trades executed: 168
2026-07-30 20:13:26 INFO     | DexSniper            |   Total invested: 8.399999999999984 BSC
2026-07-30 20:13:26 INFO     | DexSniper            | ==================================================
2026-07-30 20:13:26 INFO     | DexSniper            | ⏰ Sleeping 30s...
2026-07-30 20:13:56 INFO     | DexSniper            | ==================================================
2026-07-30 20:13:56 INFO     | DexSniper            |   📊 DEX SNIPER STATS
2026-07-30 20:13:56 INFO     | DexSniper            |   Runtime: 2:15:23.582961
2026-07-30 20:13:56 INFO     | DexSniper            |   Pairs detected: 174
2026-07-30 20:13:56 INFO     | DexSniper            |   Scams filtered: 0
2026-07-30 20:13:56 INFO     | DexSniper            |   Trades executed: 168
2026-07-30 20:13:56 INFO     | DexSniper            |   Total invested: 8.399999999999984 BSC
2026-07-30 20:13:56 INFO     | DexSniper            | ==================================================
2026-07-30 20:13:56 INFO     | DexSniper            | ⏰ Sleeping 30s...
2026-07-30 20:14:26 INFO     | DexSniper            | ==================================================
2026-07-30 20:14:26 INFO     | DexSniper            |   📊 DEX SNIPER STATS
2026-07-30 20:14:26 INFO     | DexSniper            |   Runtime: 2:15:53.882264
2026-07-30 20:14:26 INFO     | DexSniper            |   Pairs detected: 174
2026-07-30 20:14:26 INFO     | DexSniper            |   Scams filtered: 0
2026-07-30 20:14:26 INFO     | DexSniper            |   Trades executed: 168
2026-07-30 20:14:26 INFO     | DexSniper            |   Total invested: 8.399999999999984 BSC
2026-07-30 20:14:26 INFO     | DexSniper            | ==================================================
2026-07-30 20:14:26 INFO     | DexSniper            | ⏰ Sleeping 30s...
2026-07-30 20:14:57 INFO     | DexSniper            | ==================================================
2026-07-30 20:14:57 INFO     | DexSniper            |   📊 DEX SNIPER STATS
2026-07-30 20:14:57 INFO     | DexSniper            |   Runtime: 2:16:24.224617
2026-07-30 20:14:57 INFO     | DexSniper            |   Pairs detected: 174
2026-07-30 20:14:57 INFO     | DexSniper            |   Scams filtered: 0
2026-07-30 20:14:57 INFO     | DexSniper            |   Trades executed: 168
2026-07-30 20:14:57 INFO     | DexSniper            |   Total invested: 8.399999999999984 BSC
2026-07-30 20:14:57 INFO     | DexSniper            | ==================================================
2026-07-30 20:14:57 INFO     | DexSniper            | ⏰ Sleeping 30s...
2026-07-30 20:15:27 INFO     | DexSniper            | ==================================================
2026-07-30 20:15:27 INFO     | DexSniper            |   📊 DEX SNIPER STATS
2026-07-30 20:15:27 INFO     | DexSniper            |   Runtime: 2:16:54.512235
2026-07-30 20:15:27 INFO     | DexSniper            |   Pairs detected: 174
2026-07-30 20:15:27 INFO     | DexSniper            |   Scams filtered: 0
2026-07-30 20:15:27 INFO     | DexSniper            |   Trades executed: 168
2026-07-30 20:15:27 INFO     | DexSniper            |   Total invested: 8.399999999999984 BSC
2026-07-30 20:15:27 INFO     | DexSniper            | ==================================================
2026-07-30 20:15:27 INFO     | DexSniper            | ⏰ Sleeping 30s...
2026-07-30 20:15:57 INFO     | DexSniper            | ==================================================
2026-07-30 20:15:57 INFO     | DexSniper            |   📊 DEX SNIPER STATS
2026-07-30 20:15:57 INFO     | DexSniper            |   Runtime: 2:17:24.804997
2026-07-30 20:15:57 INFO     | DexSniper            |   Pairs detected: 174
2026-07-30 20:15:57 INFO     | DexSniper            |   Scams filtered: 0
2026-07-30 20:15:57 INFO     | DexSniper            |   Trades executed: 168
2026-07-30 20:15:57 INFO     | DexSniper            |   Total invested: 8.399999999999984 BSC
2026-07-30 20:15:57 INFO     | DexSniper            | ==================================================
2026-07-30 20:15:57 INFO     | DexSniper            | ⏰ Sleeping 30s...
2026-07-30 20:16:28 INFO     | DexSniper            | 🆕 New pair detected! Token: 0x635D0335... Pair: 0xFB3DED94...
2026-07-30 20:16:29 INFO     | DexSniper            |   → Robotics (Robotics)
2026-07-30 20:16:29 INFO     | DexSniper            |   → ✅ Passed checks: Passed basic checks
2026-07-30 20:16:29 INFO     | DexSniper            | 🎯 SNIPE: Robotics (Robotics) — 0.05 BSC invested
2026-07-30 20:16:29 INFO     | DexSniper            | 🆕 New pair detected! Token: 0xDC988F34... Pair: 0x78c0F4af...
2026-07-30 20:16:30 INFO     | DexSniper            |   → 永夜星域  (夜域)
2026-07-30 20:16:30 INFO     | DexSniper            |   → ✅ Passed checks: Passed basic checks
2026-07-30 20:16:30 INFO     | DexSniper            | 🎯 SNIPE: 永夜星域  (夜域) — 0.05 BSC invested
2026-07-30 20:16:30 INFO     | DexSniper            | ==================================================
2026-07-30 20:16:30 INFO     | DexSniper            |   📊 DEX SNIPER STATS
2026-07-30 20:16:30 INFO     | DexSniper            |   Runtime: 2:17:57.501126
2026-07-30 20:16:30 INFO     | DexSniper            |   Pairs detected: 176
2026-07-30 20:16:30 INFO     | DexSniper            |   Scams filtered: 0
2026-07-30 20:16:30 INFO     | DexSniper            |   Trades executed: 170
2026-07-30 20:16:30 INFO     | DexSniper            |   Total invested: 8.499999999999986 BSC
2026-07-30 20:16:30 INFO     | DexSniper            | ==================================================
2026-07-30 20:16:30 INFO     | DexSniper            | ⏰ Sleeping 30s...
2026-07-30 20:17:00 INFO     | DexSniper            | ==================================================
2026-07-30 20:17:00 INFO     | DexSniper            |   📊 DEX SNIPER STATS
2026-07-30 20:17:00 INFO     | DexSniper            |   Runtime: 2:18:28.011282
2026-07-30 20:17:00 INFO     | DexSniper            |   Pairs detected: 176
2026-07-30 20:17:00 INFO     | DexSniper            |   Scams filtered: 0
2026-07-30 20:17:00 INFO     | DexSniper            |   Trades executed: 170
2026-07-30 20:17:00 INFO     | DexSniper            |   Total invested: 8.499999999999986 BSC
2026-07-30 20:17:00 INFO     | DexSniper            | ==================================================
2026-07-30 20:17:00 INFO     | DexSniper            | ⏰ Sleeping 30s...
2026-07-30 20:17:31 INFO     | DexSniper            | 🆕 New pair detected! Token: 0xBA3e383d... Pair: 0x7bBa067D...
2026-07-30 20:17:32 INFO     | DexSniper            |   → DongCoin (DongCoin)
2026-07-30 20:17:32 INFO     | DexSniper            |   → ✅ Passed checks: Passed basic checks
2026-07-30 20:17:32 INFO     | DexSniper            | 🎯 SNIPE: DongCoin (DongCoin) — 0.05 BSC invested
2026-07-30 20:17:32 INFO     | DexSniper            | ==================================================
2026-07-30 20:17:32 INFO     | DexSniper            |   📊 DEX SNIPER STATS
2026-07-30 20:17:32 INFO     | DexSniper            |   Runtime: 2:18:59.248125
2026-07-30 20:17:32 INFO     | DexSniper            |   Pairs detected: 177
2026-07-30 20:17:32 INFO     | DexSniper            |   Scams filtered: 0
2026-07-30 20:17:32 INFO     | DexSniper            |   Trades executed: 171
2026-07-30 20:17:32 INFO     | DexSniper            |   Total invested: 8.549999999999986 BSC
2026-07-30 20:17:32 INFO     | DexSniper            | ==================================================
2026-07-30 20:17:32 INFO     | DexSniper            | ⏰ Sleeping 30s...
2026-07-30 20:18:02 INFO     | DexSniper            | ==================================================
2026-07-30 20:18:02 INFO     | DexSniper            |   📊 DEX SNIPER STATS
2026-07-30 20:18:02 INFO     | DexSniper            |   Runtime: 2:19:29.556268
2026-07-30 20:18:02 INFO     | DexSniper            |   Pairs detected: 177
2026-07-30 20:18:02 INFO     | DexSniper            |   Scams filtered: 0
2026-07-30 20:18:02 INFO     | DexSniper            |   Trades executed: 171
2026-07-30 20:18:02 INFO     | DexSniper            |   Total invested: 8.549999999999986 BSC
2026-07-30 20:18:02 INFO     | DexSniper            | ==================================================
2026-07-30 20:18:02 INFO     | DexSniper            | ⏰ Sleeping 30s...
2026-07-30 20:18:32 INFO     | DexSniper            | ==================================================
2026-07-30 20:18:32 INFO     | DexSniper            |   📊 DEX SNIPER STATS
2026-07-30 20:18:32 INFO     | DexSniper            |   Runtime: 2:19:59.870102
2026-07-30 20:18:32 INFO     | DexSniper            |   Pairs detected: 177
2026-07-30 20:18:32 INFO     | DexSniper            |   Scams filtered: 0
2026-07-30 20:18:32 INFO     | DexSniper            |   Trades executed: 171
2026-07-30 20:18:32 INFO     | DexSniper            |   Total invested: 8.549999999999986 BSC
2026-07-30 20:18:32 INFO     | DexSniper            | ==================================================
2026-07-30 20:18:32 INFO     | DexSniper            | ⏰ Sleeping 30s...
2026-07-30 20:19:03 INFO     | DexSniper            | 🆕 New pair detected! Token: 0x0eb16d2A... Pair: 0x01133C56...
2026-07-30 20:19:04 INFO     | DexSniper            |   → PirateCoin (PIR)
2026-07-30 20:19:04 INFO     | DexSniper            |   → ✅ Passed checks: Passed basic checks
2026-07-30 20:19:04 INFO     | DexSniper            | 🎯 SNIPE: PirateCoin (PIR) — 0.05 BSC invested
2026-07-30 20:19:04 INFO     | DexSniper            | ==================================================
2026-07-30 20:19:04 INFO     | DexSniper            |   📊 DEX SNIPER STATS
2026-07-30 20:19:04 INFO     | DexSniper            |   Runtime: 2:20:31.545651
2026-07-30 20:19:04 INFO     | DexSniper            |   Pairs detected: 178
2026-07-30 20:19:04 INFO     | DexSniper            |   Scams filtered: 0
2026-07-30 20:19:04 INFO     | DexSniper            |   Trades executed: 172
2026-07-30 20:19:04 INFO     | DexSniper            |   Total invested: 8.599999999999987 BSC
2026-07-30 20:19:04 INFO     | DexSniper            | ==================================================
2026-07-30 20:19:04 INFO     | DexSniper            | ⏰ Sleeping 30s...
2026-07-30 20:19:34 INFO     | DexSniper            | ==================================================
2026-07-30 20:19:34 INFO     | DexSniper            |   📊 DEX SNIPER STATS
2026-07-30 20:19:34 INFO     | DexSniper            |   Runtime: 2:21:01.860208
2026-07-30 20:19:34 INFO     | DexSniper            |   Pairs detected: 178
2026-07-30 20:19:34 INFO     | DexSniper            |   Scams filtered: 0
2026-07-30 20:19:34 INFO     | DexSniper            |   Trades executed: 172
2026-07-30 20:19:34 INFO     | DexSniper            |   Total invested: 8.599999999999987 BSC
2026-07-30 20:19:34 INFO     | DexSniper            | ==================================================
2026-07-30 20:19:34 INFO     | DexSniper            | ⏰ Sleeping 30s...
2026-07-30 20:20:05 INFO     | DexSniper            | ==================================================
2026-07-30 20:20:05 INFO     | DexSniper            |   📊 DEX SNIPER STATS
2026-07-30 20:20:05 INFO     | DexSniper            |   Runtime: 2:21:32.154707
2026-07-30 20:20:05 INFO     | DexSniper            |   Pairs detected: 178
2026-07-30 20:20:05 INFO     | DexSniper            |   Scams filtered: 0
2026-07-30 20:20:05 INFO     | DexSniper            |   Trades executed: 172
2026-07-30 20:20:05 INFO     | DexSniper            |   Total invested: 8.599999999999987 BSC
2026-07-30 20:20:05 INFO     | DexSniper            | ==================================================
2026-07-30 20:20:05 INFO     | DexSniper            | ⏰ Sleeping 30s...
2026-07-30 20:20:35 INFO     | DexSniper            | ==================================================
2026-07-30 20:20:35 INFO     | DexSniper            |   📊 DEX SNIPER STATS
2026-07-30 20:20:35 INFO     | DexSniper            |   Runtime: 2:22:02.482052
2026-07-30 20:20:35 INFO     | DexSniper            |   Pairs detected: 178
2026-07-30 20:20:35 INFO     | DexSniper            |   Scams filtered: 0
2026-07-30 20:20:35 INFO     | DexSniper            |   Trades executed: 172
2026-07-30 20:20:35 INFO     | DexSniper            |   Total invested: 8.599999999999987 BSC
2026-07-30 20:20:35 INFO     | DexSniper            | ==================================================
2026-07-30 20:20:35 INFO     | DexSniper            | ⏰ Sleeping 30s...
2026-07-30 20:21:05 INFO     | DexSniper            | ==================================================
2026-07-30 20:21:05 INFO     | DexSniper            |   📊 DEX SNIPER STATS
2026-07-30 20:21:05 INFO     | DexSniper            |   Runtime: 2:22:32.789645
2026-07-30 20:21:05 INFO     | DexSniper            |   Pairs detected: 178
2026-07-30 20:21:05 INFO     | DexSniper            |   Scams filtered: 0
2026-07-30 20:21:05 INFO     | DexSniper            |   Trades executed: 172
2026-07-30 20:21:05 INFO     | DexSniper            |   Total invested: 8.599999999999987 BSC
2026-07-30 20:21:05 INFO     | DexSniper            | ==================================================
2026-07-30 20:21:05 INFO     | DexSniper            | ⏰ Sleeping 30s...
2026-07-30 20:21:35 INFO     | DexSniper            | 🆕 New pair detected! Token: 0x3e44eA7d... Pair: 0x1CC19C8b...
2026-07-30 20:21:37 INFO     | DexSniper            |   → BullFi (BULL)
2026-07-30 20:21:37 INFO     | DexSniper            |   → ✅ Passed checks: Passed basic checks
2026-07-30 20:21:37 INFO     | DexSniper            | 🎯 SNIPE: BullFi (BULL) — 0.05 BSC invested
2026-07-30 20:21:37 INFO     | DexSniper            | ==================================================
2026-07-30 20:21:37 INFO     | DexSniper            |   📊 DEX SNIPER STATS
2026-07-30 20:21:37 INFO     | DexSniper            |   Runtime: 2:23:04.794665
2026-07-30 20:21:37 INFO     | DexSniper            |   Pairs detected: 179
2026-07-30 20:21:37 INFO     | DexSniper            |   Scams filtered: 0
2026-07-30 20:21:37 INFO     | DexSniper            |   Trades executed: 173
2026-07-30 20:21:37 INFO     | DexSniper            |   Total invested: 8.649999999999988 BSC
2026-07-30 20:21:37 INFO     | DexSniper            | ==================================================
2026-07-30 20:21:37 INFO     | DexSniper            | ⏰ Sleeping 30s...
2026-07-30 20:22:08 INFO     | DexSniper            | 🆕 New pair detected! Token: 0x84b36Fb4... Pair: 0x97Af1861...
2026-07-30 20:22:09 INFO     | DexSniper            |   → 聚宝盆 (聚宝盆)
2026-07-30 20:22:09 INFO     | DexSniper            |   → ✅ Passed checks: Passed basic checks
2026-07-30 20:22:09 INFO     | DexSniper            | 🎯 SNIPE: 聚宝盆 (聚宝盆) — 0.05 BSC invested
2026-07-30 20:22:09 INFO     | DexSniper            | ==================================================
2026-07-30 20:22:09 INFO     | DexSniper            |   📊 DEX SNIPER STATS
2026-07-30 20:22:09 INFO     | DexSniper            |   Runtime: 2:23:36.400561
2026-07-30 20:22:09 INFO     | DexSniper            |   Pairs detected: 180
2026-07-30 20:22:09 INFO     | DexSniper            |   Scams filtered: 0
2026-07-30 20:22:09 INFO     | DexSniper            |   Trades executed: 174
2026-07-30 20:22:09 INFO     | DexSniper            |   Total invested: 8.699999999999989 BSC
2026-07-30 20:22:09 INFO     | DexSniper            | ==================================================
2026-07-30 20:22:09 INFO     | DexSniper            | ⏰ Sleeping 30s...
2026-07-30 20:22:39 INFO     | DexSniper            | ==================================================
2026-07-30 20:22:39 INFO     | DexSniper            |   📊 DEX SNIPER STATS
2026-07-30 20:22:39 INFO     | DexSniper            |   Runtime: 2:24:06.717685
2026-07-30 20:22:39 INFO     | DexSniper            |   Pairs detected: 180
2026-07-30 20:22:39 INFO     | DexSniper            |   Scams filtered: 0
2026-07-30 20:22:39 INFO     | DexSniper            |   Trades executed: 174
2026-07-30 20:22:39 INFO     | DexSniper            |   Total invested: 8.699999999999989 BSC
2026-07-30 20:22:39 INFO     | DexSniper            | ==================================================
2026-07-30 20:22:39 INFO     | DexSniper            | ⏰ Sleeping 30s...
2026-07-30 20:23:09 INFO     | DexSniper            | ==================================================
2026-07-30 20:23:09 INFO     | DexSniper            |   📊 DEX SNIPER STATS
2026-07-30 20:23:09 INFO     | DexSniper            |   Runtime: 2:24:37.012947
2026-07-30 20:23:09 INFO     | DexSniper            |   Pairs detected: 180
2026-07-30 20:23:09 INFO     | DexSniper            |   Scams filtered: 0
2026-07-30 20:23:09 INFO     | DexSniper            |   Trades executed: 174
2026-07-30 20:23:09 INFO     | DexSniper            |   Total invested: 8.699999999999989 BSC
2026-07-30 20:23:09 INFO     | DexSniper            | ==================================================
2026-07-30 20:23:09 INFO     | DexSniper            | ⏰ Sleeping 30s...
2026-07-30 20:23:40 INFO     | DexSniper            | ==================================================
2026-07-30 20:23:40 INFO     | DexSniper            |   📊 DEX SNIPER STATS
2026-07-30 20:23:40 INFO     | DexSniper            |   Runtime: 2:25:07.389005
2026-07-30 20:23:40 INFO     | DexSniper            |   Pairs detected: 180
2026-07-30 20:23:40 INFO     | DexSniper            |   Scams filtered: 0
2026-07-30 20:23:40 INFO     | DexSniper            |   Trades executed: 174
2026-07-30 20:23:40 INFO     | DexSniper            |   Total invested: 8.699999999999989 BSC
2026-07-30 20:23:40 INFO     | DexSniper            | ==================================================
2026-07-30 20:23:40 INFO     | DexSniper            | ⏰ Sleeping 30s...
2026-07-30 20:24:10 INFO     | DexSniper            | ==================================================
2026-07-30 20:24:10 INFO     | DexSniper            |   📊 DEX SNIPER STATS
2026-07-30 20:24:10 INFO     | DexSniper            |   Runtime: 2:25:37.817713
2026-07-30 20:24:10 INFO     | DexSniper            |   Pairs detected: 180
2026-07-30 20:24:10 INFO     | DexSniper            |   Scams filtered: 0
2026-07-30 20:24:10 INFO     | DexSniper            |   Trades executed: 174
2026-07-30 20:24:10 INFO     | DexSniper            |   Total invested: 8.699999999999989 BSC
2026-07-30 20:24:10 INFO     | DexSniper            | ==================================================
2026-07-30 20:24:10 INFO     | DexSniper            | ⏰ Sleeping 30s...
2026-07-30 20:24:41 INFO     | DexSniper            | ==================================================
2026-07-30 20:24:41 INFO     | DexSniper            |   📊 DEX SNIPER STATS
2026-07-30 20:24:41 INFO     | DexSniper            |   Runtime: 2:26:08.134932
2026-07-30 20:24:41 INFO     | DexSniper            |   Pairs detected: 180
2026-07-30 20:24:41 INFO     | DexSniper            |   Scams filtered: 0
2026-07-30 20:24:41 INFO     | DexSniper            |   Trades executed: 174
2026-07-30 20:24:41 INFO     | DexSniper            |   Total invested: 8.699999999999989 BSC
2026-07-30 20:24:41 INFO     | DexSniper            | ==================================================
2026-07-30 20:24:41 INFO     | DexSniper            | ⏰ Sleeping 30s...
2026-07-30 20:25:11 INFO     | DexSniper            | ==================================================
2026-07-30 20:25:11 INFO     | DexSniper            |   📊 DEX SNIPER STATS
2026-07-30 20:25:11 INFO     | DexSniper            |   Runtime: 2:26:38.437158
2026-07-30 20:25:11 INFO     | DexSniper            |   Pairs detected: 180
2026-07-30 20:25:11 INFO     | DexSniper            |   Scams filtered: 0
2026-07-30 20:25:11 INFO     | DexSniper            |   Trades executed: 174
2026-07-30 20:25:11 INFO     | DexSniper            |   Total invested: 8.699999999999989 BSC
2026-07-30 20:25:11 INFO     | DexSniper            | ==================================================
2026-07-30 20:25:11 INFO     | DexSniper            | ⏰ Sleeping 30s...
2026-07-30 20:25:41 INFO     | DexSniper            | ==================================================
2026-07-30 20:25:41 INFO     | DexSniper            |   📊 DEX SNIPER STATS
2026-07-30 20:25:41 INFO     | DexSniper            |   Runtime: 2:27:08.781625
2026-07-30 20:25:41 INFO     | DexSniper            |   Pairs detected: 180
2026-07-30 20:25:41 INFO     | DexSniper            |   Scams filtered: 0
2026-07-30 20:25:41 INFO     | DexSniper            |   Trades executed: 174
2026-07-30 20:25:41 INFO     | DexSniper            |   Total invested: 8.699999999999989 BSC
2026-07-30 20:25:41 INFO     | DexSniper            | ==================================================
2026-07-30 20:25:41 INFO     | DexSniper            | ⏰ Sleeping 30s...
2026-07-30 20:26:11 INFO     | DexSniper            | ==================================================
2026-07-30 20:26:11 INFO     | DexSniper            |   📊 DEX SNIPER STATS
2026-07-30 20:26:11 INFO     | DexSniper            |   Runtime: 2:27:39.091525
2026-07-30 20:26:11 INFO     | DexSniper            |   Pairs detected: 180
2026-07-30 20:26:11 INFO     | DexSniper            |   Scams filtered: 0
2026-07-30 20:26:11 INFO     | DexSniper            |   Trades executed: 174
2026-07-30 20:26:11 INFO     | DexSniper            |   Total invested: 8.699999999999989 BSC
2026-07-30 20:26:11 INFO     | DexSniper            | ==================================================
2026-07-30 20:26:11 INFO     | DexSniper            | ⏰ Sleeping 30s...
2026-07-30 20:26:42 INFO     | DexSniper            | ==================================================
2026-07-30 20:26:42 INFO     | DexSniper            |   📊 DEX SNIPER STATS
2026-07-30 20:26:42 INFO     | DexSniper            |   Runtime: 2:28:09.455887
2026-07-30 20:26:42 INFO     | DexSniper            |   Pairs detected: 180
2026-07-30 20:26:42 INFO     | DexSniper            |   Scams filtered: 0
2026-07-30 20:26:42 INFO     | DexSniper            |   Trades executed: 174
2026-07-30 20:26:42 INFO     | DexSniper            |   Total invested: 8.699999999999989 BSC
2026-07-30 20:26:42 INFO     | DexSniper            | ==================================================
2026-07-30 20:26:42 INFO     | DexSniper            | ⏰ Sleeping 30s...
2026-07-30 20:27:12 INFO     | DexSniper            | 🆕 New pair detected! Token: 0xF107aFA7... Pair: 0xABB06e9A...
2026-07-30 20:27:13 INFO     | DexSniper            |   → ChadChinese💰 (CHAD💰)
2026-07-30 20:27:13 INFO     | DexSniper            |   → ✅ Passed checks: Passed basic checks
2026-07-30 20:27:13 INFO     | DexSniper            | 🎯 SNIPE: ChadChinese💰 (CHAD💰) — 0.05 BSC invested
2026-07-30 20:27:13 INFO     | DexSniper            | ==================================================
2026-07-30 20:27:13 INFO     | DexSniper            |   📊 DEX SNIPER STATS
2026-07-30 20:27:13 INFO     | DexSniper            |   Runtime: 2:28:40.701302
2026-07-30 20:27:13 INFO     | DexSniper            |   Pairs detected: 181
2026-07-30 20:27:13 INFO     | DexSniper            |   Scams filtered: 0
2026-07-30 20:27:13 INFO     | DexSniper            |   Trades executed: 175
2026-07-30 20:27:13 INFO     | DexSniper            |   Total invested: 8.74999999999999 BSC
2026-07-30 20:27:13 INFO     | DexSniper            | ==================================================
2026-07-30 20:27:13 INFO     | DexSniper            | ⏰ Sleeping 30s...
2026-07-30 20:27:43 INFO     | DexSniper            | 🆕 New pair detected! Token: 0xEEC5170e... Pair: 0x013B78cd...
2026-07-30 20:27:44 INFO     | DexSniper            |   → BrainLabs (BLAB)
2026-07-30 20:27:44 INFO     | DexSniper            |   → ✅ Passed checks: Passed basic checks
2026-07-30 20:27:44 INFO     | DexSniper            | 🎯 SNIPE: BrainLabs (BLAB) — 0.05 BSC invested
2026-07-30 20:27:44 INFO     | DexSniper            | 🆕 New pair detected! Token: 0x2d52E3BB... Pair: 0xC70e11Ae...
2026-07-30 20:27:45 INFO     | DexSniper            |   → T-SpaceX tokenized stock (Tessera) (tSpaceX)
2026-07-30 20:27:45 INFO     | DexSniper            |   → ✅ Passed checks: Passed basic checks
2026-07-30 20:27:45 INFO     | DexSniper            | 🎯 SNIPE: T-SpaceX tokenized stock (Tessera) (tSpaceX) — 0.05 BSC invested
2026-07-30 20:27:45 INFO     | DexSniper            | ==================================================
2026-07-30 20:27:45 INFO     | DexSniper            |   📊 DEX SNIPER STATS
2026-07-30 20:27:45 INFO     | DexSniper            |   Runtime: 2:29:12.922980
2026-07-30 20:27:45 INFO     | DexSniper            |   Pairs detected: 183
2026-07-30 20:27:45 INFO     | DexSniper            |   Scams filtered: 0
2026-07-30 20:27:45 INFO     | DexSniper            |   Trades executed: 177
2026-07-30 20:27:45 INFO     | DexSniper            |   Total invested: 8.84999999999999 BSC
2026-07-30 20:27:45 INFO     | DexSniper            | ==================================================
2026-07-30 20:27:45 INFO     | DexSniper            | ⏰ Sleeping 30s...
2026-07-30 20:28:16 INFO     | DexSniper            | ==================================================
2026-07-30 20:28:16 INFO     | DexSniper            |   📊 DEX SNIPER STATS
2026-07-30 20:28:16 INFO     | DexSniper            |   Runtime: 2:29:43.220018
2026-07-30 20:28:16 INFO     | DexSniper            |   Pairs detected: 183
2026-07-30 20:28:16 INFO     | DexSniper            |   Scams filtered: 0
2026-07-30 20:28:16 INFO     | DexSniper            |   Trades executed: 177
2026-07-30 20:28:16 INFO     | DexSniper            |   Total invested: 8.84999999999999 BSC
2026-07-30 20:28:16 INFO     | DexSniper            | ==================================================
2026-07-30 20:28:16 INFO     | DexSniper            | ⏰ Sleeping 30s...
2026-07-30 20:28:47 INFO     | DexSniper            | ==================================================
2026-07-30 20:28:47 INFO     | DexSniper            |   📊 DEX SNIPER STATS
2026-07-30 20:28:47 INFO     | DexSniper            |   Runtime: 2:30:14.261126
2026-07-30 20:28:47 INFO     | DexSniper            |   Pairs detected: 183
2026-07-30 20:28:47 INFO     | DexSniper            |   Scams filtered: 0
2026-07-30 20:28:47 INFO     | DexSniper            |   Trades executed: 177
2026-07-30 20:28:47 INFO     | DexSniper            |   Total invested: 8.84999999999999 BSC
2026-07-30 20:28:47 INFO     | DexSniper            | ==================================================
2026-07-30 20:28:47 INFO     | DexSniper            | ⏰ Sleeping 30s...
2026-07-30 20:29:17 INFO     | DexSniper            | ==================================================
2026-07-30 20:29:17 INFO     | DexSniper            |   📊 DEX SNIPER STATS
2026-07-30 20:29:17 INFO     | DexSniper            |   Runtime: 2:30:44.543227
2026-07-30 20:29:17 INFO     | DexSniper            |   Pairs detected: 183
2026-07-30 20:29:17 INFO     | DexSniper            |   Scams filtered: 0
2026-07-30 20:29:17 INFO     | DexSniper            |   Trades executed: 177
2026-07-30 20:29:17 INFO     | DexSniper            |   Total invested: 8.84999999999999 BSC
2026-07-30 20:29:17 INFO     | DexSniper            | ==================================================
2026-07-30 20:29:17 INFO     | DexSniper            | ⏰ Sleeping 30s...
2026-07-30 20:29:47 INFO     | DexSniper            | ==================================================
2026-07-30 20:29:47 INFO     | DexSniper            |   📊 DEX SNIPER STATS
2026-07-30 20:29:47 INFO     | DexSniper            |   Runtime: 2:31:14.830398
2026-07-30 20:29:47 INFO     | DexSniper            |   Pairs detected: 183
2026-07-30 20:29:47 INFO     | DexSniper            |   Scams filtered: 0
2026-07-30 20:29:47 INFO     | DexSniper            |   Trades executed: 177
2026-07-30 20:29:47 INFO     | DexSniper            |   Total invested: 8.84999999999999 BSC
2026-07-30 20:29:47 INFO     | DexSniper            | ==================================================
2026-07-30 20:29:47 INFO     | DexSniper            | ⏰ Sleeping 30s...
2026-07-30 20:30:18 INFO     | DexSniper            | ==================================================
2026-07-30 20:30:18 INFO     | DexSniper            |   📊 DEX SNIPER STATS
2026-07-30 20:30:18 INFO     | DexSniper            |   Runtime: 2:31:45.484277
2026-07-30 20:30:18 INFO     | DexSniper            |   Pairs detected: 183
2026-07-30 20:30:18 INFO     | DexSniper            |   Scams filtered: 0
2026-07-30 20:30:18 INFO     | DexSniper            |   Trades executed: 177
2026-07-30 20:30:18 INFO     | DexSniper            |   Total invested: 8.84999999999999 BSC
2026-07-30 20:30:18 INFO     | DexSniper            | ==================================================
2026-07-30 20:30:18 INFO     | DexSniper            | ⏰ Sleeping 30s...
2026-07-30 20:30:48 INFO     | DexSniper            | ==================================================
2026-07-30 20:30:48 INFO     | DexSniper            |   📊 DEX SNIPER STATS
2026-07-30 20:30:48 INFO     | DexSniper            |   Runtime: 2:32:15.845302
2026-07-30 20:30:48 INFO     | DexSniper            |   Pairs detected: 183
2026-07-30 20:30:48 INFO     | DexSniper            |   Scams filtered: 0
2026-07-30 20:30:48 INFO     | DexSniper            |   Trades executed: 177
2026-07-30 20:30:48 INFO     | DexSniper            |   Total invested: 8.84999999999999 BSC
2026-07-30 20:30:48 INFO     | DexSniper            | ==================================================
2026-07-30 20:30:48 INFO     | DexSniper            | ⏰ Sleeping 30s...
2026-07-30 20:31:19 INFO     | DexSniper            | ==================================================
2026-07-30 20:31:19 INFO     | DexSniper            |   📊 DEX SNIPER STATS
2026-07-30 20:31:19 INFO     | DexSniper            |   Runtime: 2:32:46.170215
2026-07-30 20:31:19 INFO     | DexSniper            |   Pairs detected: 183
2026-07-30 20:31:19 INFO     | DexSniper            |   Scams filtered: 0
2026-07-30 20:31:19 INFO     | DexSniper            |   Trades executed: 177
2026-07-30 20:31:19 INFO     | DexSniper            |   Total invested: 8.84999999999999 BSC
2026-07-30 20:31:19 INFO     | DexSniper            | ==================================================
2026-07-30 20:31:19 INFO     | DexSniper            | ⏰ Sleeping 30s...
2026-07-30 20:31:49 INFO     | DexSniper            | ==================================================
2026-07-30 20:31:49 INFO     | DexSniper            |   📊 DEX SNIPER STATS
2026-07-30 20:31:49 INFO     | DexSniper            |   Runtime: 2:33:16.469981
2026-07-30 20:31:49 INFO     | DexSniper            |   Pairs detected: 183
2026-07-30 20:31:49 INFO     | DexSniper            |   Scams filtered: 0
2026-07-30 20:31:49 INFO     | DexSniper            |   Trades executed: 177
2026-07-30 20:31:49 INFO     | DexSniper            |   Total invested: 8.84999999999999 BSC
2026-07-30 20:31:49 INFO     | DexSniper            | ==================================================
2026-07-30 20:31:49 INFO     | DexSniper            | ⏰ Sleeping 30s...
2026-07-30 20:32:19 INFO     | DexSniper            | 🆕 New pair detected! Token: 0x8138e0fb... Pair: 0x3Bfff3A3...
2026-07-30 20:32:20 INFO     | DexSniper            |   → BlockAi (BlockAi)
2026-07-30 20:32:20 INFO     | DexSniper            |   → ✅ Passed checks: Passed basic checks
2026-07-30 20:32:20 INFO     | DexSniper            | 🎯 SNIPE: BlockAi (BlockAi) — 0.05 BSC invested
2026-07-30 20:32:20 INFO     | DexSniper            | ==================================================
2026-07-30 20:32:20 INFO     | DexSniper            |   📊 DEX SNIPER STATS
2026-07-30 20:32:20 INFO     | DexSniper            |   Runtime: 2:33:47.719957
2026-07-30 20:32:20 INFO     | DexSniper            |   Pairs detected: 184
2026-07-30 20:32:20 INFO     | DexSniper            |   Scams filtered: 0
2026-07-30 20:32:20 INFO     | DexSniper            |   Trades executed: 178
2026-07-30 20:32:20 INFO     | DexSniper            |   Total invested: 8.899999999999991 BSC
2026-07-30 20:32:20 INFO     | DexSniper            | ==================================================
2026-07-30 20:32:20 INFO     | DexSniper            | ⏰ Sleeping 30s...
2026-07-30 20:32:50 INFO     | DexSniper            | ==================================================
2026-07-30 20:32:50 INFO     | DexSniper            |   📊 DEX SNIPER STATS
2026-07-30 20:32:50 INFO     | DexSniper            |   Runtime: 2:34:18.006149
2026-07-30 20:32:50 INFO     | DexSniper            |   Pairs detected: 184
2026-07-30 20:32:50 INFO     | DexSniper            |   Scams filtered: 0
2026-07-30 20:32:50 INFO     | DexSniper            |   Trades executed: 178
2026-07-30 20:32:50 INFO     | DexSniper            |   Total invested: 8.899999999999991 BSC
2026-07-30 20:32:50 INFO     | DexSniper            | ==================================================
2026-07-30 20:32:50 INFO     | DexSniper            | ⏰ Sleeping 30s...
2026-07-30 20:33:21 INFO     | DexSniper            | ==================================================
2026-07-30 20:33:21 INFO     | DexSniper            |   📊 DEX SNIPER STATS
2026-07-30 20:33:21 INFO     | DexSniper            |   Runtime: 2:34:48.328896
2026-07-30 20:33:21 INFO     | DexSniper            |   Pairs detected: 184
2026-07-30 20:33:21 INFO     | DexSniper            |   Scams filtered: 0
2026-07-30 20:33:21 INFO     | DexSniper            |   Trades executed: 178
2026-07-30 20:33:21 INFO     | DexSniper            |   Total invested: 8.899999999999991 BSC
2026-07-30 20:33:21 INFO     | DexSniper            | ==================================================
2026-07-30 20:33:21 INFO     | DexSniper            | ⏰ Sleeping 30s...
2026-07-30 20:33:51 INFO     | DexSniper            | 🆕 New pair detected! Token: 0x3346C729... Pair: 0x2Ba121Ea...
2026-07-30 20:33:52 INFO     | DexSniper            |   → Golden Pact (GOT)
2026-07-30 20:33:52 INFO     | DexSniper            |   → ✅ Passed checks: Passed basic checks
2026-07-30 20:33:52 INFO     | DexSniper            | 🎯 SNIPE: Golden Pact (GOT) — 0.05 BSC invested
2026-07-30 20:33:52 INFO     | DexSniper            | ==================================================
2026-07-30 20:33:52 INFO     | DexSniper            |   📊 DEX SNIPER STATS
2026-07-30 20:33:52 INFO     | DexSniper            |   Runtime: 2:35:19.830530
2026-07-30 20:33:52 INFO     | DexSniper            |   Pairs detected: 185
2026-07-30 20:33:52 INFO     | DexSniper            |   Scams filtered: 0
2026-07-30 20:33:52 INFO     | DexSniper            |   Trades executed: 179
2026-07-30 20:33:52 INFO     | DexSniper            |   Total invested: 8.949999999999992 BSC
2026-07-30 20:33:52 INFO     | DexSniper            | ==================================================
2026-07-30 20:33:52 INFO     | DexSniper            | ⏰ Sleeping 30s...
2026-07-30 20:34:23 INFO     | DexSniper            | ==================================================
2026-07-30 20:34:23 INFO     | DexSniper            |   📊 DEX SNIPER STATS
2026-07-30 20:34:23 INFO     | DexSniper            |   Runtime: 2:35:50.126269
2026-07-30 20:34:23 INFO     | DexSniper            |   Pairs detected: 185
2026-07-30 20:34:23 INFO     | DexSniper            |   Scams filtered: 0
2026-07-30 20:34:23 INFO     | DexSniper            |   Trades executed: 179
2026-07-30 20:34:23 INFO     | DexSniper            |   Total invested: 8.949999999999992 BSC
2026-07-30 20:34:23 INFO     | DexSniper            | ==================================================
2026-07-30 20:34:23 INFO     | DexSniper            | ⏰ Sleeping 30s...
2026-07-30 20:34:53 INFO     | DexSniper            | ==================================================
2026-07-30 20:34:53 INFO     | DexSniper            |   📊 DEX SNIPER STATS
2026-07-30 20:34:53 INFO     | DexSniper            |   Runtime: 2:36:20.488688
2026-07-30 20:34:53 INFO     | DexSniper            |   Pairs detected: 185
2026-07-30 20:34:53 INFO     | DexSniper            |   Scams filtered: 0
2026-07-30 20:34:53 INFO     | DexSniper            |   Trades executed: 179
2026-07-30 20:34:53 INFO     | DexSniper            |   Total invested: 8.949999999999992 BSC
2026-07-30 20:34:53 INFO     | DexSniper            | ==================================================
2026-07-30 20:34:53 INFO     | DexSniper            | ⏰ Sleeping 30s...
2026-07-30 20:35:23 INFO     | DexSniper            | ==================================================
2026-07-30 20:35:23 INFO     | DexSniper            |   📊 DEX SNIPER STATS
2026-07-30 20:35:23 INFO     | DexSniper            |   Runtime: 2:36:50.813276
2026-07-30 20:35:23 INFO     | DexSniper            |   Pairs detected: 185
2026-07-30 20:35:23 INFO     | DexSniper            |   Scams filtered: 0
2026-07-30 20:35:23 INFO     | DexSniper            |   Trades executed: 179
2026-07-30 20:35:23 INFO     | DexSniper            |   Total invested: 8.949999999999992 BSC
2026-07-30 20:35:23 INFO     | DexSniper            | ==================================================
2026-07-30 20:35:23 INFO     | DexSniper            | ⏰ Sleeping 30s...
2026-07-30 20:35:54 INFO     | DexSniper            | ==================================================
2026-07-30 20:35:54 INFO     | DexSniper            |   📊 DEX SNIPER STATS
2026-07-30 20:35:54 INFO     | DexSniper            |   Runtime: 2:37:21.158001
2026-07-30 20:35:54 INFO     | DexSniper            |   Pairs detected: 185
2026-07-30 20:35:54 INFO     | DexSniper            |   Scams filtered: 0
2026-07-30 20:35:54 INFO     | DexSniper            |   Trades executed: 179
2026-07-30 20:35:54 INFO     | DexSniper            |   Total invested: 8.949999999999992 BSC
2026-07-30 20:35:54 INFO     | DexSniper            | ==================================================
2026-07-30 20:35:54 INFO     | DexSniper            | ⏰ Sleeping 30s...
2026-07-30 20:36:24 INFO     | DexSniper            | ==================================================
2026-07-30 20:36:24 INFO     | DexSniper            |   📊 DEX SNIPER STATS
2026-07-30 20:36:24 INFO     | DexSniper            |   Runtime: 2:37:51.509181
2026-07-30 20:36:24 INFO     | DexSniper            |   Pairs detected: 185
2026-07-30 20:36:24 INFO     | DexSniper            |   Scams filtered: 0
2026-07-30 20:36:24 INFO     | DexSniper            |   Trades executed: 179
2026-07-30 20:36:24 INFO     | DexSniper            |   Total invested: 8.949999999999992 BSC
2026-07-30 20:36:24 INFO     | DexSniper            | ==================================================
2026-07-30 20:36:24 INFO     | DexSniper            | ⏰ Sleeping 30s...
2026-07-30 20:36:54 INFO     | DexSniper            | ==================================================
2026-07-30 20:36:54 INFO     | DexSniper            |   📊 DEX SNIPER STATS
2026-07-30 20:36:54 INFO     | DexSniper            |   Runtime: 2:38:21.864381
2026-07-30 20:36:54 INFO     | DexSniper            |   Pairs detected: 185
2026-07-30 20:36:54 INFO     | DexSniper            |   Scams filtered: 0
2026-07-30 20:36:54 INFO     | DexSniper            |   Trades executed: 179
2026-07-30 20:36:54 INFO     | DexSniper            |   Total invested: 8.949999999999992 BSC
2026-07-30 20:36:54 INFO     | DexSniper            | ==================================================
2026-07-30 20:36:54 INFO     | DexSniper            | ⏰ Sleeping 30s...
2026-07-30 20:37:25 INFO     | DexSniper            | 🆕 New pair detected! Token: 0xcf2Ec8A1... Pair: 0xC4103348...
2026-07-30 20:37:25 INFO     | DexSniper            |   → Apple Tokenized bStocks (AAPLB)
2026-07-30 20:37:25 INFO     | DexSniper            |   → ✅ Passed checks: Passed basic checks
2026-07-30 20:37:25 INFO     | DexSniper            | 🎯 SNIPE: Apple Tokenized bStocks (AAPLB) — 0.05 BSC invested
2026-07-30 20:37:25 INFO     | DexSniper            | ==================================================
2026-07-30 20:37:25 INFO     | DexSniper            |   📊 DEX SNIPER STATS
2026-07-30 20:37:25 INFO     | DexSniper            |   Runtime: 2:38:53.100227
2026-07-30 20:37:25 INFO     | DexSniper            |   Pairs detected: 186
2026-07-30 20:37:25 INFO     | DexSniper            |   Scams filtered: 0
2026-07-30 20:37:25 INFO     | DexSniper            |   Trades executed: 180
2026-07-30 20:37:25 INFO     | DexSniper            |   Total invested: 8.999999999999993 BSC
2026-07-30 20:37:25 INFO     | DexSniper            | ==================================================
2026-07-30 20:37:26 INFO     | DexSniper            | ⏰ Sleeping 30s...
2026-07-30 20:37:56 INFO     | DexSniper            | 🆕 New pair detected! Token: 0xEf8c0972... Pair: 0xFA3D6134...
2026-07-30 20:37:57 INFO     | DexSniper            |   → BUSD (BUSD)
2026-07-30 20:37:57 INFO     | DexSniper            |   → ✅ Passed checks: Passed basic checks
2026-07-30 20:37:57 INFO     | DexSniper            | 🎯 SNIPE: BUSD (BUSD) — 0.05 BSC invested
2026-07-30 20:37:57 INFO     | DexSniper            | 🆕 New pair detected! Token: 0x47684600... Pair: 0xC2aB5d74...
2026-07-30 20:37:58 INFO     | DexSniper            |   → DOGELON (DOGELON)
2026-07-30 20:37:58 WARNING  | DexSniper            |   → 🚫 SCAM DETECTED: Scam patterns matched: elon, doge
2026-07-30 20:37:58 INFO     | DexSniper            | ==================================================
2026-07-30 20:37:58 INFO     | DexSniper            |   📊 DEX SNIPER STATS
2026-07-30 20:37:58 INFO     | DexSniper            |   Runtime: 2:39:25.389817
2026-07-30 20:37:58 INFO     | DexSniper            |   Pairs detected: 188
2026-07-30 20:37:58 INFO     | DexSniper            |   Scams filtered: 1
2026-07-30 20:37:58 INFO     | DexSniper            |   Trades executed: 181
2026-07-30 20:37:58 INFO     | DexSniper            |   Total invested: 9.049999999999994 BSC
2026-07-30 20:37:58 INFO     | DexSniper            | ==================================================
2026-07-30 20:37:58 INFO     | DexSniper            | ⏰ Sleeping 30s...
2026-07-30 20:38:29 INFO     | DexSniper            | ==================================================
2026-07-30 20:38:29 INFO     | DexSniper            |   📊 DEX SNIPER STATS
2026-07-30 20:38:29 INFO     | DexSniper            |   Runtime: 2:39:56.140946
2026-07-30 20:38:29 INFO     | DexSniper            |   Pairs detected: 188
2026-07-30 20:38:29 INFO     | DexSniper            |   Scams filtered: 1
2026-07-30 20:38:29 INFO     | DexSniper            |   Trades executed: 181
2026-07-30 20:38:29 INFO     | DexSniper            |   Total invested: 9.049999999999994 BSC
2026-07-30 20:38:29 INFO     | DexSniper            | ==================================================
2026-07-30 20:38:29 INFO     | DexSniper            | ⏰ Sleeping 30s...
2026-07-30 20:38:59 INFO     | DexSniper            | ==================================================
2026-07-30 20:38:59 INFO     | DexSniper            |   📊 DEX SNIPER STATS
2026-07-30 20:38:59 INFO     | DexSniper            |   Runtime: 2:40:27.074111
2026-07-30 20:38:59 INFO     | DexSniper            |   Pairs detected: 188
2026-07-30 20:38:59 INFO     | DexSniper            |   Scams filtered: 1
2026-07-30 20:38:59 INFO     | DexSniper            |   Trades executed: 181
2026-07-30 20:38:59 INFO     | DexSniper            |   Total invested: 9.049999999999994 BSC
2026-07-30 20:38:59 INFO     | DexSniper            | ==================================================
2026-07-30 20:38:59 INFO     | DexSniper            | ⏰ Sleeping 30s...
2026-07-30 20:39:30 INFO     | DexSniper            | 🆕 New pair detected! Token: 0xcfb0A5dc... Pair: 0x2208A06C...
2026-07-30 20:39:31 INFO     | DexSniper            |   → BNB Trenchers Ai (Trenchers)
2026-07-30 20:39:31 INFO     | DexSniper            |   → ✅ Passed checks: Passed basic checks
2026-07-30 20:39:31 INFO     | DexSniper            | 🎯 SNIPE: BNB Trenchers Ai (Trenchers) — 0.05 BSC invested
2026-07-30 20:39:31 INFO     | DexSniper            | ==================================================
2026-07-30 20:39:31 INFO     | DexSniper            |   📊 DEX SNIPER STATS
2026-07-30 20:39:31 INFO     | DexSniper            |   Runtime: 2:40:58.214083
2026-07-30 20:39:31 INFO     | DexSniper            |   Pairs detected: 189
2026-07-30 20:39:31 INFO     | DexSniper            |   Scams filtered: 1
2026-07-30 20:39:31 INFO     | DexSniper            |   Trades executed: 182
2026-07-30 20:39:31 INFO     | DexSniper            |   Total invested: 9.099999999999994 BSC
2026-07-30 20:39:31 INFO     | DexSniper            | ==================================================
2026-07-30 20:39:31 INFO     | DexSniper            | ⏰ Sleeping 30s...
2026-07-30 20:40:01 INFO     | DexSniper            | ==================================================
2026-07-30 20:40:01 INFO     | DexSniper            |   📊 DEX SNIPER STATS
2026-07-30 20:40:01 INFO     | DexSniper            |   Runtime: 2:41:28.507657
2026-07-30 20:40:01 INFO     | DexSniper            |   Pairs detected: 189
2026-07-30 20:40:01 INFO     | DexSniper            |   Scams filtered: 1
2026-07-30 20:40:01 INFO     | DexSniper            |   Trades executed: 182
2026-07-30 20:40:01 INFO     | DexSniper            |   Total invested: 9.099999999999994 BSC
2026-07-30 20:40:01 INFO     | DexSniper            | ==================================================
2026-07-30 20:40:01 INFO     | DexSniper            | ⏰ Sleeping 30s...
2026-07-30 20:40:31 INFO     | DexSniper            | 🆕 New pair detected! Token: 0xE6Ae41e1... Pair: 0x61A4688f...
2026-07-30 20:40:32 INFO     | DexSniper            |   → UrAnus (UrAnus)
2026-07-30 20:40:32 INFO     | DexSniper            |   → ✅ Passed checks: Passed basic checks
2026-07-30 20:40:32 INFO     | DexSniper            | 🎯 SNIPE: UrAnus (UrAnus) — 0.05 BSC invested
2026-07-30 20:40:32 INFO     | DexSniper            | ==================================================
2026-07-30 20:40:32 INFO     | DexSniper            |   📊 DEX SNIPER STATS
2026-07-30 20:40:32 INFO     | DexSniper            |   Runtime: 2:42:00.066260
2026-07-30 20:40:32 INFO     | DexSniper            |   Pairs detected: 190
2026-07-30 20:40:32 INFO     | DexSniper            |   Scams filtered: 1
2026-07-30 20:40:32 INFO     | DexSniper            |   Trades executed: 183
2026-07-30 20:40:32 INFO     | DexSniper            |   Total invested: 9.149999999999995 BSC
2026-07-30 20:40:32 INFO     | DexSniper            | ==================================================
2026-07-30 20:40:32 INFO     | DexSniper            | ⏰ Sleeping 30s...
2026-07-30 20:41:03 INFO     | DexSniper            | ==================================================
2026-07-30 20:41:03 INFO     | DexSniper            |   📊 DEX SNIPER STATS
2026-07-30 20:41:03 INFO     | DexSniper            |   Runtime: 2:42:30.372399
2026-07-30 20:41:03 INFO     | DexSniper            |   Pairs detected: 190
2026-07-30 20:41:03 INFO     | DexSniper            |   Scams filtered: 1
2026-07-30 20:41:03 INFO     | DexSniper            |   Trades executed: 183
2026-07-30 20:41:03 INFO     | DexSniper            |   Total invested: 9.149999999999995 BSC
2026-07-30 20:41:03 INFO     | DexSniper            | ==================================================
2026-07-30 20:41:03 INFO     | DexSniper            | ⏰ Sleeping 30s...
2026-07-30 20:41:33 INFO     | DexSniper            | ==================================================
2026-07-30 20:41:33 INFO     | DexSniper            |   📊 DEX SNIPER STATS
2026-07-30 20:41:33 INFO     | DexSniper            |   Runtime: 2:43:00.646852
2026-07-30 20:41:33 INFO     | DexSniper            |   Pairs detected: 190
2026-07-30 20:41:33 INFO     | DexSniper            |   Scams filtered: 1
2026-07-30 20:41:33 INFO     | DexSniper            |   Trades executed: 183
2026-07-30 20:41:33 INFO     | DexSniper            |   Total invested: 9.149999999999995 BSC
2026-07-30 20:41:33 INFO     | DexSniper            | ==================================================
2026-07-30 20:41:33 INFO     | DexSniper            | ⏰ Sleeping 30s...
2026-07-30 20:42:03 INFO     | DexSniper            | ==================================================
2026-07-30 20:42:03 INFO     | DexSniper            |   📊 DEX SNIPER STATS
2026-07-30 20:42:03 INFO     | DexSniper            |   Runtime: 2:43:30.949417
2026-07-30 20:42:03 INFO     | DexSniper            |   Pairs detected: 190
2026-07-30 20:42:03 INFO     | DexSniper            |   Scams filtered: 1
2026-07-30 20:42:03 INFO     | DexSniper            |   Trades executed: 183
2026-07-30 20:42:03 INFO     | DexSniper            |   Total invested: 9.149999999999995 BSC
2026-07-30 20:42:03 INFO     | DexSniper            | ==================================================
2026-07-30 20:42:03 INFO     | DexSniper            | ⏰ Sleeping 30s...
2026-07-30 20:42:34 INFO     | DexSniper            | ==================================================
2026-07-30 20:42:34 INFO     | DexSniper            |   📊 DEX SNIPER STATS
2026-07-30 20:42:34 INFO     | DexSniper            |   Runtime: 2:44:01.304355
2026-07-30 20:42:34 INFO     | DexSniper            |   Pairs detected: 190
2026-07-30 20:42:34 INFO     | DexSniper            |   Scams filtered: 1
2026-07-30 20:42:34 INFO     | DexSniper            |   Trades executed: 183
2026-07-30 20:42:34 INFO     | DexSniper            |   Total invested: 9.149999999999995 BSC
2026-07-30 20:42:34 INFO     | DexSniper            | ==================================================
2026-07-30 20:42:34 INFO     | DexSniper            | ⏰ Sleeping 30s...
2026-07-30 20:43:04 INFO     | DexSniper            | ==================================================
2026-07-30 20:43:04 INFO     | DexSniper            |   📊 DEX SNIPER STATS
2026-07-30 20:43:04 INFO     | DexSniper            |   Runtime: 2:44:31.603935
2026-07-30 20:43:04 INFO     | DexSniper            |   Pairs detected: 190
2026-07-30 20:43:04 INFO     | DexSniper            |   Scams filtered: 1
2026-07-30 20:43:04 INFO     | DexSniper            |   Trades executed: 183
2026-07-30 20:43:04 INFO     | DexSniper            |   Total invested: 9.149999999999995 BSC
2026-07-30 20:43:04 INFO     | DexSniper            | ==================================================
2026-07-30 20:43:04 INFO     | DexSniper            | ⏰ Sleeping 30s...
2026-07-30 20:43:34 INFO     | DexSniper            | ==================================================
2026-07-30 20:43:34 INFO     | DexSniper            |   📊 DEX SNIPER STATS
2026-07-30 20:43:34 INFO     | DexSniper            |   Runtime: 2:45:01.894464
2026-07-30 20:43:34 INFO     | DexSniper            |   Pairs detected: 190
2026-07-30 20:43:34 INFO     | DexSniper            |   Scams filtered: 1
2026-07-30 20:43:34 INFO     | DexSniper            |   Trades executed: 183
2026-07-30 20:43:34 INFO     | DexSniper            |   Total invested: 9.149999999999995 BSC
2026-07-30 20:43:34 INFO     | DexSniper            | ==================================================
2026-07-30 20:43:34 INFO     | DexSniper            | ⏰ Sleeping 30s...
2026-07-30 20:44:05 INFO     | DexSniper            | ==================================================
2026-07-30 20:44:05 INFO     | DexSniper            |   📊 DEX SNIPER STATS
2026-07-30 20:44:05 INFO     | DexSniper            |   Runtime: 2:45:32.182169
2026-07-30 20:44:05 INFO     | DexSniper            |   Pairs detected: 190
2026-07-30 20:44:05 INFO     | DexSniper            |   Scams filtered: 1
2026-07-30 20:44:05 INFO     | DexSniper            |   Trades executed: 183
2026-07-30 20:44:05 INFO     | DexSniper            |   Total invested: 9.149999999999995 BSC
2026-07-30 20:44:05 INFO     | DexSniper            | ==================================================
2026-07-30 20:44:05 INFO     | DexSniper            | ⏰ Sleeping 30s...
2026-07-30 20:44:35 INFO     | DexSniper            | ==================================================
2026-07-30 20:44:35 INFO     | DexSniper            |   📊 DEX SNIPER STATS
2026-07-30 20:44:35 INFO     | DexSniper            |   Runtime: 2:46:02.515165
2026-07-30 20:44:35 INFO     | DexSniper            |   Pairs detected: 190
2026-07-30 20:44:35 INFO     | DexSniper            |   Scams filtered: 1
2026-07-30 20:44:35 INFO     | DexSniper            |   Trades executed: 183
2026-07-30 20:44:35 INFO     | DexSniper            |   Total invested: 9.149999999999995 BSC
2026-07-30 20:44:35 INFO     | DexSniper            | ==================================================
2026-07-30 20:44:35 INFO     | DexSniper            | ⏰ Sleeping 30s...
2026-07-30 20:45:06 INFO     | DexSniper            | ==================================================
2026-07-30 20:45:06 INFO     | DexSniper            |   📊 DEX SNIPER STATS
2026-07-30 20:45:06 INFO     | DexSniper            |   Runtime: 2:46:33.172285
2026-07-30 20:45:06 INFO     | DexSniper            |   Pairs detected: 190
2026-07-30 20:45:06 INFO     | DexSniper            |   Scams filtered: 1
2026-07-30 20:45:06 INFO     | DexSniper            |   Trades executed: 183
2026-07-30 20:45:06 INFO     | DexSniper            |   Total invested: 9.149999999999995 BSC
2026-07-30 20:45:06 INFO     | DexSniper            | ==================================================
2026-07-30 20:45:06 INFO     | DexSniper            | ⏰ Sleeping 30s...
2026-07-30 20:45:36 INFO     | DexSniper            | ==================================================
2026-07-30 20:45:36 INFO     | DexSniper            |   📊 DEX SNIPER STATS
2026-07-30 20:45:36 INFO     | DexSniper            |   Runtime: 2:47:03.521733
2026-07-30 20:45:36 INFO     | DexSniper            |   Pairs detected: 190
2026-07-30 20:45:36 INFO     | DexSniper            |   Scams filtered: 1
2026-07-30 20:45:36 INFO     | DexSniper            |   Trades executed: 183
2026-07-30 20:45:36 INFO     | DexSniper            |   Total invested: 9.149999999999995 BSC
2026-07-30 20:45:36 INFO     | DexSniper            | ==================================================
2026-07-30 20:45:36 INFO     | DexSniper            | ⏰ Sleeping 30s...
2026-07-30 20:46:06 INFO     | DexSniper            | ==================================================
2026-07-30 20:46:06 INFO     | DexSniper            |   📊 DEX SNIPER STATS
2026-07-30 20:46:06 INFO     | DexSniper            |   Runtime: 2:47:33.922503
2026-07-30 20:46:06 INFO     | DexSniper            |   Pairs detected: 190
2026-07-30 20:46:06 INFO     | DexSniper            |   Scams filtered: 1
2026-07-30 20:46:06 INFO     | DexSniper            |   Trades executed: 183
2026-07-30 20:46:06 INFO     | DexSniper            |   Total invested: 9.149999999999995 BSC
2026-07-30 20:46:06 INFO     | DexSniper            | ==================================================
2026-07-30 20:46:06 INFO     | DexSniper            | ⏰ Sleeping 30s...
2026-07-30 20:46:37 INFO     | DexSniper            | 🆕 New pair detected! Token: 0x6e539668... Pair: 0x4E9507bc...
2026-07-30 20:46:38 INFO     | DexSniper            |   → Musk 2.0 (M)
2026-07-30 20:46:38 INFO     | DexSniper            |   → ✅ Passed checks: Passed basic checks
2026-07-30 20:46:38 INFO     | DexSniper            | 🎯 SNIPE: Musk 2.0 (M) — 0.05 BSC invested
2026-07-30 20:46:38 INFO     | DexSniper            | ==================================================
2026-07-30 20:46:38 INFO     | DexSniper            |   📊 DEX SNIPER STATS
2026-07-30 20:46:38 INFO     | DexSniper            |   Runtime: 2:48:05.952820
2026-07-30 20:46:38 INFO     | DexSniper            |   Pairs detected: 191
2026-07-30 20:46:38 INFO     | DexSniper            |   Scams filtered: 1
2026-07-30 20:46:38 INFO     | DexSniper            |   Trades executed: 184
2026-07-30 20:46:38 INFO     | DexSniper            |   Total invested: 9.199999999999996 BSC
2026-07-30 20:46:38 INFO     | DexSniper            | ==================================================
2026-07-30 20:46:38 INFO     | DexSniper            | ⏰ Sleeping 30s...
2026-07-30 20:47:09 INFO     | DexSniper            | ==================================================
2026-07-30 20:47:09 INFO     | DexSniper            |   📊 DEX SNIPER STATS
2026-07-30 20:47:09 INFO     | DexSniper            |   Runtime: 2:48:36.326480
2026-07-30 20:47:09 INFO     | DexSniper            |   Pairs detected: 191
2026-07-30 20:47:09 INFO     | DexSniper            |   Scams filtered: 1
2026-07-30 20:47:09 INFO     | DexSniper            |   Trades executed: 184
2026-07-30 20:47:09 INFO     | DexSniper            |   Total invested: 9.199999999999996 BSC
2026-07-30 20:47:09 INFO     | DexSniper            | ==================================================
2026-07-30 20:47:09 INFO     | DexSniper            | ⏰ Sleeping 30s...
2026-07-30 20:47:39 INFO     | DexSniper            | ==================================================
2026-07-30 20:47:39 INFO     | DexSniper            |   📊 DEX SNIPER STATS
2026-07-30 20:47:39 INFO     | DexSniper            |   Runtime: 2:49:06.630681
2026-07-30 20:47:39 INFO     | DexSniper            |   Pairs detected: 191
2026-07-30 20:47:39 INFO     | DexSniper            |   Scams filtered: 1
2026-07-30 20:47:39 INFO     | DexSniper            |   Trades executed: 184
2026-07-30 20:47:39 INFO     | DexSniper            |   Total invested: 9.199999999999996 BSC
2026-07-30 20:47:39 INFO     | DexSniper            | ==================================================
2026-07-30 20:47:39 INFO     | DexSniper            | ⏰ Sleeping 30s...
2026-07-30 20:48:09 INFO     | DexSniper            | ==================================================
2026-07-30 20:48:09 INFO     | DexSniper            |   📊 DEX SNIPER STATS
2026-07-30 20:48:09 INFO     | DexSniper            |   Runtime: 2:49:36.981036
2026-07-30 20:48:09 INFO     | DexSniper            |   Pairs detected: 191
2026-07-30 20:48:09 INFO     | DexSniper            |   Scams filtered: 1
2026-07-30 20:48:09 INFO     | DexSniper            |   Trades executed: 184
2026-07-30 20:48:09 INFO     | DexSniper            |   Total invested: 9.199999999999996 BSC
2026-07-30 20:48:09 INFO     | DexSniper            | ==================================================
2026-07-30 20:48:09 INFO     | DexSniper            | ⏰ Sleeping 30s...
2026-07-30 20:48:40 INFO     | DexSniper            | ==================================================
2026-07-30 20:48:40 INFO     | DexSniper            |   📊 DEX SNIPER STATS
2026-07-30 20:48:40 INFO     | DexSniper            |   Runtime: 2:50:07.777724
2026-07-30 20:48:40 INFO     | DexSniper            |   Pairs detected: 191
2026-07-30 20:48:40 INFO     | DexSniper            |   Scams filtered: 1
2026-07-30 20:48:40 INFO     | DexSniper            |   Trades executed: 184
2026-07-30 20:48:40 INFO     | DexSniper            |   Total invested: 9.199999999999996 BSC
2026-07-30 20:48:40 INFO     | DexSniper            | ==================================================
2026-07-30 20:48:40 INFO     | DexSniper            | ⏰ Sleeping 30s...
2026-07-30 20:49:10 INFO     | DexSniper            | ==================================================
2026-07-30 20:49:10 INFO     | DexSniper            |   📊 DEX SNIPER STATS
2026-07-30 20:49:10 INFO     | DexSniper            |   Runtime: 2:50:37.988376
2026-07-30 20:49:10 INFO     | DexSniper            |   Pairs detected: 191
2026-07-30 20:49:10 INFO     | DexSniper            |   Scams filtered: 1
2026-07-30 20:49:10 INFO     | DexSniper            |   Trades executed: 184
2026-07-30 20:49:10 INFO     | DexSniper            |   Total invested: 9.199999999999996 BSC
2026-07-30 20:49:10 INFO     | DexSniper            | ==================================================
2026-07-30 20:49:10 INFO     | DexSniper            | ⏰ Sleeping 30s...
2026-07-30 20:50:00 ERROR    | DexSniper            | Error fetching events: ('Connection aborted.', RemoteDisconnected('Remote end closed connection without response'))
2026-07-30 20:50:00 INFO     | DexSniper            | ==================================================
2026-07-30 20:50:00 INFO     | DexSniper            |   📊 DEX SNIPER STATS
2026-07-30 20:50:00 INFO     | DexSniper            |   Runtime: 2:51:27.228593
2026-07-30 20:50:00 INFO     | DexSniper            |   Pairs detected: 191
2026-07-30 20:50:00 INFO     | DexSniper            |   Scams filtered: 1
2026-07-30 20:50:00 INFO     | DexSniper            |   Trades executed: 184
2026-07-30 20:50:00 INFO     | DexSniper            |   Total invested: 9.199999999999996 BSC
2026-07-30 20:50:00 INFO     | DexSniper            | ==================================================
2026-07-30 20:50:00 INFO     | DexSniper            | ⏰ Sleeping 30s...
2026-07-30 20:50:30 INFO     | DexSniper            | ==================================================
2026-07-30 20:50:30 INFO     | DexSniper            |   📊 DEX SNIPER STATS
2026-07-30 20:50:30 INFO     | DexSniper            |   Runtime: 2:51:58.041543
2026-07-30 20:50:30 INFO     | DexSniper            |   Pairs detected: 191
2026-07-30 20:50:30 INFO     | DexSniper            |   Scams filtered: 1
2026-07-30 20:50:30 INFO     | DexSniper            |   Trades executed: 184
2026-07-30 20:50:30 INFO     | DexSniper            |   Total invested: 9.199999999999996 BSC
2026-07-30 20:50:30 INFO     | DexSniper            | ==================================================
2026-07-30 20:50:30 INFO     | DexSniper            | ⏰ Sleeping 30s...
2026-07-30 20:51:31 ERROR    | DexSniper            | Error fetching events: HTTPSConnectionPool(host='bsc-dataseed.binance.org', port=443): Read timed out.
2026-07-30 20:51:31 INFO     | DexSniper            | ==================================================
2026-07-30 20:51:31 INFO     | DexSniper            |   📊 DEX SNIPER STATS
2026-07-30 20:51:31 INFO     | DexSniper            |   Runtime: 2:52:58.266438
2026-07-30 20:51:31 INFO     | DexSniper            |   Pairs detected: 191
2026-07-30 20:51:31 INFO     | DexSniper            |   Scams filtered: 1
2026-07-30 20:51:31 INFO     | DexSniper            |   Trades executed: 184
2026-07-30 20:51:31 INFO     | DexSniper            |   Total invested: 9.199999999999996 BSC
2026-07-30 20:51:31 INFO     | DexSniper            | ==================================================
2026-07-30 20:51:31 INFO     | DexSniper            | ⏰ Sleeping 30s...
2026-07-30 20:52:02 INFO     | DexSniper            | 🆕 New pair detected! Token: 0x99a1e84E... Pair: 0x1B2acd37...
2026-07-30 20:52:52 WARNING  | DexSniper            |   → Cannot read token info. Skipping.
2026-07-30 20:52:52 INFO     | DexSniper            | ==================================================
2026-07-30 20:52:52 INFO     | DexSniper            |   📊 DEX SNIPER STATS
2026-07-30 20:52:52 INFO     | DexSniper            |   Runtime: 2:54:19.660244
2026-07-30 20:52:52 INFO     | DexSniper            |   Pairs detected: 192
2026-07-30 20:52:52 INFO     | DexSniper            |   Scams filtered: 1
2026-07-30 20:52:52 INFO     | DexSniper            |   Trades executed: 184
2026-07-30 20:52:52 INFO     | DexSniper            |   Total invested: 9.199999999999996 BSC
2026-07-30 20:52:52 INFO     | DexSniper            | ==================================================
2026-07-30 20:52:52 INFO     | DexSniper            | ⏰ Sleeping 30s...
2026-07-30 20:53:23 INFO     | DexSniper            | ==================================================
2026-07-30 20:53:23 INFO     | DexSniper            |   📊 DEX SNIPER STATS
2026-07-30 20:53:23 INFO     | DexSniper            |   Runtime: 2:54:50.450424
2026-07-30 20:53:23 INFO     | DexSniper            |   Pairs detected: 192
2026-07-30 20:53:23 INFO     | DexSniper            |   Scams filtered: 1
2026-07-30 20:53:23 INFO     | DexSniper            |   Trades executed: 184
2026-07-30 20:53:23 INFO     | DexSniper            |   Total invested: 9.199999999999996 BSC
2026-07-30 20:53:23 INFO     | DexSniper            | ==================================================
2026-07-30 20:53:23 INFO     | DexSniper            | ⏰ Sleeping 30s...
2026-07-30 20:53:53 INFO     | DexSniper            | ==================================================
2026-07-30 20:53:53 INFO     | DexSniper            |   📊 DEX SNIPER STATS
2026-07-30 20:53:53 INFO     | DexSniper            |   Runtime: 2:55:20.673431
2026-07-30 20:53:53 INFO     | DexSniper            |   Pairs detected: 192
2026-07-30 20:53:53 INFO     | DexSniper            |   Scams filtered: 1
2026-07-30 20:53:53 INFO     | DexSniper            |   Trades executed: 184
2026-07-30 20:53:53 INFO     | DexSniper            |   Total invested: 9.199999999999996 BSC
2026-07-30 20:53:53 INFO     | DexSniper            | ==================================================
2026-07-30 20:53:53 INFO     | DexSniper            | ⏰ Sleeping 30s...
2026-07-30 20:54:42 ERROR    | DexSniper            | Error fetching events: ('Connection aborted.', RemoteDisconnected('Remote end closed connection without response'))
2026-07-30 20:54:42 INFO     | DexSniper            | ==================================================
2026-07-30 20:54:42 INFO     | DexSniper            |   📊 DEX SNIPER STATS
2026-07-30 20:54:42 INFO     | DexSniper            |   Runtime: 2:56:09.924613
2026-07-30 20:54:42 INFO     | DexSniper            |   Pairs detected: 192
2026-07-30 20:54:42 INFO     | DexSniper            |   Scams filtered: 1
2026-07-30 20:54:42 INFO     | DexSniper            |   Trades executed: 184
2026-07-30 20:54:42 INFO     | DexSniper            |   Total invested: 9.199999999999996 BSC
2026-07-30 20:54:42 INFO     | DexSniper            | ==================================================
2026-07-30 20:54:42 INFO     | DexSniper            | ⏰ Sleeping 30s...
2026-07-30 20:55:13 INFO     | DexSniper            | 🆕 New pair detected! Token: 0x6D2A9aa2... Pair: 0x702994a0...
2026-07-30 20:55:33 WARNING  | DexSniper            |   → Cannot read token info. Skipping.
2026-07-30 20:55:33 INFO     | DexSniper            | ==================================================
2026-07-30 20:55:33 INFO     | DexSniper            |   📊 DEX SNIPER STATS
2026-07-30 20:55:33 INFO     | DexSniper            |   Runtime: 2:57:00.753619
2026-07-30 20:55:33 INFO     | DexSniper            |   Pairs detected: 193
2026-07-30 20:55:33 INFO     | DexSniper            |   Scams filtered: 1
2026-07-30 20:55:33 INFO     | DexSniper            |   Trades executed: 184
2026-07-30 20:55:33 INFO     | DexSniper            |   Total invested: 9.199999999999996 BSC
2026-07-30 20:55:33 INFO     | DexSniper            | ==================================================
2026-07-30 20:55:33 INFO     | DexSniper            | ⏰ Sleeping 30s...
2026-07-30 20:56:04 INFO     | DexSniper            | ==================================================
2026-07-30 20:56:04 INFO     | DexSniper            |   📊 DEX SNIPER STATS
2026-07-30 20:56:04 INFO     | DexSniper            |   Runtime: 2:57:31.561170
2026-07-30 20:56:04 INFO     | DexSniper            |   Pairs detected: 193
2026-07-30 20:56:04 INFO     | DexSniper            |   Scams filtered: 1
2026-07-30 20:56:04 INFO     | DexSniper            |   Trades executed: 184
2026-07-30 20:56:04 INFO     | DexSniper            |   Total invested: 9.199999999999996 BSC
2026-07-30 20:56:04 INFO     | DexSniper            | ==================================================
2026-07-30 20:56:04 INFO     | DexSniper            | ⏰ Sleeping 30s...
2026-07-30 20:56:34 INFO     | DexSniper            | ==================================================
2026-07-30 20:56:34 INFO     | DexSniper            |   📊 DEX SNIPER STATS
2026-07-30 20:56:34 INFO     | DexSniper            |   Runtime: 2:58:01.892147
2026-07-30 20:56:34 INFO     | DexSniper            |   Pairs detected: 193
2026-07-30 20:56:34 INFO     | DexSniper            |   Scams filtered: 1
2026-07-30 20:56:34 INFO     | DexSniper            |   Trades executed: 184
2026-07-30 20:56:34 INFO     | DexSniper            |   Total invested: 9.199999999999996 BSC
2026-07-30 20:56:34 INFO     | DexSniper            | ==================================================
2026-07-30 20:56:34 INFO     | DexSniper            | ⏰ Sleeping 30s...
2026-07-30 20:57:24 ERROR    | DexSniper            | Error fetching events: ('Connection aborted.', RemoteDisconnected('Remote end closed connection without response'))
2026-07-30 20:57:24 INFO     | DexSniper            | ==================================================
2026-07-30 20:57:24 INFO     | DexSniper            |   📊 DEX SNIPER STATS
2026-07-30 20:57:24 INFO     | DexSniper            |   Runtime: 2:58:51.162790
2026-07-30 20:57:24 INFO     | DexSniper            |   Pairs detected: 193
2026-07-30 20:57:24 INFO     | DexSniper            |   Scams filtered: 1
2026-07-30 20:57:24 INFO     | DexSniper            |   Trades executed: 184
2026-07-30 20:57:24 INFO     | DexSniper            |   Total invested: 9.199999999999996 BSC
2026-07-30 20:57:24 INFO     | DexSniper            | ==================================================
2026-07-30 20:57:24 INFO     | DexSniper            | ⏰ Sleeping 30s...
2026-07-30 20:57:54 INFO     | DexSniper            | ==================================================
2026-07-30 20:57:54 INFO     | DexSniper            |   📊 DEX SNIPER STATS
2026-07-30 20:57:54 INFO     | DexSniper            |   Runtime: 2:59:21.986253
2026-07-30 20:57:54 INFO     | DexSniper            |   Pairs detected: 193
2026-07-30 20:57:54 INFO     | DexSniper            |   Scams filtered: 1
2026-07-30 20:57:54 INFO     | DexSniper            |   Trades executed: 184
2026-07-30 20:57:54 INFO     | DexSniper            |   Total invested: 9.199999999999996 BSC
2026-07-30 20:57:54 INFO     | DexSniper            | ==================================================
2026-07-30 20:57:54 INFO     | DexSniper            | ⏰ Sleeping 30s...
2026-07-30 20:58:55 ERROR    | DexSniper            | Error fetching events: HTTPSConnectionPool(host='bsc-dataseed.binance.org', port=443): Read timed out.
2026-07-30 20:58:55 INFO     | DexSniper            | ==================================================
2026-07-30 20:58:55 INFO     | DexSniper            |   📊 DEX SNIPER STATS
2026-07-30 20:58:55 INFO     | DexSniper            |   Runtime: 3:00:22.216716
2026-07-30 20:58:55 INFO     | DexSniper            |   Pairs detected: 193
2026-07-30 20:58:55 INFO     | DexSniper            |   Scams filtered: 1
2026-07-30 20:58:55 INFO     | DexSniper            |   Trades executed: 184
2026-07-30 20:58:55 INFO     | DexSniper            |   Total invested: 9.199999999999996 BSC
2026-07-30 20:58:55 INFO     | DexSniper            | ==================================================
2026-07-30 20:58:55 INFO     | DexSniper            | ⏰ Sleeping 30s...
2026-07-30 20:59:25 INFO     | DexSniper            | 🆕 New pair detected! Token: 0x11051aBB... Pair: 0x45A39B4f...
2026-07-30 21:00:16 WARNING  | DexSniper            |   → Cannot read token info. Skipping.
2026-07-30 21:00:16 INFO     | DexSniper            | ==================================================
2026-07-30 21:00:16 INFO     | DexSniper            |   📊 DEX SNIPER STATS
2026-07-30 21:00:16 INFO     | DexSniper            |   Runtime: 3:01:43.496143
2026-07-30 21:00:16 INFO     | DexSniper            |   Pairs detected: 194
2026-07-30 21:00:16 INFO     | DexSniper            |   Scams filtered: 1
2026-07-30 21:00:16 INFO     | DexSniper            |   Trades executed: 184
2026-07-30 21:00:16 INFO     | DexSniper            |   Total invested: 9.199999999999996 BSC
2026-07-30 21:00:16 INFO     | DexSniper            | ==================================================
2026-07-30 21:00:16 INFO     | DexSniper            | ⏰ Sleeping 30s...
2026-07-30 21:00:47 INFO     | DexSniper            | ==================================================
2026-07-30 21:00:47 INFO     | DexSniper            |   📊 DEX SNIPER STATS
2026-07-30 21:00:47 INFO     | DexSniper            |   Runtime: 3:02:14.324530
2026-07-30 21:00:47 INFO     | DexSniper            |   Pairs detected: 194
2026-07-30 21:00:47 INFO     | DexSniper            |   Scams filtered: 1
2026-07-30 21:00:47 INFO     | DexSniper            |   Trades executed: 184
2026-07-30 21:00:47 INFO     | DexSniper            |   Total invested: 9.199999999999996 BSC
2026-07-30 21:00:47 INFO     | DexSniper            | ==================================================
2026-07-30 21:00:47 INFO     | DexSniper            | ⏰ Sleeping 30s...
2026-07-30 21:01:17 INFO     | DexSniper            | ==================================================
2026-07-30 21:01:17 INFO     | DexSniper            |   📊 DEX SNIPER STATS
2026-07-30 21:01:17 INFO     | DexSniper            |   Runtime: 3:02:44.553507
2026-07-30 21:01:17 INFO     | DexSniper            |   Pairs detected: 194
2026-07-30 21:01:17 INFO     | DexSniper            |   Scams filtered: 1
2026-07-30 21:01:17 INFO     | DexSniper            |   Trades executed: 184
2026-07-30 21:01:17 INFO     | DexSniper            |   Total invested: 9.199999999999996 BSC
2026-07-30 21:01:17 INFO     | DexSniper            | ==================================================
2026-07-30 21:01:17 INFO     | DexSniper            | ⏰ Sleeping 30s...
2026-07-30 21:02:06 ERROR    | DexSniper            | Error fetching events: ('Connection aborted.', RemoteDisconnected('Remote end closed connection without response'))
2026-07-30 21:02:06 INFO     | DexSniper            | ==================================================
2026-07-30 21:02:06 INFO     | DexSniper            |   📊 DEX SNIPER STATS
2026-07-30 21:02:06 INFO     | DexSniper            |   Runtime: 3:03:33.808447
2026-07-30 21:02:06 INFO     | DexSniper            |   Pairs detected: 194
2026-07-30 21:02:06 INFO     | DexSniper            |   Scams filtered: 1
2026-07-30 21:02:06 INFO     | DexSniper            |   Trades executed: 184
2026-07-30 21:02:06 INFO     | DexSniper            |   Total invested: 9.199999999999996 BSC
2026-07-30 21:02:06 INFO     | DexSniper            | ==================================================
2026-07-30 21:02:06 INFO     | DexSniper            | ⏰ Sleeping 30s...
2026-07-30 21:02:37 INFO     | DexSniper            | ==================================================
2026-07-30 21:02:37 INFO     | DexSniper            |   📊 DEX SNIPER STATS
2026-07-30 21:02:37 INFO     | DexSniper            |   Runtime: 3:04:04.597658
2026-07-30 21:02:37 INFO     | DexSniper            |   Pairs detected: 194
2026-07-30 21:02:37 INFO     | DexSniper            |   Scams filtered: 1
2026-07-30 21:02:37 INFO     | DexSniper            |   Trades executed: 184
2026-07-30 21:02:37 INFO     | DexSniper            |   Total invested: 9.199999999999996 BSC
2026-07-30 21:02:37 INFO     | DexSniper            | ==================================================
2026-07-30 21:02:37 INFO     | DexSniper            | ⏰ Sleeping 30s...
2026-07-30 21:03:37 ERROR    | DexSniper            | Error fetching events: HTTPSConnectionPool(host='bsc-dataseed.binance.org', port=443): Read timed out.
2026-07-30 21:03:37 INFO     | DexSniper            | ==================================================
2026-07-30 21:03:37 INFO     | DexSniper            |   📊 DEX SNIPER STATS
2026-07-30 21:03:37 INFO     | DexSniper            |   Runtime: 3:05:04.824306
2026-07-30 21:03:37 INFO     | DexSniper            |   Pairs detected: 194
2026-07-30 21:03:37 INFO     | DexSniper            |   Scams filtered: 1
2026-07-30 21:03:37 INFO     | DexSniper            |   Trades executed: 184
2026-07-30 21:03:37 INFO     | DexSniper            |   Total invested: 9.199999999999996 BSC
2026-07-30 21:03:37 INFO     | DexSniper            | ==================================================
2026-07-30 21:03:37 INFO     | DexSniper            | ⏰ Sleeping 30s...
2026-07-30 21:04:08 INFO     | DexSniper            | ==================================================
2026-07-30 21:04:08 INFO     | DexSniper            |   📊 DEX SNIPER STATS
2026-07-30 21:04:08 INFO     | DexSniper            |   Runtime: 3:05:35.693059
2026-07-30 21:04:08 INFO     | DexSniper            |   Pairs detected: 194
2026-07-30 21:04:08 INFO     | DexSniper            |   Scams filtered: 1
2026-07-30 21:04:08 INFO     | DexSniper            |   Trades executed: 184
2026-07-30 21:04:08 INFO     | DexSniper            |   Total invested: 9.199999999999996 BSC
2026-07-30 21:04:08 INFO     | DexSniper            | ==================================================
2026-07-30 21:04:08 INFO     | DexSniper            | ⏰ Sleeping 30s...
2026-07-30 21:04:38 INFO     | DexSniper            | ==================================================
2026-07-30 21:04:38 INFO     | DexSniper            |   📊 DEX SNIPER STATS
2026-07-30 21:04:38 INFO     | DexSniper            |   Runtime: 3:06:05.913528
2026-07-30 21:04:38 INFO     | DexSniper            |   Pairs detected: 194
2026-07-30 21:04:38 INFO     | DexSniper            |   Scams filtered: 1
2026-07-30 21:04:38 INFO     | DexSniper            |   Trades executed: 184
2026-07-30 21:04:38 INFO     | DexSniper            |   Total invested: 9.199999999999996 BSC
2026-07-30 21:04:38 INFO     | DexSniper            | ==================================================
2026-07-30 21:04:38 INFO     | DexSniper            | ⏰ Sleeping 30s...
2026-07-30 21:05:28 ERROR    | DexSniper            | Error fetching events: ('Connection aborted.', RemoteDisconnected('Remote end closed connection without response'))
2026-07-30 21:05:28 INFO     | DexSniper            | ==================================================
2026-07-30 21:05:28 INFO     | DexSniper            |   📊 DEX SNIPER STATS
2026-07-30 21:05:28 INFO     | DexSniper            |   Runtime: 3:06:55.159538
2026-07-30 21:05:28 INFO     | DexSniper            |   Pairs detected: 194
2026-07-30 21:05:28 INFO     | DexSniper            |   Scams filtered: 1
2026-07-30 21:05:28 INFO     | DexSniper            |   Trades executed: 184
2026-07-30 21:05:28 INFO     | DexSniper            |   Total invested: 9.199999999999996 BSC
2026-07-30 21:05:28 INFO     | DexSniper            | ==================================================
2026-07-30 21:05:28 INFO     | DexSniper            | ⏰ Sleeping 30s...
2026-07-30 21:05:58 INFO     | DexSniper            | ==================================================
2026-07-30 21:05:58 INFO     | DexSniper            |   📊 DEX SNIPER STATS
2026-07-30 21:05:58 INFO     | DexSniper            |   Runtime: 3:07:26.009113
2026-07-30 21:05:58 INFO     | DexSniper            |   Pairs detected: 194
2026-07-30 21:05:58 INFO     | DexSniper            |   Scams filtered: 1
2026-07-30 21:05:58 INFO     | DexSniper            |   Trades executed: 184
2026-07-30 21:05:58 INFO     | DexSniper            |   Total invested: 9.199999999999996 BSC
2026-07-30 21:05:58 INFO     | DexSniper            | ==================================================
2026-07-30 21:05:58 INFO     | DexSniper            | ⏰ Sleeping 30s...
2026-07-30 21:06:59 ERROR    | DexSniper            | Error fetching events: HTTPSConnectionPool(host='bsc-dataseed.binance.org', port=443): Read timed out.
2026-07-30 21:06:59 INFO     | DexSniper            | ==================================================
2026-07-30 21:06:59 INFO     | DexSniper            |   📊 DEX SNIPER STATS
2026-07-30 21:06:59 INFO     | DexSniper            |   Runtime: 3:08:26.241527
2026-07-30 21:06:59 INFO     | DexSniper            |   Pairs detected: 194
2026-07-30 21:06:59 INFO     | DexSniper            |   Scams filtered: 1
2026-07-30 21:06:59 INFO     | DexSniper            |   Trades executed: 184
2026-07-30 21:06:59 INFO     | DexSniper            |   Total invested: 9.199999999999996 BSC
2026-07-30 21:06:59 INFO     | DexSniper            | ==================================================
2026-07-30 21:06:59 INFO     | DexSniper            | ⏰ Sleeping 30s...
2026-07-30 21:07:29 INFO     | DexSniper            | ==================================================
2026-07-30 21:07:29 INFO     | DexSniper            |   📊 DEX SNIPER STATS
2026-07-30 21:07:29 INFO     | DexSniper            |   Runtime: 3:08:57.086052
2026-07-30 21:07:29 INFO     | DexSniper            |   Pairs detected: 194
2026-07-30 21:07:29 INFO     | DexSniper            |   Scams filtered: 1
2026-07-30 21:07:29 INFO     | DexSniper            |   Trades executed: 184
2026-07-30 21:07:29 INFO     | DexSniper            |   Total invested: 9.199999999999996 BSC
2026-07-30 21:07:29 INFO     | DexSniper            | ==================================================
2026-07-30 21:07:29 INFO     | DexSniper            | ⏰ Sleeping 30s...
2026-07-30 21:08:00 INFO     | DexSniper            | ==================================================
2026-07-30 21:08:00 INFO     | DexSniper            |   📊 DEX SNIPER STATS
2026-07-30 21:08:00 INFO     | DexSniper            |   Runtime: 3:09:27.316498
2026-07-30 21:08:00 INFO     | DexSniper            |   Pairs detected: 194
2026-07-30 21:08:00 INFO     | DexSniper            |   Scams filtered: 1
2026-07-30 21:08:00 INFO     | DexSniper            |   Trades executed: 184
2026-07-30 21:08:00 INFO     | DexSniper            |   Total invested: 9.199999999999996 BSC
2026-07-30 21:08:00 INFO     | DexSniper            | ==================================================
2026-07-30 21:08:00 INFO     | DexSniper            | ⏰ Sleeping 30s...
2026-07-30 21:08:49 ERROR    | DexSniper            | Error fetching events: ('Connection aborted.', RemoteDisconnected('Remote end closed connection without response'))
2026-07-30 21:08:49 INFO     | DexSniper            | ==================================================
2026-07-30 21:08:49 INFO     | DexSniper            |   📊 DEX SNIPER STATS
2026-07-30 21:08:49 INFO     | DexSniper            |   Runtime: 3:10:16.568592
2026-07-30 21:08:49 INFO     | DexSniper            |   Pairs detected: 194
2026-07-30 21:08:49 INFO     | DexSniper            |   Scams filtered: 1
2026-07-30 21:08:49 INFO     | DexSniper            |   Trades executed: 184
2026-07-30 21:08:49 INFO     | DexSniper            |   Total invested: 9.199999999999996 BSC
2026-07-30 21:08:49 INFO     | DexSniper            | ==================================================
2026-07-30 21:08:49 INFO     | DexSniper            | ⏰ Sleeping 30s...
2026-07-30 21:09:20 INFO     | DexSniper            | ==================================================
2026-07-30 21:09:20 INFO     | DexSniper            |   📊 DEX SNIPER STATS
2026-07-30 21:09:20 INFO     | DexSniper            |   Runtime: 3:10:47.365108
2026-07-30 21:09:20 INFO     | DexSniper            |   Pairs detected: 194
2026-07-30 21:09:20 INFO     | DexSniper            |   Scams filtered: 1
2026-07-30 21:09:20 INFO     | DexSniper            |   Trades executed: 184
2026-07-30 21:09:20 INFO     | DexSniper            |   Total invested: 9.199999999999996 BSC
2026-07-30 21:09:20 INFO     | DexSniper            | ==================================================
2026-07-30 21:09:20 INFO     | DexSniper            | ⏰ Sleeping 30s...
2026-07-30 21:10:20 ERROR    | DexSniper            | Error fetching events: HTTPSConnectionPool(host='bsc-dataseed.binance.org', port=443): Read timed out.
2026-07-30 21:10:20 INFO     | DexSniper            | ==================================================
2026-07-30 21:10:20 INFO     | DexSniper            |   📊 DEX SNIPER STATS
2026-07-30 21:10:20 INFO     | DexSniper            |   Runtime: 3:11:47.600922
2026-07-30 21:10:20 INFO     | DexSniper            |   Pairs detected: 194
2026-07-30 21:10:20 INFO     | DexSniper            |   Scams filtered: 1
2026-07-30 21:10:20 INFO     | DexSniper            |   Trades executed: 184
2026-07-30 21:10:20 INFO     | DexSniper            |   Total invested: 9.199999999999996 BSC
2026-07-30 21:10:20 INFO     | DexSniper            | ==================================================
2026-07-30 21:10:20 INFO     | DexSniper            | ⏰ Sleeping 30s...
2026-07-30 21:10:51 INFO     | DexSniper            | ==================================================
2026-07-30 21:10:51 INFO     | DexSniper            |   📊 DEX SNIPER STATS
2026-07-30 21:10:51 INFO     | DexSniper            |   Runtime: 3:12:18.400499
2026-07-30 21:10:51 INFO     | DexSniper            |   Pairs detected: 194
2026-07-30 21:10:51 INFO     | DexSniper            |   Scams filtered: 1
2026-07-30 21:10:51 INFO     | DexSniper            |   Trades executed: 184
2026-07-30 21:10:51 INFO     | DexSniper            |   Total invested: 9.199999999999996 BSC
2026-07-30 21:10:51 INFO     | DexSniper            | ==================================================
2026-07-30 21:10:51 INFO     | DexSniper            | ⏰ Sleeping 30s...
2026-07-30 21:11:21 INFO     | DexSniper            | ==================================================
2026-07-30 21:11:21 INFO     | DexSniper            |   📊 DEX SNIPER STATS
2026-07-30 21:11:21 INFO     | DexSniper            |   Runtime: 3:12:48.649848
2026-07-30 21:11:21 INFO     | DexSniper            |   Pairs detected: 194
2026-07-30 21:11:21 INFO     | DexSniper            |   Scams filtered: 1
2026-07-30 21:11:21 INFO     | DexSniper            |   Trades executed: 184
2026-07-30 21:11:21 INFO     | DexSniper            |   Total invested: 9.199999999999996 BSC
2026-07-30 21:11:21 INFO     | DexSniper            | ==================================================
2026-07-30 21:11:21 INFO     | DexSniper            | ⏰ Sleeping 30s...
2026-07-30 21:12:10 ERROR    | DexSniper            | Error fetching events: ('Connection aborted.', RemoteDisconnected('Remote end closed connection without response'))
2026-07-30 21:12:10 INFO     | DexSniper            | ==================================================
2026-07-30 21:12:10 INFO     | DexSniper            |   📊 DEX SNIPER STATS
2026-07-30 21:12:10 INFO     | DexSniper            |   Runtime: 3:13:37.903370
2026-07-30 21:12:10 INFO     | DexSniper            |   Pairs detected: 194
2026-07-30 21:12:10 INFO     | DexSniper            |   Scams filtered: 1
2026-07-30 21:12:10 INFO     | DexSniper            |   Trades executed: 184
2026-07-30 21:12:10 INFO     | DexSniper            |   Total invested: 9.199999999999996 BSC
2026-07-30 21:12:10 INFO     | DexSniper            | ==================================================
2026-07-30 21:12:10 INFO     | DexSniper            | ⏰ Sleeping 30s...
2026-07-30 21:12:41 INFO     | DexSniper            | ==================================================
2026-07-30 21:12:41 INFO     | DexSniper            |   📊 DEX SNIPER STATS
2026-07-30 21:12:41 INFO     | DexSniper            |   Runtime: 3:14:08.691413
2026-07-30 21:12:41 INFO     | DexSniper            |   Pairs detected: 194
2026-07-30 21:12:41 INFO     | DexSniper            |   Scams filtered: 1
2026-07-30 21:12:41 INFO     | DexSniper            |   Trades executed: 184
2026-07-30 21:12:41 INFO     | DexSniper            |   Total invested: 9.199999999999996 BSC
2026-07-30 21:12:41 INFO     | DexSniper            | ==================================================
2026-07-30 21:12:41 INFO     | DexSniper            | ⏰ Sleeping 30s...
2026-07-30 21:13:11 INFO     | DexSniper            | ==================================================
2026-07-30 21:13:11 INFO     | DexSniper            |   📊 DEX SNIPER STATS
2026-07-30 21:13:11 INFO     | DexSniper            |   Runtime: 3:14:38.906915
2026-07-30 21:13:11 INFO     | DexSniper            |   Pairs detected: 194
2026-07-30 21:13:11 INFO     | DexSniper            |   Scams filtered: 1
2026-07-30 21:13:11 INFO     | DexSniper            |   Trades executed: 184
2026-07-30 21:13:11 INFO     | DexSniper            |   Total invested: 9.199999999999996 BSC
2026-07-30 21:13:11 INFO     | DexSniper            | ==================================================
2026-07-30 21:13:11 INFO     | DexSniper            | ⏰ Sleeping 30s...
2026-07-30 21:14:01 ERROR    | DexSniper            | Error fetching events: ('Connection aborted.', RemoteDisconnected('Remote end closed connection without response'))
2026-07-30 21:14:01 INFO     | DexSniper            | ==================================================
2026-07-30 21:14:01 INFO     | DexSniper            |   📊 DEX SNIPER STATS
2026-07-30 21:14:01 INFO     | DexSniper            |   Runtime: 3:15:28.161403
2026-07-30 21:14:01 INFO     | DexSniper            |   Pairs detected: 194
2026-07-30 21:14:01 INFO     | DexSniper            |   Scams filtered: 1
2026-07-30 21:14:01 INFO     | DexSniper            |   Trades executed: 184
2026-07-30 21:14:01 INFO     | DexSniper            |   Total invested: 9.199999999999996 BSC
2026-07-30 21:14:01 INFO     | DexSniper            | ==================================================
2026-07-30 21:14:01 INFO     | DexSniper            | ⏰ Sleeping 30s...
2026-07-30 21:14:31 INFO     | DexSniper            | 🆕 New pair detected! Token: 0x9995E478... Pair: 0xC5133762...
2026-07-30 21:15:02 INFO     | DexSniper            | ⏹️  Shutdown signal received.
2026-07-30 21:15:02 INFO     | DexSniper            | ==================================================
2026-07-30 21:15:02 INFO     | DexSniper            |   📊 DEX SNIPER STATS
2026-07-30 21:15:02 INFO     | DexSniper            |   Runtime: 3:16:29.115510
2026-07-30 21:15:02 INFO     | DexSniper            |   Pairs detected: 195
2026-07-30 21:15:02 INFO     | DexSniper            |   Scams filtered: 1
2026-07-30 21:15:02 INFO     | DexSniper            |   Trades executed: 184
2026-07-30 21:15:02 INFO     | DexSniper            |   Total invested: 9.199999999999996 BSC
2026-07-30 21:15:02 INFO     | DexSniper            | ==================================================
2026-07-30 21:17:34 INFO     | DexSniper            | AI: RouterAI ready (complex: deepseek/deepseek-chat, fast: openai/gpt-4o-mini)
2026-07-30 21:17:35 INFO     | DexSniper            | Connected to chain 56 via https://bsc-dataseed.binance.org...
2026-07-30 21:17:35 INFO     | DexSniper            | Factory contract loaded: 0xcA143Ce3...
2026-07-30 21:17:35 INFO     | DexSniper            | =======================================================
2026-07-30 21:17:35 INFO     | DexSniper            | 🚀 DEX Sniper STARTED
2026-07-30 21:17:35 INFO     | DexSniper            |    Chain: BSC
2026-07-30 21:17:35 INFO     | DexSniper            |    Factory: 0xcA143Ce32Fe78...
2026-07-30 21:17:35 INFO     | DexSniper            |    Buy amount: 0.05 BSC
2026-07-30 21:17:35 INFO     | DexSniper            |    TP: 20.00%
2026-07-30 21:17:35 INFO     | DexSniper            |    AI scam filter: ON
2026-07-30 21:17:35 INFO     | DexSniper            | =======================================================
2026-07-30 21:17:35 INFO     | DexSniper            | ==================================================
2026-07-30 21:17:35 INFO     | DexSniper            |   📊 DEX SNIPER STATS
2026-07-30 21:17:35 INFO     | DexSniper            |   Runtime: 0:00:00.317885
2026-07-30 21:17:35 INFO     | DexSniper            |   Pairs detected: 0
2026-07-30 21:17:35 INFO     | DexSniper            |   Scams filtered: 0
2026-07-30 21:17:35 INFO     | DexSniper            |   Trades executed: 0
2026-07-30 21:17:35 INFO     | DexSniper            |   Total invested: 0.0 BSC
2026-07-30 21:17:35 INFO     | DexSniper            | ==================================================
2026-07-30 21:17:35 INFO     | DexSniper            | ⏰ Sleeping 30s...
2026-07-30 21:18:24 ERROR    | DexSniper            | Error fetching events: ('Connection aborted.', RemoteDisconnected('Remote end closed connection without response'))
2026-07-30 21:18:24 INFO     | DexSniper            | ==================================================
2026-07-30 21:18:24 INFO     | DexSniper            |   📊 DEX SNIPER STATS
2026-07-30 21:18:24 INFO     | DexSniper            |   Runtime: 0:00:49.546477
2026-07-30 21:18:24 INFO     | DexSniper            |   Pairs detected: 0
2026-07-30 21:18:24 INFO     | DexSniper            |   Scams filtered: 0
2026-07-30 21:18:24 INFO     | DexSniper            |   Trades executed: 0
2026-07-30 21:18:24 INFO     | DexSniper            |   Total invested: 0.0 BSC
2026-07-30 21:18:24 INFO     | DexSniper            | ==================================================
2026-07-30 21:18:24 INFO     | DexSniper            | ⏰ Sleeping 30s...
2026-07-30 21:18:55 INFO     | DexSniper            | ==================================================
2026-07-30 21:18:55 INFO     | DexSniper            |   📊 DEX SNIPER STATS
2026-07-30 21:18:55 INFO     | DexSniper            |   Runtime: 0:01:20.340749
2026-07-30 21:18:55 INFO     | DexSniper            |   Pairs detected: 0
2026-07-30 21:18:55 INFO     | DexSniper            |   Scams filtered: 0
2026-07-30 21:18:55 INFO     | DexSniper            |   Trades executed: 0
2026-07-30 21:18:55 INFO     | DexSniper            |   Total invested: 0.0 BSC
2026-07-30 21:18:55 INFO     | DexSniper            | ==================================================
2026-07-30 21:18:55 INFO     | DexSniper            | ⏰ Sleeping 30s...
2026-07-30 21:19:20 INFO     | DexSniper            | ⏹️  Shutdown signal received.
2026-07-30 21:19:20 INFO     | DexSniper            | ==================================================
2026-07-30 21:19:20 INFO     | DexSniper            |   📊 DEX SNIPER STATS
2026-07-30 21:19:20 INFO     | DexSniper            |   Runtime: 0:01:44.782930
2026-07-30 21:19:20 INFO     | DexSniper            |   Pairs detected: 0
2026-07-30 21:19:20 INFO     | DexSniper            |   Scams filtered: 0
2026-07-30 21:19:20 INFO     | DexSniper            |   Trades executed: 0
2026-07-30 21:19:20 INFO     | DexSniper            |   Total invested: 0.0 BSC
2026-07-30 21:19:20 INFO     | DexSniper            | ==================================================
2026-07-30 21:21:44 INFO     | DexSniper            | AI: RouterAI ready (complex: deepseek/deepseek-chat, fast: openai/gpt-4o-mini)
2026-07-30 21:21:45 INFO     | DexSniper            | Connected to chain 56 via https://bsc-dataseed.binance.org...
2026-07-30 21:21:45 INFO     | DexSniper            | Factory contract loaded: 0xcA143Ce3...
2026-07-30 21:21:45 INFO     | DexSniper            | =======================================================
2026-07-30 21:21:45 INFO     | DexSniper            | 🚀 DEX Sniper STARTED
2026-07-30 21:21:45 INFO     | DexSniper            |    Chain: BSC
2026-07-30 21:21:45 INFO     | DexSniper            |    Factory: 0xcA143Ce32Fe78...
2026-07-30 21:21:45 INFO     | DexSniper            |    Buy amount: 0.05 BSC
2026-07-30 21:21:45 INFO     | DexSniper            |    TP: 20.00%
2026-07-30 21:21:45 INFO     | DexSniper            |    AI scam filter: ON
2026-07-30 21:21:45 INFO     | DexSniper            | =======================================================
2026-07-30 21:21:45 INFO     | DexSniper            | ==================================================
2026-07-30 21:21:45 INFO     | DexSniper            |   📊 DEX SNIPER STATS
2026-07-30 21:21:45 INFO     | DexSniper            |   Runtime: 0:00:00.301564
2026-07-30 21:21:45 INFO     | DexSniper            |   Pairs detected: 0
2026-07-30 21:21:45 INFO     | DexSniper            |   Scams filtered: 0
2026-07-30 21:21:45 INFO     | DexSniper            |   Trades executed: 0
2026-07-30 21:21:45 INFO     | DexSniper            |   Total invested: 0.0 BSC
2026-07-30 21:21:45 INFO     | DexSniper            | ==================================================
2026-07-30 21:21:45 INFO     | DexSniper            | ⏰ Sleeping 30s...
2026-07-30 21:22:01 INFO     | DexSniper            | ⏹️  Shutdown signal received.
2026-07-30 21:22:01 INFO     | DexSniper            | ==================================================
2026-07-30 21:22:01 INFO     | DexSniper            |   📊 DEX SNIPER STATS
2026-07-30 21:22:01 INFO     | DexSniper            |   Runtime: 0:00:15.604872
2026-07-30 21:22:01 INFO     | DexSniper            |   Pairs detected: 0
2026-07-30 21:22:01 INFO     | DexSniper            |   Scams filtered: 0
2026-07-30 21:22:01 INFO     | DexSniper            |   Trades executed: 0
2026-07-30 21:22:01 INFO     | DexSniper            |   Total invested: 0.0 BSC
2026-07-30 21:22:01 INFO     | DexSniper            | ==================================================
2026-07-30 21:25:21 INFO     | DexSniper            | AI: RouterAI ready (complex: deepseek/deepseek-chat, fast: openai/gpt-4o-mini)
2026-07-30 21:25:21 INFO     | DexSniper            | AI: Ollama ready (model: llama3.2)
2026-07-30 21:25:22 INFO     | DexSniper            | Connected to chain 56 via https://bsc-dataseed.binance.org...
2026-07-30 21:25:22 INFO     | DexSniper            | Factory contract loaded: 0xcA143Ce3...
2026-07-30 21:25:22 INFO     | DexSniper            | =======================================================
2026-07-30 21:25:22 INFO     | DexSniper            | 🚀 DEX Sniper STARTED
2026-07-30 21:25:22 INFO     | DexSniper            |    Chain: BSC
2026-07-30 21:25:22 INFO     | DexSniper            |    Factory: 0xcA143Ce32Fe78...
2026-07-30 21:25:22 INFO     | DexSniper            |    Buy amount: 0.05 BSC
2026-07-30 21:25:22 INFO     | DexSniper            |    TP: 20.00%
2026-07-30 21:25:22 INFO     | DexSniper            |    AI scam filter: ON
2026-07-30 21:25:22 INFO     | DexSniper            | =======================================================
2026-07-30 21:25:52 ERROR    | DexSniper            | Error fetching events: HTTPSConnectionPool(host='bsc-dataseed.binance.org', port=443): Read timed out.
2026-07-30 21:25:52 INFO     | DexSniper            | ==================================================
2026-07-30 21:25:52 INFO     | DexSniper            |   📊 DEX SNIPER STATS
2026-07-30 21:25:52 INFO     | DexSniper            |   Runtime: 0:00:30.284430
2026-07-30 21:25:52 INFO     | DexSniper            |   Pairs detected: 0
2026-07-30 21:25:52 INFO     | DexSniper            |   Scams filtered: 0
2026-07-30 21:25:52 INFO     | DexSniper            |   Trades executed: 0
2026-07-30 21:25:52 INFO     | DexSniper            |   Total invested: 0.0 BSC
2026-07-30 21:25:52 INFO     | DexSniper            | ==================================================
2026-07-30 21:25:52 INFO     | DexSniper            | ⏰ Sleeping 30s...
2026-07-30 21:26:23 INFO     | DexSniper            | 🆕 New pair detected! Token: 0x09Ded31E... Pair: 0xb6046302...
2026-07-30 21:27:13 WARNING  | DexSniper            |   → Cannot read token info. Skipping.
2026-07-30 21:27:13 INFO     | DexSniper            | ==================================================
2026-07-30 21:27:13 INFO     | DexSniper            |   📊 DEX SNIPER STATS
2026-07-30 21:27:13 INFO     | DexSniper            |   Runtime: 0:01:51.662863
2026-07-30 21:27:13 INFO     | DexSniper            |   Pairs detected: 1
2026-07-30 21:27:13 INFO     | DexSniper            |   Scams filtered: 0
2026-07-30 21:27:13 INFO     | DexSniper            |   Trades executed: 0
2026-07-30 21:27:13 INFO     | DexSniper            |   Total invested: 0.0 BSC
2026-07-30 21:27:13 INFO     | DexSniper            | ==================================================
2026-07-30 21:27:13 INFO     | DexSniper            | ⏰ Sleeping 30s...
2026-07-30 21:27:44 INFO     | DexSniper            | 🆕 New pair detected! Token: 0x41ef01F5... Pair: 0x5A6084cF...
2026-07-30 21:28:35 WARNING  | DexSniper            |   → Cannot read token info. Skipping.
2026-07-30 21:28:35 INFO     | DexSniper            | ==================================================
2026-07-30 21:28:35 INFO     | DexSniper            |   📊 DEX SNIPER STATS
2026-07-30 21:28:35 INFO     | DexSniper            |   Runtime: 0:03:13.004213
2026-07-30 21:28:35 INFO     | DexSniper            |   Pairs detected: 2
2026-07-30 21:28:35 INFO     | DexSniper            |   Scams filtered: 0
2026-07-30 21:28:35 INFO     | DexSniper            |   Trades executed: 0
2026-07-30 21:28:35 INFO     | DexSniper            |   Total invested: 0.0 BSC
2026-07-30 21:28:35 INFO     | DexSniper            | ==================================================
2026-07-30 21:28:35 INFO     | DexSniper            | ⏰ Sleeping 30s...
2026-07-30 21:29:05 INFO     | DexSniper            | ==================================================
2026-07-30 21:29:05 INFO     | DexSniper            |   📊 DEX SNIPER STATS
2026-07-30 21:29:05 INFO     | DexSniper            |   Runtime: 0:03:43.817996
2026-07-30 21:29:05 INFO     | DexSniper            |   Pairs detected: 2
2026-07-30 21:29:05 INFO     | DexSniper            |   Scams filtered: 0
2026-07-30 21:29:05 INFO     | DexSniper            |   Trades executed: 0
2026-07-30 21:29:05 INFO     | DexSniper            |   Total invested: 0.0 BSC
2026-07-30 21:29:05 INFO     | DexSniper            | ==================================================
2026-07-30 21:29:05 INFO     | DexSniper            | ⏰ Sleeping 30s...
2026-07-30 21:29:36 INFO     | DexSniper            | ==================================================
2026-07-30 21:29:36 INFO     | DexSniper            |   📊 DEX SNIPER STATS
2026-07-30 21:29:36 INFO     | DexSniper            |   Runtime: 0:04:14.040662
2026-07-30 21:29:36 INFO     | DexSniper            |   Pairs detected: 2
2026-07-30 21:29:36 INFO     | DexSniper            |   Scams filtered: 0
2026-07-30 21:29:36 INFO     | DexSniper            |   Trades executed: 0
2026-07-30 21:29:36 INFO     | DexSniper            |   Total invested: 0.0 BSC
2026-07-30 21:29:36 INFO     | DexSniper            | ==================================================
2026-07-30 21:29:36 INFO     | DexSniper            | ⏰ Sleeping 30s...
2026-07-30 21:30:25 ERROR    | DexSniper            | Error fetching events: ('Connection aborted.', RemoteDisconnected('Remote end closed connection without response'))
2026-07-30 21:30:25 INFO     | DexSniper            | ==================================================
2026-07-30 21:30:25 INFO     | DexSniper            |   📊 DEX SNIPER STATS
2026-07-30 21:30:25 INFO     | DexSniper            |   Runtime: 0:05:03.306932
2026-07-30 21:30:25 INFO     | DexSniper            |   Pairs detected: 2
2026-07-30 21:30:25 INFO     | DexSniper            |   Scams filtered: 0
2026-07-30 21:30:25 INFO     | DexSniper            |   Trades executed: 0
2026-07-30 21:30:25 INFO     | DexSniper            |   Total invested: 0.0 BSC
2026-07-30 21:30:25 INFO     | DexSniper            | ==================================================
2026-07-30 21:30:25 INFO     | DexSniper            | ⏰ Sleeping 30s...
2026-07-30 21:30:56 INFO     | DexSniper            | ==================================================
2026-07-30 21:30:56 INFO     | DexSniper            |   📊 DEX SNIPER STATS
2026-07-30 21:30:56 INFO     | DexSniper            |   Runtime: 0:05:34.120530
2026-07-30 21:30:56 INFO     | DexSniper            |   Pairs detected: 2
2026-07-30 21:30:56 INFO     | DexSniper            |   Scams filtered: 0
2026-07-30 21:30:56 INFO     | DexSniper            |   Trades executed: 0
2026-07-30 21:30:56 INFO     | DexSniper            |   Total invested: 0.0 BSC
2026-07-30 21:30:56 INFO     | DexSniper            | ==================================================
2026-07-30 21:30:56 INFO     | DexSniper            | ⏰ Sleeping 30s...
2026-07-30 21:31:26 INFO     | DexSniper            | ==================================================
2026-07-30 21:31:26 INFO     | DexSniper            |   📊 DEX SNIPER STATS
2026-07-30 21:31:26 INFO     | DexSniper            |   Runtime: 0:06:04.331932
2026-07-30 21:31:26 INFO     | DexSniper            |   Pairs detected: 2
2026-07-30 21:31:26 INFO     | DexSniper            |   Scams filtered: 0
2026-07-30 21:31:26 INFO     | DexSniper            |   Trades executed: 0
2026-07-30 21:31:26 INFO     | DexSniper            |   Total invested: 0.0 BSC
2026-07-30 21:31:26 INFO     | DexSniper            | ==================================================
2026-07-30 21:31:26 INFO     | DexSniper            | ⏰ Sleeping 30s...
2026-07-30 21:32:15 ERROR    | DexSniper            | Error fetching events: ('Connection aborted.', RemoteDisconnected('Remote end closed connection without response'))
2026-07-30 21:32:15 INFO     | DexSniper            | ==================================================
2026-07-30 21:32:15 INFO     | DexSniper            |   📊 DEX SNIPER STATS
2026-07-30 21:32:15 INFO     | DexSniper            |   Runtime: 0:06:53.583582
2026-07-30 21:32:15 INFO     | DexSniper            |   Pairs detected: 2
2026-07-30 21:32:15 INFO     | DexSniper            |   Scams filtered: 0
2026-07-30 21:32:15 INFO     | DexSniper            |   Trades executed: 0
2026-07-30 21:32:15 INFO     | DexSniper            |   Total invested: 0.0 BSC
2026-07-30 21:32:15 INFO     | DexSniper            | ==================================================
2026-07-30 21:32:15 INFO     | DexSniper            | ⏰ Sleeping 30s...
2026-07-30 21:32:46 INFO     | DexSniper            | ==================================================
2026-07-30 21:32:46 INFO     | DexSniper            |   📊 DEX SNIPER STATS
2026-07-30 21:32:46 INFO     | DexSniper            |   Runtime: 0:07:24.403892
2026-07-30 21:32:46 INFO     | DexSniper            |   Pairs detected: 2
2026-07-30 21:32:46 INFO     | DexSniper            |   Scams filtered: 0
2026-07-30 21:32:46 INFO     | DexSniper            |   Trades executed: 0
2026-07-30 21:32:46 INFO     | DexSniper            |   Total invested: 0.0 BSC
2026-07-30 21:32:46 INFO     | DexSniper            | ==================================================
2026-07-30 21:32:46 INFO     | DexSniper            | ⏰ Sleeping 30s...
2026-07-30 21:33:16 INFO     | DexSniper            | ==================================================
2026-07-30 21:33:16 INFO     | DexSniper            |   📊 DEX SNIPER STATS
2026-07-30 21:33:16 INFO     | DexSniper            |   Runtime: 0:07:54.613468
2026-07-30 21:33:16 INFO     | DexSniper            |   Pairs detected: 2
2026-07-30 21:33:16 INFO     | DexSniper            |   Scams filtered: 0
2026-07-30 21:33:16 INFO     | DexSniper            |   Trades executed: 0
2026-07-30 21:33:16 INFO     | DexSniper            |   Total invested: 0.0 BSC
2026-07-30 21:33:16 INFO     | DexSniper            | ==================================================
2026-07-30 21:33:16 INFO     | DexSniper            | ⏰ Sleeping 30s...
2026-07-30 21:34:05 ERROR    | DexSniper            | Error fetching events: ('Connection aborted.', RemoteDisconnected('Remote end closed connection without response'))
2026-07-30 21:34:05 INFO     | DexSniper            | ==================================================
2026-07-30 21:34:05 INFO     | DexSniper            |   📊 DEX SNIPER STATS
2026-07-30 21:34:05 INFO     | DexSniper            |   Runtime: 0:08:43.881894
2026-07-30 21:34:05 INFO     | DexSniper            |   Pairs detected: 2
2026-07-30 21:34:05 INFO     | DexSniper            |   Scams filtered: 0
2026-07-30 21:34:05 INFO     | DexSniper            |   Trades executed: 0
2026-07-30 21:34:05 INFO     | DexSniper            |   Total invested: 0.0 BSC
2026-07-30 21:34:05 INFO     | DexSniper            | ==================================================
2026-07-30 21:34:05 INFO     | DexSniper            | ⏰ Sleeping 30s...
2026-07-30 21:34:36 INFO     | DexSniper            | 🆕 New pair detected! Token: 0x4eBfC3A4... Pair: 0xcFb53d61...
2026-07-30 21:35:27 WARNING  | DexSniper            |   → Cannot read token info. Skipping.
2026-07-30 21:35:27 INFO     | DexSniper            | ==================================================
2026-07-30 21:35:27 INFO     | DexSniper            |   📊 DEX SNIPER STATS
2026-07-30 21:35:27 INFO     | DexSniper            |   Runtime: 0:10:05.240001
2026-07-30 21:35:27 INFO     | DexSniper            |   Pairs detected: 3
2026-07-30 21:35:27 INFO     | DexSniper            |   Scams filtered: 0
2026-07-30 21:35:27 INFO     | DexSniper            |   Trades executed: 0
2026-07-30 21:35:27 INFO     | DexSniper            |   Total invested: 0.0 BSC
2026-07-30 21:35:27 INFO     | DexSniper            | ==================================================
2026-07-30 21:35:27 INFO     | DexSniper            | ⏰ Sleeping 30s...
2026-07-30 21:35:58 INFO     | DexSniper            | ==================================================
2026-07-30 21:35:58 INFO     | DexSniper            |   📊 DEX SNIPER STATS
2026-07-30 21:35:58 INFO     | DexSniper            |   Runtime: 0:10:36.044968
2026-07-30 21:35:58 INFO     | DexSniper            |   Pairs detected: 3
2026-07-30 21:35:58 INFO     | DexSniper            |   Scams filtered: 0
2026-07-30 21:35:58 INFO     | DexSniper            |   Trades executed: 0
2026-07-30 21:35:58 INFO     | DexSniper            |   Total invested: 0.0 BSC
2026-07-30 21:35:58 INFO     | DexSniper            | ==================================================
2026-07-30 21:35:58 INFO     | DexSniper            | ⏰ Sleeping 30s...
2026-07-30 21:36:58 ERROR    | DexSniper            | Error fetching events: HTTPSConnectionPool(host='bsc-dataseed.binance.org', port=443): Read timed out.
2026-07-30 21:36:58 INFO     | DexSniper            | ==================================================
2026-07-30 21:36:58 INFO     | DexSniper            |   📊 DEX SNIPER STATS
2026-07-30 21:36:58 INFO     | DexSniper            |   Runtime: 0:11:36.284030
2026-07-30 21:36:58 INFO     | DexSniper            |   Pairs detected: 3
2026-07-30 21:36:58 INFO     | DexSniper            |   Scams filtered: 0
2026-07-30 21:36:58 INFO     | DexSniper            |   Trades executed: 0
2026-07-30 21:36:58 INFO     | DexSniper            |   Total invested: 0.0 BSC
2026-07-30 21:36:58 INFO     | DexSniper            | ==================================================
2026-07-30 21:36:58 INFO     | DexSniper            | ⏰ Sleeping 30s...
2026-07-30 21:37:29 INFO     | DexSniper            | ==================================================
2026-07-30 21:37:29 INFO     | DexSniper            |   📊 DEX SNIPER STATS
2026-07-30 21:37:29 INFO     | DexSniper            |   Runtime: 0:12:07.082912
2026-07-30 21:37:29 INFO     | DexSniper            |   Pairs detected: 3
2026-07-30 21:37:29 INFO     | DexSniper            |   Scams filtered: 0
2026-07-30 21:37:29 INFO     | DexSniper            |   Trades executed: 0
2026-07-30 21:37:29 INFO     | DexSniper            |   Total invested: 0.0 BSC
2026-07-30 21:37:29 INFO     | DexSniper            | ==================================================
2026-07-30 21:37:29 INFO     | DexSniper            | ⏰ Sleeping 30s...
2026-07-30 21:38:29 ERROR    | DexSniper            | Error fetching events: HTTPSConnectionPool(host='bsc-dataseed.binance.org', port=443): Read timed out.
2026-07-30 21:38:29 INFO     | DexSniper            | ==================================================
2026-07-30 21:38:29 INFO     | DexSniper            |   📊 DEX SNIPER STATS
2026-07-30 21:38:29 INFO     | DexSniper            |   Runtime: 0:13:07.311335
2026-07-30 21:38:29 INFO     | DexSniper            |   Pairs detected: 3
2026-07-30 21:38:29 INFO     | DexSniper            |   Scams filtered: 0
2026-07-30 21:38:29 INFO     | DexSniper            |   Trades executed: 0
2026-07-30 21:38:29 INFO     | DexSniper            |   Total invested: 0.0 BSC
2026-07-30 21:38:29 INFO     | DexSniper            | ==================================================
2026-07-30 21:38:29 INFO     | DexSniper            | ⏰ Sleeping 30s...
2026-07-30 21:39:00 INFO     | DexSniper            | ==================================================
2026-07-30 21:39:00 INFO     | DexSniper            |   📊 DEX SNIPER STATS
2026-07-30 21:39:00 INFO     | DexSniper            |   Runtime: 0:13:38.100709
2026-07-30 21:39:00 INFO     | DexSniper            |   Pairs detected: 3
2026-07-30 21:39:00 INFO     | DexSniper            |   Scams filtered: 0
2026-07-30 21:39:00 INFO     | DexSniper            |   Trades executed: 0
2026-07-30 21:39:00 INFO     | DexSniper            |   Total invested: 0.0 BSC
2026-07-30 21:39:00 INFO     | DexSniper            | ==================================================
2026-07-30 21:39:00 INFO     | DexSniper            | ⏰ Sleeping 30s...
2026-07-30 21:39:30 INFO     | DexSniper            | ==================================================
2026-07-30 21:39:30 INFO     | DexSniper            |   📊 DEX SNIPER STATS
2026-07-30 21:39:30 INFO     | DexSniper            |   Runtime: 0:14:08.321428
2026-07-30 21:39:30 INFO     | DexSniper            |   Pairs detected: 3
2026-07-30 21:39:30 INFO     | DexSniper            |   Scams filtered: 0
2026-07-30 21:39:30 INFO     | DexSniper            |   Trades executed: 0
2026-07-30 21:39:30 INFO     | DexSniper            |   Total invested: 0.0 BSC
2026-07-30 21:39:30 INFO     | DexSniper            | ==================================================
2026-07-30 21:39:30 INFO     | DexSniper            | ⏰ Sleeping 30s...
2026-07-30 21:40:19 ERROR    | DexSniper            | Error fetching events: ('Connection aborted.', RemoteDisconnected('Remote end closed connection without response'))
2026-07-30 21:40:19 INFO     | DexSniper            | ==================================================
2026-07-30 21:40:19 INFO     | DexSniper            |   📊 DEX SNIPER STATS
2026-07-30 21:40:19 INFO     | DexSniper            |   Runtime: 0:14:57.603173
2026-07-30 21:40:19 INFO     | DexSniper            |   Pairs detected: 3
2026-07-30 21:40:19 INFO     | DexSniper            |   Scams filtered: 0
2026-07-30 21:40:19 INFO     | DexSniper            |   Trades executed: 0
2026-07-30 21:40:19 INFO     | DexSniper            |   Total invested: 0.0 BSC
2026-07-30 21:40:19 INFO     | DexSniper            | ==================================================
2026-07-30 21:40:19 INFO     | DexSniper            | ⏰ Sleeping 30s...
2026-07-30 21:40:50 INFO     | DexSniper            | 🆕 New pair detected! Token: 0xd483F9a9... Pair: 0x1BAA1D82...
2026-07-30 21:41:40 WARNING  | DexSniper            |   → Cannot read token info. Skipping.
2026-07-30 21:41:40 INFO     | DexSniper            | ==================================================
2026-07-30 21:41:40 INFO     | DexSniper            |   📊 DEX SNIPER STATS
2026-07-30 21:41:40 INFO     | DexSniper            |   Runtime: 0:16:18.917906
2026-07-30 21:41:40 INFO     | DexSniper            |   Pairs detected: 4
2026-07-30 21:41:40 INFO     | DexSniper            |   Scams filtered: 0
2026-07-30 21:41:40 INFO     | DexSniper            |   Trades executed: 0
2026-07-30 21:41:40 INFO     | DexSniper            |   Total invested: 0.0 BSC
2026-07-30 21:41:40 INFO     | DexSniper            | ==================================================
2026-07-30 21:41:40 INFO     | DexSniper            | ⏰ Sleeping 30s...
2026-07-30 21:42:11 INFO     | DexSniper            | ==================================================
2026-07-30 21:42:11 INFO     | DexSniper            |   📊 DEX SNIPER STATS
2026-07-30 21:42:11 INFO     | DexSniper            |   Runtime: 0:16:49.710961
2026-07-30 21:42:11 INFO     | DexSniper            |   Pairs detected: 4
2026-07-30 21:42:11 INFO     | DexSniper            |   Scams filtered: 0
2026-07-30 21:42:11 INFO     | DexSniper            |   Trades executed: 0
2026-07-30 21:42:11 INFO     | DexSniper            |   Total invested: 0.0 BSC
2026-07-30 21:42:11 INFO     | DexSniper            | ==================================================
2026-07-30 21:42:11 INFO     | DexSniper            | ⏰ Sleeping 30s...
2026-07-30 21:43:12 ERROR    | DexSniper            | Error fetching events: HTTPSConnectionPool(host='bsc-dataseed.binance.org', port=443): Read timed out.
2026-07-30 21:43:12 INFO     | DexSniper            | ==================================================
2026-07-30 21:43:12 INFO     | DexSniper            |   📊 DEX SNIPER STATS
2026-07-30 21:43:12 INFO     | DexSniper            |   Runtime: 0:17:49.947223
2026-07-30 21:43:12 INFO     | DexSniper            |   Pairs detected: 4
2026-07-30 21:43:12 INFO     | DexSniper            |   Scams filtered: 0
2026-07-30 21:43:12 INFO     | DexSniper            |   Trades executed: 0
2026-07-30 21:43:12 INFO     | DexSniper            |   Total invested: 0.0 BSC
2026-07-30 21:43:12 INFO     | DexSniper            | ==================================================
2026-07-30 21:43:12 INFO     | DexSniper            | ⏰ Sleeping 30s...
2026-07-30 21:43:42 INFO     | DexSniper            | ==================================================
2026-07-30 21:43:42 INFO     | DexSniper            |   📊 DEX SNIPER STATS
2026-07-30 21:43:42 INFO     | DexSniper            |   Runtime: 0:18:20.735507
2026-07-30 21:43:42 INFO     | DexSniper            |   Pairs detected: 4
2026-07-30 21:43:42 INFO     | DexSniper            |   Scams filtered: 0
2026-07-30 21:43:42 INFO     | DexSniper            |   Trades executed: 0
2026-07-30 21:43:42 INFO     | DexSniper            |   Total invested: 0.0 BSC
2026-07-30 21:43:42 INFO     | DexSniper            | ==================================================
2026-07-30 21:43:42 INFO     | DexSniper            | ⏰ Sleeping 30s...
2026-07-30 21:44:13 INFO     | DexSniper            | ==================================================
2026-07-30 21:44:13 INFO     | DexSniper            |   📊 DEX SNIPER STATS
2026-07-30 21:44:13 INFO     | DexSniper            |   Runtime: 0:18:50.940992
2026-07-30 21:44:13 INFO     | DexSniper            |   Pairs detected: 4
2026-07-30 21:44:13 INFO     | DexSniper            |   Scams filtered: 0
2026-07-30 21:44:13 INFO     | DexSniper            |   Trades executed: 0
2026-07-30 21:44:13 INFO     | DexSniper            |   Total invested: 0.0 BSC
2026-07-30 21:44:13 INFO     | DexSniper            | ==================================================
2026-07-30 21:44:13 INFO     | DexSniper            | ⏰ Sleeping 30s...
2026-07-30 21:45:02 ERROR    | DexSniper            | Error fetching events: ('Connection aborted.', RemoteDisconnected('Remote end closed connection without response'))
2026-07-30 21:45:02 INFO     | DexSniper            | ==================================================
2026-07-30 21:45:02 INFO     | DexSniper            |   📊 DEX SNIPER STATS
2026-07-30 21:45:02 INFO     | DexSniper            |   Runtime: 0:19:40.203033
2026-07-30 21:45:02 INFO     | DexSniper            |   Pairs detected: 4
2026-07-30 21:45:02 INFO     | DexSniper            |   Scams filtered: 0
2026-07-30 21:45:02 INFO     | DexSniper            |   Trades executed: 0
2026-07-30 21:45:02 INFO     | DexSniper            |   Total invested: 0.0 BSC
2026-07-30 21:45:02 INFO     | DexSniper            | ==================================================
2026-07-30 21:45:02 INFO     | DexSniper            | ⏰ Sleeping 30s...
2026-07-30 21:45:33 INFO     | DexSniper            | ==================================================
2026-07-30 21:45:33 INFO     | DexSniper            |   📊 DEX SNIPER STATS
2026-07-30 21:45:33 INFO     | DexSniper            |   Runtime: 0:20:10.974004
2026-07-30 21:45:33 INFO     | DexSniper            |   Pairs detected: 4
2026-07-30 21:45:33 INFO     | DexSniper            |   Scams filtered: 0
2026-07-30 21:45:33 INFO     | DexSniper            |   Trades executed: 0
2026-07-30 21:45:33 INFO     | DexSniper            |   Total invested: 0.0 BSC
2026-07-30 21:45:33 INFO     | DexSniper            | ==================================================
2026-07-30 21:45:33 INFO     | DexSniper            | ⏰ Sleeping 30s...
2026-07-30 21:46:03 INFO     | DexSniper            | ==================================================
2026-07-30 21:46:03 INFO     | DexSniper            |   📊 DEX SNIPER STATS
2026-07-30 21:46:03 INFO     | DexSniper            |   Runtime: 0:20:41.192787
2026-07-30 21:46:03 INFO     | DexSniper            |   Pairs detected: 4
2026-07-30 21:46:03 INFO     | DexSniper            |   Scams filtered: 0
2026-07-30 21:46:03 INFO     | DexSniper            |   Trades executed: 0
2026-07-30 21:46:03 INFO     | DexSniper            |   Total invested: 0.0 BSC
2026-07-30 21:46:03 INFO     | DexSniper            | ==================================================
2026-07-30 21:46:03 INFO     | DexSniper            | ⏰ Sleeping 30s...
2026-07-30 21:46:52 ERROR    | DexSniper            | Error fetching events: ('Connection aborted.', RemoteDisconnected('Remote end closed connection without response'))
2026-07-30 21:46:52 INFO     | DexSniper            | ==================================================
2026-07-30 21:46:52 INFO     | DexSniper            |   📊 DEX SNIPER STATS
2026-07-30 21:46:52 INFO     | DexSniper            |   Runtime: 0:21:30.450393
2026-07-30 21:46:52 INFO     | DexSniper            |   Pairs detected: 4
2026-07-30 21:46:52 INFO     | DexSniper            |   Scams filtered: 0
2026-07-30 21:46:52 INFO     | DexSniper            |   Trades executed: 0
2026-07-30 21:46:52 INFO     | DexSniper            |   Total invested: 0.0 BSC
2026-07-30 21:46:52 INFO     | DexSniper            | ==================================================
2026-07-30 21:46:52 INFO     | DexSniper            | ⏰ Sleeping 30s...
2026-07-30 21:47:23 INFO     | DexSniper            | ==================================================
2026-07-30 21:47:23 INFO     | DexSniper            |   📊 DEX SNIPER STATS
2026-07-30 21:47:23 INFO     | DexSniper            |   Runtime: 0:22:01.396980
2026-07-30 21:47:23 INFO     | DexSniper            |   Pairs detected: 4
2026-07-30 21:47:23 INFO     | DexSniper            |   Scams filtered: 0
2026-07-30 21:47:23 INFO     | DexSniper            |   Trades executed: 0
2026-07-30 21:47:23 INFO     | DexSniper            |   Total invested: 0.0 BSC
2026-07-30 21:47:23 INFO     | DexSniper            | ==================================================
2026-07-30 21:47:23 INFO     | DexSniper            | ⏰ Sleeping 30s...
2026-07-30 21:47:53 INFO     | DexSniper            | ==================================================
2026-07-30 21:47:53 INFO     | DexSniper            |   📊 DEX SNIPER STATS
2026-07-30 21:47:53 INFO     | DexSniper            |   Runtime: 0:22:31.692782
2026-07-30 21:47:53 INFO     | DexSniper            |   Pairs detected: 4
2026-07-30 21:47:53 INFO     | DexSniper            |   Scams filtered: 0
2026-07-30 21:47:53 INFO     | DexSniper            |   Trades executed: 0
2026-07-30 21:47:53 INFO     | DexSniper            |   Total invested: 0.0 BSC
2026-07-30 21:47:53 INFO     | DexSniper            | ==================================================
2026-07-30 21:47:53 INFO     | DexSniper            | ⏰ Sleeping 30s...
2026-07-30 21:48:24 INFO     | DexSniper            | ==================================================
2026-07-30 21:48:24 INFO     | DexSniper            |   📊 DEX SNIPER STATS
2026-07-30 21:48:24 INFO     | DexSniper            |   Runtime: 0:23:02.326095
2026-07-30 21:48:24 INFO     | DexSniper            |   Pairs detected: 4
2026-07-30 21:48:24 INFO     | DexSniper            |   Scams filtered: 0
2026-07-30 21:48:24 INFO     | DexSniper            |   Trades executed: 0
2026-07-30 21:48:24 INFO     | DexSniper            |   Total invested: 0.0 BSC
2026-07-30 21:48:24 INFO     | DexSniper            | ==================================================
2026-07-30 21:48:24 INFO     | DexSniper            | ⏰ Sleeping 30s...
2026-07-30 21:48:55 INFO     | DexSniper            | ==================================================
2026-07-30 21:48:55 INFO     | DexSniper            |   📊 DEX SNIPER STATS
2026-07-30 21:48:55 INFO     | DexSniper            |   Runtime: 0:23:33.014929
2026-07-30 21:48:55 INFO     | DexSniper            |   Pairs detected: 4
2026-07-30 21:48:55 INFO     | DexSniper            |   Scams filtered: 0
2026-07-30 21:48:55 INFO     | DexSniper            |   Trades executed: 0
2026-07-30 21:48:55 INFO     | DexSniper            |   Total invested: 0.0 BSC
2026-07-30 21:48:55 INFO     | DexSniper            | ==================================================
2026-07-30 21:48:55 INFO     | DexSniper            | ⏰ Sleeping 30s...
2026-07-30 21:49:25 INFO     | DexSniper            | 🆕 New pair detected! Token: 0x1fA36b3b... Pair: 0xd2D21c48...
2026-07-30 21:49:26 INFO     | DexSniper            |   → Utopy (Utopy)
2026-07-30 21:49:43 ERROR    | DexSniper            | Ollama request failed: HTTPConnectionPool(host='localhost', port=11434): Read timed out. (read timeout=15)
2026-07-30 21:49:43 INFO     | DexSniper            |   → ✅ Passed checks: Passed basic checks
2026-07-30 21:49:43 INFO     | DexSniper            | 🎯 SNIPE: Utopy (Utopy) — 0.05 BSC invested
2026-07-30 21:49:43 INFO     | DexSniper            | 🆕 New pair detected! Token: 0x46fbaDbB... Pair: 0xfb53Cb62...
2026-07-30 21:49:44 INFO     | DexSniper            |   → iShares (iShares)
2026-07-30 21:50:01 ERROR    | DexSniper            | Ollama request failed: HTTPConnectionPool(host='localhost', port=11434): Read timed out. (read timeout=15)
2026-07-30 21:50:01 INFO     | DexSniper            |   → ✅ Passed checks: Passed basic checks
2026-07-30 21:50:01 INFO     | DexSniper            | 🎯 SNIPE: iShares (iShares) — 0.05 BSC invested
2026-07-30 21:50:01 INFO     | DexSniper            | ==================================================
2026-07-30 21:50:01 INFO     | DexSniper            |   📊 DEX SNIPER STATS
2026-07-30 21:50:01 INFO     | DexSniper            |   Runtime: 0:24:39.405438
2026-07-30 21:50:01 INFO     | DexSniper            |   Pairs detected: 6
2026-07-30 21:50:01 INFO     | DexSniper            |   Scams filtered: 0
2026-07-30 21:50:01 INFO     | DexSniper            |   Trades executed: 2
2026-07-30 21:50:01 INFO     | DexSniper            |   Total invested: 0.1 BSC
2026-07-30 21:50:01 INFO     | DexSniper            | ==================================================
2026-07-30 21:50:01 INFO     | DexSniper            | ⏰ Sleeping 30s...
2026-07-30 21:50:31 INFO     | DexSniper            | ==================================================
2026-07-30 21:50:31 INFO     | DexSniper            |   📊 DEX SNIPER STATS
2026-07-30 21:50:31 INFO     | DexSniper            |   Runtime: 0:25:09.725076
2026-07-30 21:50:31 INFO     | DexSniper            |   Pairs detected: 6
2026-07-30 21:50:31 INFO     | DexSniper            |   Scams filtered: 0
2026-07-30 21:50:31 INFO     | DexSniper            |   Trades executed: 2
2026-07-30 21:50:31 INFO     | DexSniper            |   Total invested: 0.1 BSC
2026-07-30 21:50:31 INFO     | DexSniper            | ==================================================
2026-07-30 21:50:31 INFO     | DexSniper            | ⏰ Sleeping 30s...
2026-07-30 21:51:02 INFO     | DexSniper            | 🆕 New pair detected! Token: 0xb8c9Fe98... Pair: 0xBc916FcB...
2026-07-30 21:51:03 INFO     | DexSniper            |   → kingdom of saudi arabia (KSA)
2026-07-30 21:51:20 ERROR    | DexSniper            | Ollama request failed: HTTPConnectionPool(host='localhost', port=11434): Read timed out. (read timeout=15)
2026-07-30 21:51:20 INFO     | DexSniper            |   → ✅ Passed checks: Passed basic checks
2026-07-30 21:51:20 INFO     | DexSniper            | 🎯 SNIPE: kingdom of saudi arabia (KSA) — 0.05 BSC invested
2026-07-30 21:51:20 INFO     | DexSniper            | ==================================================
2026-07-30 21:51:20 INFO     | DexSniper            |   📊 DEX SNIPER STATS
2026-07-30 21:51:20 INFO     | DexSniper            |   Runtime: 0:25:58.632137
2026-07-30 21:51:20 INFO     | DexSniper            |   Pairs detected: 7
2026-07-30 21:51:20 INFO     | DexSniper            |   Scams filtered: 0
2026-07-30 21:51:20 INFO     | DexSniper            |   Trades executed: 3
2026-07-30 21:51:20 INFO     | DexSniper            |   Total invested: 0.15000000000000002 BSC
2026-07-30 21:51:20 INFO     | DexSniper            | ==================================================
2026-07-30 21:51:20 INFO     | DexSniper            | ⏰ Sleeping 30s...
2026-07-30 21:51:51 INFO     | DexSniper            | ==================================================
2026-07-30 21:51:51 INFO     | DexSniper            |   📊 DEX SNIPER STATS
2026-07-30 21:51:51 INFO     | DexSniper            |   Runtime: 0:26:29.268039
2026-07-30 21:51:51 INFO     | DexSniper            |   Pairs detected: 7
2026-07-30 21:51:51 INFO     | DexSniper            |   Scams filtered: 0
2026-07-30 21:51:51 INFO     | DexSniper            |   Trades executed: 3
2026-07-30 21:51:51 INFO     | DexSniper            |   Total invested: 0.15000000000000002 BSC
2026-07-30 21:51:51 INFO     | DexSniper            | ==================================================
2026-07-30 21:51:51 INFO     | DexSniper            | ⏰ Sleeping 30s...
2026-07-30 21:52:21 INFO     | DexSniper            | ==================================================
2026-07-30 21:52:21 INFO     | DexSniper            |   📊 DEX SNIPER STATS
2026-07-30 21:52:21 INFO     | DexSniper            |   Runtime: 0:26:59.585625
2026-07-30 21:52:21 INFO     | DexSniper            |   Pairs detected: 7
2026-07-30 21:52:21 INFO     | DexSniper            |   Scams filtered: 0
2026-07-30 21:52:21 INFO     | DexSniper            |   Trades executed: 3
2026-07-30 21:52:21 INFO     | DexSniper            |   Total invested: 0.15000000000000002 BSC
2026-07-30 21:52:21 INFO     | DexSniper            | ==================================================
2026-07-30 21:52:21 INFO     | DexSniper            | ⏰ Sleeping 30s...
2026-07-30 21:52:52 INFO     | DexSniper            | ==================================================
2026-07-30 21:52:52 INFO     | DexSniper            |   📊 DEX SNIPER STATS
2026-07-30 21:52:52 INFO     | DexSniper            |   Runtime: 0:27:30.481262
2026-07-30 21:52:52 INFO     | DexSniper            |   Pairs detected: 7
2026-07-30 21:52:52 INFO     | DexSniper            |   Scams filtered: 0
2026-07-30 21:52:52 INFO     | DexSniper            |   Trades executed: 3
2026-07-30 21:52:52 INFO     | DexSniper            |   Total invested: 0.15000000000000002 BSC
2026-07-30 21:52:52 INFO     | DexSniper            | ==================================================
2026-07-30 21:52:52 INFO     | DexSniper            | ⏰ Sleeping 30s...
2026-07-30 21:53:22 INFO     | DexSniper            | ==================================================
2026-07-30 21:53:22 INFO     | DexSniper            |   📊 DEX SNIPER STATS
2026-07-30 21:53:22 INFO     | DexSniper            |   Runtime: 0:28:00.766697
2026-07-30 21:53:22 INFO     | DexSniper            |   Pairs detected: 7
2026-07-30 21:53:22 INFO     | DexSniper            |   Scams filtered: 0
2026-07-30 21:53:22 INFO     | DexSniper            |   Trades executed: 3
2026-07-30 21:53:22 INFO     | DexSniper            |   Total invested: 0.15000000000000002 BSC
2026-07-30 21:53:22 INFO     | DexSniper            | ==================================================
2026-07-30 21:53:22 INFO     | DexSniper            | ⏰ Sleeping 30s...
2026-07-30 21:53:53 INFO     | DexSniper            | ==================================================
2026-07-30 21:53:53 INFO     | DexSniper            |   📊 DEX SNIPER STATS
2026-07-30 21:53:53 INFO     | DexSniper            |   Runtime: 0:28:31.072061
2026-07-30 21:53:53 INFO     | DexSniper            |   Pairs detected: 7
2026-07-30 21:53:53 INFO     | DexSniper            |   Scams filtered: 0
2026-07-30 21:53:53 INFO     | DexSniper            |   Trades executed: 3
2026-07-30 21:53:53 INFO     | DexSniper            |   Total invested: 0.15000000000000002 BSC
2026-07-30 21:53:53 INFO     | DexSniper            | ==================================================
2026-07-30 21:53:53 INFO     | DexSniper            | ⏰ Sleeping 30s...
2026-07-30 21:54:23 INFO     | DexSniper            | ==================================================
2026-07-30 21:54:23 INFO     | DexSniper            |   📊 DEX SNIPER STATS
2026-07-30 21:54:23 INFO     | DexSniper            |   Runtime: 0:29:01.403073
2026-07-30 21:54:23 INFO     | DexSniper            |   Pairs detected: 7
2026-07-30 21:54:23 INFO     | DexSniper            |   Scams filtered: 0
2026-07-30 21:54:23 INFO     | DexSniper            |   Trades executed: 3
2026-07-30 21:54:23 INFO     | DexSniper            |   Total invested: 0.15000000000000002 BSC
2026-07-30 21:54:23 INFO     | DexSniper            | ==================================================
2026-07-30 21:54:23 INFO     | DexSniper            | ⏰ Sleeping 30s...
2026-07-30 21:54:54 INFO     | DexSniper            | ==================================================
2026-07-30 21:54:54 INFO     | DexSniper            |   📊 DEX SNIPER STATS
2026-07-30 21:54:54 INFO     | DexSniper            |   Runtime: 0:29:32.400368
2026-07-30 21:54:54 INFO     | DexSniper            |   Pairs detected: 7
2026-07-30 21:54:54 INFO     | DexSniper            |   Scams filtered: 0
2026-07-30 21:54:54 INFO     | DexSniper            |   Trades executed: 3
2026-07-30 21:54:54 INFO     | DexSniper            |   Total invested: 0.15000000000000002 BSC
2026-07-30 21:54:54 INFO     | DexSniper            | ==================================================
2026-07-30 21:54:54 INFO     | DexSniper            | ⏰ Sleeping 30s...
2026-07-30 21:55:24 INFO     | DexSniper            | ==================================================
2026-07-30 21:55:24 INFO     | DexSniper            |   📊 DEX SNIPER STATS
2026-07-30 21:55:24 INFO     | DexSniper            |   Runtime: 0:30:02.731798
2026-07-30 21:55:24 INFO     | DexSniper            |   Pairs detected: 7
2026-07-30 21:55:24 INFO     | DexSniper            |   Scams filtered: 0
2026-07-30 21:55:24 INFO     | DexSniper            |   Trades executed: 3
2026-07-30 21:55:24 INFO     | DexSniper            |   Total invested: 0.15000000000000002 BSC
2026-07-30 21:55:24 INFO     | DexSniper            | ==================================================
2026-07-30 21:55:24 INFO     | DexSniper            | ⏰ Sleeping 30s...
2026-07-30 21:55:55 INFO     | DexSniper            | ==================================================
2026-07-30 21:55:55 INFO     | DexSniper            |   📊 DEX SNIPER STATS
2026-07-30 21:55:55 INFO     | DexSniper            |   Runtime: 0:30:33.064700
2026-07-30 21:55:55 INFO     | DexSniper            |   Pairs detected: 7
2026-07-30 21:55:55 INFO     | DexSniper            |   Scams filtered: 0
2026-07-30 21:55:55 INFO     | DexSniper            |   Trades executed: 3
2026-07-30 21:55:55 INFO     | DexSniper            |   Total invested: 0.15000000000000002 BSC
2026-07-30 21:55:55 INFO     | DexSniper            | ==================================================
2026-07-30 21:55:55 INFO     | DexSniper            | ⏰ Sleeping 30s...
2026-07-30 21:56:25 INFO     | DexSniper            | 🆕 New pair detected! Token: 0xFBF0E117... Pair: 0xC091b634...
2026-07-30 21:56:26 INFO     | DexSniper            |   → TOCONIX (TOX)
2026-07-30 21:56:43 ERROR    | DexSniper            | Ollama request failed: HTTPConnectionPool(host='localhost', port=11434): Read timed out. (read timeout=15)
2026-07-30 21:56:43 INFO     | DexSniper            |   → ✅ Passed checks: Passed basic checks
2026-07-30 21:56:43 INFO     | DexSniper            | 🎯 SNIPE: TOCONIX (TOX) — 0.05 BSC invested
2026-07-30 21:56:43 INFO     | DexSniper            | ==================================================
2026-07-30 21:56:43 INFO     | DexSniper            |   📊 DEX SNIPER STATS
2026-07-30 21:56:43 INFO     | DexSniper            |   Runtime: 0:31:21.357963
2026-07-30 21:56:43 INFO     | DexSniper            |   Pairs detected: 8
2026-07-30 21:56:43 INFO     | DexSniper            |   Scams filtered: 0
2026-07-30 21:56:43 INFO     | DexSniper            |   Trades executed: 4
2026-07-30 21:56:43 INFO     | DexSniper            |   Total invested: 0.2 BSC
2026-07-30 21:56:43 INFO     | DexSniper            | ==================================================
2026-07-30 21:56:43 INFO     | DexSniper            | ⏰ Sleeping 30s...
2026-07-30 21:57:13 INFO     | DexSniper            | ==================================================
2026-07-30 21:57:13 INFO     | DexSniper            |   📊 DEX SNIPER STATS
2026-07-30 21:57:13 INFO     | DexSniper            |   Runtime: 0:31:51.642154
2026-07-30 21:57:13 INFO     | DexSniper            |   Pairs detected: 8
2026-07-30 21:57:13 INFO     | DexSniper            |   Scams filtered: 0
2026-07-30 21:57:13 INFO     | DexSniper            |   Trades executed: 4
2026-07-30 21:57:13 INFO     | DexSniper            |   Total invested: 0.2 BSC
2026-07-30 21:57:13 INFO     | DexSniper            | ==================================================
2026-07-30 21:57:13 INFO     | DexSniper            | ⏰ Sleeping 30s...
2026-07-30 21:57:44 INFO     | DexSniper            | ==================================================
2026-07-30 21:57:44 INFO     | DexSniper            |   📊 DEX SNIPER STATS
2026-07-30 21:57:44 INFO     | DexSniper            |   Runtime: 0:32:22.620177
2026-07-30 21:57:44 INFO     | DexSniper            |   Pairs detected: 8
2026-07-30 21:57:44 INFO     | DexSniper            |   Scams filtered: 0
2026-07-30 21:57:44 INFO     | DexSniper            |   Trades executed: 4
2026-07-30 21:57:44 INFO     | DexSniper            |   Total invested: 0.2 BSC
2026-07-30 21:57:44 INFO     | DexSniper            | ==================================================
2026-07-30 21:57:44 INFO     | DexSniper            | ⏰ Sleeping 30s...
2026-07-30 21:58:15 INFO     | DexSniper            | ==================================================
2026-07-30 21:58:15 INFO     | DexSniper            |   📊 DEX SNIPER STATS
2026-07-30 21:58:15 INFO     | DexSniper            |   Runtime: 0:32:52.972065
2026-07-30 21:58:15 INFO     | DexSniper            |   Pairs detected: 8
2026-07-30 21:58:15 INFO     | DexSniper            |   Scams filtered: 0
2026-07-30 21:58:15 INFO     | DexSniper            |   Trades executed: 4
2026-07-30 21:58:15 INFO     | DexSniper            |   Total invested: 0.2 BSC
2026-07-30 21:58:15 INFO     | DexSniper            | ==================================================
2026-07-30 21:58:15 INFO     | DexSniper            | ⏰ Sleeping 30s...
2026-07-30 21:58:45 INFO     | DexSniper            | 🆕 New pair detected! Token: 0xf5c0586a... Pair: 0x5eFfA568...
2026-07-30 21:58:47 INFO     | DexSniper            |   → AVE (AVE)
2026-07-30 21:59:04 ERROR    | DexSniper            | Ollama request failed: HTTPConnectionPool(host='localhost', port=11434): Read timed out. (read timeout=15)
2026-07-30 21:59:04 INFO     | DexSniper            |   → ✅ Passed checks: Passed basic checks
2026-07-30 21:59:04 INFO     | DexSniper            | 🎯 SNIPE: AVE (AVE) — 0.05 BSC invested
2026-07-30 21:59:04 INFO     | DexSniper            | 🆕 New pair detected! Token: 0x9De37020... Pair: 0xC2ef59Db...
2026-07-30 21:59:05 INFO     | DexSniper            |   → 🪙DogQueen Plus (🪙DOGQ)
2026-07-30 21:59:22 ERROR    | DexSniper            | Ollama request failed: HTTPConnectionPool(host='localhost', port=11434): Read timed out. (read timeout=15)
2026-07-30 21:59:22 INFO     | DexSniper            |   → ✅ Passed checks: Passed basic checks
2026-07-30 21:59:22 INFO     | DexSniper            | 🎯 SNIPE: 🪙DogQueen Plus (🪙DOGQ) — 0.05 BSC invested
2026-07-30 21:59:22 INFO     | DexSniper            | ==================================================
2026-07-30 21:59:22 INFO     | DexSniper            |   📊 DEX SNIPER STATS
2026-07-30 21:59:22 INFO     | DexSniper            |   Runtime: 0:34:00.876387
2026-07-30 21:59:22 INFO     | DexSniper            |   Pairs detected: 10
2026-07-30 21:59:22 INFO     | DexSniper            |   Scams filtered: 0
2026-07-30 21:59:22 INFO     | DexSniper            |   Trades executed: 6
2026-07-30 21:59:22 INFO     | DexSniper            |   Total invested: 0.3 BSC
2026-07-30 21:59:22 INFO     | DexSniper            | ==================================================
2026-07-30 21:59:22 INFO     | DexSniper            | ⏰ Sleeping 30s...
2026-07-30 21:59:53 INFO     | DexSniper            | ==================================================
2026-07-30 21:59:53 INFO     | DexSniper            |   📊 DEX SNIPER STATS
2026-07-30 21:59:53 INFO     | DexSniper            |   Runtime: 0:34:31.180346
2026-07-30 21:59:53 INFO     | DexSniper            |   Pairs detected: 10
2026-07-30 21:59:53 INFO     | DexSniper            |   Scams filtered: 0
2026-07-30 21:59:53 INFO     | DexSniper            |   Trades executed: 6
2026-07-30 21:59:53 INFO     | DexSniper            |   Total invested: 0.3 BSC
2026-07-30 21:59:53 INFO     | DexSniper            | ==================================================
2026-07-30 21:59:53 INFO     | DexSniper            | ⏰ Sleeping 30s...
2026-07-30 22:00:23 INFO     | DexSniper            | ==================================================
2026-07-30 22:00:23 INFO     | DexSniper            |   📊 DEX SNIPER STATS
2026-07-30 22:00:23 INFO     | DexSniper            |   Runtime: 0:35:01.495926
2026-07-30 22:00:23 INFO     | DexSniper            |   Pairs detected: 10
2026-07-30 22:00:23 INFO     | DexSniper            |   Scams filtered: 0
2026-07-30 22:00:23 INFO     | DexSniper            |   Trades executed: 6
2026-07-30 22:00:23 INFO     | DexSniper            |   Total invested: 0.3 BSC
2026-07-30 22:00:23 INFO     | DexSniper            | ==================================================
2026-07-30 22:00:23 INFO     | DexSniper            | ⏰ Sleeping 30s...
2026-07-30 22:00:54 INFO     | DexSniper            | 🆕 New pair detected! Token: 0x31b8F69b... Pair: 0x3E4631F3...
2026-07-30 22:00:55 INFO     | DexSniper            |   → 风水 (风水)
2026-07-30 22:01:12 ERROR    | DexSniper            | Ollama request failed: HTTPConnectionPool(host='localhost', port=11434): Read timed out. (read timeout=15)
2026-07-30 22:01:12 INFO     | DexSniper            |   → ✅ Passed checks: Passed basic checks
2026-07-30 22:01:12 INFO     | DexSniper            | 🎯 SNIPE: 风水 (风水) — 0.05 BSC invested
2026-07-30 22:01:12 INFO     | DexSniper            | ==================================================
2026-07-30 22:01:12 INFO     | DexSniper            |   📊 DEX SNIPER STATS
2026-07-30 22:01:12 INFO     | DexSniper            |   Runtime: 0:35:50.565016
2026-07-30 22:01:12 INFO     | DexSniper            |   Pairs detected: 11
2026-07-30 22:01:12 INFO     | DexSniper            |   Scams filtered: 0
2026-07-30 22:01:12 INFO     | DexSniper            |   Trades executed: 7
2026-07-30 22:01:12 INFO     | DexSniper            |   Total invested: 0.35 BSC
2026-07-30 22:01:12 INFO     | DexSniper            | ==================================================
2026-07-30 22:01:12 INFO     | DexSniper            | ⏰ Sleeping 30s...
2026-07-30 22:01:42 INFO     | DexSniper            | ==================================================
2026-07-30 22:01:42 INFO     | DexSniper            |   📊 DEX SNIPER STATS
2026-07-30 22:01:42 INFO     | DexSniper            |   Runtime: 0:36:20.881305
2026-07-30 22:01:42 INFO     | DexSniper            |   Pairs detected: 11
2026-07-30 22:01:42 INFO     | DexSniper            |   Scams filtered: 0
2026-07-30 22:01:42 INFO     | DexSniper            |   Trades executed: 7
2026-07-30 22:01:42 INFO     | DexSniper            |   Total invested: 0.35 BSC
2026-07-30 22:01:42 INFO     | DexSniper            | ==================================================
2026-07-30 22:01:42 INFO     | DexSniper            | ⏰ Sleeping 30s...
2026-07-30 22:02:13 INFO     | DexSniper            | 🆕 New pair detected! Token: 0x71BAA511... Pair: 0x9aDe2E4A...
2026-07-30 22:03:04 WARNING  | DexSniper            |   → Cannot read token info. Skipping.
2026-07-30 22:03:04 INFO     | DexSniper            | ==================================================
2026-07-30 22:03:04 INFO     | DexSniper            |   📊 DEX SNIPER STATS
2026-07-30 22:03:04 INFO     | DexSniper            |   Runtime: 0:37:42.320878
2026-07-30 22:03:04 INFO     | DexSniper            |   Pairs detected: 12
2026-07-30 22:03:04 INFO     | DexSniper            |   Scams filtered: 0
2026-07-30 22:03:04 INFO     | DexSniper            |   Trades executed: 7
2026-07-30 22:03:04 INFO     | DexSniper            |   Total invested: 0.35 BSC
2026-07-30 22:03:04 INFO     | DexSniper            | ==================================================
2026-07-30 22:03:04 INFO     | DexSniper            | ⏰ Sleeping 30s...
2026-07-30 22:03:35 INFO     | DexSniper            | ==================================================
2026-07-30 22:03:35 INFO     | DexSniper            |   📊 DEX SNIPER STATS
2026-07-30 22:03:35 INFO     | DexSniper            |   Runtime: 0:38:13.145473
2026-07-30 22:03:35 INFO     | DexSniper            |   Pairs detected: 12
2026-07-30 22:03:35 INFO     | DexSniper            |   Scams filtered: 0
2026-07-30 22:03:35 INFO     | DexSniper            |   Trades executed: 7
2026-07-30 22:03:35 INFO     | DexSniper            |   Total invested: 0.35 BSC
2026-07-30 22:03:35 INFO     | DexSniper            | ==================================================
2026-07-30 22:03:35 INFO     | DexSniper            | ⏰ Sleeping 30s...
2026-07-30 22:04:06 INFO     | DexSniper            | ==================================================
2026-07-30 22:04:06 INFO     | DexSniper            |   📊 DEX SNIPER STATS
2026-07-30 22:04:06 INFO     | DexSniper            |   Runtime: 0:38:44.718882
2026-07-30 22:04:06 INFO     | DexSniper            |   Pairs detected: 12
2026-07-30 22:04:06 INFO     | DexSniper            |   Scams filtered: 0
2026-07-30 22:04:06 INFO     | DexSniper            |   Trades executed: 7
2026-07-30 22:04:06 INFO     | DexSniper            |   Total invested: 0.35 BSC
2026-07-30 22:04:06 INFO     | DexSniper            | ==================================================
2026-07-30 22:04:06 INFO     | DexSniper            | ⏰ Sleeping 30s...
2026-07-30 22:04:37 INFO     | DexSniper            | ==================================================
2026-07-30 22:04:37 INFO     | DexSniper            |   📊 DEX SNIPER STATS
2026-07-30 22:04:37 INFO     | DexSniper            |   Runtime: 0:39:15.205353
2026-07-30 22:04:37 INFO     | DexSniper            |   Pairs detected: 12
2026-07-30 22:04:37 INFO     | DexSniper            |   Scams filtered: 0
2026-07-30 22:04:37 INFO     | DexSniper            |   Trades executed: 7
2026-07-30 22:04:37 INFO     | DexSniper            |   Total invested: 0.35 BSC
2026-07-30 22:04:37 INFO     | DexSniper            | ==================================================
2026-07-30 22:04:37 INFO     | DexSniper            | ⏰ Sleeping 30s...
2026-07-30 22:05:07 INFO     | DexSniper            | ==================================================
2026-07-30 22:05:07 INFO     | DexSniper            |   📊 DEX SNIPER STATS
2026-07-30 22:05:07 INFO     | DexSniper            |   Runtime: 0:39:45.531105
2026-07-30 22:05:07 INFO     | DexSniper            |   Pairs detected: 12
2026-07-30 22:05:07 INFO     | DexSniper            |   Scams filtered: 0
2026-07-30 22:05:07 INFO     | DexSniper            |   Trades executed: 7
2026-07-30 22:05:07 INFO     | DexSniper            |   Total invested: 0.35 BSC
2026-07-30 22:05:07 INFO     | DexSniper            | ==================================================
2026-07-30 22:05:07 INFO     | DexSniper            | ⏰ Sleeping 30s...
2026-07-30 22:05:37 INFO     | DexSniper            | ==================================================
2026-07-30 22:05:37 INFO     | DexSniper            |   📊 DEX SNIPER STATS
2026-07-30 22:05:37 INFO     | DexSniper            |   Runtime: 0:40:15.868343
2026-07-30 22:05:37 INFO     | DexSniper            |   Pairs detected: 12
2026-07-30 22:05:37 INFO     | DexSniper            |   Scams filtered: 0
2026-07-30 22:05:37 INFO     | DexSniper            |   Trades executed: 7
2026-07-30 22:05:37 INFO     | DexSniper            |   Total invested: 0.35 BSC
2026-07-30 22:05:37 INFO     | DexSniper            | ==================================================
2026-07-30 22:05:37 INFO     | DexSniper            | ⏰ Sleeping 30s...
2026-07-30 22:06:08 INFO     | DexSniper            | ==================================================
2026-07-30 22:06:08 INFO     | DexSniper            |   📊 DEX SNIPER STATS
2026-07-30 22:06:08 INFO     | DexSniper            |   Runtime: 0:40:46.190255
2026-07-30 22:06:08 INFO     | DexSniper            |   Pairs detected: 12
2026-07-30 22:06:08 INFO     | DexSniper            |   Scams filtered: 0
2026-07-30 22:06:08 INFO     | DexSniper            |   Trades executed: 7
2026-07-30 22:06:08 INFO     | DexSniper            |   Total invested: 0.35 BSC
2026-07-30 22:06:08 INFO     | DexSniper            | ==================================================
2026-07-30 22:06:08 INFO     | DexSniper            | ⏰ Sleeping 30s...
2026-07-30 22:06:38 INFO     | DexSniper            | ==================================================
2026-07-30 22:06:38 INFO     | DexSniper            |   📊 DEX SNIPER STATS
2026-07-30 22:06:38 INFO     | DexSniper            |   Runtime: 0:41:16.562580
2026-07-30 22:06:38 INFO     | DexSniper            |   Pairs detected: 12
2026-07-30 22:06:38 INFO     | DexSniper            |   Scams filtered: 0
2026-07-30 22:06:38 INFO     | DexSniper            |   Trades executed: 7
2026-07-30 22:06:38 INFO     | DexSniper            |   Total invested: 0.35 BSC
2026-07-30 22:06:38 INFO     | DexSniper            | ==================================================
2026-07-30 22:06:38 INFO     | DexSniper            | ⏰ Sleeping 30s...
2026-07-30 22:07:09 INFO     | DexSniper            | 🆕 New pair detected! Token: 0xB03B78fC... Pair: 0x4D6B4171...
2026-07-30 22:07:10 INFO     | DexSniper            |   → BrettFi (BRET)
2026-07-30 22:07:27 ERROR    | DexSniper            | Ollama request failed: HTTPConnectionPool(host='localhost', port=11434): Read timed out. (read timeout=15)
2026-07-30 22:07:27 INFO     | DexSniper            |   → ✅ Passed checks: Passed basic checks
2026-07-30 22:07:27 INFO     | DexSniper            | 🎯 SNIPE: BrettFi (BRET) — 0.05 BSC invested
2026-07-30 22:07:27 INFO     | DexSniper            | ==================================================
2026-07-30 22:07:27 INFO     | DexSniper            |   📊 DEX SNIPER STATS
2026-07-30 22:07:27 INFO     | DexSniper            |   Runtime: 0:42:05.329124
2026-07-30 22:07:27 INFO     | DexSniper            |   Pairs detected: 13
2026-07-30 22:07:27 INFO     | DexSniper            |   Scams filtered: 0
2026-07-30 22:07:27 INFO     | DexSniper            |   Trades executed: 8
2026-07-30 22:07:27 INFO     | DexSniper            |   Total invested: 0.39999999999999997 BSC
2026-07-30 22:07:27 INFO     | DexSniper            | ==================================================
2026-07-30 22:07:27 INFO     | DexSniper            | ⏰ Sleeping 30s...
2026-07-30 22:07:57 INFO     | DexSniper            | 🆕 New pair detected! Token: 0x019DBD85... Pair: 0x6b173977...
2026-07-30 22:07:59 INFO     | DexSniper            |   → MetaLabs (MLAB)
2026-07-30 22:08:16 ERROR    | DexSniper            | Ollama request failed: HTTPConnectionPool(host='localhost', port=11434): Read timed out. (read timeout=15)
2026-07-30 22:08:16 INFO     | DexSniper            |   → ✅ Passed checks: Passed basic checks
2026-07-30 22:08:16 INFO     | DexSniper            | 🎯 SNIPE: MetaLabs (MLAB) — 0.05 BSC invested
2026-07-30 22:08:16 INFO     | DexSniper            | ==================================================
2026-07-30 22:08:16 INFO     | DexSniper            |   📊 DEX SNIPER STATS
2026-07-30 22:08:16 INFO     | DexSniper            |   Runtime: 0:42:54.021829
2026-07-30 22:08:16 INFO     | DexSniper            |   Pairs detected: 14
2026-07-30 22:08:16 INFO     | DexSniper            |   Scams filtered: 0
2026-07-30 22:08:16 INFO     | DexSniper            |   Trades executed: 9
2026-07-30 22:08:16 INFO     | DexSniper            |   Total invested: 0.44999999999999996 BSC
2026-07-30 22:08:16 INFO     | DexSniper            | ==================================================
2026-07-30 22:08:16 INFO     | DexSniper            | ⏰ Sleeping 30s...
2026-07-30 22:08:46 INFO     | DexSniper            | 🆕 New pair detected! Token: 0xDE37fc23... Pair: 0xBC768a9c...
2026-07-30 22:08:47 INFO     | DexSniper            | ⏹️  Shutdown signal received.
2026-07-30 22:08:47 INFO     | DexSniper            | ==================================================
2026-07-30 22:08:47 INFO     | DexSniper            |   📊 DEX SNIPER STATS
2026-07-30 22:08:47 INFO     | DexSniper            |   Runtime: 0:43:25.597144
2026-07-30 22:08:47 INFO     | DexSniper            |   Pairs detected: 15
2026-07-30 22:08:47 INFO     | DexSniper            |   Scams filtered: 0
2026-07-30 22:08:47 INFO     | DexSniper            |   Trades executed: 9
2026-07-30 22:08:47 INFO     | DexSniper            |   Total invested: 0.44999999999999996 BSC
2026-07-30 22:08:47 INFO     | DexSniper            | ==================================================
2026-07-30 22:13:29 INFO     | DexSniper            | AI: RouterAI ready (complex: deepseek/deepseek-chat, fast: openai/gpt-4o-mini)
2026-07-30 22:13:29 INFO     | DexSniper            | AI: Ollama ready (model: llama3.2)
2026-07-30 22:13:30 INFO     | DexSniper            | Connected to chain 56 via https://bsc-dataseed.binance.org...
2026-07-30 22:13:30 INFO     | DexSniper            | Factory contract loaded: 0xcA143Ce3...
2026-07-30 22:13:30 INFO     | DexSniper            | =======================================================
2026-07-30 22:13:30 INFO     | DexSniper            | 🚀 DEX Sniper STARTED
2026-07-30 22:13:30 INFO     | DexSniper            |    Chain: BSC
2026-07-30 22:13:30 INFO     | DexSniper            |    Factory: 0xcA143Ce32Fe78...
2026-07-30 22:13:30 INFO     | DexSniper            |    Buy amount: 0.05 BSC
2026-07-30 22:13:30 INFO     | DexSniper            |    TP: 20.00%
2026-07-30 22:13:30 INFO     | DexSniper            |    AI scam filter: ON
2026-07-30 22:13:30 INFO     | DexSniper            | =======================================================
2026-07-30 22:13:30 INFO     | DexSniper            | ==================================================
2026-07-30 22:13:30 INFO     | DexSniper            |   📊 DEX SNIPER STATS
2026-07-30 22:13:30 INFO     | DexSniper            |   Runtime: 0:00:00.551962
2026-07-30 22:13:30 INFO     | DexSniper            |   Pairs detected: 0
2026-07-30 22:13:30 INFO     | DexSniper            |   Scams filtered: 0
2026-07-30 22:13:30 INFO     | DexSniper            |   Trades executed: 0
2026-07-30 22:13:30 INFO     | DexSniper            |   Total invested: 0.0 BSC
2026-07-30 22:13:30 INFO     | DexSniper            | ==================================================
2026-07-30 22:13:30 INFO     | DexSniper            | ⏰ Sleeping 30s...
2026-07-30 22:14:01 INFO     | DexSniper            | ==================================================
2026-07-30 22:14:01 INFO     | DexSniper            |   📊 DEX SNIPER STATS
2026-07-30 22:14:01 INFO     | DexSniper            |   Runtime: 0:00:30.906287
2026-07-30 22:14:01 INFO     | DexSniper            |   Pairs detected: 0
2026-07-30 22:14:01 INFO     | DexSniper            |   Scams filtered: 0
2026-07-30 22:14:01 INFO     | DexSniper            |   Trades executed: 0
2026-07-30 22:14:01 INFO     | DexSniper            |   Total invested: 0.0 BSC
2026-07-30 22:14:01 INFO     | DexSniper            | ==================================================
2026-07-30 22:14:01 INFO     | DexSniper            | ⏰ Sleeping 30s...
2026-07-30 22:14:31 INFO     | DexSniper            | ==================================================
2026-07-30 22:14:31 INFO     | DexSniper            |   📊 DEX SNIPER STATS
2026-07-30 22:14:31 INFO     | DexSniper            |   Runtime: 0:01:01.233545
2026-07-30 22:14:31 INFO     | DexSniper            |   Pairs detected: 0
2026-07-30 22:14:31 INFO     | DexSniper            |   Scams filtered: 0
2026-07-30 22:14:31 INFO     | DexSniper            |   Trades executed: 0
2026-07-30 22:14:31 INFO     | DexSniper            |   Total invested: 0.0 BSC
2026-07-30 22:14:31 INFO     | DexSniper            | ==================================================
2026-07-30 22:14:31 INFO     | DexSniper            | ⏰ Sleeping 30s...
2026-07-30 22:14:33 INFO     | DexSniper            | AI: RouterAI ready (complex: deepseek/deepseek-chat, fast: openai/gpt-4o-mini)
2026-07-30 22:14:33 INFO     | DexSniper            | AI: Ollama ready (model: llama3.2)
2026-07-30 22:14:33 INFO     | DexSniper            | 🚀 DEX Sniper STARTED | Chain: BSC
2026-07-30 22:15:01 INFO     | DexSniper            | 🆕 New pair detected! Token: 0x8B9B062F... Pair: 0x6295d2ef...
2026-07-30 22:15:03 INFO     | DexSniper            |   → FENRIK (FNRK)
2026-07-30 22:15:35 ERROR    | DexSniper            | Ollama request failed: HTTPConnectionPool(host='localhost', port=11434): Read timed out. (read timeout=30)
2026-07-30 22:15:35 INFO     | DexSniper            |   → ✅ Passed checks: Passed basic checks
2026-07-30 22:15:35 INFO     | DexSniper            | 🎯 SNIPE: FENRIK (FNRK) — 0.05 BSC invested
2026-07-30 22:15:35 INFO     | DexSniper            | ==================================================
2026-07-30 22:15:35 INFO     | DexSniper            |   📊 DEX SNIPER STATS
2026-07-30 22:15:35 INFO     | DexSniper            |   Runtime: 0:02:05.555626
2026-07-30 22:15:35 INFO     | DexSniper            |   Pairs detected: 1
2026-07-30 22:15:35 INFO     | DexSniper            |   Scams filtered: 0
2026-07-30 22:15:35 INFO     | DexSniper            |   Trades executed: 1
2026-07-30 22:15:35 INFO     | DexSniper            |   Total invested: 0.05 BSC
2026-07-30 22:15:35 INFO     | DexSniper            | ==================================================
2026-07-30 22:15:35 INFO     | DexSniper            | ⏰ Sleeping 30s...
2026-07-30 22:15:38 ERROR    | DexSniper            | Ollama request failed: HTTPConnectionPool(host='localhost', port=11434): Read timed out. (read timeout=30)
2026-07-30 22:15:38 INFO     | DexSniper            | 🎯 SNIPE: FENRIK (FNRK)
2026-07-30 22:16:06 INFO     | DexSniper            | ==================================================
2026-07-30 22:16:06 INFO     | DexSniper            |   📊 DEX SNIPER STATS
2026-07-30 22:16:06 INFO     | DexSniper            |   Runtime: 0:02:36.762404
2026-07-30 22:16:06 INFO     | DexSniper            |   Pairs detected: 1
2026-07-30 22:16:06 INFO     | DexSniper            |   Scams filtered: 0
2026-07-30 22:16:06 INFO     | DexSniper            |   Trades executed: 1
2026-07-30 22:16:06 INFO     | DexSniper            |   Total invested: 0.05 BSC
2026-07-30 22:16:06 INFO     | DexSniper            | ==================================================
2026-07-30 22:16:06 INFO     | DexSniper            | ⏰ Sleeping 30s...
2026-07-30 22:16:37 INFO     | DexSniper            | ==================================================
2026-07-30 22:16:37 INFO     | DexSniper            |   📊 DEX SNIPER STATS
2026-07-30 22:16:37 INFO     | DexSniper            |   Runtime: 0:03:07.117888
2026-07-30 22:16:37 INFO     | DexSniper            |   Pairs detected: 1
2026-07-30 22:16:37 INFO     | DexSniper            |   Scams filtered: 0
2026-07-30 22:16:37 INFO     | DexSniper            |   Trades executed: 1
2026-07-30 22:16:37 INFO     | DexSniper            |   Total invested: 0.05 BSC
2026-07-30 22:16:37 INFO     | DexSniper            | ==================================================
2026-07-30 22:16:37 INFO     | DexSniper            | ⏰ Sleeping 30s...
2026-07-30 22:17:07 INFO     | DexSniper            | ==================================================
2026-07-30 22:17:07 INFO     | DexSniper            |   📊 DEX SNIPER STATS
2026-07-30 22:17:07 INFO     | DexSniper            |   Runtime: 0:03:37.445998
2026-07-30 22:17:07 INFO     | DexSniper            |   Pairs detected: 1
2026-07-30 22:17:07 INFO     | DexSniper            |   Scams filtered: 0
2026-07-30 22:17:07 INFO     | DexSniper            |   Trades executed: 1
2026-07-30 22:17:07 INFO     | DexSniper            |   Total invested: 0.05 BSC
2026-07-30 22:17:07 INFO     | DexSniper            | ==================================================
2026-07-30 22:17:07 INFO     | DexSniper            | ⏰ Sleeping 30s...
2026-07-30 22:17:32 INFO     | DexSniper            | ⏹️ Stopped.
2026-07-30 22:17:38 INFO     | DexSniper            | ==================================================
2026-07-30 22:17:38 INFO     | DexSniper            |   📊 DEX SNIPER STATS
2026-07-30 22:17:38 INFO     | DexSniper            |   Runtime: 0:04:07.799414
2026-07-30 22:17:38 INFO     | DexSniper            |   Pairs detected: 1
2026-07-30 22:17:38 INFO     | DexSniper            |   Scams filtered: 0
2026-07-30 22:17:38 INFO     | DexSniper            |   Trades executed: 1
2026-07-30 22:17:38 INFO     | DexSniper            |   Total invested: 0.05 BSC
2026-07-30 22:17:38 INFO     | DexSniper            | ==================================================
2026-07-30 22:17:38 INFO     | DexSniper            | ⏰ Sleeping 30s...
2026-07-30 22:18:08 INFO     | DexSniper            | 🆕 New pair detected! Token: 0x8c30E490... Pair: 0xC12CAB39...
2026-07-30 22:18:10 INFO     | DexSniper            |   → BANG (BANG)
2026-07-30 22:18:42 ERROR    | DexSniper            | Ollama request failed: HTTPConnectionPool(host='localhost', port=11434): Read timed out. (read timeout=30)
2026-07-30 22:18:42 INFO     | DexSniper            |   → ✅ Passed checks: Passed basic checks
2026-07-30 22:18:42 INFO     | DexSniper            | 🎯 SNIPE: BANG (BANG) — 0.05 BSC invested
2026-07-30 22:18:42 INFO     | DexSniper            | ==================================================
2026-07-30 22:18:42 INFO     | DexSniper            |   📊 DEX SNIPER STATS
2026-07-30 22:18:42 INFO     | DexSniper            |   Runtime: 0:05:12.535768
2026-07-30 22:18:42 INFO     | DexSniper            |   Pairs detected: 2
2026-07-30 22:18:42 INFO     | DexSniper            |   Scams filtered: 0
2026-07-30 22:18:42 INFO     | DexSniper            |   Trades executed: 2
2026-07-30 22:18:42 INFO     | DexSniper            |   Total invested: 0.1 BSC
2026-07-30 22:18:42 INFO     | DexSniper            | ==================================================
2026-07-30 22:18:42 INFO     | DexSniper            | ⏰ Sleeping 30s...
2026-07-30 22:18:44 INFO     | DexSniper            | AI: RouterAI ready (complex: deepseek/deepseek-chat, fast: openai/gpt-4o-mini)
2026-07-30 22:18:44 INFO     | DexSniper            | AI: Ollama ready (model: llama3.2)
2026-07-30 22:18:44 INFO     | DexSniper            | 🚀 DEX Sniper STARTED | Chain: BSC
2026-07-30 22:19:13 INFO     | DexSniper            | ==================================================
2026-07-30 22:19:13 INFO     | DexSniper            |   📊 DEX SNIPER STATS
2026-07-30 22:19:13 INFO     | DexSniper            |   Runtime: 0:05:43.507673
2026-07-30 22:19:13 INFO     | DexSniper            |   Pairs detected: 2
2026-07-30 22:19:13 INFO     | DexSniper            |   Scams filtered: 0
2026-07-30 22:19:13 INFO     | DexSniper            |   Trades executed: 2
2026-07-30 22:19:13 INFO     | DexSniper            |   Total invested: 0.1 BSC
2026-07-30 22:19:13 INFO     | DexSniper            | ==================================================
2026-07-30 22:19:13 INFO     | DexSniper            | ⏰ Sleeping 30s...
2026-07-30 22:19:19 ERROR    | DexSniper            | Ollama request failed: HTTPConnectionPool(host='localhost', port=11434): Read timed out. (read timeout=30)
2026-07-30 22:19:19 INFO     | DexSniper            | 🎯 SNIPE: BSCCORESuper (BSC)
2026-07-30 22:19:44 INFO     | DexSniper            | ==================================================
2026-07-30 22:19:44 INFO     | DexSniper            |   📊 DEX SNIPER STATS
2026-07-30 22:19:44 INFO     | DexSniper            |   Runtime: 0:06:13.839825
2026-07-30 22:19:44 INFO     | DexSniper            |   Pairs detected: 2
2026-07-30 22:19:44 INFO     | DexSniper            |   Scams filtered: 0
2026-07-30 22:19:44 INFO     | DexSniper            |   Trades executed: 2
2026-07-30 22:19:44 INFO     | DexSniper            |   Total invested: 0.1 BSC
2026-07-30 22:19:44 INFO     | DexSniper            | ==================================================
2026-07-30 22:19:44 INFO     | DexSniper            | ⏰ Sleeping 30s...
2026-07-30 22:20:14 INFO     | DexSniper            | ==================================================
2026-07-30 22:20:14 INFO     | DexSniper            |   📊 DEX SNIPER STATS
2026-07-30 22:20:14 INFO     | DexSniper            |   Runtime: 0:06:44.215256
2026-07-30 22:20:14 INFO     | DexSniper            |   Pairs detected: 2
2026-07-30 22:20:14 INFO     | DexSniper            |   Scams filtered: 0
2026-07-30 22:20:14 INFO     | DexSniper            |   Trades executed: 2
2026-07-30 22:20:14 INFO     | DexSniper            |   Total invested: 0.1 BSC
2026-07-30 22:20:14 INFO     | DexSniper            | ==================================================
2026-07-30 22:20:14 INFO     | DexSniper            | ⏰ Sleeping 30s...
2026-07-30 22:20:23 ERROR    | DexSniper            | Ollama request failed: HTTPConnectionPool(host='localhost', port=11434): Read timed out. (read timeout=30)
2026-07-30 22:20:23 INFO     | DexSniper            | 🎯 SNIPE: TikTok (TikTok)
2026-07-30 22:20:44 INFO     | DexSniper            | ==================================================
2026-07-30 22:20:44 INFO     | DexSniper            |   📊 DEX SNIPER STATS
2026-07-30 22:20:44 INFO     | DexSniper            |   Runtime: 0:07:14.527662
2026-07-30 22:20:44 INFO     | DexSniper            |   Pairs detected: 2
2026-07-30 22:20:44 INFO     | DexSniper            |   Scams filtered: 0
2026-07-30 22:20:44 INFO     | DexSniper            |   Trades executed: 2
2026-07-30 22:20:44 INFO     | DexSniper            |   Total invested: 0.1 BSC
2026-07-30 22:20:44 INFO     | DexSniper            | ==================================================
2026-07-30 22:20:44 INFO     | DexSniper            | ⏰ Sleeping 30s...
2026-07-30 22:20:58 INFO     | DexSniper            | ⏹️ Stopped.
2026-07-30 22:21:15 INFO     | DexSniper            | ==================================================
2026-07-30 22:21:15 INFO     | DexSniper            |   📊 DEX SNIPER STATS
2026-07-30 22:21:15 INFO     | DexSniper            |   Runtime: 0:07:44.895564
2026-07-30 22:21:15 INFO     | DexSniper            |   Pairs detected: 2
2026-07-30 22:21:15 INFO     | DexSniper            |   Scams filtered: 0
2026-07-30 22:21:15 INFO     | DexSniper            |   Trades executed: 2
2026-07-30 22:21:15 INFO     | DexSniper            |   Total invested: 0.1 BSC
2026-07-30 22:21:15 INFO     | DexSniper            | ==================================================
2026-07-30 22:21:15 INFO     | DexSniper            | ⏰ Sleeping 30s...
2026-07-30 22:21:45 INFO     | DexSniper            | ==================================================
2026-07-30 22:21:45 INFO     | DexSniper            |   📊 DEX SNIPER STATS
2026-07-30 22:21:45 INFO     | DexSniper            |   Runtime: 0:08:15.307441
2026-07-30 22:21:45 INFO     | DexSniper            |   Pairs detected: 2
2026-07-30 22:21:45 INFO     | DexSniper            |   Scams filtered: 0
2026-07-30 22:21:45 INFO     | DexSniper            |   Trades executed: 2
2026-07-30 22:21:45 INFO     | DexSniper            |   Total invested: 0.1 BSC
2026-07-30 22:21:45 INFO     | DexSniper            | ==================================================
2026-07-30 22:21:45 INFO     | DexSniper            | ⏰ Sleeping 30s...
2026-07-30 22:22:16 INFO     | DexSniper            | 🆕 New pair detected! Token: 0xaFeA8a77... Pair: 0xEA07777D...
2026-07-30 22:22:17 INFO     | DexSniper            |   → Lorenzo Governance Token (BANK)
2026-07-30 22:22:49 ERROR    | DexSniper            | Ollama request failed: HTTPConnectionPool(host='localhost', port=11434): Read timed out. (read timeout=30)
2026-07-30 22:22:49 INFO     | DexSniper            |   → ✅ Passed checks: Passed basic checks
2026-07-30 22:22:49 INFO     | DexSniper            | 🎯 SNIPE: Lorenzo Governance Token (BANK) — 0.05 BSC invested
2026-07-30 22:22:49 INFO     | DexSniper            | 🆕 New pair detected! Token: 0x24079237... Pair: 0x20Af3F26...
2026-07-30 22:22:51 INFO     | DexSniper            |   → Ouster Tokenized Stock (Ondo) (OUSTon)
2026-07-30 22:23:23 ERROR    | DexSniper            | Ollama request failed: HTTPConnectionPool(host='localhost', port=11434): Read timed out. (read timeout=30)
2026-07-30 22:23:23 INFO     | DexSniper            |   → ✅ Passed checks: Passed basic checks
2026-07-30 22:23:23 INFO     | DexSniper            | 🎯 SNIPE: Ouster Tokenized Stock (Ondo) (OUSTon) — 0.05 BSC invested
2026-07-30 22:23:23 INFO     | DexSniper            | ==================================================
2026-07-30 22:23:23 INFO     | DexSniper            |   📊 DEX SNIPER STATS
2026-07-30 22:23:23 INFO     | DexSniper            |   Runtime: 0:09:53.124347
2026-07-30 22:23:23 INFO     | DexSniper            |   Pairs detected: 4
2026-07-30 22:23:23 INFO     | DexSniper            |   Scams filtered: 0
2026-07-30 22:23:23 INFO     | DexSniper            |   Trades executed: 4
2026-07-30 22:23:23 INFO     | DexSniper            |   Total invested: 0.2 BSC
2026-07-30 22:23:23 INFO     | DexSniper            | ==================================================
2026-07-30 22:23:23 INFO     | DexSniper            | ⏰ Sleeping 30s...
2026-07-30 22:24:14 INFO     | DexSniper            | ==================================================
2026-07-30 22:24:14 INFO     | DexSniper            |   📊 DEX SNIPER STATS
2026-07-30 22:24:14 INFO     | DexSniper            |   Runtime: 0:10:44.419437
2026-07-30 22:24:14 INFO     | DexSniper            |   Pairs detected: 4
2026-07-30 22:24:14 INFO     | DexSniper            |   Scams filtered: 0
2026-07-30 22:24:14 INFO     | DexSniper            |   Trades executed: 4
2026-07-30 22:24:14 INFO     | DexSniper            |   Total invested: 0.2 BSC
2026-07-30 22:24:14 INFO     | DexSniper            | ==================================================
2026-07-30 22:24:14 INFO     | DexSniper            | ⏰ Sleeping 30s...
2026-07-30 22:24:45 INFO     | DexSniper            | ==================================================
2026-07-30 22:24:45 INFO     | DexSniper            |   📊 DEX SNIPER STATS
2026-07-30 22:24:45 INFO     | DexSniper            |   Runtime: 0:11:15.572530
2026-07-30 22:24:45 INFO     | DexSniper            |   Pairs detected: 4
2026-07-30 22:24:45 INFO     | DexSniper            |   Scams filtered: 0
2026-07-30 22:24:45 INFO     | DexSniper            |   Trades executed: 4
2026-07-30 22:24:45 INFO     | DexSniper            |   Total invested: 0.2 BSC
2026-07-30 22:24:45 INFO     | DexSniper            | ==================================================
2026-07-30 22:24:45 INFO     | DexSniper            | ⏰ Sleeping 30s...
2026-07-30 22:25:16 INFO     | DexSniper            | ==================================================
2026-07-30 22:25:16 INFO     | DexSniper            |   📊 DEX SNIPER STATS
2026-07-30 22:25:16 INFO     | DexSniper            |   Runtime: 0:11:46.779234
2026-07-30 22:25:16 INFO     | DexSniper            |   Pairs detected: 4
2026-07-30 22:25:16 INFO     | DexSniper            |   Scams filtered: 0
2026-07-30 22:25:16 INFO     | DexSniper            |   Trades executed: 4
2026-07-30 22:25:16 INFO     | DexSniper            |   Total invested: 0.2 BSC
2026-07-30 22:25:16 INFO     | DexSniper            | ==================================================
2026-07-30 22:25:16 INFO     | DexSniper            | ⏰ Sleeping 30s...
2026-07-30 22:25:47 INFO     | DexSniper            | ==================================================
2026-07-30 22:25:47 INFO     | DexSniper            |   📊 DEX SNIPER STATS
2026-07-30 22:25:47 INFO     | DexSniper            |   Runtime: 0:12:17.341667
2026-07-30 22:25:47 INFO     | DexSniper            |   Pairs detected: 4
2026-07-30 22:25:47 INFO     | DexSniper            |   Scams filtered: 0
2026-07-30 22:25:47 INFO     | DexSniper            |   Trades executed: 4
2026-07-30 22:25:47 INFO     | DexSniper            |   Total invested: 0.2 BSC
2026-07-30 22:25:47 INFO     | DexSniper            | ==================================================
2026-07-30 22:25:47 INFO     | DexSniper            | ⏰ Sleeping 30s...
2026-07-30 22:26:18 INFO     | DexSniper            | ==================================================
2026-07-30 22:26:18 INFO     | DexSniper            |   📊 DEX SNIPER STATS
2026-07-30 22:26:18 INFO     | DexSniper            |   Runtime: 0:12:48.776981
2026-07-30 22:26:18 INFO     | DexSniper            |   Pairs detected: 4
2026-07-30 22:26:18 INFO     | DexSniper            |   Scams filtered: 0
2026-07-30 22:26:18 INFO     | DexSniper            |   Trades executed: 4
2026-07-30 22:26:18 INFO     | DexSniper            |   Total invested: 0.2 BSC
2026-07-30 22:26:18 INFO     | DexSniper            | ==================================================
2026-07-30 22:26:18 INFO     | DexSniper            | ⏰ Sleeping 30s...
2026-07-30 22:26:49 INFO     | DexSniper            | ==================================================
2026-07-30 22:26:49 INFO     | DexSniper            |   📊 DEX SNIPER STATS
2026-07-30 22:26:49 INFO     | DexSniper            |   Runtime: 0:13:19.597355
2026-07-30 22:26:49 INFO     | DexSniper            |   Pairs detected: 4
2026-07-30 22:26:49 INFO     | DexSniper            |   Scams filtered: 0
2026-07-30 22:26:49 INFO     | DexSniper            |   Trades executed: 4
2026-07-30 22:26:49 INFO     | DexSniper            |   Total invested: 0.2 BSC
2026-07-30 22:26:49 INFO     | DexSniper            | ==================================================
2026-07-30 22:26:49 INFO     | DexSniper            | ⏰ Sleeping 30s...
2026-07-30 22:27:20 INFO     | DexSniper            | ==================================================
2026-07-30 22:27:20 INFO     | DexSniper            |   📊 DEX SNIPER STATS
2026-07-30 22:27:20 INFO     | DexSniper            |   Runtime: 0:13:50.487540
2026-07-30 22:27:20 INFO     | DexSniper            |   Pairs detected: 4
2026-07-30 22:27:20 INFO     | DexSniper            |   Scams filtered: 0
2026-07-30 22:27:20 INFO     | DexSniper            |   Trades executed: 4
2026-07-30 22:27:20 INFO     | DexSniper            |   Total invested: 0.2 BSC
2026-07-30 22:27:20 INFO     | DexSniper            | ==================================================
2026-07-30 22:27:20 INFO     | DexSniper            | ⏰ Sleeping 30s...
2026-07-30 22:27:53 INFO     | DexSniper            | 🆕 New pair detected! Token: 0x35Dc1362... Pair: 0xe675bBcb...
2026-07-30 22:27:57 INFO     | DexSniper            |   → 幸运币🐯 (幸运币🐯)
2026-07-30 22:28:29 ERROR    | DexSniper            | Ollama request failed: HTTPConnectionPool(host='localhost', port=11434): Read timed out. (read timeout=30)
2026-07-30 22:28:29 INFO     | DexSniper            |   → ✅ Passed checks: Passed basic checks
2026-07-30 22:28:29 INFO     | DexSniper            | 🎯 SNIPE: 幸运币🐯 (幸运币🐯) — 0.05 BSC invested
2026-07-30 22:28:29 INFO     | DexSniper            | ==================================================
2026-07-30 22:28:29 INFO     | DexSniper            |   📊 DEX SNIPER STATS
2026-07-30 22:28:29 INFO     | DexSniper            |   Runtime: 0:14:58.932197
2026-07-30 22:28:29 INFO     | DexSniper            |   Pairs detected: 5
2026-07-30 22:28:29 INFO     | DexSniper            |   Scams filtered: 0
2026-07-30 22:28:29 INFO     | DexSniper            |   Trades executed: 5
2026-07-30 22:28:29 INFO     | DexSniper            |   Total invested: 0.25 BSC
2026-07-30 22:28:29 INFO     | DexSniper            | ==================================================
2026-07-30 22:28:29 INFO     | DexSniper            | ⏰ Sleeping 30s...
2026-07-30 22:29:00 INFO     | DexSniper            | ==================================================
2026-07-30 22:29:00 INFO     | DexSniper            |   📊 DEX SNIPER STATS
2026-07-30 22:29:00 INFO     | DexSniper            |   Runtime: 0:15:29.826707
2026-07-30 22:29:00 INFO     | DexSniper            |   Pairs detected: 5
2026-07-30 22:29:00 INFO     | DexSniper            |   Scams filtered: 0
2026-07-30 22:29:00 INFO     | DexSniper            |   Trades executed: 5
2026-07-30 22:29:00 INFO     | DexSniper            |   Total invested: 0.25 BSC
2026-07-30 22:29:00 INFO     | DexSniper            | ==================================================
2026-07-30 22:29:00 INFO     | DexSniper            | ⏰ Sleeping 30s...
2026-07-30 22:29:30 INFO     | DexSniper            | ==================================================
2026-07-30 22:29:30 INFO     | DexSniper            |   📊 DEX SNIPER STATS
2026-07-30 22:29:30 INFO     | DexSniper            |   Runtime: 0:16:00.757471
2026-07-30 22:29:30 INFO     | DexSniper            |   Pairs detected: 5
2026-07-30 22:29:30 INFO     | DexSniper            |   Scams filtered: 0
2026-07-30 22:29:30 INFO     | DexSniper            |   Trades executed: 5
2026-07-30 22:29:30 INFO     | DexSniper            |   Total invested: 0.25 BSC
2026-07-30 22:29:30 INFO     | DexSniper            | ==================================================
2026-07-30 22:29:30 INFO     | DexSniper            | ⏰ Sleeping 30s...
2026-07-30 22:30:01 INFO     | DexSniper            | ==================================================
2026-07-30 22:30:01 INFO     | DexSniper            |   📊 DEX SNIPER STATS
2026-07-30 22:30:01 INFO     | DexSniper            |   Runtime: 0:16:31.082722
2026-07-30 22:30:01 INFO     | DexSniper            |   Pairs detected: 5
2026-07-30 22:30:01 INFO     | DexSniper            |   Scams filtered: 0
2026-07-30 22:30:01 INFO     | DexSniper            |   Trades executed: 5
2026-07-30 22:30:01 INFO     | DexSniper            |   Total invested: 0.25 BSC
2026-07-30 22:30:01 INFO     | DexSniper            | ==================================================
2026-07-30 22:30:01 INFO     | DexSniper            | ⏰ Sleeping 30s...
2026-07-30 22:30:31 INFO     | DexSniper            | 🆕 New pair detected! Token: 0x65b5A155... Pair: 0x68B4F785...
2026-07-30 22:30:33 INFO     | DexSniper            |   → Okta Inc (Derivatives) (OKTA)
2026-07-30 22:30:37 INFO     | DexSniper            |   → ✅ Passed checks: AI approved: No obvious scam indicators found.
2026-07-30 22:30:37 INFO     | DexSniper            | 🎯 SNIPE: Okta Inc (Derivatives) (OKTA) — 0.05 BSC invested
2026-07-30 22:30:37 INFO     | DexSniper            | 🆕 New pair detected! Token: 0x806f8406... Pair: 0x914B04E1...
2026-07-30 22:30:39 INFO     | DexSniper            |   → BABT (BAB)
2026-07-30 22:30:42 INFO     | DexSniper            |   → ✅ Passed checks: AI approved: 
2026-07-30 22:30:42 INFO     | DexSniper            | 🎯 SNIPE: BABT (BAB) — 0.05 BSC invested
2026-07-30 22:30:42 INFO     | DexSniper            | ==================================================
2026-07-30 22:30:42 INFO     | DexSniper            |   📊 DEX SNIPER STATS
2026-07-30 22:30:42 INFO     | DexSniper            |   Runtime: 0:17:12.512777
2026-07-30 22:30:42 INFO     | DexSniper            |   Pairs detected: 7
2026-07-30 22:30:42 INFO     | DexSniper            |   Scams filtered: 0
2026-07-30 22:30:42 INFO     | DexSniper            |   Trades executed: 7
2026-07-30 22:30:42 INFO     | DexSniper            |   Total invested: 0.35 BSC
2026-07-30 22:30:42 INFO     | DexSniper            | ==================================================
2026-07-30 22:30:42 INFO     | DexSniper            | ⏰ Sleeping 30s...
2026-07-30 22:31:06 INFO     | DexSniper            | ⏹️  Shutdown signal received.
2026-07-30 22:31:06 INFO     | DexSniper            | ==================================================
2026-07-30 22:31:06 INFO     | DexSniper            |   📊 DEX SNIPER STATS
2026-07-30 22:31:06 INFO     | DexSniper            |   Runtime: 0:17:36.038084
2026-07-30 22:31:06 INFO     | DexSniper            |   Pairs detected: 7
2026-07-30 22:31:06 INFO     | DexSniper            |   Scams filtered: 0
2026-07-30 22:31:06 INFO     | DexSniper            |   Trades executed: 7
2026-07-30 22:31:06 INFO     | DexSniper            |   Total invested: 0.35 BSC
2026-07-30 22:31:06 INFO     | DexSniper            | ==================================================
2026-07-30 22:31:14 INFO     | DexSniper            | AI: RouterAI ready (complex: deepseek/deepseek-chat, fast: openai/gpt-4o-mini)
2026-07-30 22:31:14 INFO     | DexSniper            | AI: Ollama ready (model: llama3.2)
2026-07-30 22:31:15 INFO     | DexSniper            | Connected to chain 56 via https://bsc-dataseed.binance.org...
2026-07-30 22:31:15 INFO     | DexSniper            | Factory contract loaded: 0xcA143Ce3...
2026-07-30 22:31:15 INFO     | DexSniper            | =======================================================
2026-07-30 22:31:15 INFO     | DexSniper            | 🚀 DEX Sniper STARTED
2026-07-30 22:31:15 INFO     | DexSniper            |    Chain: BSC
2026-07-30 22:31:15 INFO     | DexSniper            |    Factory: 0xcA143Ce32Fe78...
2026-07-30 22:31:15 INFO     | DexSniper            |    Buy amount: 0.05 BSC
2026-07-30 22:31:15 INFO     | DexSniper            |    TP: 20.00%
2026-07-30 22:31:15 INFO     | DexSniper            |    AI scam filter: ON
2026-07-30 22:31:15 INFO     | DexSniper            | =======================================================
2026-07-30 22:31:15 INFO     | DexSniper            | ==================================================
2026-07-30 22:31:15 INFO     | DexSniper            |   📊 DEX SNIPER STATS
2026-07-30 22:31:15 INFO     | DexSniper            |   Runtime: 0:00:00.397489
2026-07-30 22:31:15 INFO     | DexSniper            |   Pairs detected: 0
2026-07-30 22:31:15 INFO     | DexSniper            |   Scams filtered: 0
2026-07-30 22:31:15 INFO     | DexSniper            |   Trades executed: 0
2026-07-30 22:31:15 INFO     | DexSniper            |   Total invested: 0.0 BSC
2026-07-30 22:31:15 INFO     | DexSniper            | ==================================================
2026-07-30 22:31:15 INFO     | DexSniper            | ⏰ Sleeping 30s...
2026-07-30 22:31:46 INFO     | DexSniper            | ==================================================
2026-07-30 22:31:46 INFO     | DexSniper            |   📊 DEX SNIPER STATS
2026-07-30 22:31:46 INFO     | DexSniper            |   Runtime: 0:00:30.691916
2026-07-30 22:31:46 INFO     | DexSniper            |   Pairs detected: 0
2026-07-30 22:31:46 INFO     | DexSniper            |   Scams filtered: 0
2026-07-30 22:31:46 INFO     | DexSniper            |   Trades executed: 0
2026-07-30 22:31:46 INFO     | DexSniper            |   Total invested: 0.0 BSC
2026-07-30 22:31:46 INFO     | DexSniper            | ==================================================
2026-07-30 22:31:46 INFO     | DexSniper            | ⏰ Sleeping 30s...
2026-07-30 22:32:16 INFO     | DexSniper            | 🆕 New pair detected! Token: 0x906cBb71... Pair: 0x220a59F8...
2026-07-30 22:32:17 INFO     | DexSniper            |   → ZORG (ZORG)
2026-07-30 22:32:21 INFO     | DexSniper            |   → ✅ Passed checks: AI approved: 
2026-07-30 22:32:21 INFO     | DexSniper            | 🎯 SNIPE: ZORG (ZORG) — 0.05 BSC invested
2026-07-30 22:32:21 INFO     | DexSniper            | 🆕 New pair detected! Token: 0x54114c8D... Pair: 0xA46F7c5a...
2026-07-30 22:32:22 INFO     | DexSniper            |   → 虚空风暴眼  (虚暴)
2026-07-30 22:32:25 INFO     | DexSniper            |   → ✅ Passed checks: AI approved: 
2026-07-30 22:32:25 INFO     | DexSniper            | 🎯 SNIPE: 虚空风暴眼  (虚暴) — 0.05 BSC invested
2026-07-30 22:32:25 INFO     | DexSniper            | ==================================================
2026-07-30 22:32:25 INFO     | DexSniper            |   📊 DEX SNIPER STATS
2026-07-30 22:32:25 INFO     | DexSniper            |   Runtime: 0:01:10.181785
2026-07-30 22:32:25 INFO     | DexSniper            |   Pairs detected: 2
2026-07-30 22:32:25 INFO     | DexSniper            |   Scams filtered: 0
2026-07-30 22:32:25 INFO     | DexSniper            |   Trades executed: 2
2026-07-30 22:32:25 INFO     | DexSniper            |   Total invested: 0.1 BSC
2026-07-30 22:32:25 INFO     | DexSniper            | ==================================================
2026-07-30 22:32:25 INFO     | DexSniper            | ⏰ Sleeping 30s...
2026-07-30 22:32:56 INFO     | DexSniper            | ==================================================
2026-07-30 22:32:56 INFO     | DexSniper            |   📊 DEX SNIPER STATS
2026-07-30 22:32:56 INFO     | DexSniper            |   Runtime: 0:01:40.517567
2026-07-30 22:32:56 INFO     | DexSniper            |   Pairs detected: 2
2026-07-30 22:32:56 INFO     | DexSniper            |   Scams filtered: 0
2026-07-30 22:32:56 INFO     | DexSniper            |   Trades executed: 2
2026-07-30 22:32:56 INFO     | DexSniper            |   Total invested: 0.1 BSC
2026-07-30 22:32:56 INFO     | DexSniper            | ==================================================
2026-07-30 22:32:56 INFO     | DexSniper            | ⏰ Sleeping 30s...
2026-07-30 22:33:26 INFO     | DexSniper            | ==================================================
2026-07-30 22:33:26 INFO     | DexSniper            |   📊 DEX SNIPER STATS
2026-07-30 22:33:26 INFO     | DexSniper            |   Runtime: 0:02:11.412006
2026-07-30 22:33:26 INFO     | DexSniper            |   Pairs detected: 2
2026-07-30 22:33:26 INFO     | DexSniper            |   Scams filtered: 0
2026-07-30 22:33:26 INFO     | DexSniper            |   Trades executed: 2
2026-07-30 22:33:26 INFO     | DexSniper            |   Total invested: 0.1 BSC
2026-07-30 22:33:26 INFO     | DexSniper            | ==================================================
2026-07-30 22:33:26 INFO     | DexSniper            | ⏰ Sleeping 30s...
2026-07-30 22:33:57 INFO     | DexSniper            | ==================================================
2026-07-30 22:33:57 INFO     | DexSniper            |   📊 DEX SNIPER STATS
2026-07-30 22:33:57 INFO     | DexSniper            |   Runtime: 0:02:41.682738
2026-07-30 22:33:57 INFO     | DexSniper            |   Pairs detected: 2
2026-07-30 22:33:57 INFO     | DexSniper            |   Scams filtered: 0
2026-07-30 22:33:57 INFO     | DexSniper            |   Trades executed: 2
2026-07-30 22:33:57 INFO     | DexSniper            |   Total invested: 0.1 BSC
2026-07-30 22:33:57 INFO     | DexSniper            | ==================================================
2026-07-30 22:33:57 INFO     | DexSniper            | ⏰ Sleeping 30s...
2026-07-30 22:34:46 ERROR    | DexSniper            | Error fetching events: ('Connection aborted.', RemoteDisconnected('Remote end closed connection without response'))
2026-07-30 22:34:46 INFO     | DexSniper            | ==================================================
2026-07-30 22:34:46 INFO     | DexSniper            |   📊 DEX SNIPER STATS
2026-07-30 22:34:46 INFO     | DexSniper            |   Runtime: 0:03:30.949926
2026-07-30 22:34:46 INFO     | DexSniper            |   Pairs detected: 2
2026-07-30 22:34:46 INFO     | DexSniper            |   Scams filtered: 0
2026-07-30 22:34:46 INFO     | DexSniper            |   Trades executed: 2
2026-07-30 22:34:46 INFO     | DexSniper            |   Total invested: 0.1 BSC
2026-07-30 22:34:46 INFO     | DexSniper            | ==================================================
2026-07-30 22:34:46 INFO     | DexSniper            | ⏰ Sleeping 30s...
2026-07-30 22:35:17 INFO     | DexSniper            | ==================================================
2026-07-30 22:35:17 INFO     | DexSniper            |   📊 DEX SNIPER STATS
2026-07-30 22:35:17 INFO     | DexSniper            |   Runtime: 0:04:01.743697
2026-07-30 22:35:17 INFO     | DexSniper            |   Pairs detected: 2
2026-07-30 22:35:17 INFO     | DexSniper            |   Scams filtered: 0
2026-07-30 22:35:17 INFO     | DexSniper            |   Trades executed: 2
2026-07-30 22:35:17 INFO     | DexSniper            |   Total invested: 0.1 BSC
2026-07-30 22:35:17 INFO     | DexSniper            | ==================================================
2026-07-30 22:35:17 INFO     | DexSniper            | ⏰ Sleeping 30s...
2026-07-30 22:35:47 INFO     | DexSniper            | ==================================================
2026-07-30 22:35:47 INFO     | DexSniper            |   📊 DEX SNIPER STATS
2026-07-30 22:35:47 INFO     | DexSniper            |   Runtime: 0:04:31.960020
2026-07-30 22:35:47 INFO     | DexSniper            |   Pairs detected: 2
2026-07-30 22:35:47 INFO     | DexSniper            |   Scams filtered: 0
2026-07-30 22:35:47 INFO     | DexSniper            |   Trades executed: 2
2026-07-30 22:35:47 INFO     | DexSniper            |   Total invested: 0.1 BSC
2026-07-30 22:35:47 INFO     | DexSniper            | ==================================================
2026-07-30 22:35:47 INFO     | DexSniper            | ⏰ Sleeping 30s...
2026-07-30 22:36:36 ERROR    | DexSniper            | Error fetching events: ('Connection aborted.', RemoteDisconnected('Remote end closed connection without response'))
2026-07-30 22:36:36 INFO     | DexSniper            | ==================================================
2026-07-30 22:36:36 INFO     | DexSniper            |   📊 DEX SNIPER STATS
2026-07-30 22:36:36 INFO     | DexSniper            |   Runtime: 0:05:21.221097
2026-07-30 22:36:36 INFO     | DexSniper            |   Pairs detected: 2
2026-07-30 22:36:36 INFO     | DexSniper            |   Scams filtered: 0
2026-07-30 22:36:36 INFO     | DexSniper            |   Trades executed: 2
2026-07-30 22:36:36 INFO     | DexSniper            |   Total invested: 0.1 BSC
2026-07-30 22:36:36 INFO     | DexSniper            | ==================================================
2026-07-30 22:36:36 INFO     | DexSniper            | ⏰ Sleeping 30s...
2026-07-30 22:37:07 INFO     | DexSniper            | 🆕 New pair detected! Token: 0xAe2E84dE... Pair: 0x27A54735...
2026-07-30 22:37:58 WARNING  | DexSniper            |   → Cannot read token info. Skipping.
2026-07-30 22:37:58 INFO     | DexSniper            | ==================================================
2026-07-30 22:37:58 INFO     | DexSniper            |   📊 DEX SNIPER STATS
2026-07-30 22:37:58 INFO     | DexSniper            |   Runtime: 0:06:42.595751
2026-07-30 22:37:58 INFO     | DexSniper            |   Pairs detected: 3
2026-07-30 22:37:58 INFO     | DexSniper            |   Scams filtered: 0
2026-07-30 22:37:58 INFO     | DexSniper            |   Trades executed: 2
2026-07-30 22:37:58 INFO     | DexSniper            |   Total invested: 0.1 BSC
2026-07-30 22:37:58 INFO     | DexSniper            | ==================================================
2026-07-30 22:37:58 INFO     | DexSniper            | ⏰ Sleeping 30s...
2026-07-30 22:38:28 INFO     | DexSniper            | ==================================================
2026-07-30 22:38:28 INFO     | DexSniper            |   📊 DEX SNIPER STATS
2026-07-30 22:38:28 INFO     | DexSniper            |   Runtime: 0:07:13.394562
2026-07-30 22:38:28 INFO     | DexSniper            |   Pairs detected: 3
2026-07-30 22:38:28 INFO     | DexSniper            |   Scams filtered: 0
2026-07-30 22:38:28 INFO     | DexSniper            |   Trades executed: 2
2026-07-30 22:38:28 INFO     | DexSniper            |   Total invested: 0.1 BSC
2026-07-30 22:38:28 INFO     | DexSniper            | ==================================================
2026-07-30 22:38:28 INFO     | DexSniper            | ⏰ Sleeping 30s...
2026-07-30 22:38:59 INFO     | DexSniper            | ==================================================
2026-07-30 22:38:59 INFO     | DexSniper            |   📊 DEX SNIPER STATS
2026-07-30 22:38:59 INFO     | DexSniper            |   Runtime: 0:07:43.624724
2026-07-30 22:38:59 INFO     | DexSniper            |   Pairs detected: 3
2026-07-30 22:38:59 INFO     | DexSniper            |   Scams filtered: 0
2026-07-30 22:38:59 INFO     | DexSniper            |   Trades executed: 2
2026-07-30 22:38:59 INFO     | DexSniper            |   Total invested: 0.1 BSC
2026-07-30 22:38:59 INFO     | DexSniper            | ==================================================
2026-07-30 22:38:59 INFO     | DexSniper            | ⏰ Sleeping 30s...
2026-07-30 22:39:48 ERROR    | DexSniper            | Error fetching events: ('Connection aborted.', RemoteDisconnected('Remote end closed connection without response'))
2026-07-30 22:39:48 INFO     | DexSniper            | ==================================================
2026-07-30 22:39:48 INFO     | DexSniper            |   📊 DEX SNIPER STATS
2026-07-30 22:39:48 INFO     | DexSniper            |   Runtime: 0:08:32.876648
2026-07-30 22:39:48 INFO     | DexSniper            |   Pairs detected: 3
2026-07-30 22:39:48 INFO     | DexSniper            |   Scams filtered: 0
2026-07-30 22:39:48 INFO     | DexSniper            |   Trades executed: 2
2026-07-30 22:39:48 INFO     | DexSniper            |   Total invested: 0.1 BSC
2026-07-30 22:39:48 INFO     | DexSniper            | ==================================================
2026-07-30 22:39:48 INFO     | DexSniper            | ⏰ Sleeping 30s...
2026-07-30 22:40:19 INFO     | DexSniper            | 🆕 New pair detected! Token: 0xB1235866... Pair: 0xe3949D50...
2026-07-30 22:41:09 WARNING  | DexSniper            |   → Cannot read token info. Skipping.
2026-07-30 22:41:09 INFO     | DexSniper            | ==================================================
2026-07-30 22:41:09 INFO     | DexSniper            |   📊 DEX SNIPER STATS
2026-07-30 22:41:09 INFO     | DexSniper            |   Runtime: 0:09:54.253621
2026-07-30 22:41:09 INFO     | DexSniper            |   Pairs detected: 4
2026-07-30 22:41:09 INFO     | DexSniper            |   Scams filtered: 0
2026-07-30 22:41:09 INFO     | DexSniper            |   Trades executed: 2
2026-07-30 22:41:09 INFO     | DexSniper            |   Total invested: 0.1 BSC
2026-07-30 22:41:09 INFO     | DexSniper            | ==================================================
2026-07-30 22:41:09 INFO     | DexSniper            | ⏰ Sleeping 30s...
2026-07-30 22:41:40 INFO     | DexSniper            | ==================================================
2026-07-30 22:41:40 INFO     | DexSniper            |   📊 DEX SNIPER STATS
2026-07-30 22:41:40 INFO     | DexSniper            |   Runtime: 0:10:25.029789
2026-07-30 22:41:40 INFO     | DexSniper            |   Pairs detected: 4
2026-07-30 22:41:40 INFO     | DexSniper            |   Scams filtered: 0
2026-07-30 22:41:40 INFO     | DexSniper            |   Trades executed: 2
2026-07-30 22:41:40 INFO     | DexSniper            |   Total invested: 0.1 BSC
2026-07-30 22:41:40 INFO     | DexSniper            | ==================================================
2026-07-30 22:41:40 INFO     | DexSniper            | ⏰ Sleeping 30s...
2026-07-30 22:42:40 ERROR    | DexSniper            | Error fetching events: HTTPSConnectionPool(host='bsc-dataseed.binance.org', port=443): Read timed out.
2026-07-30 22:42:40 INFO     | DexSniper            | ==================================================
2026-07-30 22:42:40 INFO     | DexSniper            |   📊 DEX SNIPER STATS
2026-07-30 22:42:40 INFO     | DexSniper            |   Runtime: 0:11:25.249849
2026-07-30 22:42:40 INFO     | DexSniper            |   Pairs detected: 4
2026-07-30 22:42:40 INFO     | DexSniper            |   Scams filtered: 0
2026-07-30 22:42:40 INFO     | DexSniper            |   Trades executed: 2
2026-07-30 22:42:40 INFO     | DexSniper            |   Total invested: 0.1 BSC
2026-07-30 22:42:40 INFO     | DexSniper            | ==================================================
2026-07-30 22:42:40 INFO     | DexSniper            | ⏰ Sleeping 30s...
2026-07-30 22:43:11 INFO     | DexSniper            | ==================================================
2026-07-30 22:43:11 INFO     | DexSniper            |   📊 DEX SNIPER STATS
2026-07-30 22:43:11 INFO     | DexSniper            |   Runtime: 0:11:56.076624
2026-07-30 22:43:11 INFO     | DexSniper            |   Pairs detected: 4
2026-07-30 22:43:11 INFO     | DexSniper            |   Scams filtered: 0
2026-07-30 22:43:11 INFO     | DexSniper            |   Trades executed: 2
2026-07-30 22:43:11 INFO     | DexSniper            |   Total invested: 0.1 BSC
2026-07-30 22:43:11 INFO     | DexSniper            | ==================================================
2026-07-30 22:43:11 INFO     | DexSniper            | ⏰ Sleeping 30s...
2026-07-30 22:43:41 INFO     | DexSniper            | ==================================================
2026-07-30 22:43:41 INFO     | DexSniper            |   📊 DEX SNIPER STATS
2026-07-30 22:43:41 INFO     | DexSniper            |   Runtime: 0:12:26.311210
2026-07-30 22:43:41 INFO     | DexSniper            |   Pairs detected: 4
2026-07-30 22:43:41 INFO     | DexSniper            |   Scams filtered: 0
2026-07-30 22:43:41 INFO     | DexSniper            |   Trades executed: 2
2026-07-30 22:43:41 INFO     | DexSniper            |   Total invested: 0.1 BSC
2026-07-30 22:43:41 INFO     | DexSniper            | ==================================================
2026-07-30 22:43:41 INFO     | DexSniper            | ⏰ Sleeping 30s...
2026-07-30 22:44:31 ERROR    | DexSniper            | Error fetching events: ('Connection aborted.', RemoteDisconnected('Remote end closed connection without response'))
2026-07-30 22:44:31 INFO     | DexSniper            | ==================================================
2026-07-30 22:44:31 INFO     | DexSniper            |   📊 DEX SNIPER STATS
2026-07-30 22:44:31 INFO     | DexSniper            |   Runtime: 0:13:15.589599
2026-07-30 22:44:31 INFO     | DexSniper            |   Pairs detected: 4
2026-07-30 22:44:31 INFO     | DexSniper            |   Scams filtered: 0
2026-07-30 22:44:31 INFO     | DexSniper            |   Trades executed: 2
2026-07-30 22:44:31 INFO     | DexSniper            |   Total invested: 0.1 BSC
2026-07-30 22:44:31 INFO     | DexSniper            | ==================================================
2026-07-30 22:44:31 INFO     | DexSniper            | ⏰ Sleeping 30s...
2026-07-30 22:45:01 INFO     | DexSniper            | 🆕 New pair detected! Token: 0xca4CA826... Pair: 0xFc90a638...
2026-07-30 22:45:52 WARNING  | DexSniper            |   → Cannot read token info. Skipping.
2026-07-30 22:45:52 INFO     | DexSniper            | ==================================================
2026-07-30 22:45:52 INFO     | DexSniper            |   📊 DEX SNIPER STATS
2026-07-30 22:45:52 INFO     | DexSniper            |   Runtime: 0:14:37.050355
2026-07-30 22:45:52 INFO     | DexSniper            |   Pairs detected: 5
2026-07-30 22:45:52 INFO     | DexSniper            |   Scams filtered: 0
2026-07-30 22:45:52 INFO     | DexSniper            |   Trades executed: 2
2026-07-30 22:45:52 INFO     | DexSniper            |   Total invested: 0.1 BSC
2026-07-30 22:45:52 INFO     | DexSniper            | ==================================================
2026-07-30 22:45:52 INFO     | DexSniper            | ⏰ Sleeping 30s...
2026-07-30 22:46:23 INFO     | DexSniper            | ==================================================
2026-07-30 22:46:23 INFO     | DexSniper            |   📊 DEX SNIPER STATS
2026-07-30 22:46:23 INFO     | DexSniper            |   Runtime: 0:15:07.824253
2026-07-30 22:46:23 INFO     | DexSniper            |   Pairs detected: 5
2026-07-30 22:46:23 INFO     | DexSniper            |   Scams filtered: 0
2026-07-30 22:46:23 INFO     | DexSniper            |   Trades executed: 2
2026-07-30 22:46:23 INFO     | DexSniper            |   Total invested: 0.1 BSC
2026-07-30 22:46:23 INFO     | DexSniper            | ==================================================
2026-07-30 22:46:23 INFO     | DexSniper            | ⏰ Sleeping 30s...
2026-07-30 22:46:53 INFO     | DexSniper            | ==================================================
2026-07-30 22:46:53 INFO     | DexSniper            |   📊 DEX SNIPER STATS
2026-07-30 22:46:53 INFO     | DexSniper            |   Runtime: 0:15:38.040729
2026-07-30 22:46:53 INFO     | DexSniper            |   Pairs detected: 5
2026-07-30 22:46:53 INFO     | DexSniper            |   Scams filtered: 0
2026-07-30 22:46:53 INFO     | DexSniper            |   Trades executed: 2
2026-07-30 22:46:53 INFO     | DexSniper            |   Total invested: 0.1 BSC
2026-07-30 22:46:53 INFO     | DexSniper            | ==================================================
2026-07-30 22:46:53 INFO     | DexSniper            | ⏰ Sleeping 30s...
2026-07-30 22:47:42 ERROR    | DexSniper            | Error fetching events: ('Connection aborted.', RemoteDisconnected('Remote end closed connection without response'))
2026-07-30 22:47:42 INFO     | DexSniper            | ==================================================
2026-07-30 22:47:42 INFO     | DexSniper            |   📊 DEX SNIPER STATS
2026-07-30 22:47:42 INFO     | DexSniper            |   Runtime: 0:16:27.321708
2026-07-30 22:47:42 INFO     | DexSniper            |   Pairs detected: 5
2026-07-30 22:47:42 INFO     | DexSniper            |   Scams filtered: 0
2026-07-30 22:47:42 INFO     | DexSniper            |   Trades executed: 2
2026-07-30 22:47:42 INFO     | DexSniper            |   Total invested: 0.1 BSC
2026-07-30 22:47:42 INFO     | DexSniper            | ==================================================
2026-07-30 22:47:42 INFO     | DexSniper            | ⏰ Sleeping 30s...
2026-07-30 22:48:13 INFO     | DexSniper            | 🆕 New pair detected! Token: 0x56F1Ba01... Pair: 0xf88Cb1A2...
2026-07-30 22:49:04 WARNING  | DexSniper            |   → Cannot read token info. Skipping.
2026-07-30 22:49:04 INFO     | DexSniper            | ==================================================
2026-07-30 22:49:04 INFO     | DexSniper            |   📊 DEX SNIPER STATS
2026-07-30 22:49:04 INFO     | DexSniper            |   Runtime: 0:17:48.617516
2026-07-30 22:49:04 INFO     | DexSniper            |   Pairs detected: 6
2026-07-30 22:49:04 INFO     | DexSniper            |   Scams filtered: 0
2026-07-30 22:49:04 INFO     | DexSniper            |   Trades executed: 2
2026-07-30 22:49:04 INFO     | DexSniper            |   Total invested: 0.1 BSC
2026-07-30 22:49:04 INFO     | DexSniper            | ==================================================
2026-07-30 22:49:04 INFO     | DexSniper            | ⏰ Sleeping 30s...
2026-07-30 22:49:34 INFO     | DexSniper            | 🆕 New pair detected! Token: 0x2e4807Aa... Pair: 0x0C4831E9...
2026-07-30 22:50:25 WARNING  | DexSniper            |   → Cannot read token info. Skipping.
2026-07-30 22:50:25 INFO     | DexSniper            | ==================================================
2026-07-30 22:50:25 INFO     | DexSniper            |   📊 DEX SNIPER STATS
2026-07-30 22:50:25 INFO     | DexSniper            |   Runtime: 0:19:09.982170
2026-07-30 22:50:25 INFO     | DexSniper            |   Pairs detected: 7
2026-07-30 22:50:25 INFO     | DexSniper            |   Scams filtered: 0
2026-07-30 22:50:25 INFO     | DexSniper            |   Trades executed: 2
2026-07-30 22:50:25 INFO     | DexSniper            |   Total invested: 0.1 BSC
2026-07-30 22:50:25 INFO     | DexSniper            | ==================================================
2026-07-30 22:50:25 INFO     | DexSniper            | ⏰ Sleeping 30s...
2026-07-30 22:50:56 INFO     | DexSniper            | ==================================================
2026-07-30 22:50:56 INFO     | DexSniper            |   📊 DEX SNIPER STATS
2026-07-30 22:50:56 INFO     | DexSniper            |   Runtime: 0:19:40.814368
2026-07-30 22:50:56 INFO     | DexSniper            |   Pairs detected: 7
2026-07-30 22:50:56 INFO     | DexSniper            |   Scams filtered: 0
2026-07-30 22:50:56 INFO     | DexSniper            |   Trades executed: 2
2026-07-30 22:50:56 INFO     | DexSniper            |   Total invested: 0.1 BSC
2026-07-30 22:50:56 INFO     | DexSniper            | ==================================================
2026-07-30 22:50:56 INFO     | DexSniper            | ⏰ Sleeping 30s...
2026-07-30 22:51:26 INFO     | DexSniper            | ==================================================
2026-07-30 22:51:26 INFO     | DexSniper            |   📊 DEX SNIPER STATS
2026-07-30 22:51:26 INFO     | DexSniper            |   Runtime: 0:20:11.066238
2026-07-30 22:51:26 INFO     | DexSniper            |   Pairs detected: 7
2026-07-30 22:51:26 INFO     | DexSniper            |   Scams filtered: 0
2026-07-30 22:51:26 INFO     | DexSniper            |   Trades executed: 2
2026-07-30 22:51:26 INFO     | DexSniper            |   Total invested: 0.1 BSC
2026-07-30 22:51:26 INFO     | DexSniper            | ==================================================
2026-07-30 22:51:26 INFO     | DexSniper            | ⏰ Sleeping 30s...
2026-07-30 22:52:15 ERROR    | DexSniper            | Error fetching events: ('Connection aborted.', RemoteDisconnected('Remote end closed connection without response'))
2026-07-30 22:52:15 INFO     | DexSniper            | ==================================================
2026-07-30 22:52:15 INFO     | DexSniper            |   📊 DEX SNIPER STATS
2026-07-30 22:52:15 INFO     | DexSniper            |   Runtime: 0:21:00.306160
2026-07-30 22:52:15 INFO     | DexSniper            |   Pairs detected: 7
2026-07-30 22:52:15 INFO     | DexSniper            |   Scams filtered: 0
2026-07-30 22:52:15 INFO     | DexSniper            |   Trades executed: 2
2026-07-30 22:52:15 INFO     | DexSniper            |   Total invested: 0.1 BSC
2026-07-30 22:52:15 INFO     | DexSniper            | ==================================================
2026-07-30 22:52:15 INFO     | DexSniper            | ⏰ Sleeping 30s...
2026-07-30 22:52:46 INFO     | DexSniper            | ==================================================
2026-07-30 22:52:46 INFO     | DexSniper            |   📊 DEX SNIPER STATS
2026-07-30 22:52:46 INFO     | DexSniper            |   Runtime: 0:21:31.106241
2026-07-30 22:52:46 INFO     | DexSniper            |   Pairs detected: 7
2026-07-30 22:52:46 INFO     | DexSniper            |   Scams filtered: 0
2026-07-30 22:52:46 INFO     | DexSniper            |   Trades executed: 2
2026-07-30 22:52:46 INFO     | DexSniper            |   Total invested: 0.1 BSC
2026-07-30 22:52:46 INFO     | DexSniper            | ==================================================
2026-07-30 22:52:46 INFO     | DexSniper            | ⏰ Sleeping 30s...
2026-07-30 22:53:16 INFO     | DexSniper            | ==================================================
2026-07-30 22:53:16 INFO     | DexSniper            |   📊 DEX SNIPER STATS
2026-07-30 22:53:16 INFO     | DexSniper            |   Runtime: 0:22:01.332395
2026-07-30 22:53:16 INFO     | DexSniper            |   Pairs detected: 7
2026-07-30 22:53:16 INFO     | DexSniper            |   Scams filtered: 0
2026-07-30 22:53:16 INFO     | DexSniper            |   Trades executed: 2
2026-07-30 22:53:16 INFO     | DexSniper            |   Total invested: 0.1 BSC
2026-07-30 22:53:16 INFO     | DexSniper            | ==================================================
2026-07-30 22:53:16 INFO     | DexSniper            | ⏰ Sleeping 30s...
2026-07-30 22:54:06 ERROR    | DexSniper            | Error fetching events: ('Connection aborted.', RemoteDisconnected('Remote end closed connection without response'))
2026-07-30 22:54:06 INFO     | DexSniper            | ==================================================
2026-07-30 22:54:06 INFO     | DexSniper            |   📊 DEX SNIPER STATS
2026-07-30 22:54:06 INFO     | DexSniper            |   Runtime: 0:22:50.578674
2026-07-30 22:54:06 INFO     | DexSniper            |   Pairs detected: 7
2026-07-30 22:54:06 INFO     | DexSniper            |   Scams filtered: 0
2026-07-30 22:54:06 INFO     | DexSniper            |   Trades executed: 2
2026-07-30 22:54:06 INFO     | DexSniper            |   Total invested: 0.1 BSC
2026-07-30 22:54:06 INFO     | DexSniper            | ==================================================
2026-07-30 22:54:06 INFO     | DexSniper            | ⏰ Sleeping 30s...
2026-07-30 22:54:36 INFO     | DexSniper            | ==================================================
2026-07-30 22:54:36 INFO     | DexSniper            |   📊 DEX SNIPER STATS
2026-07-30 22:54:36 INFO     | DexSniper            |   Runtime: 0:23:21.385418
2026-07-30 22:54:36 INFO     | DexSniper            |   Pairs detected: 7
2026-07-30 22:54:36 INFO     | DexSniper            |   Scams filtered: 0
2026-07-30 22:54:36 INFO     | DexSniper            |   Trades executed: 2
2026-07-30 22:54:36 INFO     | DexSniper            |   Total invested: 0.1 BSC
2026-07-30 22:54:36 INFO     | DexSniper            | ==================================================
2026-07-30 22:54:36 INFO     | DexSniper            | ⏰ Sleeping 30s...
2026-07-30 22:55:07 INFO     | DexSniper            | ==================================================
2026-07-30 22:55:07 INFO     | DexSniper            |   📊 DEX SNIPER STATS
2026-07-30 22:55:07 INFO     | DexSniper            |   Runtime: 0:23:51.630819
2026-07-30 22:55:07 INFO     | DexSniper            |   Pairs detected: 7
2026-07-30 22:55:07 INFO     | DexSniper            |   Scams filtered: 0
2026-07-30 22:55:07 INFO     | DexSniper            |   Trades executed: 2
2026-07-30 22:55:07 INFO     | DexSniper            |   Total invested: 0.1 BSC
2026-07-30 22:55:07 INFO     | DexSniper            | ==================================================
2026-07-30 22:55:07 INFO     | DexSniper            | ⏰ Sleeping 30s...
2026-07-30 22:55:56 ERROR    | DexSniper            | Error fetching events: ('Connection aborted.', RemoteDisconnected('Remote end closed connection without response'))
2026-07-30 22:55:56 INFO     | DexSniper            | ==================================================
2026-07-30 22:55:56 INFO     | DexSniper            |   📊 DEX SNIPER STATS
2026-07-30 22:55:56 INFO     | DexSniper            |   Runtime: 0:24:40.901420
2026-07-30 22:55:56 INFO     | DexSniper            |   Pairs detected: 7
2026-07-30 22:55:56 INFO     | DexSniper            |   Scams filtered: 0
2026-07-30 22:55:56 INFO     | DexSniper            |   Trades executed: 2
2026-07-30 22:55:56 INFO     | DexSniper            |   Total invested: 0.1 BSC
2026-07-30 22:55:56 INFO     | DexSniper            | ==================================================
2026-07-30 22:55:56 INFO     | DexSniper            | ⏰ Sleeping 30s...
2026-07-30 22:56:27 INFO     | DexSniper            | ==================================================
2026-07-30 22:56:27 INFO     | DexSniper            |   📊 DEX SNIPER STATS
2026-07-30 22:56:27 INFO     | DexSniper            |   Runtime: 0:25:11.702605
2026-07-30 22:56:27 INFO     | DexSniper            |   Pairs detected: 7
2026-07-30 22:56:27 INFO     | DexSniper            |   Scams filtered: 0
2026-07-30 22:56:27 INFO     | DexSniper            |   Trades executed: 2
2026-07-30 22:56:27 INFO     | DexSniper            |   Total invested: 0.1 BSC
2026-07-30 22:56:27 INFO     | DexSniper            | ==================================================
2026-07-30 22:56:27 INFO     | DexSniper            | ⏰ Sleeping 30s...
2026-07-30 22:56:57 INFO     | DexSniper            | ==================================================
2026-07-30 22:56:57 INFO     | DexSniper            |   📊 DEX SNIPER STATS
2026-07-30 22:56:57 INFO     | DexSniper            |   Runtime: 0:25:41.926305
2026-07-30 22:56:57 INFO     | DexSniper            |   Pairs detected: 7
2026-07-30 22:56:57 INFO     | DexSniper            |   Scams filtered: 0
2026-07-30 22:56:57 INFO     | DexSniper            |   Trades executed: 2
2026-07-30 22:56:57 INFO     | DexSniper            |   Total invested: 0.1 BSC
2026-07-30 22:56:57 INFO     | DexSniper            | ==================================================
2026-07-30 22:56:57 INFO     | DexSniper            | ⏰ Sleeping 30s...
2026-07-30 22:57:46 ERROR    | DexSniper            | Error fetching events: ('Connection aborted.', RemoteDisconnected('Remote end closed connection without response'))
2026-07-30 22:57:46 INFO     | DexSniper            | ==================================================
2026-07-30 22:57:46 INFO     | DexSniper            |   📊 DEX SNIPER STATS
2026-07-30 22:57:46 INFO     | DexSniper            |   Runtime: 0:26:31.181952
2026-07-30 22:57:46 INFO     | DexSniper            |   Pairs detected: 7
2026-07-30 22:57:46 INFO     | DexSniper            |   Scams filtered: 0
2026-07-30 22:57:46 INFO     | DexSniper            |   Trades executed: 2
2026-07-30 22:57:46 INFO     | DexSniper            |   Total invested: 0.1 BSC
2026-07-30 22:57:46 INFO     | DexSniper            | ==================================================
2026-07-30 22:57:46 INFO     | DexSniper            | ⏰ Sleeping 30s...
2026-07-30 22:58:17 INFO     | DexSniper            | ==================================================
2026-07-30 22:58:17 INFO     | DexSniper            |   📊 DEX SNIPER STATS
2026-07-30 22:58:17 INFO     | DexSniper            |   Runtime: 0:27:02.009578
2026-07-30 22:58:17 INFO     | DexSniper            |   Pairs detected: 7
2026-07-30 22:58:17 INFO     | DexSniper            |   Scams filtered: 0
2026-07-30 22:58:17 INFO     | DexSniper            |   Trades executed: 2
2026-07-30 22:58:17 INFO     | DexSniper            |   Total invested: 0.1 BSC
2026-07-30 22:58:17 INFO     | DexSniper            | ==================================================
2026-07-30 22:58:17 INFO     | DexSniper            | ⏰ Sleeping 30s...
2026-07-30 22:58:47 INFO     | DexSniper            | ==================================================
2026-07-30 22:58:47 INFO     | DexSniper            |   📊 DEX SNIPER STATS
2026-07-30 22:58:47 INFO     | DexSniper            |   Runtime: 0:27:32.239869
2026-07-30 22:58:47 INFO     | DexSniper            |   Pairs detected: 7
2026-07-30 22:58:47 INFO     | DexSniper            |   Scams filtered: 0
2026-07-30 22:58:47 INFO     | DexSniper            |   Trades executed: 2
2026-07-30 22:58:47 INFO     | DexSniper            |   Total invested: 0.1 BSC
2026-07-30 22:58:47 INFO     | DexSniper            | ==================================================
2026-07-30 22:58:47 INFO     | DexSniper            | ⏰ Sleeping 30s...
2026-07-30 22:59:37 ERROR    | DexSniper            | Error fetching events: ('Connection aborted.', RemoteDisconnected('Remote end closed connection without response'))
2026-07-30 22:59:37 INFO     | DexSniper            | ==================================================
2026-07-30 22:59:37 INFO     | DexSniper            |   📊 DEX SNIPER STATS
2026-07-30 22:59:37 INFO     | DexSniper            |   Runtime: 0:28:21.533515
2026-07-30 22:59:37 INFO     | DexSniper            |   Pairs detected: 7
2026-07-30 22:59:37 INFO     | DexSniper            |   Scams filtered: 0
2026-07-30 22:59:37 INFO     | DexSniper            |   Trades executed: 2
2026-07-30 22:59:37 INFO     | DexSniper            |   Total invested: 0.1 BSC
2026-07-30 22:59:37 INFO     | DexSniper            | ==================================================
2026-07-30 22:59:37 INFO     | DexSniper            | ⏰ Sleeping 30s...
2026-07-30 23:00:07 INFO     | DexSniper            | ==================================================
2026-07-30 23:00:07 INFO     | DexSniper            |   📊 DEX SNIPER STATS
2026-07-30 23:00:07 INFO     | DexSniper            |   Runtime: 0:28:52.327759
2026-07-30 23:00:07 INFO     | DexSniper            |   Pairs detected: 7
2026-07-30 23:00:07 INFO     | DexSniper            |   Scams filtered: 0
2026-07-30 23:00:07 INFO     | DexSniper            |   Trades executed: 2
2026-07-30 23:00:07 INFO     | DexSniper            |   Total invested: 0.1 BSC
2026-07-30 23:00:07 INFO     | DexSniper            | ==================================================
2026-07-30 23:00:07 INFO     | DexSniper            | ⏰ Sleeping 30s...
2026-07-30 23:00:38 INFO     | DexSniper            | ==================================================
2026-07-30 23:00:38 INFO     | DexSniper            |   📊 DEX SNIPER STATS
2026-07-30 23:00:38 INFO     | DexSniper            |   Runtime: 0:29:22.548550
2026-07-30 23:00:38 INFO     | DexSniper            |   Pairs detected: 7
2026-07-30 23:00:38 INFO     | DexSniper            |   Scams filtered: 0
2026-07-30 23:00:38 INFO     | DexSniper            |   Trades executed: 2
2026-07-30 23:00:38 INFO     | DexSniper            |   Total invested: 0.1 BSC
2026-07-30 23:00:38 INFO     | DexSniper            | ==================================================
2026-07-30 23:00:38 INFO     | DexSniper            | ⏰ Sleeping 30s...
2026-07-30 23:01:27 ERROR    | DexSniper            | Error fetching events: ('Connection aborted.', RemoteDisconnected('Remote end closed connection without response'))
2026-07-30 23:01:27 INFO     | DexSniper            | ==================================================
2026-07-30 23:01:27 INFO     | DexSniper            |   📊 DEX SNIPER STATS
2026-07-30 23:01:27 INFO     | DexSniper            |   Runtime: 0:30:11.806860
2026-07-30 23:01:27 INFO     | DexSniper            |   Pairs detected: 7
2026-07-30 23:01:27 INFO     | DexSniper            |   Scams filtered: 0
2026-07-30 23:01:27 INFO     | DexSniper            |   Trades executed: 2
2026-07-30 23:01:27 INFO     | DexSniper            |   Total invested: 0.1 BSC
2026-07-30 23:01:27 INFO     | DexSniper            | ==================================================
2026-07-30 23:01:27 INFO     | DexSniper            | ⏰ Sleeping 30s...
2026-07-30 23:01:58 INFO     | DexSniper            | 🆕 New pair detected! Token: 0x58B6a9e8... Pair: 0x49cB887B...
2026-07-30 23:02:48 WARNING  | DexSniper            |   → Cannot read token info. Skipping.
2026-07-30 23:02:48 INFO     | DexSniper            | ==================================================
2026-07-30 23:02:48 INFO     | DexSniper            |   📊 DEX SNIPER STATS
2026-07-30 23:02:48 INFO     | DexSniper            |   Runtime: 0:31:33.102850
2026-07-30 23:02:48 INFO     | DexSniper            |   Pairs detected: 8
2026-07-30 23:02:48 INFO     | DexSniper            |   Scams filtered: 0
2026-07-30 23:02:48 INFO     | DexSniper            |   Trades executed: 2
2026-07-30 23:02:48 INFO     | DexSniper            |   Total invested: 0.1 BSC
2026-07-30 23:02:48 INFO     | DexSniper            | ==================================================
2026-07-30 23:02:48 INFO     | DexSniper            | ⏰ Sleeping 30s...
2026-07-30 23:03:19 INFO     | DexSniper            | ==================================================
2026-07-30 23:03:19 INFO     | DexSniper            |   📊 DEX SNIPER STATS
2026-07-30 23:03:19 INFO     | DexSniper            |   Runtime: 0:32:03.887496
2026-07-30 23:03:19 INFO     | DexSniper            |   Pairs detected: 8
2026-07-30 23:03:19 INFO     | DexSniper            |   Scams filtered: 0
2026-07-30 23:03:19 INFO     | DexSniper            |   Trades executed: 2
2026-07-30 23:03:19 INFO     | DexSniper            |   Total invested: 0.1 BSC
2026-07-30 23:03:19 INFO     | DexSniper            | ==================================================
2026-07-30 23:03:19 INFO     | DexSniper            | ⏰ Sleeping 30s...
2026-07-30 23:03:49 INFO     | DexSniper            | ==================================================
2026-07-30 23:03:49 INFO     | DexSniper            |   📊 DEX SNIPER STATS
2026-07-30 23:03:49 INFO     | DexSniper            |   Runtime: 0:32:34.116828
2026-07-30 23:03:49 INFO     | DexSniper            |   Pairs detected: 8
2026-07-30 23:03:49 INFO     | DexSniper            |   Scams filtered: 0
2026-07-30 23:03:49 INFO     | DexSniper            |   Trades executed: 2
2026-07-30 23:03:49 INFO     | DexSniper            |   Total invested: 0.1 BSC
2026-07-30 23:03:49 INFO     | DexSniper            | ==================================================
2026-07-30 23:03:49 INFO     | DexSniper            | ⏰ Sleeping 30s...
2026-07-30 23:04:38 ERROR    | DexSniper            | Error fetching events: ('Connection aborted.', RemoteDisconnected('Remote end closed connection without response'))
2026-07-30 23:04:38 INFO     | DexSniper            | ==================================================
2026-07-30 23:04:38 INFO     | DexSniper            |   📊 DEX SNIPER STATS
2026-07-30 23:04:38 INFO     | DexSniper            |   Runtime: 0:33:23.363875
2026-07-30 23:04:38 INFO     | DexSniper            |   Pairs detected: 8
2026-07-30 23:04:38 INFO     | DexSniper            |   Scams filtered: 0
2026-07-30 23:04:38 INFO     | DexSniper            |   Trades executed: 2
2026-07-30 23:04:38 INFO     | DexSniper            |   Total invested: 0.1 BSC
2026-07-30 23:04:38 INFO     | DexSniper            | ==================================================
2026-07-30 23:04:38 INFO     | DexSniper            | ⏰ Sleeping 30s...
2026-07-30 23:05:09 INFO     | DexSniper            | ==================================================
2026-07-30 23:05:09 INFO     | DexSniper            |   📊 DEX SNIPER STATS
2026-07-30 23:05:09 INFO     | DexSniper            |   Runtime: 0:33:54.149117
2026-07-30 23:05:09 INFO     | DexSniper            |   Pairs detected: 8
2026-07-30 23:05:09 INFO     | DexSniper            |   Scams filtered: 0
2026-07-30 23:05:09 INFO     | DexSniper            |   Trades executed: 2
2026-07-30 23:05:09 INFO     | DexSniper            |   Total invested: 0.1 BSC
2026-07-30 23:05:09 INFO     | DexSniper            | ==================================================
2026-07-30 23:05:09 INFO     | DexSniper            | ⏰ Sleeping 30s...
2026-07-30 23:06:09 ERROR    | DexSniper            | Error fetching events: HTTPSConnectionPool(host='bsc-dataseed.binance.org', port=443): Read timed out.
2026-07-30 23:06:09 INFO     | DexSniper            | ==================================================
2026-07-30 23:06:09 INFO     | DexSniper            |   📊 DEX SNIPER STATS
2026-07-30 23:06:09 INFO     | DexSniper            |   Runtime: 0:34:54.375798
2026-07-30 23:06:09 INFO     | DexSniper            |   Pairs detected: 8
2026-07-30 23:06:09 INFO     | DexSniper            |   Scams filtered: 0
2026-07-30 23:06:09 INFO     | DexSniper            |   Trades executed: 2
2026-07-30 23:06:09 INFO     | DexSniper            |   Total invested: 0.1 BSC
2026-07-30 23:06:09 INFO     | DexSniper            | ==================================================
2026-07-30 23:06:09 INFO     | DexSniper            | ⏰ Sleeping 30s...
2026-07-30 23:06:40 INFO     | DexSniper            | ==================================================
2026-07-30 23:06:40 INFO     | DexSniper            |   📊 DEX SNIPER STATS
2026-07-30 23:06:40 INFO     | DexSniper            |   Runtime: 0:35:25.149818
2026-07-30 23:06:40 INFO     | DexSniper            |   Pairs detected: 8
2026-07-30 23:06:40 INFO     | DexSniper            |   Scams filtered: 0
2026-07-30 23:06:40 INFO     | DexSniper            |   Trades executed: 2
2026-07-30 23:06:40 INFO     | DexSniper            |   Total invested: 0.1 BSC
2026-07-30 23:06:40 INFO     | DexSniper            | ==================================================
2026-07-30 23:06:40 INFO     | DexSniper            | ⏰ Sleeping 30s...
2026-07-30 23:07:10 INFO     | DexSniper            | ==================================================
2026-07-30 23:07:10 INFO     | DexSniper            |   📊 DEX SNIPER STATS
2026-07-30 23:07:10 INFO     | DexSniper            |   Runtime: 0:35:55.388080
2026-07-30 23:07:10 INFO     | DexSniper            |   Pairs detected: 8
2026-07-30 23:07:10 INFO     | DexSniper            |   Scams filtered: 0
2026-07-30 23:07:10 INFO     | DexSniper            |   Trades executed: 2
2026-07-30 23:07:10 INFO     | DexSniper            |   Total invested: 0.1 BSC
2026-07-30 23:07:10 INFO     | DexSniper            | ==================================================
2026-07-30 23:07:10 INFO     | DexSniper            | ⏰ Sleeping 30s...
2026-07-30 23:08:00 ERROR    | DexSniper            | Error fetching events: ('Connection aborted.', RemoteDisconnected('Remote end closed connection without response'))
2026-07-30 23:08:00 INFO     | DexSniper            | ==================================================
2026-07-30 23:08:00 INFO     | DexSniper            |   📊 DEX SNIPER STATS
2026-07-30 23:08:00 INFO     | DexSniper            |   Runtime: 0:36:44.639099
2026-07-30 23:08:00 INFO     | DexSniper            |   Pairs detected: 8
2026-07-30 23:08:00 INFO     | DexSniper            |   Scams filtered: 0
2026-07-30 23:08:00 INFO     | DexSniper            |   Trades executed: 2
2026-07-30 23:08:00 INFO     | DexSniper            |   Total invested: 0.1 BSC
2026-07-30 23:08:00 INFO     | DexSniper            | ==================================================
2026-07-30 23:08:00 INFO     | DexSniper            | ⏰ Sleeping 30s...
2026-07-30 23:08:30 INFO     | DexSniper            | 🆕 New pair detected! Token: 0x6f20E7Ac... Pair: 0xcB7d40D3...
2026-07-30 23:09:21 WARNING  | DexSniper            |   → Cannot read token info. Skipping.
2026-07-30 23:09:21 INFO     | DexSniper            | ==================================================
2026-07-30 23:09:21 INFO     | DexSniper            |   📊 DEX SNIPER STATS
2026-07-30 23:09:21 INFO     | DexSniper            |   Runtime: 0:38:06.066816
2026-07-30 23:09:21 INFO     | DexSniper            |   Pairs detected: 9
2026-07-30 23:09:21 INFO     | DexSniper            |   Scams filtered: 0
2026-07-30 23:09:21 INFO     | DexSniper            |   Trades executed: 2
2026-07-30 23:09:21 INFO     | DexSniper            |   Total invested: 0.1 BSC
2026-07-30 23:09:21 INFO     | DexSniper            | ==================================================
2026-07-30 23:09:21 INFO     | DexSniper            | ⏰ Sleeping 30s...
2026-07-30 23:09:52 INFO     | DexSniper            | ==================================================
2026-07-30 23:09:52 INFO     | DexSniper            |   📊 DEX SNIPER STATS
2026-07-30 23:09:52 INFO     | DexSniper            |   Runtime: 0:38:36.859556
2026-07-30 23:09:52 INFO     | DexSniper            |   Pairs detected: 9
2026-07-30 23:09:52 INFO     | DexSniper            |   Scams filtered: 0
2026-07-30 23:09:52 INFO     | DexSniper            |   Trades executed: 2
2026-07-30 23:09:52 INFO     | DexSniper            |   Total invested: 0.1 BSC
2026-07-30 23:09:52 INFO     | DexSniper            | ==================================================
2026-07-30 23:09:52 INFO     | DexSniper            | ⏰ Sleeping 30s...
2026-07-30 23:10:52 ERROR    | DexSniper            | Error fetching events: HTTPSConnectionPool(host='bsc-dataseed.binance.org', port=443): Read timed out.
2026-07-30 23:10:52 INFO     | DexSniper            | ==================================================
2026-07-30 23:10:52 INFO     | DexSniper            |   📊 DEX SNIPER STATS
2026-07-30 23:10:52 INFO     | DexSniper            |   Runtime: 0:39:37.087016
2026-07-30 23:10:52 INFO     | DexSniper            |   Pairs detected: 9
2026-07-30 23:10:52 INFO     | DexSniper            |   Scams filtered: 0
2026-07-30 23:10:52 INFO     | DexSniper            |   Trades executed: 2
2026-07-30 23:10:52 INFO     | DexSniper            |   Total invested: 0.1 BSC
2026-07-30 23:10:52 INFO     | DexSniper            | ==================================================
2026-07-30 23:10:52 INFO     | DexSniper            | ⏰ Sleeping 30s...
2026-07-30 23:11:23 INFO     | DexSniper            | ==================================================
2026-07-30 23:11:23 INFO     | DexSniper            |   📊 DEX SNIPER STATS
2026-07-30 23:11:23 INFO     | DexSniper            |   Runtime: 0:40:07.872731
2026-07-30 23:11:23 INFO     | DexSniper            |   Pairs detected: 9
2026-07-30 23:11:23 INFO     | DexSniper            |   Scams filtered: 0
2026-07-30 23:11:23 INFO     | DexSniper            |   Trades executed: 2
2026-07-30 23:11:23 INFO     | DexSniper            |   Total invested: 0.1 BSC
2026-07-30 23:11:23 INFO     | DexSniper            | ==================================================
2026-07-30 23:11:23 INFO     | DexSniper            | ⏰ Sleeping 30s...
2026-07-30 23:11:53 INFO     | DexSniper            | ==================================================
2026-07-30 23:11:53 INFO     | DexSniper            |   📊 DEX SNIPER STATS
2026-07-30 23:11:53 INFO     | DexSniper            |   Runtime: 0:40:38.101013
2026-07-30 23:11:53 INFO     | DexSniper            |   Pairs detected: 9
2026-07-30 23:11:53 INFO     | DexSniper            |   Scams filtered: 0
2026-07-30 23:11:53 INFO     | DexSniper            |   Trades executed: 2
2026-07-30 23:11:53 INFO     | DexSniper            |   Total invested: 0.1 BSC
2026-07-30 23:11:53 INFO     | DexSniper            | ==================================================
2026-07-30 23:11:53 INFO     | DexSniper            | ⏰ Sleeping 30s...
2026-07-30 23:12:42 ERROR    | DexSniper            | Error fetching events: ('Connection aborted.', RemoteDisconnected('Remote end closed connection without response'))
2026-07-30 23:12:42 INFO     | DexSniper            | ==================================================
2026-07-30 23:12:42 INFO     | DexSniper            |   📊 DEX SNIPER STATS
2026-07-30 23:12:42 INFO     | DexSniper            |   Runtime: 0:41:27.371945
2026-07-30 23:12:42 INFO     | DexSniper            |   Pairs detected: 9
2026-07-30 23:12:42 INFO     | DexSniper            |   Scams filtered: 0
2026-07-30 23:12:42 INFO     | DexSniper            |   Trades executed: 2
2026-07-30 23:12:42 INFO     | DexSniper            |   Total invested: 0.1 BSC
2026-07-30 23:12:42 INFO     | DexSniper            | ==================================================
2026-07-30 23:12:42 INFO     | DexSniper            | ⏰ Sleeping 30s...
2026-07-30 23:13:13 INFO     | DexSniper            | ==================================================
2026-07-30 23:13:13 INFO     | DexSniper            |   📊 DEX SNIPER STATS
2026-07-30 23:13:13 INFO     | DexSniper            |   Runtime: 0:41:58.160847
2026-07-30 23:13:13 INFO     | DexSniper            |   Pairs detected: 9
2026-07-30 23:13:13 INFO     | DexSniper            |   Scams filtered: 0
2026-07-30 23:13:13 INFO     | DexSniper            |   Trades executed: 2
2026-07-30 23:13:13 INFO     | DexSniper            |   Total invested: 0.1 BSC
2026-07-30 23:13:13 INFO     | DexSniper            | ==================================================
2026-07-30 23:13:13 INFO     | DexSniper            | ⏰ Sleeping 30s...
2026-07-30 23:14:13 ERROR    | DexSniper            | Error fetching events: HTTPSConnectionPool(host='bsc-dataseed.binance.org', port=443): Read timed out.
2026-07-30 23:14:13 INFO     | DexSniper            | ==================================================
2026-07-30 23:14:13 INFO     | DexSniper            |   📊 DEX SNIPER STATS
2026-07-30 23:14:13 INFO     | DexSniper            |   Runtime: 0:42:58.380929
2026-07-30 23:14:13 INFO     | DexSniper            |   Pairs detected: 9
2026-07-30 23:14:13 INFO     | DexSniper            |   Scams filtered: 0
2026-07-30 23:14:13 INFO     | DexSniper            |   Trades executed: 2
2026-07-30 23:14:13 INFO     | DexSniper            |   Total invested: 0.1 BSC
2026-07-30 23:14:13 INFO     | DexSniper            | ==================================================
2026-07-30 23:14:13 INFO     | DexSniper            | ⏰ Sleeping 30s...
2026-07-30 23:14:44 INFO     | DexSniper            | ==================================================
2026-07-30 23:14:44 INFO     | DexSniper            |   📊 DEX SNIPER STATS
2026-07-30 23:14:44 INFO     | DexSniper            |   Runtime: 0:43:29.299575
2026-07-30 23:14:44 INFO     | DexSniper            |   Pairs detected: 9
2026-07-30 23:14:44 INFO     | DexSniper            |   Scams filtered: 0
2026-07-30 23:14:44 INFO     | DexSniper            |   Trades executed: 2
2026-07-30 23:14:44 INFO     | DexSniper            |   Total invested: 0.1 BSC
2026-07-30 23:14:44 INFO     | DexSniper            | ==================================================
2026-07-30 23:14:44 INFO     | DexSniper            | ⏰ Sleeping 30s...
2026-07-30 23:15:15 INFO     | DexSniper            | ==================================================
2026-07-30 23:15:15 INFO     | DexSniper            |   📊 DEX SNIPER STATS
2026-07-30 23:15:15 INFO     | DexSniper            |   Runtime: 0:43:59.575100
2026-07-30 23:15:15 INFO     | DexSniper            |   Pairs detected: 9
2026-07-30 23:15:15 INFO     | DexSniper            |   Scams filtered: 0
2026-07-30 23:15:15 INFO     | DexSniper            |   Trades executed: 2
2026-07-30 23:15:15 INFO     | DexSniper            |   Total invested: 0.1 BSC
2026-07-30 23:15:15 INFO     | DexSniper            | ==================================================
2026-07-30 23:15:15 INFO     | DexSniper            | ⏰ Sleeping 30s...
2026-07-30 23:16:04 ERROR    | DexSniper            | Error fetching events: ('Connection aborted.', RemoteDisconnected('Remote end closed connection without response'))
2026-07-30 23:16:04 INFO     | DexSniper            | ==================================================
2026-07-30 23:16:04 INFO     | DexSniper            |   📊 DEX SNIPER STATS
2026-07-30 23:16:04 INFO     | DexSniper            |   Runtime: 0:44:48.836296
2026-07-30 23:16:04 INFO     | DexSniper            |   Pairs detected: 9
2026-07-30 23:16:04 INFO     | DexSniper            |   Scams filtered: 0
2026-07-30 23:16:04 INFO     | DexSniper            |   Trades executed: 2
2026-07-30 23:16:04 INFO     | DexSniper            |   Total invested: 0.1 BSC
2026-07-30 23:16:04 INFO     | DexSniper            | ==================================================
2026-07-30 23:16:04 INFO     | DexSniper            | ⏰ Sleeping 30s...
2026-07-30 23:16:35 INFO     | DexSniper            | ==================================================
2026-07-30 23:16:35 INFO     | DexSniper            |   📊 DEX SNIPER STATS
2026-07-30 23:16:35 INFO     | DexSniper            |   Runtime: 0:45:19.661784
2026-07-30 23:16:35 INFO     | DexSniper            |   Pairs detected: 9
2026-07-30 23:16:35 INFO     | DexSniper            |   Scams filtered: 0
2026-07-30 23:16:35 INFO     | DexSniper            |   Trades executed: 2
2026-07-30 23:16:35 INFO     | DexSniper            |   Total invested: 0.1 BSC
2026-07-30 23:16:35 INFO     | DexSniper            | ==================================================
2026-07-30 23:16:35 INFO     | DexSniper            | ⏰ Sleeping 30s...
2026-07-30 23:17:35 ERROR    | DexSniper            | Error fetching events: HTTPSConnectionPool(host='bsc-dataseed.binance.org', port=443): Read timed out.
2026-07-30 23:17:35 INFO     | DexSniper            | ==================================================
2026-07-30 23:17:35 INFO     | DexSniper            |   📊 DEX SNIPER STATS
2026-07-30 23:17:35 INFO     | DexSniper            |   Runtime: 0:46:19.907178
2026-07-30 23:17:35 INFO     | DexSniper            |   Pairs detected: 9
2026-07-30 23:17:35 INFO     | DexSniper            |   Scams filtered: 0
2026-07-30 23:17:35 INFO     | DexSniper            |   Trades executed: 2
2026-07-30 23:17:35 INFO     | DexSniper            |   Total invested: 0.1 BSC
2026-07-30 23:17:35 INFO     | DexSniper            | ==================================================
2026-07-30 23:17:35 INFO     | DexSniper            | ⏰ Sleeping 30s...
2026-07-30 23:18:06 INFO     | DexSniper            | ==================================================
2026-07-30 23:18:06 INFO     | DexSniper            |   📊 DEX SNIPER STATS
2026-07-30 23:18:06 INFO     | DexSniper            |   Runtime: 0:46:50.698900
2026-07-30 23:18:06 INFO     | DexSniper            |   Pairs detected: 9
2026-07-30 23:18:06 INFO     | DexSniper            |   Scams filtered: 0
2026-07-30 23:18:06 INFO     | DexSniper            |   Trades executed: 2
2026-07-30 23:18:06 INFO     | DexSniper            |   Total invested: 0.1 BSC
2026-07-30 23:18:06 INFO     | DexSniper            | ==================================================
2026-07-30 23:18:06 INFO     | DexSniper            | ⏰ Sleeping 30s...
2026-07-30 23:18:36 INFO     | DexSniper            | ==================================================
2026-07-30 23:18:36 INFO     | DexSniper            |   📊 DEX SNIPER STATS
2026-07-30 23:18:36 INFO     | DexSniper            |   Runtime: 0:47:20.926362
2026-07-30 23:18:36 INFO     | DexSniper            |   Pairs detected: 9
2026-07-30 23:18:36 INFO     | DexSniper            |   Scams filtered: 0
2026-07-30 23:18:36 INFO     | DexSniper            |   Trades executed: 2
2026-07-30 23:18:36 INFO     | DexSniper            |   Total invested: 0.1 BSC
2026-07-30 23:18:36 INFO     | DexSniper            | ==================================================
2026-07-30 23:18:36 INFO     | DexSniper            | ⏰ Sleeping 30s...
2026-07-30 23:19:25 ERROR    | DexSniper            | Error fetching events: ('Connection aborted.', RemoteDisconnected('Remote end closed connection without response'))
2026-07-30 23:19:25 INFO     | DexSniper            | ==================================================
2026-07-30 23:19:25 INFO     | DexSniper            |   📊 DEX SNIPER STATS
2026-07-30 23:19:25 INFO     | DexSniper            |   Runtime: 0:48:10.194065
2026-07-30 23:19:25 INFO     | DexSniper            |   Pairs detected: 9
2026-07-30 23:19:25 INFO     | DexSniper            |   Scams filtered: 0
2026-07-30 23:19:25 INFO     | DexSniper            |   Trades executed: 2
2026-07-30 23:19:25 INFO     | DexSniper            |   Total invested: 0.1 BSC
2026-07-30 23:19:25 INFO     | DexSniper            | ==================================================
2026-07-30 23:19:25 INFO     | DexSniper            | ⏰ Sleeping 30s...
2026-07-30 23:19:56 INFO     | DexSniper            | 🆕 New pair detected! Token: 0x471184A3... Pair: 0x7D471290...
2026-07-30 23:20:47 WARNING  | DexSniper            |   → Cannot read token info. Skipping.
2026-07-30 23:20:47 INFO     | DexSniper            | ==================================================
2026-07-30 23:20:47 INFO     | DexSniper            |   📊 DEX SNIPER STATS
2026-07-30 23:20:47 INFO     | DexSniper            |   Runtime: 0:49:31.712750
2026-07-30 23:20:47 INFO     | DexSniper            |   Pairs detected: 10
2026-07-30 23:20:47 INFO     | DexSniper            |   Scams filtered: 0
2026-07-30 23:20:47 INFO     | DexSniper            |   Trades executed: 2
2026-07-30 23:20:47 INFO     | DexSniper            |   Total invested: 0.1 BSC
2026-07-30 23:20:47 INFO     | DexSniper            | ==================================================
2026-07-30 23:20:47 INFO     | DexSniper            | ⏰ Sleeping 30s...
2026-07-30 23:21:18 INFO     | DexSniper            | ==================================================
2026-07-30 23:21:18 INFO     | DexSniper            |   📊 DEX SNIPER STATS
2026-07-30 23:21:18 INFO     | DexSniper            |   Runtime: 0:50:02.619976
2026-07-30 23:21:18 INFO     | DexSniper            |   Pairs detected: 10
2026-07-30 23:21:18 INFO     | DexSniper            |   Scams filtered: 0
2026-07-30 23:21:18 INFO     | DexSniper            |   Trades executed: 2
2026-07-30 23:21:18 INFO     | DexSniper            |   Total invested: 0.1 BSC
2026-07-30 23:21:18 INFO     | DexSniper            | ==================================================
2026-07-30 23:21:18 INFO     | DexSniper            | ⏰ Sleeping 30s...
2026-07-30 23:21:48 INFO     | DexSniper            | ==================================================
2026-07-30 23:21:48 INFO     | DexSniper            |   📊 DEX SNIPER STATS
2026-07-30 23:21:48 INFO     | DexSniper            |   Runtime: 0:50:32.898081
2026-07-30 23:21:48 INFO     | DexSniper            |   Pairs detected: 10
2026-07-30 23:21:48 INFO     | DexSniper            |   Scams filtered: 0
2026-07-30 23:21:48 INFO     | DexSniper            |   Trades executed: 2
2026-07-30 23:21:48 INFO     | DexSniper            |   Total invested: 0.1 BSC
2026-07-30 23:21:48 INFO     | DexSniper            | ==================================================
2026-07-30 23:21:48 INFO     | DexSniper            | ⏰ Sleeping 30s...
2026-07-30 23:22:37 ERROR    | DexSniper            | Error fetching events: ('Connection aborted.', RemoteDisconnected('Remote end closed connection without response'))
2026-07-30 23:22:37 INFO     | DexSniper            | ==================================================
2026-07-30 23:22:37 INFO     | DexSniper            |   📊 DEX SNIPER STATS
2026-07-30 23:22:37 INFO     | DexSniper            |   Runtime: 0:51:22.155711
2026-07-30 23:22:37 INFO     | DexSniper            |   Pairs detected: 10
2026-07-30 23:22:37 INFO     | DexSniper            |   Scams filtered: 0
2026-07-30 23:22:37 INFO     | DexSniper            |   Trades executed: 2
2026-07-30 23:22:37 INFO     | DexSniper            |   Total invested: 0.1 BSC
2026-07-30 23:22:37 INFO     | DexSniper            | ==================================================
2026-07-30 23:22:37 INFO     | DexSniper            | ⏰ Sleeping 30s...
2026-07-30 23:23:08 INFO     | DexSniper            | 🆕 New pair detected! Token: 0x93E3d286... Pair: 0x4108d435...
2026-07-30 23:23:59 WARNING  | DexSniper            |   → Cannot read token info. Skipping.
2026-07-30 23:23:59 INFO     | DexSniper            | ==================================================
2026-07-30 23:23:59 INFO     | DexSniper            |   📊 DEX SNIPER STATS
2026-07-30 23:23:59 INFO     | DexSniper            |   Runtime: 0:52:43.500172
2026-07-30 23:23:59 INFO     | DexSniper            |   Pairs detected: 11
2026-07-30 23:23:59 INFO     | DexSniper            |   Scams filtered: 0
2026-07-30 23:23:59 INFO     | DexSniper            |   Trades executed: 2
2026-07-30 23:23:59 INFO     | DexSniper            |   Total invested: 0.1 BSC
2026-07-30 23:23:59 INFO     | DexSniper            | ==================================================
2026-07-30 23:23:59 INFO     | DexSniper            | ⏰ Sleeping 30s...
2026-07-30 23:24:29 INFO     | DexSniper            | ==================================================
2026-07-30 23:24:29 INFO     | DexSniper            |   📊 DEX SNIPER STATS
2026-07-30 23:24:29 INFO     | DexSniper            |   Runtime: 0:53:14.286895
2026-07-30 23:24:29 INFO     | DexSniper            |   Pairs detected: 11
2026-07-30 23:24:29 INFO     | DexSniper            |   Scams filtered: 0
2026-07-30 23:24:29 INFO     | DexSniper            |   Trades executed: 2
2026-07-30 23:24:29 INFO     | DexSniper            |   Total invested: 0.1 BSC
2026-07-30 23:24:29 INFO     | DexSniper            | ==================================================
2026-07-30 23:24:29 INFO     | DexSniper            | ⏰ Sleeping 30s...
2026-07-30 23:25:00 INFO     | DexSniper            | ==================================================
2026-07-30 23:25:00 INFO     | DexSniper            |   📊 DEX SNIPER STATS
2026-07-30 23:25:00 INFO     | DexSniper            |   Runtime: 0:53:44.506021
2026-07-30 23:25:00 INFO     | DexSniper            |   Pairs detected: 11
2026-07-30 23:25:00 INFO     | DexSniper            |   Scams filtered: 0
2026-07-30 23:25:00 INFO     | DexSniper            |   Trades executed: 2
2026-07-30 23:25:00 INFO     | DexSniper            |   Total invested: 0.1 BSC
2026-07-30 23:25:00 INFO     | DexSniper            | ==================================================
2026-07-30 23:25:00 INFO     | DexSniper            | ⏰ Sleeping 30s...
2026-07-30 23:25:49 ERROR    | DexSniper            | Error fetching events: ('Connection aborted.', RemoteDisconnected('Remote end closed connection without response'))
2026-07-30 23:25:49 INFO     | DexSniper            | ==================================================
2026-07-30 23:25:49 INFO     | DexSniper            |   📊 DEX SNIPER STATS
2026-07-30 23:25:49 INFO     | DexSniper            |   Runtime: 0:54:33.775358
2026-07-30 23:25:49 INFO     | DexSniper            |   Pairs detected: 11
2026-07-30 23:25:49 INFO     | DexSniper            |   Scams filtered: 0
2026-07-30 23:25:49 INFO     | DexSniper            |   Trades executed: 2
2026-07-30 23:25:49 INFO     | DexSniper            |   Total invested: 0.1 BSC
2026-07-30 23:25:49 INFO     | DexSniper            | ==================================================
2026-07-30 23:25:49 INFO     | DexSniper            | ⏰ Sleeping 30s...
2026-07-30 23:26:20 INFO     | DexSniper            | ==================================================
2026-07-30 23:26:20 INFO     | DexSniper            |   📊 DEX SNIPER STATS
2026-07-30 23:26:20 INFO     | DexSniper            |   Runtime: 0:55:04.546021
2026-07-30 23:26:20 INFO     | DexSniper            |   Pairs detected: 11
2026-07-30 23:26:20 INFO     | DexSniper            |   Scams filtered: 0
2026-07-30 23:26:20 INFO     | DexSniper            |   Trades executed: 2
2026-07-30 23:26:20 INFO     | DexSniper            |   Total invested: 0.1 BSC
2026-07-30 23:26:20 INFO     | DexSniper            | ==================================================
2026-07-30 23:26:20 INFO     | DexSniper            | ⏰ Sleeping 30s...
2026-07-30 23:26:50 INFO     | DexSniper            | ==================================================
2026-07-30 23:26:50 INFO     | DexSniper            |   📊 DEX SNIPER STATS
2026-07-30 23:26:50 INFO     | DexSniper            |   Runtime: 0:55:34.768594
2026-07-30 23:26:50 INFO     | DexSniper            |   Pairs detected: 11
2026-07-30 23:26:50 INFO     | DexSniper            |   Scams filtered: 0
2026-07-30 23:26:50 INFO     | DexSniper            |   Trades executed: 2
2026-07-30 23:26:50 INFO     | DexSniper            |   Total invested: 0.1 BSC
2026-07-30 23:26:50 INFO     | DexSniper            | ==================================================
2026-07-30 23:26:50 INFO     | DexSniper            | ⏰ Sleeping 30s...
2026-07-30 23:27:39 ERROR    | DexSniper            | Error fetching events: ('Connection aborted.', RemoteDisconnected('Remote end closed connection without response'))
2026-07-30 23:27:39 INFO     | DexSniper            | ==================================================
2026-07-30 23:27:39 INFO     | DexSniper            |   📊 DEX SNIPER STATS
2026-07-30 23:27:39 INFO     | DexSniper            |   Runtime: 0:56:24.030938
2026-07-30 23:27:39 INFO     | DexSniper            |   Pairs detected: 11
2026-07-30 23:27:39 INFO     | DexSniper            |   Scams filtered: 0
2026-07-30 23:27:39 INFO     | DexSniper            |   Trades executed: 2
2026-07-30 23:27:39 INFO     | DexSniper            |   Total invested: 0.1 BSC
2026-07-30 23:27:39 INFO     | DexSniper            | ==================================================
2026-07-30 23:27:39 INFO     | DexSniper            | ⏰ Sleeping 30s...
2026-07-30 23:28:10 INFO     | DexSniper            | ==================================================
2026-07-30 23:28:10 INFO     | DexSniper            |   📊 DEX SNIPER STATS
2026-07-30 23:28:10 INFO     | DexSniper            |   Runtime: 0:56:54.901917
2026-07-30 23:28:10 INFO     | DexSniper            |   Pairs detected: 11
2026-07-30 23:28:10 INFO     | DexSniper            |   Scams filtered: 0
2026-07-30 23:28:10 INFO     | DexSniper            |   Trades executed: 2
2026-07-30 23:28:10 INFO     | DexSniper            |   Total invested: 0.1 BSC
2026-07-30 23:28:10 INFO     | DexSniper            | ==================================================
2026-07-30 23:28:10 INFO     | DexSniper            | ⏰ Sleeping 30s...
2026-07-30 23:28:41 INFO     | DexSniper            | ==================================================
2026-07-30 23:28:41 INFO     | DexSniper            |   📊 DEX SNIPER STATS
2026-07-30 23:28:41 INFO     | DexSniper            |   Runtime: 0:57:25.880770
2026-07-30 23:28:41 INFO     | DexSniper            |   Pairs detected: 11
2026-07-30 23:28:41 INFO     | DexSniper            |   Scams filtered: 0
2026-07-30 23:28:41 INFO     | DexSniper            |   Trades executed: 2
2026-07-30 23:28:41 INFO     | DexSniper            |   Total invested: 0.1 BSC
2026-07-30 23:28:41 INFO     | DexSniper            | ==================================================
2026-07-30 23:28:41 INFO     | DexSniper            | ⏰ Sleeping 30s...
2026-07-30 23:29:11 INFO     | DexSniper            | 🆕 New pair detected! Token: 0x5C3c40Dd... Pair: 0xE3c4B93B...
2026-07-30 23:29:12 INFO     | DexSniper            |   → 特朗普 (特朗普)
2026-07-30 23:30:14 ERROR    | DexSniper            | Ollama request failed: HTTPConnectionPool(host='localhost', port=11434): Read timed out. (read timeout=60)
2026-07-30 23:30:14 INFO     | DexSniper            |   → ✅ Passed checks: Passed basic checks
2026-07-30 23:30:14 INFO     | DexSniper            | 🎯 SNIPE: 特朗普 (特朗普) — 0.05 BSC invested
2026-07-30 23:30:14 INFO     | DexSniper            | ==================================================
2026-07-30 23:30:14 INFO     | DexSniper            |   📊 DEX SNIPER STATS
2026-07-30 23:30:14 INFO     | DexSniper            |   Runtime: 0:58:59.248876
2026-07-30 23:30:14 INFO     | DexSniper            |   Pairs detected: 12
2026-07-30 23:30:14 INFO     | DexSniper            |   Scams filtered: 0
2026-07-30 23:30:14 INFO     | DexSniper            |   Trades executed: 3
2026-07-30 23:30:14 INFO     | DexSniper            |   Total invested: 0.15000000000000002 BSC
2026-07-30 23:30:14 INFO     | DexSniper            | ==================================================
2026-07-30 23:30:14 INFO     | DexSniper            | ⏰ Sleeping 30s...
2026-07-30 23:30:45 INFO     | DexSniper            | 🆕 New pair detected! Token: 0xf9890d95... Pair: 0x2432614C...
2026-07-30 23:31:36 WARNING  | DexSniper            |   → Cannot read token info. Skipping.
2026-07-30 23:31:36 INFO     | DexSniper            | ==================================================
2026-07-30 23:31:36 INFO     | DexSniper            |   📊 DEX SNIPER STATS
2026-07-30 23:31:36 INFO     | DexSniper            |   Runtime: 1:00:20.593405
2026-07-30 23:31:36 INFO     | DexSniper            |   Pairs detected: 13
2026-07-30 23:31:36 INFO     | DexSniper            |   Scams filtered: 0
2026-07-30 23:31:36 INFO     | DexSniper            |   Trades executed: 3
2026-07-30 23:31:36 INFO     | DexSniper            |   Total invested: 0.15000000000000002 BSC
2026-07-30 23:31:36 INFO     | DexSniper            | ==================================================
2026-07-30 23:31:36 INFO     | DexSniper            | ⏰ Sleeping 30s...
2026-07-30 23:32:06 INFO     | DexSniper            | 🆕 New pair detected! Token: 0x9FE08bD1... Pair: 0x17453Dbe...
2026-07-30 23:32:57 WARNING  | DexSniper            |   → Cannot read token info. Skipping.
2026-07-30 23:32:57 INFO     | DexSniper            | ==================================================
2026-07-30 23:32:57 INFO     | DexSniper            |   📊 DEX SNIPER STATS
2026-07-30 23:32:57 INFO     | DexSniper            |   Runtime: 1:01:41.935755
2026-07-30 23:32:57 INFO     | DexSniper            |   Pairs detected: 14
2026-07-30 23:32:57 INFO     | DexSniper            |   Scams filtered: 0
2026-07-30 23:32:57 INFO     | DexSniper            |   Trades executed: 3
2026-07-30 23:32:57 INFO     | DexSniper            |   Total invested: 0.15000000000000002 BSC
2026-07-30 23:32:57 INFO     | DexSniper            | ==================================================
2026-07-30 23:32:57 INFO     | DexSniper            | ⏰ Sleeping 30s...
2026-07-30 23:33:28 INFO     | DexSniper            | ==================================================
2026-07-30 23:33:28 INFO     | DexSniper            |   📊 DEX SNIPER STATS
2026-07-30 23:33:28 INFO     | DexSniper            |   Runtime: 1:02:12.701375
2026-07-30 23:33:28 INFO     | DexSniper            |   Pairs detected: 14
2026-07-30 23:33:28 INFO     | DexSniper            |   Scams filtered: 0
2026-07-30 23:33:28 INFO     | DexSniper            |   Trades executed: 3
2026-07-30 23:33:28 INFO     | DexSniper            |   Total invested: 0.15000000000000002 BSC
2026-07-30 23:33:28 INFO     | DexSniper            | ==================================================
2026-07-30 23:33:28 INFO     | DexSniper            | ⏰ Sleeping 30s...
2026-07-30 23:34:28 ERROR    | DexSniper            | Error fetching events: HTTPSConnectionPool(host='bsc-dataseed.binance.org', port=443): Read timed out.
2026-07-30 23:34:28 INFO     | DexSniper            | ==================================================
2026-07-30 23:34:28 INFO     | DexSniper            |   📊 DEX SNIPER STATS
2026-07-30 23:34:28 INFO     | DexSniper            |   Runtime: 1:03:12.930044
2026-07-30 23:34:28 INFO     | DexSniper            |   Pairs detected: 14
2026-07-30 23:34:28 INFO     | DexSniper            |   Scams filtered: 0
2026-07-30 23:34:28 INFO     | DexSniper            |   Trades executed: 3
2026-07-30 23:34:28 INFO     | DexSniper            |   Total invested: 0.15000000000000002 BSC
2026-07-30 23:34:28 INFO     | DexSniper            | ==================================================
2026-07-30 23:34:28 INFO     | DexSniper            | ⏰ Sleeping 30s...
2026-07-30 23:34:59 INFO     | DexSniper            | ==================================================
2026-07-30 23:34:59 INFO     | DexSniper            |   📊 DEX SNIPER STATS
2026-07-30 23:34:59 INFO     | DexSniper            |   Runtime: 1:03:43.731036
2026-07-30 23:34:59 INFO     | DexSniper            |   Pairs detected: 14
2026-07-30 23:34:59 INFO     | DexSniper            |   Scams filtered: 0
2026-07-30 23:34:59 INFO     | DexSniper            |   Trades executed: 3
2026-07-30 23:34:59 INFO     | DexSniper            |   Total invested: 0.15000000000000002 BSC
2026-07-30 23:34:59 INFO     | DexSniper            | ==================================================
2026-07-30 23:34:59 INFO     | DexSniper            | ⏰ Sleeping 30s...
2026-07-30 23:35:29 INFO     | DexSniper            | ==================================================
2026-07-30 23:35:29 INFO     | DexSniper            |   📊 DEX SNIPER STATS
2026-07-30 23:35:29 INFO     | DexSniper            |   Runtime: 1:04:13.945066
2026-07-30 23:35:29 INFO     | DexSniper            |   Pairs detected: 14
2026-07-30 23:35:29 INFO     | DexSniper            |   Scams filtered: 0
2026-07-30 23:35:29 INFO     | DexSniper            |   Trades executed: 3
2026-07-30 23:35:29 INFO     | DexSniper            |   Total invested: 0.15000000000000002 BSC
2026-07-30 23:35:29 INFO     | DexSniper            | ==================================================
2026-07-30 23:35:29 INFO     | DexSniper            | ⏰ Sleeping 30s...
2026-07-30 23:36:18 ERROR    | DexSniper            | Error fetching events: ('Connection aborted.', RemoteDisconnected('Remote end closed connection without response'))
2026-07-30 23:36:18 INFO     | DexSniper            | ==================================================
2026-07-30 23:36:18 INFO     | DexSniper            |   📊 DEX SNIPER STATS
2026-07-30 23:36:18 INFO     | DexSniper            |   Runtime: 1:05:03.205095
2026-07-30 23:36:18 INFO     | DexSniper            |   Pairs detected: 14
2026-07-30 23:36:18 INFO     | DexSniper            |   Scams filtered: 0
2026-07-30 23:36:18 INFO     | DexSniper            |   Trades executed: 3
2026-07-30 23:36:18 INFO     | DexSniper            |   Total invested: 0.15000000000000002 BSC
2026-07-30 23:36:18 INFO     | DexSniper            | ==================================================
2026-07-30 23:36:18 INFO     | DexSniper            | ⏰ Sleeping 30s...
2026-07-30 23:36:51 INFO     | DexSniper            | 🆕 New pair detected! Token: 0xaC51Cc9f... Pair: 0x38806488...
2026-07-30 23:37:42 WARNING  | DexSniper            |   → Cannot read token info. Skipping.
2026-07-30 23:37:42 INFO     | DexSniper            | ==================================================
2026-07-30 23:37:42 INFO     | DexSniper            |   📊 DEX SNIPER STATS
2026-07-30 23:37:42 INFO     | DexSniper            |   Runtime: 1:06:26.894733
2026-07-30 23:37:42 INFO     | DexSniper            |   Pairs detected: 15
2026-07-30 23:37:42 INFO     | DexSniper            |   Scams filtered: 0
2026-07-30 23:37:42 INFO     | DexSniper            |   Trades executed: 3
2026-07-30 23:37:42 INFO     | DexSniper            |   Total invested: 0.15000000000000002 BSC
2026-07-30 23:37:42 INFO     | DexSniper            | ==================================================
2026-07-30 23:37:42 INFO     | DexSniper            | ⏰ Sleeping 30s...
2026-07-30 23:38:13 INFO     | DexSniper            | ==================================================
2026-07-30 23:38:13 INFO     | DexSniper            |   📊 DEX SNIPER STATS
2026-07-30 23:38:13 INFO     | DexSniper            |   Runtime: 1:06:57.742326
2026-07-30 23:38:13 INFO     | DexSniper            |   Pairs detected: 15
2026-07-30 23:38:13 INFO     | DexSniper            |   Scams filtered: 0
2026-07-30 23:38:13 INFO     | DexSniper            |   Trades executed: 3
2026-07-30 23:38:13 INFO     | DexSniper            |   Total invested: 0.15000000000000002 BSC
2026-07-30 23:38:13 INFO     | DexSniper            | ==================================================
2026-07-30 23:38:13 INFO     | DexSniper            | ⏰ Sleeping 30s...
2026-07-30 23:38:43 INFO     | DexSniper            | ==================================================
2026-07-30 23:38:43 INFO     | DexSniper            |   📊 DEX SNIPER STATS
2026-07-30 23:38:43 INFO     | DexSniper            |   Runtime: 1:07:27.956014
2026-07-30 23:38:43 INFO     | DexSniper            |   Pairs detected: 15
2026-07-30 23:38:43 INFO     | DexSniper            |   Scams filtered: 0
2026-07-30 23:38:43 INFO     | DexSniper            |   Trades executed: 3
2026-07-30 23:38:43 INFO     | DexSniper            |   Total invested: 0.15000000000000002 BSC
2026-07-30 23:38:43 INFO     | DexSniper            | ==================================================
2026-07-30 23:38:43 INFO     | DexSniper            | ⏰ Sleeping 30s...
2026-07-30 23:39:32 ERROR    | DexSniper            | Error fetching events: ('Connection aborted.', RemoteDisconnected('Remote end closed connection without response'))
2026-07-30 23:39:32 INFO     | DexSniper            | ==================================================
2026-07-30 23:39:32 INFO     | DexSniper            |   📊 DEX SNIPER STATS
2026-07-30 23:39:32 INFO     | DexSniper            |   Runtime: 1:08:17.246236
2026-07-30 23:39:32 INFO     | DexSniper            |   Pairs detected: 15
2026-07-30 23:39:32 INFO     | DexSniper            |   Scams filtered: 0
2026-07-30 23:39:32 INFO     | DexSniper            |   Trades executed: 3
2026-07-30 23:39:32 INFO     | DexSniper            |   Total invested: 0.15000000000000002 BSC
2026-07-30 23:39:32 INFO     | DexSniper            | ==================================================
2026-07-30 23:39:32 INFO     | DexSniper            | ⏰ Sleeping 30s...
2026-07-30 23:40:03 INFO     | DexSniper            | ==================================================
2026-07-30 23:40:03 INFO     | DexSniper            |   📊 DEX SNIPER STATS
2026-07-30 23:40:03 INFO     | DexSniper            |   Runtime: 1:08:48.067170
2026-07-30 23:40:03 INFO     | DexSniper            |   Pairs detected: 15
2026-07-30 23:40:03 INFO     | DexSniper            |   Scams filtered: 0
2026-07-30 23:40:03 INFO     | DexSniper            |   Trades executed: 3
2026-07-30 23:40:03 INFO     | DexSniper            |   Total invested: 0.15000000000000002 BSC
2026-07-30 23:40:03 INFO     | DexSniper            | ==================================================
2026-07-30 23:40:03 INFO     | DexSniper            | ⏰ Sleeping 30s...
2026-07-30 23:40:33 INFO     | DexSniper            | ==================================================
2026-07-30 23:40:33 INFO     | DexSniper            |   📊 DEX SNIPER STATS
2026-07-30 23:40:33 INFO     | DexSniper            |   Runtime: 1:09:18.298404
2026-07-30 23:40:33 INFO     | DexSniper            |   Pairs detected: 15
2026-07-30 23:40:33 INFO     | DexSniper            |   Scams filtered: 0
2026-07-30 23:40:33 INFO     | DexSniper            |   Trades executed: 3
2026-07-30 23:40:33 INFO     | DexSniper            |   Total invested: 0.15000000000000002 BSC
2026-07-30 23:40:33 INFO     | DexSniper            | ==================================================
2026-07-30 23:40:33 INFO     | DexSniper            | ⏰ Sleeping 30s...
2026-07-30 23:41:23 ERROR    | DexSniper            | Error fetching events: ('Connection aborted.', RemoteDisconnected('Remote end closed connection without response'))
2026-07-30 23:41:23 INFO     | DexSniper            | ==================================================
2026-07-30 23:41:23 INFO     | DexSniper            |   📊 DEX SNIPER STATS
2026-07-30 23:41:23 INFO     | DexSniper            |   Runtime: 1:10:07.575200
2026-07-30 23:41:23 INFO     | DexSniper            |   Pairs detected: 15
2026-07-30 23:41:23 INFO     | DexSniper            |   Scams filtered: 0
2026-07-30 23:41:23 INFO     | DexSniper            |   Trades executed: 3
2026-07-30 23:41:23 INFO     | DexSniper            |   Total invested: 0.15000000000000002 BSC
2026-07-30 23:41:23 INFO     | DexSniper            | ==================================================
2026-07-30 23:41:23 INFO     | DexSniper            | ⏰ Sleeping 30s...
2026-07-30 23:41:53 INFO     | DexSniper            | ==================================================
2026-07-30 23:41:53 INFO     | DexSniper            |   📊 DEX SNIPER STATS
2026-07-30 23:41:53 INFO     | DexSniper            |   Runtime: 1:10:38.376197
2026-07-30 23:41:53 INFO     | DexSniper            |   Pairs detected: 15
2026-07-30 23:41:53 INFO     | DexSniper            |   Scams filtered: 0
2026-07-30 23:41:53 INFO     | DexSniper            |   Trades executed: 3
2026-07-30 23:41:53 INFO     | DexSniper            |   Total invested: 0.15000000000000002 BSC
2026-07-30 23:41:53 INFO     | DexSniper            | ==================================================
2026-07-30 23:41:53 INFO     | DexSniper            | ⏰ Sleeping 30s...
2026-07-30 23:42:24 INFO     | DexSniper            | ==================================================
2026-07-30 23:42:24 INFO     | DexSniper            |   📊 DEX SNIPER STATS
2026-07-30 23:42:24 INFO     | DexSniper            |   Runtime: 1:11:08.593929
2026-07-30 23:42:24 INFO     | DexSniper            |   Pairs detected: 15
2026-07-30 23:42:24 INFO     | DexSniper            |   Scams filtered: 0
2026-07-30 23:42:24 INFO     | DexSniper            |   Trades executed: 3
2026-07-30 23:42:24 INFO     | DexSniper            |   Total invested: 0.15000000000000002 BSC
2026-07-30 23:42:24 INFO     | DexSniper            | ==================================================
2026-07-30 23:42:24 INFO     | DexSniper            | ⏰ Sleeping 30s...
2026-07-30 23:43:13 ERROR    | DexSniper            | Error fetching events: ('Connection aborted.', RemoteDisconnected('Remote end closed connection without response'))
2026-07-30 23:43:13 INFO     | DexSniper            | ==================================================
2026-07-30 23:43:13 INFO     | DexSniper            |   📊 DEX SNIPER STATS
2026-07-30 23:43:13 INFO     | DexSniper            |   Runtime: 1:11:57.849284
2026-07-30 23:43:13 INFO     | DexSniper            |   Pairs detected: 15
2026-07-30 23:43:13 INFO     | DexSniper            |   Scams filtered: 0
2026-07-30 23:43:13 INFO     | DexSniper            |   Trades executed: 3
2026-07-30 23:43:13 INFO     | DexSniper            |   Total invested: 0.15000000000000002 BSC
2026-07-30 23:43:13 INFO     | DexSniper            | ==================================================
2026-07-30 23:43:13 INFO     | DexSniper            | ⏰ Sleeping 30s...
2026-07-30 23:43:44 INFO     | DexSniper            | 🆕 New pair detected! Token: 0xF5503215... Pair: 0x57aC144e...
2026-07-30 23:44:34 WARNING  | DexSniper            |   → Cannot read token info. Skipping.
2026-07-30 23:44:34 INFO     | DexSniper            | ==================================================
2026-07-30 23:44:34 INFO     | DexSniper            |   📊 DEX SNIPER STATS
2026-07-30 23:44:34 INFO     | DexSniper            |   Runtime: 1:13:19.260981
2026-07-30 23:44:34 INFO     | DexSniper            |   Pairs detected: 16
2026-07-30 23:44:34 INFO     | DexSniper            |   Scams filtered: 0
2026-07-30 23:44:34 INFO     | DexSniper            |   Trades executed: 3
2026-07-30 23:44:34 INFO     | DexSniper            |   Total invested: 0.15000000000000002 BSC
2026-07-30 23:44:34 INFO     | DexSniper            | ==================================================
2026-07-30 23:44:34 INFO     | DexSniper            | ⏰ Sleeping 30s...
2026-07-30 23:45:05 INFO     | DexSniper            | 🆕 New pair detected! Token: 0xeeD278fC... Pair: 0xC5315903...
2026-07-30 23:45:56 WARNING  | DexSniper            |   → Cannot read token info. Skipping.
2026-07-30 23:45:56 INFO     | DexSniper            | ==================================================
2026-07-30 23:45:56 INFO     | DexSniper            |   📊 DEX SNIPER STATS
2026-07-30 23:45:56 INFO     | DexSniper            |   Runtime: 1:14:40.640314
2026-07-30 23:45:56 INFO     | DexSniper            |   Pairs detected: 17
2026-07-30 23:45:56 INFO     | DexSniper            |   Scams filtered: 0
2026-07-30 23:45:56 INFO     | DexSniper            |   Trades executed: 3
2026-07-30 23:45:56 INFO     | DexSniper            |   Total invested: 0.15000000000000002 BSC
2026-07-30 23:45:56 INFO     | DexSniper            | ==================================================
2026-07-30 23:45:56 INFO     | DexSniper            | ⏰ Sleeping 30s...
2026-07-30 23:46:26 INFO     | DexSniper            | ==================================================
2026-07-30 23:46:26 INFO     | DexSniper            |   📊 DEX SNIPER STATS
2026-07-30 23:46:26 INFO     | DexSniper            |   Runtime: 1:15:11.444321
2026-07-30 23:46:26 INFO     | DexSniper            |   Pairs detected: 17
2026-07-30 23:46:26 INFO     | DexSniper            |   Scams filtered: 0
2026-07-30 23:46:26 INFO     | DexSniper            |   Trades executed: 3
2026-07-30 23:46:26 INFO     | DexSniper            |   Total invested: 0.15000000000000002 BSC
2026-07-30 23:46:26 INFO     | DexSniper            | ==================================================
2026-07-30 23:46:26 INFO     | DexSniper            | ⏰ Sleeping 30s...
2026-07-30 23:46:57 INFO     | DexSniper            | ==================================================
2026-07-30 23:46:57 INFO     | DexSniper            |   📊 DEX SNIPER STATS
2026-07-30 23:46:57 INFO     | DexSniper            |   Runtime: 1:15:41.649192
2026-07-30 23:46:57 INFO     | DexSniper            |   Pairs detected: 17
2026-07-30 23:46:57 INFO     | DexSniper            |   Scams filtered: 0
2026-07-30 23:46:57 INFO     | DexSniper            |   Trades executed: 3
2026-07-30 23:46:57 INFO     | DexSniper            |   Total invested: 0.15000000000000002 BSC
2026-07-30 23:46:57 INFO     | DexSniper            | ==================================================
2026-07-30 23:46:57 INFO     | DexSniper            | ⏰ Sleeping 30s...
2026-07-30 23:47:46 ERROR    | DexSniper            | Error fetching events: ('Connection aborted.', RemoteDisconnected('Remote end closed connection without response'))
2026-07-30 23:47:46 INFO     | DexSniper            | ==================================================
2026-07-30 23:47:46 INFO     | DexSniper            |   📊 DEX SNIPER STATS
2026-07-30 23:47:46 INFO     | DexSniper            |   Runtime: 1:16:30.899198
2026-07-30 23:47:46 INFO     | DexSniper            |   Pairs detected: 17
2026-07-30 23:47:46 INFO     | DexSniper            |   Scams filtered: 0
2026-07-30 23:47:46 INFO     | DexSniper            |   Trades executed: 3
2026-07-30 23:47:46 INFO     | DexSniper            |   Total invested: 0.15000000000000002 BSC
2026-07-30 23:47:46 INFO     | DexSniper            | ==================================================
2026-07-30 23:47:46 INFO     | DexSniper            | ⏰ Sleeping 30s...
2026-07-30 23:48:17 INFO     | DexSniper            | 🆕 New pair detected! Token: 0x2Ca2B94D... Pair: 0xbED4C8Ef...
2026-07-30 23:49:07 WARNING  | DexSniper            |   → Cannot read token info. Skipping.
2026-07-30 23:49:07 INFO     | DexSniper            | ==================================================
2026-07-30 23:49:07 INFO     | DexSniper            |   📊 DEX SNIPER STATS
2026-07-30 23:49:07 INFO     | DexSniper            |   Runtime: 1:17:52.236909
2026-07-30 23:49:07 INFO     | DexSniper            |   Pairs detected: 18
2026-07-30 23:49:07 INFO     | DexSniper            |   Scams filtered: 0
2026-07-30 23:49:07 INFO     | DexSniper            |   Trades executed: 3
2026-07-30 23:49:07 INFO     | DexSniper            |   Total invested: 0.15000000000000002 BSC
2026-07-30 23:49:07 INFO     | DexSniper            | ==================================================
2026-07-30 23:49:07 INFO     | DexSniper            | ⏰ Sleeping 30s...
2026-07-30 23:49:38 INFO     | DexSniper            | ==================================================
2026-07-30 23:49:38 INFO     | DexSniper            |   📊 DEX SNIPER STATS
2026-07-30 23:49:38 INFO     | DexSniper            |   Runtime: 1:18:23.046659
2026-07-30 23:49:38 INFO     | DexSniper            |   Pairs detected: 18
2026-07-30 23:49:38 INFO     | DexSniper            |   Scams filtered: 0
2026-07-30 23:49:38 INFO     | DexSniper            |   Trades executed: 3
2026-07-30 23:49:38 INFO     | DexSniper            |   Total invested: 0.15000000000000002 BSC
2026-07-30 23:49:38 INFO     | DexSniper            | ==================================================
2026-07-30 23:49:38 INFO     | DexSniper            | ⏰ Sleeping 30s...
2026-07-30 23:50:38 ERROR    | DexSniper            | Error fetching events: HTTPSConnectionPool(host='bsc-dataseed.binance.org', port=443): Read timed out.
2026-07-30 23:50:38 INFO     | DexSniper            | ==================================================
2026-07-30 23:50:38 INFO     | DexSniper            |   📊 DEX SNIPER STATS
2026-07-30 23:50:38 INFO     | DexSniper            |   Runtime: 1:19:23.256639
2026-07-30 23:50:38 INFO     | DexSniper            |   Pairs detected: 18
2026-07-30 23:50:38 INFO     | DexSniper            |   Scams filtered: 0
2026-07-30 23:50:38 INFO     | DexSniper            |   Trades executed: 3
2026-07-30 23:50:38 INFO     | DexSniper            |   Total invested: 0.15000000000000002 BSC
2026-07-30 23:50:38 INFO     | DexSniper            | ==================================================
2026-07-30 23:50:38 INFO     | DexSniper            | ⏰ Sleeping 30s...
2026-07-30 23:51:09 INFO     | DexSniper            | ==================================================
2026-07-30 23:51:09 INFO     | DexSniper            |   📊 DEX SNIPER STATS
2026-07-30 23:51:09 INFO     | DexSniper            |   Runtime: 1:19:54.040343
2026-07-30 23:51:09 INFO     | DexSniper            |   Pairs detected: 18
2026-07-30 23:51:09 INFO     | DexSniper            |   Scams filtered: 0
2026-07-30 23:51:09 INFO     | DexSniper            |   Trades executed: 3
2026-07-30 23:51:09 INFO     | DexSniper            |   Total invested: 0.15000000000000002 BSC
2026-07-30 23:51:09 INFO     | DexSniper            | ==================================================
2026-07-30 23:51:09 INFO     | DexSniper            | ⏰ Sleeping 30s...
2026-07-30 23:51:39 INFO     | DexSniper            | ==================================================
2026-07-30 23:51:39 INFO     | DexSniper            |   📊 DEX SNIPER STATS
2026-07-30 23:51:39 INFO     | DexSniper            |   Runtime: 1:20:24.266353
2026-07-30 23:51:39 INFO     | DexSniper            |   Pairs detected: 18
2026-07-30 23:51:39 INFO     | DexSniper            |   Scams filtered: 0
2026-07-30 23:51:39 INFO     | DexSniper            |   Trades executed: 3
2026-07-30 23:51:39 INFO     | DexSniper            |   Total invested: 0.15000000000000002 BSC
2026-07-30 23:51:39 INFO     | DexSniper            | ==================================================
2026-07-30 23:51:39 INFO     | DexSniper            | ⏰ Sleeping 30s...
2026-07-30 23:52:29 ERROR    | DexSniper            | Error fetching events: ('Connection aborted.', RemoteDisconnected('Remote end closed connection without response'))
2026-07-30 23:52:29 INFO     | DexSniper            | ==================================================
2026-07-30 23:52:29 INFO     | DexSniper            |   📊 DEX SNIPER STATS
2026-07-30 23:52:29 INFO     | DexSniper            |   Runtime: 1:21:13.546481
2026-07-30 23:52:29 INFO     | DexSniper            |   Pairs detected: 18
2026-07-30 23:52:29 INFO     | DexSniper            |   Scams filtered: 0
2026-07-30 23:52:29 INFO     | DexSniper            |   Trades executed: 3
2026-07-30 23:52:29 INFO     | DexSniper            |   Total invested: 0.15000000000000002 BSC
2026-07-30 23:52:29 INFO     | DexSniper            | ==================================================
2026-07-30 23:52:29 INFO     | DexSniper            | ⏰ Sleeping 30s...
2026-07-30 23:52:59 INFO     | DexSniper            | ==================================================
2026-07-30 23:52:59 INFO     | DexSniper            |   📊 DEX SNIPER STATS
2026-07-30 23:52:59 INFO     | DexSniper            |   Runtime: 1:21:44.404633
2026-07-30 23:52:59 INFO     | DexSniper            |   Pairs detected: 18
2026-07-30 23:52:59 INFO     | DexSniper            |   Scams filtered: 0
2026-07-30 23:52:59 INFO     | DexSniper            |   Trades executed: 3
2026-07-30 23:52:59 INFO     | DexSniper            |   Total invested: 0.15000000000000002 BSC
2026-07-30 23:52:59 INFO     | DexSniper            | ==================================================
2026-07-30 23:52:59 INFO     | DexSniper            | ⏰ Sleeping 30s...
2026-07-30 23:54:00 ERROR    | DexSniper            | Error fetching events: HTTPSConnectionPool(host='bsc-dataseed.binance.org', port=443): Read timed out.
2026-07-30 23:54:00 INFO     | DexSniper            | ==================================================
2026-07-30 23:54:00 INFO     | DexSniper            |   📊 DEX SNIPER STATS
2026-07-30 23:54:00 INFO     | DexSniper            |   Runtime: 1:22:44.655286
2026-07-30 23:54:00 INFO     | DexSniper            |   Pairs detected: 18
2026-07-30 23:54:00 INFO     | DexSniper            |   Scams filtered: 0
2026-07-30 23:54:00 INFO     | DexSniper            |   Trades executed: 3
2026-07-30 23:54:00 INFO     | DexSniper            |   Total invested: 0.15000000000000002 BSC
2026-07-30 23:54:00 INFO     | DexSniper            | ==================================================
2026-07-30 23:54:00 INFO     | DexSniper            | ⏰ Sleeping 30s...
2026-07-30 23:54:30 INFO     | DexSniper            | 🆕 New pair detected! Token: 0xD658Ad1e... Pair: 0x233D375d...
2026-07-30 23:55:21 WARNING  | DexSniper            |   → Cannot read token info. Skipping.
2026-07-30 23:55:21 INFO     | DexSniper            | ==================================================
2026-07-30 23:55:21 INFO     | DexSniper            |   📊 DEX SNIPER STATS
2026-07-30 23:55:21 INFO     | DexSniper            |   Runtime: 1:24:06.027461
2026-07-30 23:55:21 INFO     | DexSniper            |   Pairs detected: 19
2026-07-30 23:55:21 INFO     | DexSniper            |   Scams filtered: 0
2026-07-30 23:55:21 INFO     | DexSniper            |   Trades executed: 3
2026-07-30 23:55:21 INFO     | DexSniper            |   Total invested: 0.15000000000000002 BSC
2026-07-30 23:55:21 INFO     | DexSniper            | ==================================================
2026-07-30 23:55:21 INFO     | DexSniper            | ⏰ Sleeping 30s...
2026-07-30 23:55:52 INFO     | DexSniper            | ==================================================
2026-07-30 23:55:52 INFO     | DexSniper            |   📊 DEX SNIPER STATS
2026-07-30 23:55:52 INFO     | DexSniper            |   Runtime: 1:24:36.829452
2026-07-30 23:55:52 INFO     | DexSniper            |   Pairs detected: 19
2026-07-30 23:55:52 INFO     | DexSniper            |   Scams filtered: 0
2026-07-30 23:55:52 INFO     | DexSniper            |   Trades executed: 3
2026-07-30 23:55:52 INFO     | DexSniper            |   Total invested: 0.15000000000000002 BSC
2026-07-30 23:55:52 INFO     | DexSniper            | ==================================================
2026-07-30 23:55:52 INFO     | DexSniper            | ⏰ Sleeping 30s...
2026-07-30 23:56:22 INFO     | DexSniper            | ==================================================
2026-07-30 23:56:22 INFO     | DexSniper            |   📊 DEX SNIPER STATS
2026-07-30 23:56:22 INFO     | DexSniper            |   Runtime: 1:25:07.054761
2026-07-30 23:56:22 INFO     | DexSniper            |   Pairs detected: 19
2026-07-30 23:56:22 INFO     | DexSniper            |   Scams filtered: 0
2026-07-30 23:56:22 INFO     | DexSniper            |   Trades executed: 3
2026-07-30 23:56:22 INFO     | DexSniper            |   Total invested: 0.15000000000000002 BSC
2026-07-30 23:56:22 INFO     | DexSniper            | ==================================================
2026-07-30 23:56:22 INFO     | DexSniper            | ⏰ Sleeping 30s...
2026-07-30 23:57:11 ERROR    | DexSniper            | Error fetching events: ('Connection aborted.', RemoteDisconnected('Remote end closed connection without response'))
2026-07-30 23:57:11 INFO     | DexSniper            | ==================================================
2026-07-30 23:57:11 INFO     | DexSniper            |   📊 DEX SNIPER STATS
2026-07-30 23:57:11 INFO     | DexSniper            |   Runtime: 1:25:56.306333
2026-07-30 23:57:11 INFO     | DexSniper            |   Pairs detected: 19
2026-07-30 23:57:11 INFO     | DexSniper            |   Scams filtered: 0
2026-07-30 23:57:11 INFO     | DexSniper            |   Trades executed: 3
2026-07-30 23:57:11 INFO     | DexSniper            |   Total invested: 0.15000000000000002 BSC
2026-07-30 23:57:11 INFO     | DexSniper            | ==================================================
2026-07-30 23:57:11 INFO     | DexSniper            | ⏰ Sleeping 30s...
2026-07-30 23:57:42 INFO     | DexSniper            | 🆕 New pair detected! Token: 0xAEA504f6... Pair: 0xa9cea94a...
2026-07-30 23:58:33 WARNING  | DexSniper            |   → Cannot read token info. Skipping.
2026-07-30 23:58:33 INFO     | DexSniper            | ==================================================
2026-07-30 23:58:33 INFO     | DexSniper            |   📊 DEX SNIPER STATS
2026-07-30 23:58:33 INFO     | DexSniper            |   Runtime: 1:27:17.702311
2026-07-30 23:58:33 INFO     | DexSniper            |   Pairs detected: 20
2026-07-30 23:58:33 INFO     | DexSniper            |   Scams filtered: 0
2026-07-30 23:58:33 INFO     | DexSniper            |   Trades executed: 3
2026-07-30 23:58:33 INFO     | DexSniper            |   Total invested: 0.15000000000000002 BSC
2026-07-30 23:58:33 INFO     | DexSniper            | ==================================================
2026-07-30 23:58:33 INFO     | DexSniper            | ⏰ Sleeping 30s...
2026-07-30 23:59:04 INFO     | DexSniper            | ==================================================
2026-07-30 23:59:04 INFO     | DexSniper            |   📊 DEX SNIPER STATS
2026-07-30 23:59:04 INFO     | DexSniper            |   Runtime: 1:27:48.502462
2026-07-30 23:59:04 INFO     | DexSniper            |   Pairs detected: 20
2026-07-30 23:59:04 INFO     | DexSniper            |   Scams filtered: 0
2026-07-30 23:59:04 INFO     | DexSniper            |   Trades executed: 3
2026-07-30 23:59:04 INFO     | DexSniper            |   Total invested: 0.15000000000000002 BSC
2026-07-30 23:59:04 INFO     | DexSniper            | ==================================================
2026-07-30 23:59:04 INFO     | DexSniper            | ⏰ Sleeping 30s...
2026-07-30 23:59:35 INFO     | DexSniper            | ==================================================
2026-07-30 23:59:35 INFO     | DexSniper            |   📊 DEX SNIPER STATS
2026-07-30 23:59:35 INFO     | DexSniper            |   Runtime: 1:28:20.116129
2026-07-30 23:59:35 INFO     | DexSniper            |   Pairs detected: 20
2026-07-30 23:59:35 INFO     | DexSniper            |   Scams filtered: 0
2026-07-30 23:59:35 INFO     | DexSniper            |   Trades executed: 3
2026-07-30 23:59:35 INFO     | DexSniper            |   Total invested: 0.15000000000000002 BSC
2026-07-30 23:59:35 INFO     | DexSniper            | ==================================================
2026-07-30 23:59:35 INFO     | DexSniper            | ⏰ Sleeping 30s...
2026-07-31 00:00:24 ERROR    | DexSniper            | Error fetching events: ('Connection aborted.', RemoteDisconnected('Remote end closed connection without response'))
2026-07-31 00:00:24 INFO     | DexSniper            | ==================================================
2026-07-31 00:00:24 INFO     | DexSniper            |   📊 DEX SNIPER STATS
2026-07-31 00:00:24 INFO     | DexSniper            |   Runtime: 1:29:09.371707
2026-07-31 00:00:24 INFO     | DexSniper            |   Pairs detected: 20
2026-07-31 00:00:24 INFO     | DexSniper            |   Scams filtered: 0
2026-07-31 00:00:24 INFO     | DexSniper            |   Trades executed: 3
2026-07-31 00:00:24 INFO     | DexSniper            |   Total invested: 0.15000000000000002 BSC
2026-07-31 00:00:24 INFO     | DexSniper            | ==================================================
2026-07-31 00:00:24 INFO     | DexSniper            | ⏰ Sleeping 30s...
2026-07-31 00:00:55 INFO     | DexSniper            | 🆕 New pair detected! Token: 0xad700e8F... Pair: 0x2e94ab28...
2026-07-31 00:01:46 WARNING  | DexSniper            |   → Cannot read token info. Skipping.
2026-07-31 00:01:46 INFO     | DexSniper            | ==================================================
2026-07-31 00:01:46 INFO     | DexSniper            |   📊 DEX SNIPER STATS
2026-07-31 00:01:46 INFO     | DexSniper            |   Runtime: 1:30:30.663645
2026-07-31 00:01:46 INFO     | DexSniper            |   Pairs detected: 21
2026-07-31 00:01:46 INFO     | DexSniper            |   Scams filtered: 0
2026-07-31 00:01:46 INFO     | DexSniper            |   Trades executed: 3
2026-07-31 00:01:46 INFO     | DexSniper            |   Total invested: 0.15000000000000002 BSC
2026-07-31 00:01:46 INFO     | DexSniper            | ==================================================
2026-07-31 00:01:46 INFO     | DexSniper            | ⏰ Sleeping 30s...
2026-07-31 00:02:16 INFO     | DexSniper            | ==================================================
2026-07-31 00:02:16 INFO     | DexSniper            |   📊 DEX SNIPER STATS
2026-07-31 00:02:16 INFO     | DexSniper            |   Runtime: 1:31:01.490946
2026-07-31 00:02:16 INFO     | DexSniper            |   Pairs detected: 21
2026-07-31 00:02:16 INFO     | DexSniper            |   Scams filtered: 0
2026-07-31 00:02:16 INFO     | DexSniper            |   Trades executed: 3
2026-07-31 00:02:16 INFO     | DexSniper            |   Total invested: 0.15000000000000002 BSC
2026-07-31 00:02:16 INFO     | DexSniper            | ==================================================
2026-07-31 00:02:16 INFO     | DexSniper            | ⏰ Sleeping 30s...
2026-07-31 00:02:47 INFO     | DexSniper            | ==================================================
2026-07-31 00:02:47 INFO     | DexSniper            |   📊 DEX SNIPER STATS
2026-07-31 00:02:47 INFO     | DexSniper            |   Runtime: 1:31:31.705687
2026-07-31 00:02:47 INFO     | DexSniper            |   Pairs detected: 21
2026-07-31 00:02:47 INFO     | DexSniper            |   Scams filtered: 0
2026-07-31 00:02:47 INFO     | DexSniper            |   Trades executed: 3
2026-07-31 00:02:47 INFO     | DexSniper            |   Total invested: 0.15000000000000002 BSC
2026-07-31 00:02:47 INFO     | DexSniper            | ==================================================
2026-07-31 00:02:47 INFO     | DexSniper            | ⏰ Sleeping 30s...
2026-07-31 00:03:36 ERROR    | DexSniper            | Error fetching events: ('Connection aborted.', RemoteDisconnected('Remote end closed connection without response'))
2026-07-31 00:03:36 INFO     | DexSniper            | ==================================================
2026-07-31 00:03:36 INFO     | DexSniper            |   📊 DEX SNIPER STATS
2026-07-31 00:03:36 INFO     | DexSniper            |   Runtime: 1:32:20.949775
2026-07-31 00:03:36 INFO     | DexSniper            |   Pairs detected: 21
2026-07-31 00:03:36 INFO     | DexSniper            |   Scams filtered: 0
2026-07-31 00:03:36 INFO     | DexSniper            |   Trades executed: 3
2026-07-31 00:03:36 INFO     | DexSniper            |   Total invested: 0.15000000000000002 BSC
2026-07-31 00:03:36 INFO     | DexSniper            | ==================================================
2026-07-31 00:03:36 INFO     | DexSniper            | ⏰ Sleeping 30s...
2026-07-31 00:04:07 INFO     | DexSniper            | ==================================================
2026-07-31 00:04:07 INFO     | DexSniper            |   📊 DEX SNIPER STATS
2026-07-31 00:04:07 INFO     | DexSniper            |   Runtime: 1:32:51.724743
2026-07-31 00:04:07 INFO     | DexSniper            |   Pairs detected: 21
2026-07-31 00:04:07 INFO     | DexSniper            |   Scams filtered: 0
2026-07-31 00:04:07 INFO     | DexSniper            |   Trades executed: 3
2026-07-31 00:04:07 INFO     | DexSniper            |   Total invested: 0.15000000000000002 BSC
2026-07-31 00:04:07 INFO     | DexSniper            | ==================================================
2026-07-31 00:04:07 INFO     | DexSniper            | ⏰ Sleeping 30s...
2026-07-31 00:04:37 INFO     | DexSniper            | ==================================================
2026-07-31 00:04:37 INFO     | DexSniper            |   📊 DEX SNIPER STATS
2026-07-31 00:04:37 INFO     | DexSniper            |   Runtime: 1:33:21.929689
2026-07-31 00:04:37 INFO     | DexSniper            |   Pairs detected: 21
2026-07-31 00:04:37 INFO     | DexSniper            |   Scams filtered: 0
2026-07-31 00:04:37 INFO     | DexSniper            |   Trades executed: 3
2026-07-31 00:04:37 INFO     | DexSniper            |   Total invested: 0.15000000000000002 BSC
2026-07-31 00:04:37 INFO     | DexSniper            | ==================================================
2026-07-31 00:04:37 INFO     | DexSniper            | ⏰ Sleeping 30s...
2026-07-31 00:05:26 ERROR    | DexSniper            | Error fetching events: ('Connection aborted.', RemoteDisconnected('Remote end closed connection without response'))
2026-07-31 00:05:26 INFO     | DexSniper            | ==================================================
2026-07-31 00:05:26 INFO     | DexSniper            |   📊 DEX SNIPER STATS
2026-07-31 00:05:26 INFO     | DexSniper            |   Runtime: 1:34:11.157769
2026-07-31 00:05:26 INFO     | DexSniper            |   Pairs detected: 21
2026-07-31 00:05:26 INFO     | DexSniper            |   Scams filtered: 0
2026-07-31 00:05:26 INFO     | DexSniper            |   Trades executed: 3
2026-07-31 00:05:26 INFO     | DexSniper            |   Total invested: 0.15000000000000002 BSC
2026-07-31 00:05:26 INFO     | DexSniper            | ==================================================
2026-07-31 00:05:26 INFO     | DexSniper            | ⏰ Sleeping 30s...
2026-07-31 00:05:57 INFO     | DexSniper            | 🆕 New pair detected! Token: 0x0E09FaBB... Pair: 0x778ACC64...
2026-07-31 00:06:48 WARNING  | DexSniper            |   → Cannot read token info. Skipping.
2026-07-31 00:06:48 INFO     | DexSniper            | 🆕 New pair detected! Token: 0xb0D1D396... Pair: 0x2903b64C...
2026-07-31 00:07:08 WARNING  | DexSniper            |   → Cannot read token info. Skipping.
2026-07-31 00:07:08 INFO     | DexSniper            | ==================================================
2026-07-31 00:07:08 INFO     | DexSniper            |   📊 DEX SNIPER STATS
2026-07-31 00:07:08 INFO     | DexSniper            |   Runtime: 1:35:52.833138
2026-07-31 00:07:08 INFO     | DexSniper            |   Pairs detected: 23
2026-07-31 00:07:08 INFO     | DexSniper            |   Scams filtered: 0
2026-07-31 00:07:08 INFO     | DexSniper            |   Trades executed: 3
2026-07-31 00:07:08 INFO     | DexSniper            |   Total invested: 0.15000000000000002 BSC
2026-07-31 00:07:08 INFO     | DexSniper            | ==================================================
2026-07-31 00:07:08 INFO     | DexSniper            | ⏰ Sleeping 30s...
2026-07-31 00:07:39 INFO     | DexSniper            | 🆕 New pair detected! Token: 0xea3E7b0E... Pair: 0xC4B0b336...
2026-07-31 00:08:29 WARNING  | DexSniper            |   → Cannot read token info. Skipping.
2026-07-31 00:08:29 INFO     | DexSniper            | ==================================================
2026-07-31 00:08:29 INFO     | DexSniper            |   📊 DEX SNIPER STATS
2026-07-31 00:08:29 INFO     | DexSniper            |   Runtime: 1:37:14.127920
2026-07-31 00:08:29 INFO     | DexSniper            |   Pairs detected: 24
2026-07-31 00:08:29 INFO     | DexSniper            |   Scams filtered: 0
2026-07-31 00:08:29 INFO     | DexSniper            |   Trades executed: 3
2026-07-31 00:08:29 INFO     | DexSniper            |   Total invested: 0.15000000000000002 BSC
2026-07-31 00:08:29 INFO     | DexSniper            | ==================================================
2026-07-31 00:08:29 INFO     | DexSniper            | ⏰ Sleeping 30s...
2026-07-31 00:09:00 INFO     | DexSniper            | ==================================================
2026-07-31 00:09:00 INFO     | DexSniper            |   📊 DEX SNIPER STATS
2026-07-31 00:09:00 INFO     | DexSniper            |   Runtime: 1:37:44.900499
2026-07-31 00:09:00 INFO     | DexSniper            |   Pairs detected: 24
2026-07-31 00:09:00 INFO     | DexSniper            |   Scams filtered: 0
2026-07-31 00:09:00 INFO     | DexSniper            |   Trades executed: 3
2026-07-31 00:09:00 INFO     | DexSniper            |   Total invested: 0.15000000000000002 BSC
2026-07-31 00:09:00 INFO     | DexSniper            | ==================================================
2026-07-31 00:09:00 INFO     | DexSniper            | ⏰ Sleeping 30s...
2026-07-31 00:09:30 INFO     | DexSniper            | ==================================================
2026-07-31 00:09:30 INFO     | DexSniper            |   📊 DEX SNIPER STATS
2026-07-31 00:09:30 INFO     | DexSniper            |   Runtime: 1:38:15.099604
2026-07-31 00:09:30 INFO     | DexSniper            |   Pairs detected: 24
2026-07-31 00:09:30 INFO     | DexSniper            |   Scams filtered: 0
2026-07-31 00:09:30 INFO     | DexSniper            |   Trades executed: 3
2026-07-31 00:09:30 INFO     | DexSniper            |   Total invested: 0.15000000000000002 BSC
2026-07-31 00:09:30 INFO     | DexSniper            | ==================================================
2026-07-31 00:09:30 INFO     | DexSniper            | ⏰ Sleeping 30s...
2026-07-31 00:10:19 ERROR    | DexSniper            | Error fetching events: ('Connection aborted.', RemoteDisconnected('Remote end closed connection without response'))
2026-07-31 00:10:19 INFO     | DexSniper            | ==================================================
2026-07-31 00:10:19 INFO     | DexSniper            |   📊 DEX SNIPER STATS
2026-07-31 00:10:19 INFO     | DexSniper            |   Runtime: 1:39:04.339951
2026-07-31 00:10:19 INFO     | DexSniper            |   Pairs detected: 24
2026-07-31 00:10:19 INFO     | DexSniper            |   Scams filtered: 0
2026-07-31 00:10:19 INFO     | DexSniper            |   Trades executed: 3
2026-07-31 00:10:19 INFO     | DexSniper            |   Total invested: 0.15000000000000002 BSC
2026-07-31 00:10:19 INFO     | DexSniper            | ==================================================
2026-07-31 00:10:19 INFO     | DexSniper            | ⏰ Sleeping 30s...
2026-07-31 00:10:50 INFO     | DexSniper            | 🆕 New pair detected! Token: 0xB148928A... Pair: 0x86c616E8...
2026-07-31 00:11:41 WARNING  | DexSniper            |   → Cannot read token info. Skipping.
2026-07-31 00:11:41 INFO     | DexSniper            | ==================================================
2026-07-31 00:11:41 INFO     | DexSniper            |   📊 DEX SNIPER STATS
2026-07-31 00:11:41 INFO     | DexSniper            |   Runtime: 1:40:25.689277
2026-07-31 00:11:41 INFO     | DexSniper            |   Pairs detected: 25
2026-07-31 00:11:41 INFO     | DexSniper            |   Scams filtered: 0
2026-07-31 00:11:41 INFO     | DexSniper            |   Trades executed: 3
2026-07-31 00:11:41 INFO     | DexSniper            |   Total invested: 0.15000000000000002 BSC
2026-07-31 00:11:41 INFO     | DexSniper            | ==================================================
2026-07-31 00:11:41 INFO     | DexSniper            | ⏰ Sleeping 30s...
2026-07-31 00:12:12 INFO     | DexSniper            | ==================================================
2026-07-31 00:12:12 INFO     | DexSniper            |   📊 DEX SNIPER STATS
2026-07-31 00:12:12 INFO     | DexSniper            |   Runtime: 1:40:56.521339
2026-07-31 00:12:12 INFO     | DexSniper            |   Pairs detected: 25
2026-07-31 00:12:12 INFO     | DexSniper            |   Scams filtered: 0
2026-07-31 00:12:12 INFO     | DexSniper            |   Trades executed: 3
2026-07-31 00:12:12 INFO     | DexSniper            |   Total invested: 0.15000000000000002 BSC
2026-07-31 00:12:12 INFO     | DexSniper            | ==================================================
2026-07-31 00:12:12 INFO     | DexSniper            | ⏰ Sleeping 30s...
2026-07-31 00:12:42 INFO     | DexSniper            | ==================================================
2026-07-31 00:12:42 INFO     | DexSniper            |   📊 DEX SNIPER STATS
2026-07-31 00:12:42 INFO     | DexSniper            |   Runtime: 1:41:26.741113
2026-07-31 00:12:42 INFO     | DexSniper            |   Pairs detected: 25
2026-07-31 00:12:42 INFO     | DexSniper            |   Scams filtered: 0
2026-07-31 00:12:42 INFO     | DexSniper            |   Trades executed: 3
2026-07-31 00:12:42 INFO     | DexSniper            |   Total invested: 0.15000000000000002 BSC
2026-07-31 00:12:42 INFO     | DexSniper            | ==================================================
2026-07-31 00:12:42 INFO     | DexSniper            | ⏰ Sleeping 30s...
2026-07-31 00:13:31 ERROR    | DexSniper            | Error fetching events: ('Connection aborted.', RemoteDisconnected('Remote end closed connection without response'))
2026-07-31 00:13:31 INFO     | DexSniper            | ==================================================
2026-07-31 00:13:31 INFO     | DexSniper            |   📊 DEX SNIPER STATS
2026-07-31 00:13:31 INFO     | DexSniper            |   Runtime: 1:42:16.025508
2026-07-31 00:13:31 INFO     | DexSniper            |   Pairs detected: 25
2026-07-31 00:13:31 INFO     | DexSniper            |   Scams filtered: 0
2026-07-31 00:13:31 INFO     | DexSniper            |   Trades executed: 3
2026-07-31 00:13:31 INFO     | DexSniper            |   Total invested: 0.15000000000000002 BSC
2026-07-31 00:13:31 INFO     | DexSniper            | ==================================================
2026-07-31 00:13:31 INFO     | DexSniper            | ⏰ Sleeping 30s...
2026-07-31 00:14:02 INFO     | DexSniper            | ==================================================
2026-07-31 00:14:02 INFO     | DexSniper            |   📊 DEX SNIPER STATS
2026-07-31 00:14:02 INFO     | DexSniper            |   Runtime: 1:42:46.945380
2026-07-31 00:14:02 INFO     | DexSniper            |   Pairs detected: 25
2026-07-31 00:14:02 INFO     | DexSniper            |   Scams filtered: 0
2026-07-31 00:14:02 INFO     | DexSniper            |   Trades executed: 3
2026-07-31 00:14:02 INFO     | DexSniper            |   Total invested: 0.15000000000000002 BSC
2026-07-31 00:14:02 INFO     | DexSniper            | ==================================================
2026-07-31 00:14:02 INFO     | DexSniper            | ⏰ Sleeping 30s...
2026-07-31 00:14:32 INFO     | DexSniper            | ==================================================
2026-07-31 00:14:32 INFO     | DexSniper            |   📊 DEX SNIPER STATS
2026-07-31 00:14:32 INFO     | DexSniper            |   Runtime: 1:43:17.229661
2026-07-31 00:14:32 INFO     | DexSniper            |   Pairs detected: 25
2026-07-31 00:14:32 INFO     | DexSniper            |   Scams filtered: 0
2026-07-31 00:14:32 INFO     | DexSniper            |   Trades executed: 3
2026-07-31 00:14:32 INFO     | DexSniper            |   Total invested: 0.15000000000000002 BSC
2026-07-31 00:14:32 INFO     | DexSniper            | ==================================================
2026-07-31 00:14:32 INFO     | DexSniper            | ⏰ Sleeping 30s...
2026-07-31 00:15:03 INFO     | DexSniper            | ==================================================
2026-07-31 00:15:03 INFO     | DexSniper            |   📊 DEX SNIPER STATS
2026-07-31 00:15:03 INFO     | DexSniper            |   Runtime: 1:43:47.526490
2026-07-31 00:15:03 INFO     | DexSniper            |   Pairs detected: 25
2026-07-31 00:15:03 INFO     | DexSniper            |   Scams filtered: 0
2026-07-31 00:15:03 INFO     | DexSniper            |   Trades executed: 3
2026-07-31 00:15:03 INFO     | DexSniper            |   Total invested: 0.15000000000000002 BSC
2026-07-31 00:15:03 INFO     | DexSniper            | ==================================================
2026-07-31 00:15:03 INFO     | DexSniper            | ⏰ Sleeping 30s...
2026-07-31 00:15:33 INFO     | DexSniper            | ==================================================
2026-07-31 00:15:33 INFO     | DexSniper            |   📊 DEX SNIPER STATS
2026-07-31 00:15:33 INFO     | DexSniper            |   Runtime: 1:44:17.825456
2026-07-31 00:15:33 INFO     | DexSniper            |   Pairs detected: 25
2026-07-31 00:15:33 INFO     | DexSniper            |   Scams filtered: 0
2026-07-31 00:15:33 INFO     | DexSniper            |   Trades executed: 3
2026-07-31 00:15:33 INFO     | DexSniper            |   Total invested: 0.15000000000000002 BSC
2026-07-31 00:15:33 INFO     | DexSniper            | ==================================================
2026-07-31 00:15:33 INFO     | DexSniper            | ⏰ Sleeping 30s...
2026-07-31 00:16:03 INFO     | DexSniper            | 🆕 New pair detected! Token: 0x6521A1fb... Pair: 0x1f4d3b15...
2026-07-31 00:16:04 INFO     | DexSniper            |   → Paypal Tokenized bStocks (PYPLB)
2026-07-31 00:17:06 ERROR    | DexSniper            | Ollama request failed: HTTPConnectionPool(host='localhost', port=11434): Read timed out. (read timeout=60)
2026-07-31 00:17:06 INFO     | DexSniper            |   → ✅ Passed checks: Passed basic checks
2026-07-31 00:17:06 INFO     | DexSniper            | 🎯 SNIPE: Paypal Tokenized bStocks (PYPLB) — 0.05 BSC invested
2026-07-31 00:17:07 INFO     | DexSniper            | ==================================================
2026-07-31 00:17:07 INFO     | DexSniper            |   📊 DEX SNIPER STATS
2026-07-31 00:17:07 INFO     | DexSniper            |   Runtime: 1:45:52.255669
2026-07-31 00:17:07 INFO     | DexSniper            |   Pairs detected: 26
2026-07-31 00:17:07 INFO     | DexSniper            |   Scams filtered: 0
2026-07-31 00:17:07 INFO     | DexSniper            |   Trades executed: 4
2026-07-31 00:17:07 INFO     | DexSniper            |   Total invested: 0.2 BSC
2026-07-31 00:17:07 INFO     | DexSniper            | ==================================================
2026-07-31 00:17:07 INFO     | DexSniper            | ⏰ Sleeping 30s...
2026-07-31 00:17:38 INFO     | DexSniper            | 🆕 New pair detected! Token: 0x9A26FfCE... Pair: 0x7DEa2346...
2026-07-31 00:17:39 INFO     | DexSniper            |   → SUPERBonk (SUP)
2026-07-31 00:18:41 ERROR    | DexSniper            | Ollama request failed: HTTPConnectionPool(host='localhost', port=11434): Read timed out. (read timeout=60)
2026-07-31 00:18:41 INFO     | DexSniper            |   → ✅ Passed checks: Passed basic checks
2026-07-31 00:18:41 INFO     | DexSniper            | 🎯 SNIPE: SUPERBonk (SUP) — 0.05 BSC invested
2026-07-31 00:18:41 INFO     | DexSniper            | ==================================================
2026-07-31 00:18:41 INFO     | DexSniper            |   📊 DEX SNIPER STATS
2026-07-31 00:18:41 INFO     | DexSniper            |   Runtime: 1:47:26.055870
2026-07-31 00:18:41 INFO     | DexSniper            |   Pairs detected: 27
2026-07-31 00:18:41 INFO     | DexSniper            |   Scams filtered: 0
2026-07-31 00:18:41 INFO     | DexSniper            |   Trades executed: 5
2026-07-31 00:18:41 INFO     | DexSniper            |   Total invested: 0.25 BSC
2026-07-31 00:18:41 INFO     | DexSniper            | ==================================================
2026-07-31 00:18:41 INFO     | DexSniper            | ⏰ Sleeping 30s...
2026-07-31 00:19:12 INFO     | DexSniper            | ==================================================
2026-07-31 00:19:12 INFO     | DexSniper            |   📊 DEX SNIPER STATS
2026-07-31 00:19:12 INFO     | DexSniper            |   Runtime: 1:47:56.955663
2026-07-31 00:19:12 INFO     | DexSniper            |   Pairs detected: 27
2026-07-31 00:19:12 INFO     | DexSniper            |   Scams filtered: 0
2026-07-31 00:19:12 INFO     | DexSniper            |   Trades executed: 5
2026-07-31 00:19:12 INFO     | DexSniper            |   Total invested: 0.25 BSC
2026-07-31 00:19:12 INFO     | DexSniper            | ==================================================
2026-07-31 00:19:12 INFO     | DexSniper            | ⏰ Sleeping 30s...
2026-07-31 00:19:42 INFO     | DexSniper            | ==================================================
2026-07-31 00:19:42 INFO     | DexSniper            |   📊 DEX SNIPER STATS
2026-07-31 00:19:42 INFO     | DexSniper            |   Runtime: 1:48:27.231535
2026-07-31 00:19:42 INFO     | DexSniper            |   Pairs detected: 27
2026-07-31 00:19:42 INFO     | DexSniper            |   Scams filtered: 0
2026-07-31 00:19:42 INFO     | DexSniper            |   Trades executed: 5
2026-07-31 00:19:42 INFO     | DexSniper            |   Total invested: 0.25 BSC
2026-07-31 00:19:42 INFO     | DexSniper            | ==================================================
2026-07-31 00:19:42 INFO     | DexSniper            | ⏰ Sleeping 30s...
2026-07-31 00:20:13 INFO     | DexSniper            | ==================================================
2026-07-31 00:20:13 INFO     | DexSniper            |   📊 DEX SNIPER STATS
2026-07-31 00:20:13 INFO     | DexSniper            |   Runtime: 1:48:57.509536
2026-07-31 00:20:13 INFO     | DexSniper            |   Pairs detected: 27
2026-07-31 00:20:13 INFO     | DexSniper            |   Scams filtered: 0
2026-07-31 00:20:13 INFO     | DexSniper            |   Trades executed: 5
2026-07-31 00:20:13 INFO     | DexSniper            |   Total invested: 0.25 BSC
2026-07-31 00:20:13 INFO     | DexSniper            | ==================================================
2026-07-31 00:20:13 INFO     | DexSniper            | ⏰ Sleeping 30s...
2026-07-31 00:20:43 INFO     | DexSniper            | ==================================================
2026-07-31 00:20:43 INFO     | DexSniper            |   📊 DEX SNIPER STATS
2026-07-31 00:20:43 INFO     | DexSniper            |   Runtime: 1:49:27.781792
2026-07-31 00:20:43 INFO     | DexSniper            |   Pairs detected: 27
2026-07-31 00:20:43 INFO     | DexSniper            |   Scams filtered: 0
2026-07-31 00:20:43 INFO     | DexSniper            |   Trades executed: 5
2026-07-31 00:20:43 INFO     | DexSniper            |   Total invested: 0.25 BSC
2026-07-31 00:20:43 INFO     | DexSniper            | ==================================================
2026-07-31 00:20:43 INFO     | DexSniper            | ⏰ Sleeping 30s...
2026-07-31 00:21:13 INFO     | DexSniper            | ==================================================
2026-07-31 00:21:13 INFO     | DexSniper            |   📊 DEX SNIPER STATS
2026-07-31 00:21:13 INFO     | DexSniper            |   Runtime: 1:49:58.076522
2026-07-31 00:21:13 INFO     | DexSniper            |   Pairs detected: 27
2026-07-31 00:21:13 INFO     | DexSniper            |   Scams filtered: 0
2026-07-31 00:21:13 INFO     | DexSniper            |   Trades executed: 5
2026-07-31 00:21:13 INFO     | DexSniper            |   Total invested: 0.25 BSC
2026-07-31 00:21:13 INFO     | DexSniper            | ==================================================
2026-07-31 00:21:13 INFO     | DexSniper            | ⏰ Sleeping 30s...
2026-07-31 00:21:43 INFO     | DexSniper            | ==================================================
2026-07-31 00:21:43 INFO     | DexSniper            |   📊 DEX SNIPER STATS
2026-07-31 00:21:43 INFO     | DexSniper            |   Runtime: 1:50:28.356737
2026-07-31 00:21:43 INFO     | DexSniper            |   Pairs detected: 27
2026-07-31 00:21:43 INFO     | DexSniper            |   Scams filtered: 0
2026-07-31 00:21:43 INFO     | DexSniper            |   Trades executed: 5
2026-07-31 00:21:43 INFO     | DexSniper            |   Total invested: 0.25 BSC
2026-07-31 00:21:43 INFO     | DexSniper            | ==================================================
2026-07-31 00:21:43 INFO     | DexSniper            | ⏰ Sleeping 30s...
2026-07-31 00:22:14 INFO     | DexSniper            | 🆕 New pair detected! Token: 0xcdb19b92... Pair: 0x3F54647C...
2026-07-31 00:22:15 INFO     | DexSniper            |   → 🐯BetterSilly (🐯BETT)
2026-07-31 00:23:17 ERROR    | DexSniper            | Ollama request failed: HTTPConnectionPool(host='localhost', port=11434): Read timed out. (read timeout=60)
2026-07-31 00:23:17 INFO     | DexSniper            |   → ✅ Passed checks: Passed basic checks
2026-07-31 00:23:17 INFO     | DexSniper            | 🎯 SNIPE: 🐯BetterSilly (🐯BETT) — 0.05 BSC invested
2026-07-31 00:23:17 INFO     | DexSniper            | ==================================================
2026-07-31 00:23:17 INFO     | DexSniper            |   📊 DEX SNIPER STATS
2026-07-31 00:23:17 INFO     | DexSniper            |   Runtime: 1:52:01.609809
2026-07-31 00:23:17 INFO     | DexSniper            |   Pairs detected: 28
2026-07-31 00:23:17 INFO     | DexSniper            |   Scams filtered: 0
2026-07-31 00:23:17 INFO     | DexSniper            |   Trades executed: 6
2026-07-31 00:23:17 INFO     | DexSniper            |   Total invested: 0.3 BSC
2026-07-31 00:23:17 INFO     | DexSniper            | ==================================================
2026-07-31 00:23:17 INFO     | DexSniper            | ⏰ Sleeping 30s...
2026-07-31 00:23:50 INFO     | DexSniper            | ==================================================
2026-07-31 00:23:50 INFO     | DexSniper            |   📊 DEX SNIPER STATS
2026-07-31 00:23:50 INFO     | DexSniper            |   Runtime: 1:52:34.999233
2026-07-31 00:23:50 INFO     | DexSniper            |   Pairs detected: 28
2026-07-31 00:23:50 INFO     | DexSniper            |   Scams filtered: 0
2026-07-31 00:23:50 INFO     | DexSniper            |   Trades executed: 6
2026-07-31 00:23:50 INFO     | DexSniper            |   Total invested: 0.3 BSC
2026-07-31 00:23:50 INFO     | DexSniper            | ==================================================
2026-07-31 00:23:50 INFO     | DexSniper            | ⏰ Sleeping 30s...
2026-07-31 00:24:20 INFO     | DexSniper            | ==================================================
2026-07-31 00:24:20 INFO     | DexSniper            |   📊 DEX SNIPER STATS
2026-07-31 00:24:20 INFO     | DexSniper            |   Runtime: 1:53:05.291330
2026-07-31 00:24:20 INFO     | DexSniper            |   Pairs detected: 28
2026-07-31 00:24:20 INFO     | DexSniper            |   Scams filtered: 0
2026-07-31 00:24:20 INFO     | DexSniper            |   Trades executed: 6
2026-07-31 00:24:20 INFO     | DexSniper            |   Total invested: 0.3 BSC
2026-07-31 00:24:20 INFO     | DexSniper            | ==================================================
2026-07-31 00:24:20 INFO     | DexSniper            | ⏰ Sleeping 30s...
2026-07-31 00:24:51 INFO     | DexSniper            | ==================================================
2026-07-31 00:24:51 INFO     | DexSniper            |   📊 DEX SNIPER STATS
2026-07-31 00:24:51 INFO     | DexSniper            |   Runtime: 1:53:35.615449
2026-07-31 00:24:51 INFO     | DexSniper            |   Pairs detected: 28
2026-07-31 00:24:51 INFO     | DexSniper            |   Scams filtered: 0
2026-07-31 00:24:51 INFO     | DexSniper            |   Trades executed: 6
2026-07-31 00:24:51 INFO     | DexSniper            |   Total invested: 0.3 BSC
2026-07-31 00:24:51 INFO     | DexSniper            | ==================================================
2026-07-31 00:24:51 INFO     | DexSniper            | ⏰ Sleeping 30s...
2026-07-31 00:25:26 INFO     | DexSniper            | ==================================================
2026-07-31 00:25:26 INFO     | DexSniper            |   📊 DEX SNIPER STATS
2026-07-31 00:25:26 INFO     | DexSniper            |   Runtime: 1:54:11.404541
2026-07-31 00:25:26 INFO     | DexSniper            |   Pairs detected: 28
2026-07-31 00:25:26 INFO     | DexSniper            |   Scams filtered: 0
2026-07-31 00:25:26 INFO     | DexSniper            |   Trades executed: 6
2026-07-31 00:25:26 INFO     | DexSniper            |   Total invested: 0.3 BSC
2026-07-31 00:25:26 INFO     | DexSniper            | ==================================================
2026-07-31 00:25:26 INFO     | DexSniper            | ⏰ Sleeping 30s...
2026-07-31 00:25:57 INFO     | DexSniper            | ==================================================
2026-07-31 00:25:57 INFO     | DexSniper            |   📊 DEX SNIPER STATS
2026-07-31 00:25:57 INFO     | DexSniper            |   Runtime: 1:54:41.659548
2026-07-31 00:25:57 INFO     | DexSniper            |   Pairs detected: 28
2026-07-31 00:25:57 INFO     | DexSniper            |   Scams filtered: 0
2026-07-31 00:25:57 INFO     | DexSniper            |   Trades executed: 6
2026-07-31 00:25:57 INFO     | DexSniper            |   Total invested: 0.3 BSC
2026-07-31 00:25:57 INFO     | DexSniper            | ==================================================
2026-07-31 00:25:57 INFO     | DexSniper            | ⏰ Sleeping 30s...
2026-07-31 00:26:27 INFO     | DexSniper            | ==================================================
2026-07-31 00:26:27 INFO     | DexSniper            |   📊 DEX SNIPER STATS
2026-07-31 00:26:27 INFO     | DexSniper            |   Runtime: 1:55:11.918883
2026-07-31 00:26:27 INFO     | DexSniper            |   Pairs detected: 28
2026-07-31 00:26:27 INFO     | DexSniper            |   Scams filtered: 0
2026-07-31 00:26:27 INFO     | DexSniper            |   Trades executed: 6
2026-07-31 00:26:27 INFO     | DexSniper            |   Total invested: 0.3 BSC
2026-07-31 00:26:27 INFO     | DexSniper            | ==================================================
2026-07-31 00:26:27 INFO     | DexSniper            | ⏰ Sleeping 30s...
2026-07-31 00:26:57 INFO     | DexSniper            | ==================================================
2026-07-31 00:26:57 INFO     | DexSniper            |   📊 DEX SNIPER STATS
2026-07-31 00:26:57 INFO     | DexSniper            |   Runtime: 1:55:42.184776
2026-07-31 00:26:57 INFO     | DexSniper            |   Pairs detected: 28
2026-07-31 00:26:57 INFO     | DexSniper            |   Scams filtered: 0
2026-07-31 00:26:57 INFO     | DexSniper            |   Trades executed: 6
2026-07-31 00:26:57 INFO     | DexSniper            |   Total invested: 0.3 BSC
2026-07-31 00:26:57 INFO     | DexSniper            | ==================================================
2026-07-31 00:26:57 INFO     | DexSniper            | ⏰ Sleeping 30s...
2026-07-31 00:27:27 INFO     | DexSniper            | ==================================================
2026-07-31 00:27:27 INFO     | DexSniper            |   📊 DEX SNIPER STATS
2026-07-31 00:27:27 INFO     | DexSniper            |   Runtime: 1:56:12.418351
2026-07-31 00:27:27 INFO     | DexSniper            |   Pairs detected: 28
2026-07-31 00:27:27 INFO     | DexSniper            |   Scams filtered: 0
2026-07-31 00:27:27 INFO     | DexSniper            |   Trades executed: 6
2026-07-31 00:27:27 INFO     | DexSniper            |   Total invested: 0.3 BSC
2026-07-31 00:27:27 INFO     | DexSniper            | ==================================================
2026-07-31 00:27:27 INFO     | DexSniper            | ⏰ Sleeping 30s...
2026-07-31 00:27:58 INFO     | DexSniper            | ==================================================
2026-07-31 00:27:58 INFO     | DexSniper            |   📊 DEX SNIPER STATS
2026-07-31 00:27:58 INFO     | DexSniper            |   Runtime: 1:56:42.674957
2026-07-31 00:27:58 INFO     | DexSniper            |   Pairs detected: 28
2026-07-31 00:27:58 INFO     | DexSniper            |   Scams filtered: 0
2026-07-31 00:27:58 INFO     | DexSniper            |   Trades executed: 6
2026-07-31 00:27:58 INFO     | DexSniper            |   Total invested: 0.3 BSC
2026-07-31 00:27:58 INFO     | DexSniper            | ==================================================
2026-07-31 00:27:58 INFO     | DexSniper            | ⏰ Sleeping 30s...
2026-07-31 00:28:28 INFO     | DexSniper            | ==================================================
2026-07-31 00:28:28 INFO     | DexSniper            |   📊 DEX SNIPER STATS
2026-07-31 00:28:28 INFO     | DexSniper            |   Runtime: 1:57:12.941162
2026-07-31 00:28:28 INFO     | DexSniper            |   Pairs detected: 28
2026-07-31 00:28:28 INFO     | DexSniper            |   Scams filtered: 0
2026-07-31 00:28:28 INFO     | DexSniper            |   Trades executed: 6
2026-07-31 00:28:28 INFO     | DexSniper            |   Total invested: 0.3 BSC
2026-07-31 00:28:28 INFO     | DexSniper            | ==================================================
2026-07-31 00:28:28 INFO     | DexSniper            | ⏰ Sleeping 30s...
2026-07-31 00:28:58 INFO     | DexSniper            | 🆕 New pair detected! Token: 0x66a4f334... Pair: 0x591aFa2e...
2026-07-31 00:28:59 INFO     | DexSniper            |   → USDTB (USDTB)
2026-07-31 00:30:01 ERROR    | DexSniper            | Ollama request failed: HTTPConnectionPool(host='localhost', port=11434): Read timed out. (read timeout=60)
2026-07-31 00:30:01 INFO     | DexSniper            |   → ✅ Passed checks: Passed basic checks
2026-07-31 00:30:01 INFO     | DexSniper            | 🎯 SNIPE: USDTB (USDTB) — 0.05 BSC invested
2026-07-31 00:30:01 INFO     | DexSniper            | ==================================================
2026-07-31 00:30:01 INFO     | DexSniper            |   📊 DEX SNIPER STATS
2026-07-31 00:30:01 INFO     | DexSniper            |   Runtime: 1:58:46.046406
2026-07-31 00:30:01 INFO     | DexSniper            |   Pairs detected: 29
2026-07-31 00:30:01 INFO     | DexSniper            |   Scams filtered: 0
2026-07-31 00:30:01 INFO     | DexSniper            |   Trades executed: 7
2026-07-31 00:30:01 INFO     | DexSniper            |   Total invested: 0.35 BSC
2026-07-31 00:30:01 INFO     | DexSniper            | ==================================================
2026-07-31 00:30:01 INFO     | DexSniper            | ⏰ Sleeping 30s...
2026-07-31 00:30:32 INFO     | DexSniper            | 🆕 New pair detected! Token: 0x70c7C92b... Pair: 0x89cE8702...
2026-07-31 00:30:33 INFO     | DexSniper            |   → Lorenzo Governance Token (BANK)
2026-07-31 00:31:35 ERROR    | DexSniper            | Ollama request failed: HTTPConnectionPool(host='localhost', port=11434): Read timed out. (read timeout=60)
2026-07-31 00:31:35 INFO     | DexSniper            |   → ✅ Passed checks: Passed basic checks
2026-07-31 00:31:35 INFO     | DexSniper            | 🎯 SNIPE: Lorenzo Governance Token (BANK) — 0.05 BSC invested
2026-07-31 00:31:35 INFO     | DexSniper            | ==================================================
2026-07-31 00:31:35 INFO     | DexSniper            |   📊 DEX SNIPER STATS
2026-07-31 00:31:35 INFO     | DexSniper            |   Runtime: 2:00:20.167475
2026-07-31 00:31:35 INFO     | DexSniper            |   Pairs detected: 30
2026-07-31 00:31:35 INFO     | DexSniper            |   Scams filtered: 0
2026-07-31 00:31:35 INFO     | DexSniper            |   Trades executed: 8
2026-07-31 00:31:35 INFO     | DexSniper            |   Total invested: 0.39999999999999997 BSC
2026-07-31 00:31:35 INFO     | DexSniper            | ==================================================
2026-07-31 00:31:35 INFO     | DexSniper            | ⏰ Sleeping 30s...
2026-07-31 00:32:06 INFO     | DexSniper            | ==================================================
2026-07-31 00:32:06 INFO     | DexSniper            |   📊 DEX SNIPER STATS
2026-07-31 00:32:06 INFO     | DexSniper            |   Runtime: 2:00:51.062553
2026-07-31 00:32:06 INFO     | DexSniper            |   Pairs detected: 30
2026-07-31 00:32:06 INFO     | DexSniper            |   Scams filtered: 0
2026-07-31 00:32:06 INFO     | DexSniper            |   Trades executed: 8
2026-07-31 00:32:06 INFO     | DexSniper            |   Total invested: 0.39999999999999997 BSC
2026-07-31 00:32:06 INFO     | DexSniper            | ==================================================
2026-07-31 00:32:06 INFO     | DexSniper            | ⏰ Sleeping 30s...
2026-07-31 00:32:36 INFO     | DexSniper            | ==================================================
2026-07-31 00:32:36 INFO     | DexSniper            |   📊 DEX SNIPER STATS
2026-07-31 00:32:36 INFO     | DexSniper            |   Runtime: 2:01:21.323034
2026-07-31 00:32:36 INFO     | DexSniper            |   Pairs detected: 30
2026-07-31 00:32:36 INFO     | DexSniper            |   Scams filtered: 0
2026-07-31 00:32:36 INFO     | DexSniper            |   Trades executed: 8
2026-07-31 00:32:36 INFO     | DexSniper            |   Total invested: 0.39999999999999997 BSC
2026-07-31 00:32:36 INFO     | DexSniper            | ==================================================
2026-07-31 00:32:36 INFO     | DexSniper            | ⏰ Sleeping 30s...
2026-07-31 00:33:07 INFO     | DexSniper            | ==================================================
2026-07-31 00:33:07 INFO     | DexSniper            |   📊 DEX SNIPER STATS
2026-07-31 00:33:07 INFO     | DexSniper            |   Runtime: 2:01:51.584092
2026-07-31 00:33:07 INFO     | DexSniper            |   Pairs detected: 30
2026-07-31 00:33:07 INFO     | DexSniper            |   Scams filtered: 0
2026-07-31 00:33:07 INFO     | DexSniper            |   Trades executed: 8
2026-07-31 00:33:07 INFO     | DexSniper            |   Total invested: 0.39999999999999997 BSC
2026-07-31 00:33:07 INFO     | DexSniper            | ==================================================
2026-07-31 00:33:07 INFO     | DexSniper            | ⏰ Sleeping 30s...
2026-07-31 00:33:37 INFO     | DexSniper            | 🆕 New pair detected! Token: 0xdFFdaEa7... Pair: 0x03cf1e41...
2026-07-31 00:33:38 INFO     | DexSniper            |   → SUPERCYCLEChain⭐ (SUP⭐)
2026-07-31 00:34:40 ERROR    | DexSniper            | Ollama request failed: HTTPConnectionPool(host='localhost', port=11434): Read timed out. (read timeout=60)
2026-07-31 00:34:40 INFO     | DexSniper            |   → ✅ Passed checks: Passed basic checks
2026-07-31 00:34:40 INFO     | DexSniper            | 🎯 SNIPE: SUPERCYCLEChain⭐ (SUP⭐) — 0.05 BSC invested
2026-07-31 00:34:40 INFO     | DexSniper            | ==================================================
2026-07-31 00:34:40 INFO     | DexSniper            |   📊 DEX SNIPER STATS
2026-07-31 00:34:40 INFO     | DexSniper            |   Runtime: 2:03:24.884211
2026-07-31 00:34:40 INFO     | DexSniper            |   Pairs detected: 31
2026-07-31 00:34:40 INFO     | DexSniper            |   Scams filtered: 0
2026-07-31 00:34:40 INFO     | DexSniper            |   Trades executed: 9
2026-07-31 00:34:40 INFO     | DexSniper            |   Total invested: 0.44999999999999996 BSC
2026-07-31 00:34:40 INFO     | DexSniper            | ==================================================
2026-07-31 00:34:40 INFO     | DexSniper            | ⏰ Sleeping 30s...
2026-07-31 00:35:11 INFO     | DexSniper            | ==================================================
2026-07-31 00:35:11 INFO     | DexSniper            |   📊 DEX SNIPER STATS
2026-07-31 00:35:11 INFO     | DexSniper            |   Runtime: 2:03:55.916644
2026-07-31 00:35:11 INFO     | DexSniper            |   Pairs detected: 31
2026-07-31 00:35:11 INFO     | DexSniper            |   Scams filtered: 0
2026-07-31 00:35:11 INFO     | DexSniper            |   Trades executed: 9
2026-07-31 00:35:11 INFO     | DexSniper            |   Total invested: 0.44999999999999996 BSC
2026-07-31 00:35:11 INFO     | DexSniper            | ==================================================
2026-07-31 00:35:11 INFO     | DexSniper            | ⏰ Sleeping 30s...
2026-07-31 00:35:41 INFO     | DexSniper            | 🆕 New pair detected! Token: 0x645d01A9... Pair: 0xae7B77d3...
2026-07-31 00:35:42 INFO     | DexSniper            |   → 🐲BonkGang V3 (🐲BONK)
2026-07-31 00:36:44 ERROR    | DexSniper            | Ollama request failed: HTTPConnectionPool(host='localhost', port=11434): Read timed out. (read timeout=60)
2026-07-31 00:36:44 INFO     | DexSniper            |   → ✅ Passed checks: Passed basic checks
2026-07-31 00:36:44 INFO     | DexSniper            | 🎯 SNIPE: 🐲BonkGang V3 (🐲BONK) — 0.05 BSC invested
2026-07-31 00:36:44 INFO     | DexSniper            | 🆕 New pair detected! Token: 0x43852Cc5... Pair: 0xE2A633BD...
2026-07-31 00:36:46 INFO     | DexSniper            |   → 资本金融 (资本金融)
2026-07-31 00:37:48 ERROR    | DexSniper            | Ollama request failed: HTTPConnectionPool(host='localhost', port=11434): Read timed out. (read timeout=60)
2026-07-31 00:37:48 INFO     | DexSniper            |   → ✅ Passed checks: Passed basic checks
2026-07-31 00:37:48 INFO     | DexSniper            | 🎯 SNIPE: 资本金融 (资本金融) — 0.05 BSC invested
2026-07-31 00:37:48 INFO     | DexSniper            | 🆕 New pair detected! Token: 0xD41eEEEC... Pair: 0x0815EF16...
2026-07-31 00:37:50 INFO     | DexSniper            |   →  ()
2026-07-31 00:38:52 ERROR    | DexSniper            | Ollama request failed: HTTPConnectionPool(host='localhost', port=11434): Read timed out. (read timeout=60)
2026-07-31 00:38:52 INFO     | DexSniper            |   → ✅ Passed checks: Passed basic checks
2026-07-31 00:38:52 INFO     | DexSniper            | 🎯 SNIPE:  () — 0.05 BSC invested
2026-07-31 00:38:52 INFO     | DexSniper            | ==================================================
2026-07-31 00:38:52 INFO     | DexSniper            |   📊 DEX SNIPER STATS
2026-07-31 00:38:52 INFO     | DexSniper            |   Runtime: 2:07:36.594280
2026-07-31 00:38:52 INFO     | DexSniper            |   Pairs detected: 34
2026-07-31 00:38:52 INFO     | DexSniper            |   Scams filtered: 0
2026-07-31 00:38:52 INFO     | DexSniper            |   Trades executed: 12
2026-07-31 00:38:52 INFO     | DexSniper            |   Total invested: 0.6 BSC
2026-07-31 00:38:52 INFO     | DexSniper            | ==================================================
2026-07-31 00:38:52 INFO     | DexSniper            | ⏰ Sleeping 30s...
2026-07-31 00:39:24 INFO     | DexSniper            | ==================================================
2026-07-31 00:39:24 INFO     | DexSniper            |   📊 DEX SNIPER STATS
2026-07-31 00:39:24 INFO     | DexSniper            |   Runtime: 2:08:08.550416
2026-07-31 00:39:24 INFO     | DexSniper            |   Pairs detected: 34
2026-07-31 00:39:24 INFO     | DexSniper            |   Scams filtered: 0
2026-07-31 00:39:24 INFO     | DexSniper            |   Trades executed: 12
2026-07-31 00:39:24 INFO     | DexSniper            |   Total invested: 0.6 BSC
2026-07-31 00:39:24 INFO     | DexSniper            | ==================================================
2026-07-31 00:39:24 INFO     | DexSniper            | ⏰ Sleeping 30s...
2026-07-31 00:39:54 INFO     | DexSniper            | ==================================================
2026-07-31 00:39:54 INFO     | DexSniper            |   📊 DEX SNIPER STATS
2026-07-31 00:39:54 INFO     | DexSniper            |   Runtime: 2:08:38.819042
2026-07-31 00:39:54 INFO     | DexSniper            |   Pairs detected: 34
2026-07-31 00:39:54 INFO     | DexSniper            |   Scams filtered: 0
2026-07-31 00:39:54 INFO     | DexSniper            |   Trades executed: 12
2026-07-31 00:39:54 INFO     | DexSniper            |   Total invested: 0.6 BSC
2026-07-31 00:39:54 INFO     | DexSniper            | ==================================================
2026-07-31 00:39:54 INFO     | DexSniper            | ⏰ Sleeping 30s...
2026-07-31 00:40:24 INFO     | DexSniper            | 🆕 New pair detected! Token: 0x383d208C... Pair: 0x39c93a01...
2026-07-31 00:40:25 INFO     | DexSniper            |   → Bitcos Prime (BOS)
2026-07-31 00:41:27 ERROR    | DexSniper            | Ollama request failed: HTTPConnectionPool(host='localhost', port=11434): Read timed out. (read timeout=60)
2026-07-31 00:41:27 INFO     | DexSniper            |   → ✅ Passed checks: Passed basic checks
2026-07-31 00:41:27 INFO     | DexSniper            | 🎯 SNIPE: Bitcos Prime (BOS) — 0.05 BSC invested
2026-07-31 00:41:27 INFO     | DexSniper            | ==================================================
2026-07-31 00:41:27 INFO     | DexSniper            |   📊 DEX SNIPER STATS
2026-07-31 00:41:27 INFO     | DexSniper            |   Runtime: 2:10:11.941403
2026-07-31 00:41:27 INFO     | DexSniper            |   Pairs detected: 35
2026-07-31 00:41:27 INFO     | DexSniper            |   Scams filtered: 0
2026-07-31 00:41:27 INFO     | DexSniper            |   Trades executed: 13
2026-07-31 00:41:27 INFO     | DexSniper            |   Total invested: 0.65 BSC
2026-07-31 00:41:27 INFO     | DexSniper            | ==================================================
2026-07-31 00:41:27 INFO     | DexSniper            | ⏰ Sleeping 30s...
2026-07-31 00:41:58 INFO     | DexSniper            | ==================================================
2026-07-31 00:41:58 INFO     | DexSniper            |   📊 DEX SNIPER STATS
2026-07-31 00:41:58 INFO     | DexSniper            |   Runtime: 2:10:43.022943
2026-07-31 00:41:58 INFO     | DexSniper            |   Pairs detected: 35
2026-07-31 00:41:58 INFO     | DexSniper            |   Scams filtered: 0
2026-07-31 00:41:58 INFO     | DexSniper            |   Trades executed: 13
2026-07-31 00:41:58 INFO     | DexSniper            |   Total invested: 0.65 BSC
2026-07-31 00:41:58 INFO     | DexSniper            | ==================================================
2026-07-31 00:41:58 INFO     | DexSniper            | ⏰ Sleeping 30s...
2026-07-31 00:42:28 INFO     | DexSniper            | ==================================================
2026-07-31 00:42:28 INFO     | DexSniper            |   📊 DEX SNIPER STATS
2026-07-31 00:42:28 INFO     | DexSniper            |   Runtime: 2:11:13.276192
2026-07-31 00:42:28 INFO     | DexSniper            |   Pairs detected: 35
2026-07-31 00:42:28 INFO     | DexSniper            |   Scams filtered: 0
2026-07-31 00:42:28 INFO     | DexSniper            |   Trades executed: 13
2026-07-31 00:42:28 INFO     | DexSniper            |   Total invested: 0.65 BSC
2026-07-31 00:42:28 INFO     | DexSniper            | ==================================================
2026-07-31 00:42:28 INFO     | DexSniper            | ⏰ Sleeping 30s...
2026-07-31 00:42:59 INFO     | DexSniper            | ==================================================
2026-07-31 00:42:59 INFO     | DexSniper            |   📊 DEX SNIPER STATS
2026-07-31 00:42:59 INFO     | DexSniper            |   Runtime: 2:11:43.528901
2026-07-31 00:42:59 INFO     | DexSniper            |   Pairs detected: 35
2026-07-31 00:42:59 INFO     | DexSniper            |   Scams filtered: 0
2026-07-31 00:42:59 INFO     | DexSniper            |   Trades executed: 13
2026-07-31 00:42:59 INFO     | DexSniper            |   Total invested: 0.65 BSC
2026-07-31 00:42:59 INFO     | DexSniper            | ==================================================
2026-07-31 00:42:59 INFO     | DexSniper            | ⏰ Sleeping 30s...
2026-07-31 00:43:29 INFO     | DexSniper            | ==================================================
2026-07-31 00:43:29 INFO     | DexSniper            |   📊 DEX SNIPER STATS
2026-07-31 00:43:29 INFO     | DexSniper            |   Runtime: 2:12:13.794583
2026-07-31 00:43:29 INFO     | DexSniper            |   Pairs detected: 35
2026-07-31 00:43:29 INFO     | DexSniper            |   Scams filtered: 0
2026-07-31 00:43:29 INFO     | DexSniper            |   Trades executed: 13
2026-07-31 00:43:29 INFO     | DexSniper            |   Total invested: 0.65 BSC
2026-07-31 00:43:29 INFO     | DexSniper            | ==================================================
2026-07-31 00:43:29 INFO     | DexSniper            | ⏰ Sleeping 30s...
2026-07-31 00:43:59 INFO     | DexSniper            | ==================================================
2026-07-31 00:43:59 INFO     | DexSniper            |   📊 DEX SNIPER STATS
2026-07-31 00:43:59 INFO     | DexSniper            |   Runtime: 2:12:44.055668
2026-07-31 00:43:59 INFO     | DexSniper            |   Pairs detected: 35
2026-07-31 00:43:59 INFO     | DexSniper            |   Scams filtered: 0
2026-07-31 00:43:59 INFO     | DexSniper            |   Trades executed: 13
2026-07-31 00:43:59 INFO     | DexSniper            |   Total invested: 0.65 BSC
2026-07-31 00:43:59 INFO     | DexSniper            | ==================================================
2026-07-31 00:43:59 INFO     | DexSniper            | ⏰ Sleeping 30s...
2026-07-31 00:44:29 INFO     | DexSniper            | ==================================================
2026-07-31 00:44:29 INFO     | DexSniper            |   📊 DEX SNIPER STATS
2026-07-31 00:44:29 INFO     | DexSniper            |   Runtime: 2:13:14.300805
2026-07-31 00:44:29 INFO     | DexSniper            |   Pairs detected: 35
2026-07-31 00:44:29 INFO     | DexSniper            |   Scams filtered: 0
2026-07-31 00:44:29 INFO     | DexSniper            |   Trades executed: 13
2026-07-31 00:44:29 INFO     | DexSniper            |   Total invested: 0.65 BSC
2026-07-31 00:44:29 INFO     | DexSniper            | ==================================================
2026-07-31 00:44:29 INFO     | DexSniper            | ⏰ Sleeping 30s...
2026-07-31 00:45:00 INFO     | DexSniper            | ==================================================
2026-07-31 00:45:00 INFO     | DexSniper            |   📊 DEX SNIPER STATS
2026-07-31 00:45:00 INFO     | DexSniper            |   Runtime: 2:13:44.563453
2026-07-31 00:45:00 INFO     | DexSniper            |   Pairs detected: 35
2026-07-31 00:45:00 INFO     | DexSniper            |   Scams filtered: 0
2026-07-31 00:45:00 INFO     | DexSniper            |   Trades executed: 13
2026-07-31 00:45:00 INFO     | DexSniper            |   Total invested: 0.65 BSC
2026-07-31 00:45:00 INFO     | DexSniper            | ==================================================
2026-07-31 00:45:00 INFO     | DexSniper            | ⏰ Sleeping 30s...
2026-07-31 00:45:30 INFO     | DexSniper            | ==================================================
2026-07-31 00:45:30 INFO     | DexSniper            |   📊 DEX SNIPER STATS
2026-07-31 00:45:30 INFO     | DexSniper            |   Runtime: 2:14:14.836941
2026-07-31 00:45:30 INFO     | DexSniper            |   Pairs detected: 35
2026-07-31 00:45:30 INFO     | DexSniper            |   Scams filtered: 0
2026-07-31 00:45:30 INFO     | DexSniper            |   Trades executed: 13
2026-07-31 00:45:30 INFO     | DexSniper            |   Total invested: 0.65 BSC
2026-07-31 00:45:30 INFO     | DexSniper            | ==================================================
2026-07-31 00:45:30 INFO     | DexSniper            | ⏰ Sleeping 30s...
2026-07-31 00:46:00 INFO     | DexSniper            | 🆕 New pair detected! Token: 0xc54740c0... Pair: 0x84465D4F...
2026-07-31 00:46:01 INFO     | DexSniper            |   → OCEAN (oceanbnb.vip) (OCEAN)
2026-07-31 00:47:03 ERROR    | DexSniper            | Ollama request failed: HTTPConnectionPool(host='localhost', port=11434): Read timed out. (read timeout=60)
2026-07-31 00:47:03 INFO     | DexSniper            |   → ✅ Passed checks: Passed basic checks
2026-07-31 00:47:03 INFO     | DexSniper            | 🎯 SNIPE: OCEAN (oceanbnb.vip) (OCEAN) — 0.05 BSC invested
2026-07-31 00:47:03 INFO     | DexSniper            | ==================================================
2026-07-31 00:47:03 INFO     | DexSniper            |   📊 DEX SNIPER STATS
2026-07-31 00:47:03 INFO     | DexSniper            |   Runtime: 2:15:47.926823
2026-07-31 00:47:03 INFO     | DexSniper            |   Pairs detected: 36
2026-07-31 00:47:03 INFO     | DexSniper            |   Scams filtered: 0
2026-07-31 00:47:03 INFO     | DexSniper            |   Trades executed: 14
2026-07-31 00:47:03 INFO     | DexSniper            |   Total invested: 0.7000000000000001 BSC
2026-07-31 00:47:03 INFO     | DexSniper            | ==================================================
2026-07-31 00:47:03 INFO     | DexSniper            | ⏰ Sleeping 30s...
2026-07-31 00:47:34 INFO     | DexSniper            | 🆕 New pair detected! Token: 0x6d0CBFBD... Pair: 0x3286850E...
2026-07-31 00:47:35 INFO     | DexSniper            |   → Nock Finance (NOCK)
2026-07-31 00:48:37 ERROR    | DexSniper            | Ollama request failed: HTTPConnectionPool(host='localhost', port=11434): Read timed out. (read timeout=60)
2026-07-31 00:48:37 INFO     | DexSniper            |   → ✅ Passed checks: Passed basic checks
2026-07-31 00:48:37 INFO     | DexSniper            | 🎯 SNIPE: Nock Finance (NOCK) — 0.05 BSC invested
2026-07-31 00:48:37 INFO     | DexSniper            | ==================================================
2026-07-31 00:48:37 INFO     | DexSniper            |   📊 DEX SNIPER STATS
2026-07-31 00:48:37 INFO     | DexSniper            |   Runtime: 2:17:21.781830
2026-07-31 00:48:37 INFO     | DexSniper            |   Pairs detected: 37
2026-07-31 00:48:37 INFO     | DexSniper            |   Scams filtered: 0
2026-07-31 00:48:37 INFO     | DexSniper            |   Trades executed: 15
2026-07-31 00:48:37 INFO     | DexSniper            |   Total invested: 0.7500000000000001 BSC
2026-07-31 00:48:37 INFO     | DexSniper            | ==================================================
2026-07-31 00:48:37 INFO     | DexSniper            | ⏰ Sleeping 30s...
2026-07-31 00:49:08 INFO     | DexSniper            | 🆕 New pair detected! Token: 0xf5Bb7Cd2... Pair: 0x42feD2a9...
2026-07-31 00:49:08 INFO     | DexSniper            |   → Dragon (DRAG)
2026-07-31 00:50:10 ERROR    | DexSniper            | Ollama request failed: HTTPConnectionPool(host='localhost', port=11434): Read timed out. (read timeout=60)
2026-07-31 00:50:10 INFO     | DexSniper            |   → ✅ Passed checks: Passed basic checks
2026-07-31 00:50:10 INFO     | DexSniper            | 🎯 SNIPE: Dragon (DRAG) — 0.05 BSC invested
2026-07-31 00:50:25 INFO     | DexSniper            | ==================================================
2026-07-31 00:50:25 INFO     | DexSniper            |   📊 DEX SNIPER STATS
2026-07-31 00:50:25 INFO     | DexSniper            |   Runtime: 2:19:09.496703
2026-07-31 00:50:25 INFO     | DexSniper            |   Pairs detected: 38
2026-07-31 00:50:25 INFO     | DexSniper            |   Scams filtered: 0
2026-07-31 00:50:25 INFO     | DexSniper            |   Trades executed: 16
2026-07-31 00:50:25 INFO     | DexSniper            |   Total invested: 0.8000000000000002 BSC
2026-07-31 00:50:25 INFO     | DexSniper            | ==================================================
2026-07-31 00:50:25 INFO     | DexSniper            | ⏰ Sleeping 30s...
2026-07-31 00:50:56 INFO     | DexSniper            | ==================================================
2026-07-31 00:50:56 INFO     | DexSniper            |   📊 DEX SNIPER STATS
2026-07-31 00:50:56 INFO     | DexSniper            |   Runtime: 2:19:40.567315
2026-07-31 00:50:56 INFO     | DexSniper            |   Pairs detected: 38
2026-07-31 00:50:56 INFO     | DexSniper            |   Scams filtered: 0
2026-07-31 00:50:56 INFO     | DexSniper            |   Trades executed: 16
2026-07-31 00:50:56 INFO     | DexSniper            |   Total invested: 0.8000000000000002 BSC
2026-07-31 00:50:56 INFO     | DexSniper            | ==================================================
2026-07-31 00:50:56 INFO     | DexSniper            | ⏰ Sleeping 30s...
2026-07-31 00:51:26 INFO     | DexSniper            | 🆕 New pair detected! Token: 0xAdd18024... Pair: 0xBbc42c69...
2026-07-31 00:51:27 INFO     | DexSniper            |   → QQQB (QQQB)
2026-07-31 00:52:29 INFO     | DexSniper            | ⏹️  Shutdown signal received.
2026-07-31 00:52:29 INFO     | DexSniper            | ==================================================
2026-07-31 00:52:29 INFO     | DexSniper            |   📊 DEX SNIPER STATS
2026-07-31 00:52:29 INFO     | DexSniper            |   Runtime: 2:21:13.906860
2026-07-31 00:52:29 INFO     | DexSniper            |   Pairs detected: 39
2026-07-31 00:52:29 INFO     | DexSniper            |   Scams filtered: 0
2026-07-31 00:52:29 INFO     | DexSniper            |   Trades executed: 16
2026-07-31 00:52:29 INFO     | DexSniper            |   Total invested: 0.8000000000000002 BSC
2026-07-31 00:52:29 INFO     | DexSniper            | ==================================================
