2026-07-30 17:37:43 INFO     | SentimentSniper      | Exchange client: BINANCE (testnet)
2026-07-30 17:37:43 WARNING  | SentimentSniper      | AI client disabled — no valid API key.
2026-07-30 17:37:43 INFO     | SentimentSniper      | =======================================================
2026-07-30 17:37:43 INFO     | SentimentSniper      | 🚀 Sentiment Sniper STARTED
2026-07-30 17:37:43 INFO     | SentimentSniper      |    Monitored tokens: BTC, ETH, DOGE, SOL, PEPE
2026-07-30 17:37:43 INFO     | SentimentSniper      |    Monitored accounts: elonmusk, cz_binance, VitalikButerin, SBF_FTX, cobie
2026-07-30 17:37:43 INFO     | SentimentSniper      |    Sentiment threshold: 0.8
2026-07-30 17:37:43 INFO     | SentimentSniper      |    Trade duration: 15min
2026-07-30 17:37:43 INFO     | SentimentSniper      |    TP: 5.00%
2026-07-30 17:37:43 INFO     | SentimentSniper      |    SL: 3.00%
2026-07-30 17:37:43 INFO     | SentimentSniper      | =======================================================
2026-07-30 17:37:43 INFO     | SentimentSniper      | 🐦 New tweet from @elonmusk: DOGE is the people's crypto! 🚀...
2026-07-30 17:37:43 INFO     | SentimentSniper      |   → Token: DOGE, Score: 0.90, Reasoning: Heuristic fallback (no AI key set)
2026-07-30 17:37:43 INFO     | SentimentSniper      |   🎯 Signal! DOGE sentiment 0.90 > 0.8
2026-07-30 17:37:45 INFO     | SentimentSniper      | 📝 PAPER TRADE: Market BUY $100.0 DOGE/USDT @ $0.070500
2026-07-30 17:37:45 INFO     | SentimentSniper      | 🟢 TRADE OPENED: DOGE/USDT @ $0.070500 (TP: $0.074025, SL: $0.068385)
2026-07-30 17:37:45 INFO     | SentimentSniper      | 🐦 New tweet from @elonmusk: Bitcoin is interesting. Not financial advice....
2026-07-30 17:37:45 INFO     | SentimentSniper      | 🐦 New tweet from @elonmusk: Maybe we should accept DOGE for Tesla merch again?...
2026-07-30 17:37:45 INFO     | SentimentSniper      |   → Token: DOGE, Score: 0.70, Reasoning: Heuristic fallback (no AI key set)
2026-07-30 17:37:45 INFO     | SentimentSniper      | 🐦 New tweet from @cz_binance: BNB chain growing fast. More projects coming....
2026-07-30 17:37:45 INFO     | SentimentSniper      | 🐦 New tweet from @cz_binance: Funds are SAFU. Ignore the FUD....
2026-07-30 17:37:45 INFO     | SentimentSniper      | 🐦 New tweet from @cz_binance: New listing coming next week. Any guesses?...
2026-07-30 17:37:45 INFO     | SentimentSniper      | 🐦 New tweet from @VitalikButerin: Ethereum L2 scaling is the future. 100x cheaper transactions....
2026-07-30 17:37:45 INFO     | SentimentSniper      |   → Token: ETH, Score: 0.90, Reasoning: Heuristic fallback (no AI key set)
2026-07-30 17:37:45 INFO     | SentimentSniper      |   🎯 Signal! ETH sentiment 0.90 > 0.8
2026-07-30 17:37:45 INFO     | SentimentSniper      | 📝 PAPER TRADE: Market BUY $100.0 ETH/USDT @ $1,921.23
2026-07-30 17:37:45 INFO     | SentimentSniper      | 🟢 TRADE OPENED: ETH/USDT @ $1,921.23 (TP: $2,017.29, SL: $1,863.59)
2026-07-30 17:37:45 INFO     | SentimentSniper      | 🐦 New tweet from @VitalikButerin: SOL has some interesting tech, but centralization concerns remain....
2026-07-30 17:37:45 INFO     | SentimentSniper      |   → Token: SOL, Score: 0.70, Reasoning: Heuristic fallback (no AI key set)
2026-07-30 17:37:45 INFO     | SentimentSniper      | ==================================================
2026-07-30 17:37:45 INFO     | SentimentSniper      |   📊 SENTIMENT SNIPER STATS
2026-07-30 17:37:45 INFO     | SentimentSniper      |   Tweets processed: 8
2026-07-30 17:37:45 INFO     | SentimentSniper      |   Trades executed: 2
2026-07-30 17:37:45 INFO     | SentimentSniper      |   Active trades: 2
2026-07-30 17:37:45 INFO     | SentimentSniper      |   Total PnL: $0.000000
2026-07-30 17:37:45 INFO     | SentimentSniper      | ==================================================
2026-07-30 17:37:45 INFO     | SentimentSniper      | ⏰ Sleeping 30s...
2026-07-30 17:38:16 INFO     | SentimentSniper      | ==================================================
2026-07-30 17:38:16 INFO     | SentimentSniper      |   📊 SENTIMENT SNIPER STATS
2026-07-30 17:38:16 INFO     | SentimentSniper      |   Tweets processed: 8
2026-07-30 17:38:16 INFO     | SentimentSniper      |   Trades executed: 2
2026-07-30 17:38:16 INFO     | SentimentSniper      |   Active trades: 2
2026-07-30 17:38:16 INFO     | SentimentSniper      |   Total PnL: $0.000000
2026-07-30 17:38:16 INFO     | SentimentSniper      | ==================================================
2026-07-30 17:38:16 INFO     | SentimentSniper      | ⏰ Sleeping 30s...
2026-07-30 17:38:46 INFO     | SentimentSniper      | ==================================================
2026-07-30 17:38:46 INFO     | SentimentSniper      |   📊 SENTIMENT SNIPER STATS
2026-07-30 17:38:46 INFO     | SentimentSniper      |   Tweets processed: 8
2026-07-30 17:38:46 INFO     | SentimentSniper      |   Trades executed: 2
2026-07-30 17:38:46 INFO     | SentimentSniper      |   Active trades: 2
2026-07-30 17:38:46 INFO     | SentimentSniper      |   Total PnL: $0.000000
2026-07-30 17:38:46 INFO     | SentimentSniper      | ==================================================
2026-07-30 17:38:46 INFO     | SentimentSniper      | ⏰ Sleeping 30s...
2026-07-30 17:39:17 INFO     | SentimentSniper      | ==================================================
2026-07-30 17:39:17 INFO     | SentimentSniper      |   📊 SENTIMENT SNIPER STATS
2026-07-30 17:39:17 INFO     | SentimentSniper      |   Tweets processed: 8
2026-07-30 17:39:17 INFO     | SentimentSniper      |   Trades executed: 2
2026-07-30 17:39:17 INFO     | SentimentSniper      |   Active trades: 2
2026-07-30 17:39:17 INFO     | SentimentSniper      |   Total PnL: $0.000000
2026-07-30 17:39:17 INFO     | SentimentSniper      | ==================================================
2026-07-30 17:39:17 INFO     | SentimentSniper      | ⏰ Sleeping 30s...
2026-07-30 17:39:48 INFO     | SentimentSniper      | ==================================================
2026-07-30 17:39:48 INFO     | SentimentSniper      |   📊 SENTIMENT SNIPER STATS
2026-07-30 17:39:48 INFO     | SentimentSniper      |   Tweets processed: 8
2026-07-30 17:39:48 INFO     | SentimentSniper      |   Trades executed: 2
2026-07-30 17:39:48 INFO     | SentimentSniper      |   Active trades: 2
2026-07-30 17:39:48 INFO     | SentimentSniper      |   Total PnL: $0.000000
2026-07-30 17:39:48 INFO     | SentimentSniper      | ==================================================
2026-07-30 17:39:48 INFO     | SentimentSniper      | ⏰ Sleeping 30s...
2026-07-30 17:40:18 INFO     | SentimentSniper      | ==================================================
2026-07-30 17:40:18 INFO     | SentimentSniper      |   📊 SENTIMENT SNIPER STATS
2026-07-30 17:40:18 INFO     | SentimentSniper      |   Tweets processed: 8
2026-07-30 17:40:18 INFO     | SentimentSniper      |   Trades executed: 2
2026-07-30 17:40:18 INFO     | SentimentSniper      |   Active trades: 2
2026-07-30 17:40:18 INFO     | SentimentSniper      |   Total PnL: $0.000000
2026-07-30 17:40:18 INFO     | SentimentSniper      | ==================================================
2026-07-30 17:40:18 INFO     | SentimentSniper      | ⏰ Sleeping 30s...
2026-07-30 17:40:49 INFO     | SentimentSniper      | ==================================================
2026-07-30 17:40:49 INFO     | SentimentSniper      |   📊 SENTIMENT SNIPER STATS
2026-07-30 17:40:49 INFO     | SentimentSniper      |   Tweets processed: 8
2026-07-30 17:40:49 INFO     | SentimentSniper      |   Trades executed: 2
2026-07-30 17:40:49 INFO     | SentimentSniper      |   Active trades: 2
2026-07-30 17:40:49 INFO     | SentimentSniper      |   Total PnL: $0.000000
2026-07-30 17:40:49 INFO     | SentimentSniper      | ==================================================
2026-07-30 17:40:49 INFO     | SentimentSniper      | ⏰ Sleeping 30s...
2026-07-30 17:41:19 INFO     | SentimentSniper      | ==================================================
2026-07-30 17:41:19 INFO     | SentimentSniper      |   📊 SENTIMENT SNIPER STATS
2026-07-30 17:41:19 INFO     | SentimentSniper      |   Tweets processed: 8
2026-07-30 17:41:19 INFO     | SentimentSniper      |   Trades executed: 2
2026-07-30 17:41:19 INFO     | SentimentSniper      |   Active trades: 2
2026-07-30 17:41:19 INFO     | SentimentSniper      |   Total PnL: $0.000000
2026-07-30 17:41:19 INFO     | SentimentSniper      | ==================================================
2026-07-30 17:41:19 INFO     | SentimentSniper      | ⏰ Sleeping 30s...
2026-07-30 17:41:50 INFO     | SentimentSniper      | ==================================================
2026-07-30 17:41:50 INFO     | SentimentSniper      |   📊 SENTIMENT SNIPER STATS
2026-07-30 17:41:50 INFO     | SentimentSniper      |   Tweets processed: 8
2026-07-30 17:41:50 INFO     | SentimentSniper      |   Trades executed: 2
2026-07-30 17:41:50 INFO     | SentimentSniper      |   Active trades: 2
2026-07-30 17:41:50 INFO     | SentimentSniper      |   Total PnL: $0.000000
2026-07-30 17:41:50 INFO     | SentimentSniper      | ==================================================
2026-07-30 17:41:50 INFO     | SentimentSniper      | ⏰ Sleeping 30s...
2026-07-30 17:42:21 INFO     | SentimentSniper      | ==================================================
2026-07-30 17:42:21 INFO     | SentimentSniper      |   📊 SENTIMENT SNIPER STATS
2026-07-30 17:42:21 INFO     | SentimentSniper      |   Tweets processed: 8
2026-07-30 17:42:21 INFO     | SentimentSniper      |   Trades executed: 2
2026-07-30 17:42:21 INFO     | SentimentSniper      |   Active trades: 2
2026-07-30 17:42:21 INFO     | SentimentSniper      |   Total PnL: $0.000000
2026-07-30 17:42:21 INFO     | SentimentSniper      | ==================================================
2026-07-30 17:42:21 INFO     | SentimentSniper      | ⏰ Sleeping 30s...
2026-07-30 17:42:51 INFO     | SentimentSniper      | ==================================================
2026-07-30 17:42:51 INFO     | SentimentSniper      |   📊 SENTIMENT SNIPER STATS
2026-07-30 17:42:51 INFO     | SentimentSniper      |   Tweets processed: 8
2026-07-30 17:42:51 INFO     | SentimentSniper      |   Trades executed: 2
2026-07-30 17:42:51 INFO     | SentimentSniper      |   Active trades: 2
2026-07-30 17:42:51 INFO     | SentimentSniper      |   Total PnL: $0.000000
2026-07-30 17:42:51 INFO     | SentimentSniper      | ==================================================
2026-07-30 17:42:51 INFO     | SentimentSniper      | ⏰ Sleeping 30s...
2026-07-30 17:43:22 INFO     | SentimentSniper      | ==================================================
2026-07-30 17:43:22 INFO     | SentimentSniper      |   📊 SENTIMENT SNIPER STATS
2026-07-30 17:43:22 INFO     | SentimentSniper      |   Tweets processed: 8
2026-07-30 17:43:22 INFO     | SentimentSniper      |   Trades executed: 2
2026-07-30 17:43:22 INFO     | SentimentSniper      |   Active trades: 2
2026-07-30 17:43:22 INFO     | SentimentSniper      |   Total PnL: $0.000000
2026-07-30 17:43:22 INFO     | SentimentSniper      | ==================================================
2026-07-30 17:43:22 INFO     | SentimentSniper      | ⏰ Sleeping 30s...
2026-07-30 17:43:52 INFO     | SentimentSniper      | ==================================================
2026-07-30 17:43:52 INFO     | SentimentSniper      |   📊 SENTIMENT SNIPER STATS
2026-07-30 17:43:52 INFO     | SentimentSniper      |   Tweets processed: 8
2026-07-30 17:43:52 INFO     | SentimentSniper      |   Trades executed: 2
2026-07-30 17:43:52 INFO     | SentimentSniper      |   Active trades: 2
2026-07-30 17:43:52 INFO     | SentimentSniper      |   Total PnL: $0.000000
2026-07-30 17:43:52 INFO     | SentimentSniper      | ==================================================
2026-07-30 17:43:52 INFO     | SentimentSniper      | ⏰ Sleeping 30s...
2026-07-30 17:44:23 INFO     | SentimentSniper      | ==================================================
2026-07-30 17:44:23 INFO     | SentimentSniper      |   📊 SENTIMENT SNIPER STATS
2026-07-30 17:44:23 INFO     | SentimentSniper      |   Tweets processed: 8
2026-07-30 17:44:23 INFO     | SentimentSniper      |   Trades executed: 2
2026-07-30 17:44:23 INFO     | SentimentSniper      |   Active trades: 2
2026-07-30 17:44:23 INFO     | SentimentSniper      |   Total PnL: $0.000000
2026-07-30 17:44:23 INFO     | SentimentSniper      | ==================================================
2026-07-30 17:44:23 INFO     | SentimentSniper      | ⏰ Sleeping 30s...
2026-07-30 17:44:53 INFO     | SentimentSniper      | ==================================================
2026-07-30 17:44:53 INFO     | SentimentSniper      |   📊 SENTIMENT SNIPER STATS
2026-07-30 17:44:53 INFO     | SentimentSniper      |   Tweets processed: 8
2026-07-30 17:44:53 INFO     | SentimentSniper      |   Trades executed: 2
2026-07-30 17:44:53 INFO     | SentimentSniper      |   Active trades: 2
2026-07-30 17:44:53 INFO     | SentimentSniper      |   Total PnL: $0.000000
2026-07-30 17:44:53 INFO     | SentimentSniper      | ==================================================
2026-07-30 17:44:53 INFO     | SentimentSniper      | ⏰ Sleeping 30s...
2026-07-30 17:45:24 INFO     | SentimentSniper      | ==================================================
2026-07-30 17:45:24 INFO     | SentimentSniper      |   📊 SENTIMENT SNIPER STATS
2026-07-30 17:45:24 INFO     | SentimentSniper      |   Tweets processed: 8
2026-07-30 17:45:24 INFO     | SentimentSniper      |   Trades executed: 2
2026-07-30 17:45:24 INFO     | SentimentSniper      |   Active trades: 2
2026-07-30 17:45:24 INFO     | SentimentSniper      |   Total PnL: $0.000000
2026-07-30 17:45:24 INFO     | SentimentSniper      | ==================================================
2026-07-30 17:45:24 INFO     | SentimentSniper      | ⏰ Sleeping 30s...
2026-07-30 17:45:55 INFO     | SentimentSniper      | ==================================================
2026-07-30 17:45:55 INFO     | SentimentSniper      |   📊 SENTIMENT SNIPER STATS
2026-07-30 17:45:55 INFO     | SentimentSniper      |   Tweets processed: 8
2026-07-30 17:45:55 INFO     | SentimentSniper      |   Trades executed: 2
2026-07-30 17:45:55 INFO     | SentimentSniper      |   Active trades: 2
2026-07-30 17:45:55 INFO     | SentimentSniper      |   Total PnL: $0.000000
2026-07-30 17:45:55 INFO     | SentimentSniper      | ==================================================
2026-07-30 17:45:55 INFO     | SentimentSniper      | ⏰ Sleeping 30s...
2026-07-30 17:46:25 INFO     | SentimentSniper      | ==================================================
2026-07-30 17:46:25 INFO     | SentimentSniper      |   📊 SENTIMENT SNIPER STATS
2026-07-30 17:46:25 INFO     | SentimentSniper      |   Tweets processed: 8
2026-07-30 17:46:25 INFO     | SentimentSniper      |   Trades executed: 2
2026-07-30 17:46:25 INFO     | SentimentSniper      |   Active trades: 2
2026-07-30 17:46:25 INFO     | SentimentSniper      |   Total PnL: $0.000000
2026-07-30 17:46:25 INFO     | SentimentSniper      | ==================================================
2026-07-30 17:46:25 INFO     | SentimentSniper      | ⏰ Sleeping 30s...
2026-07-30 17:46:56 INFO     | SentimentSniper      | ==================================================
2026-07-30 17:46:56 INFO     | SentimentSniper      |   📊 SENTIMENT SNIPER STATS
2026-07-30 17:46:56 INFO     | SentimentSniper      |   Tweets processed: 8
2026-07-30 17:46:56 INFO     | SentimentSniper      |   Trades executed: 2
2026-07-30 17:46:56 INFO     | SentimentSniper      |   Active trades: 2
2026-07-30 17:46:56 INFO     | SentimentSniper      |   Total PnL: $0.000000
2026-07-30 17:46:56 INFO     | SentimentSniper      | ==================================================
2026-07-30 17:46:56 INFO     | SentimentSniper      | ⏰ Sleeping 30s...
2026-07-30 17:47:26 INFO     | SentimentSniper      | ==================================================
2026-07-30 17:47:26 INFO     | SentimentSniper      |   📊 SENTIMENT SNIPER STATS
2026-07-30 17:47:26 INFO     | SentimentSniper      |   Tweets processed: 8
2026-07-30 17:47:26 INFO     | SentimentSniper      |   Trades executed: 2
2026-07-30 17:47:26 INFO     | SentimentSniper      |   Active trades: 2
2026-07-30 17:47:26 INFO     | SentimentSniper      |   Total PnL: $0.000000
2026-07-30 17:47:26 INFO     | SentimentSniper      | ==================================================
2026-07-30 17:47:26 INFO     | SentimentSniper      | ⏰ Sleeping 30s...
2026-07-30 17:47:57 INFO     | SentimentSniper      | ==================================================
2026-07-30 17:47:57 INFO     | SentimentSniper      |   📊 SENTIMENT SNIPER STATS
2026-07-30 17:47:57 INFO     | SentimentSniper      |   Tweets processed: 8
2026-07-30 17:47:57 INFO     | SentimentSniper      |   Trades executed: 2
2026-07-30 17:47:57 INFO     | SentimentSniper      |   Active trades: 2
2026-07-30 17:47:57 INFO     | SentimentSniper      |   Total PnL: $0.000000
2026-07-30 17:47:57 INFO     | SentimentSniper      | ==================================================
2026-07-30 17:47:57 INFO     | SentimentSniper      | ⏰ Sleeping 30s...
2026-07-30 17:48:28 INFO     | SentimentSniper      | ==================================================
2026-07-30 17:48:28 INFO     | SentimentSniper      |   📊 SENTIMENT SNIPER STATS
2026-07-30 17:48:28 INFO     | SentimentSniper      |   Tweets processed: 8
2026-07-30 17:48:28 INFO     | SentimentSniper      |   Trades executed: 2
2026-07-30 17:48:28 INFO     | SentimentSniper      |   Active trades: 2
2026-07-30 17:48:28 INFO     | SentimentSniper      |   Total PnL: $0.000000
2026-07-30 17:48:28 INFO     | SentimentSniper      | ==================================================
2026-07-30 17:48:28 INFO     | SentimentSniper      | ⏰ Sleeping 30s...
2026-07-30 17:48:58 INFO     | SentimentSniper      | ==================================================
2026-07-30 17:48:58 INFO     | SentimentSniper      |   📊 SENTIMENT SNIPER STATS
2026-07-30 17:48:58 INFO     | SentimentSniper      |   Tweets processed: 8
2026-07-30 17:48:58 INFO     | SentimentSniper      |   Trades executed: 2
2026-07-30 17:48:58 INFO     | SentimentSniper      |   Active trades: 2
2026-07-30 17:48:58 INFO     | SentimentSniper      |   Total PnL: $0.000000
2026-07-30 17:48:58 INFO     | SentimentSniper      | ==================================================
2026-07-30 17:48:58 INFO     | SentimentSniper      | ⏰ Sleeping 30s...
2026-07-30 17:49:29 INFO     | SentimentSniper      | ==================================================
2026-07-30 17:49:29 INFO     | SentimentSniper      |   📊 SENTIMENT SNIPER STATS
2026-07-30 17:49:29 INFO     | SentimentSniper      |   Tweets processed: 8
2026-07-30 17:49:29 INFO     | SentimentSniper      |   Trades executed: 2
2026-07-30 17:49:29 INFO     | SentimentSniper      |   Active trades: 2
2026-07-30 17:49:29 INFO     | SentimentSniper      |   Total PnL: $0.000000
2026-07-30 17:49:29 INFO     | SentimentSniper      | ==================================================
2026-07-30 17:49:29 INFO     | SentimentSniper      | ⏰ Sleeping 30s...
2026-07-30 17:50:00 INFO     | SentimentSniper      | ==================================================
2026-07-30 17:50:00 INFO     | SentimentSniper      |   📊 SENTIMENT SNIPER STATS
2026-07-30 17:50:00 INFO     | SentimentSniper      |   Tweets processed: 8
2026-07-30 17:50:00 INFO     | SentimentSniper      |   Trades executed: 2
2026-07-30 17:50:00 INFO     | SentimentSniper      |   Active trades: 2
2026-07-30 17:50:00 INFO     | SentimentSniper      |   Total PnL: $0.000000
2026-07-30 17:50:00 INFO     | SentimentSniper      | ==================================================
2026-07-30 17:50:00 INFO     | SentimentSniper      | ⏰ Sleeping 30s...
2026-07-30 17:50:30 INFO     | SentimentSniper      | ==================================================
2026-07-30 17:50:30 INFO     | SentimentSniper      |   📊 SENTIMENT SNIPER STATS
2026-07-30 17:50:30 INFO     | SentimentSniper      |   Tweets processed: 8
2026-07-30 17:50:30 INFO     | SentimentSniper      |   Trades executed: 2
2026-07-30 17:50:30 INFO     | SentimentSniper      |   Active trades: 2
2026-07-30 17:50:30 INFO     | SentimentSniper      |   Total PnL: $0.000000
2026-07-30 17:50:30 INFO     | SentimentSniper      | ==================================================
2026-07-30 17:50:30 INFO     | SentimentSniper      | ⏰ Sleeping 30s...
2026-07-30 17:51:01 INFO     | SentimentSniper      | ==================================================
2026-07-30 17:51:01 INFO     | SentimentSniper      |   📊 SENTIMENT SNIPER STATS
2026-07-30 17:51:01 INFO     | SentimentSniper      |   Tweets processed: 8
2026-07-30 17:51:01 INFO     | SentimentSniper      |   Trades executed: 2
2026-07-30 17:51:01 INFO     | SentimentSniper      |   Active trades: 2
2026-07-30 17:51:01 INFO     | SentimentSniper      |   Total PnL: $0.000000
2026-07-30 17:51:01 INFO     | SentimentSniper      | ==================================================
2026-07-30 17:51:01 INFO     | SentimentSniper      | ⏰ Sleeping 30s...
2026-07-30 17:51:31 INFO     | SentimentSniper      | ==================================================
2026-07-30 17:51:31 INFO     | SentimentSniper      |   📊 SENTIMENT SNIPER STATS
2026-07-30 17:51:31 INFO     | SentimentSniper      |   Tweets processed: 8
2026-07-30 17:51:31 INFO     | SentimentSniper      |   Trades executed: 2
2026-07-30 17:51:31 INFO     | SentimentSniper      |   Active trades: 2
2026-07-30 17:51:31 INFO     | SentimentSniper      |   Total PnL: $0.000000
2026-07-30 17:51:31 INFO     | SentimentSniper      | ==================================================
2026-07-30 17:51:31 INFO     | SentimentSniper      | ⏰ Sleeping 30s...
2026-07-30 17:52:02 INFO     | SentimentSniper      | ==================================================
2026-07-30 17:52:02 INFO     | SentimentSniper      |   📊 SENTIMENT SNIPER STATS
2026-07-30 17:52:02 INFO     | SentimentSniper      |   Tweets processed: 8
2026-07-30 17:52:02 INFO     | SentimentSniper      |   Trades executed: 2
2026-07-30 17:52:02 INFO     | SentimentSniper      |   Active trades: 2
2026-07-30 17:52:02 INFO     | SentimentSniper      |   Total PnL: $0.000000
2026-07-30 17:52:02 INFO     | SentimentSniper      | ==================================================
2026-07-30 17:52:02 INFO     | SentimentSniper      | ⏰ Sleeping 30s...
2026-07-30 17:52:33 INFO     | SentimentSniper      | ==================================================
2026-07-30 17:52:33 INFO     | SentimentSniper      |   📊 SENTIMENT SNIPER STATS
2026-07-30 17:52:33 INFO     | SentimentSniper      |   Tweets processed: 8
2026-07-30 17:52:33 INFO     | SentimentSniper      |   Trades executed: 2
2026-07-30 17:52:33 INFO     | SentimentSniper      |   Active trades: 2
2026-07-30 17:52:33 INFO     | SentimentSniper      |   Total PnL: $0.000000
2026-07-30 17:52:33 INFO     | SentimentSniper      | ==================================================
2026-07-30 17:52:33 INFO     | SentimentSniper      | ⏰ Sleeping 30s...
2026-07-30 17:53:03 INFO     | SentimentSniper      | 📝 PAPER TRADE: Market SELL 1418.439716 DOGE/USDT @ $0.070650
2026-07-30 17:53:03 INFO     | SentimentSniper      | 🔴 TRADE CLOSED: DOGE/USDT @ $0.070670 | PnL: +$0.241135 | Time limit reached (15 min)
2026-07-30 17:53:04 INFO     | SentimentSniper      | 📝 PAPER TRADE: Market SELL 0.052050 ETH/USDT @ $1,920.27
2026-07-30 17:53:04 INFO     | SentimentSniper      | 🔴 TRADE CLOSED: ETH/USDT @ $1,920.92 | PnL: -$0.016135 | Time limit reached (15 min)
2026-07-30 17:53:04 INFO     | SentimentSniper      | ==================================================
2026-07-30 17:53:04 INFO     | SentimentSniper      |   📊 SENTIMENT SNIPER STATS
2026-07-30 17:53:04 INFO     | SentimentSniper      |   Tweets processed: 8
2026-07-30 17:53:04 INFO     | SentimentSniper      |   Trades executed: 2
2026-07-30 17:53:04 INFO     | SentimentSniper      |   Active trades: 0
2026-07-30 17:53:04 INFO     | SentimentSniper      |   Total PnL: $0.224999
2026-07-30 17:53:04 INFO     | SentimentSniper      | ==================================================
2026-07-30 17:53:04 INFO     | SentimentSniper      | ⏰ Sleeping 30s...
2026-07-30 17:53:34 INFO     | SentimentSniper      | ==================================================
2026-07-30 17:53:34 INFO     | SentimentSniper      |   📊 SENTIMENT SNIPER STATS
2026-07-30 17:53:34 INFO     | SentimentSniper      |   Tweets processed: 8
2026-07-30 17:53:34 INFO     | SentimentSniper      |   Trades executed: 2
2026-07-30 17:53:34 INFO     | SentimentSniper      |   Active trades: 0
2026-07-30 17:53:34 INFO     | SentimentSniper      |   Total PnL: $0.224999
2026-07-30 17:53:34 INFO     | SentimentSniper      | ==================================================
2026-07-30 17:53:34 INFO     | SentimentSniper      | ⏰ Sleeping 30s...
2026-07-30 17:54:04 INFO     | SentimentSniper      | ==================================================
2026-07-30 17:54:04 INFO     | SentimentSniper      |   📊 SENTIMENT SNIPER STATS
2026-07-30 17:54:04 INFO     | SentimentSniper      |   Tweets processed: 8
2026-07-30 17:54:04 INFO     | SentimentSniper      |   Trades executed: 2
2026-07-30 17:54:04 INFO     | SentimentSniper      |   Active trades: 0
2026-07-30 17:54:04 INFO     | SentimentSniper      |   Total PnL: $0.224999
2026-07-30 17:54:04 INFO     | SentimentSniper      | ==================================================
2026-07-30 17:54:04 INFO     | SentimentSniper      | ⏰ Sleeping 30s...
2026-07-30 17:54:34 INFO     | SentimentSniper      | ==================================================
2026-07-30 17:54:34 INFO     | SentimentSniper      |   📊 SENTIMENT SNIPER STATS
2026-07-30 17:54:34 INFO     | SentimentSniper      |   Tweets processed: 8
2026-07-30 17:54:34 INFO     | SentimentSniper      |   Trades executed: 2
2026-07-30 17:54:34 INFO     | SentimentSniper      |   Active trades: 0
2026-07-30 17:54:34 INFO     | SentimentSniper      |   Total PnL: $0.224999
2026-07-30 17:54:34 INFO     | SentimentSniper      | ==================================================
2026-07-30 17:54:34 INFO     | SentimentSniper      | ⏰ Sleeping 30s...
2026-07-30 17:55:04 INFO     | SentimentSniper      | ==================================================
2026-07-30 17:55:04 INFO     | SentimentSniper      |   📊 SENTIMENT SNIPER STATS
2026-07-30 17:55:04 INFO     | SentimentSniper      |   Tweets processed: 8
2026-07-30 17:55:04 INFO     | SentimentSniper      |   Trades executed: 2
2026-07-30 17:55:04 INFO     | SentimentSniper      |   Active trades: 0
2026-07-30 17:55:04 INFO     | SentimentSniper      |   Total PnL: $0.224999
2026-07-30 17:55:04 INFO     | SentimentSniper      | ==================================================
2026-07-30 17:55:04 INFO     | SentimentSniper      | ⏰ Sleeping 30s...
2026-07-30 17:55:34 INFO     | SentimentSniper      | ==================================================
2026-07-30 17:55:34 INFO     | SentimentSniper      |   📊 SENTIMENT SNIPER STATS
2026-07-30 17:55:34 INFO     | SentimentSniper      |   Tweets processed: 8
2026-07-30 17:55:34 INFO     | SentimentSniper      |   Trades executed: 2
2026-07-30 17:55:34 INFO     | SentimentSniper      |   Active trades: 0
2026-07-30 17:55:34 INFO     | SentimentSniper      |   Total PnL: $0.224999
2026-07-30 17:55:34 INFO     | SentimentSniper      | ==================================================
2026-07-30 17:55:34 INFO     | SentimentSniper      | ⏰ Sleeping 30s...
2026-07-30 17:56:04 INFO     | SentimentSniper      | ==================================================
2026-07-30 17:56:04 INFO     | SentimentSniper      |   📊 SENTIMENT SNIPER STATS
2026-07-30 17:56:04 INFO     | SentimentSniper      |   Tweets processed: 8
2026-07-30 17:56:04 INFO     | SentimentSniper      |   Trades executed: 2
2026-07-30 17:56:04 INFO     | SentimentSniper      |   Active trades: 0
2026-07-30 17:56:04 INFO     | SentimentSniper      |   Total PnL: $0.224999
2026-07-30 17:56:04 INFO     | SentimentSniper      | ==================================================
2026-07-30 17:56:04 INFO     | SentimentSniper      | ⏰ Sleeping 30s...
2026-07-30 17:56:34 INFO     | SentimentSniper      | ==================================================
2026-07-30 17:56:34 INFO     | SentimentSniper      |   📊 SENTIMENT SNIPER STATS
2026-07-30 17:56:34 INFO     | SentimentSniper      |   Tweets processed: 8
2026-07-30 17:56:34 INFO     | SentimentSniper      |   Trades executed: 2
2026-07-30 17:56:34 INFO     | SentimentSniper      |   Active trades: 0
2026-07-30 17:56:34 INFO     | SentimentSniper      |   Total PnL: $0.224999
2026-07-30 17:56:34 INFO     | SentimentSniper      | ==================================================
2026-07-30 17:56:34 INFO     | SentimentSniper      | ⏰ Sleeping 30s...
2026-07-30 17:57:04 INFO     | SentimentSniper      | ==================================================
2026-07-30 17:57:04 INFO     | SentimentSniper      |   📊 SENTIMENT SNIPER STATS
2026-07-30 17:57:04 INFO     | SentimentSniper      |   Tweets processed: 8
2026-07-30 17:57:04 INFO     | SentimentSniper      |   Trades executed: 2
2026-07-30 17:57:04 INFO     | SentimentSniper      |   Active trades: 0
2026-07-30 17:57:04 INFO     | SentimentSniper      |   Total PnL: $0.224999
2026-07-30 17:57:04 INFO     | SentimentSniper      | ==================================================
2026-07-30 17:57:04 INFO     | SentimentSniper      | ⏰ Sleeping 30s...
2026-07-30 17:57:34 INFO     | SentimentSniper      | ==================================================
2026-07-30 17:57:34 INFO     | SentimentSniper      |   📊 SENTIMENT SNIPER STATS
2026-07-30 17:57:34 INFO     | SentimentSniper      |   Tweets processed: 8
2026-07-30 17:57:34 INFO     | SentimentSniper      |   Trades executed: 2
2026-07-30 17:57:34 INFO     | SentimentSniper      |   Active trades: 0
2026-07-30 17:57:34 INFO     | SentimentSniper      |   Total PnL: $0.224999
2026-07-30 17:57:34 INFO     | SentimentSniper      | ==================================================
2026-07-30 17:57:34 INFO     | SentimentSniper      | ⏰ Sleeping 30s...
2026-07-30 17:58:04 INFO     | SentimentSniper      | ==================================================
2026-07-30 17:58:04 INFO     | SentimentSniper      |   📊 SENTIMENT SNIPER STATS
2026-07-30 17:58:04 INFO     | SentimentSniper      |   Tweets processed: 8
2026-07-30 17:58:04 INFO     | SentimentSniper      |   Trades executed: 2
2026-07-30 17:58:04 INFO     | SentimentSniper      |   Active trades: 0
2026-07-30 17:58:04 INFO     | SentimentSniper      |   Total PnL: $0.224999
2026-07-30 17:58:04 INFO     | SentimentSniper      | ==================================================
2026-07-30 17:58:04 INFO     | SentimentSniper      | ⏰ Sleeping 30s...
2026-07-30 17:58:34 INFO     | SentimentSniper      | ==================================================
2026-07-30 17:58:34 INFO     | SentimentSniper      |   📊 SENTIMENT SNIPER STATS
2026-07-30 17:58:34 INFO     | SentimentSniper      |   Tweets processed: 8
2026-07-30 17:58:34 INFO     | SentimentSniper      |   Trades executed: 2
2026-07-30 17:58:34 INFO     | SentimentSniper      |   Active trades: 0
2026-07-30 17:58:34 INFO     | SentimentSniper      |   Total PnL: $0.224999
2026-07-30 17:58:34 INFO     | SentimentSniper      | ==================================================
2026-07-30 17:58:34 INFO     | SentimentSniper      | ⏰ Sleeping 30s...
2026-07-30 17:59:04 INFO     | SentimentSniper      | ==================================================
2026-07-30 17:59:04 INFO     | SentimentSniper      |   📊 SENTIMENT SNIPER STATS
2026-07-30 17:59:04 INFO     | SentimentSniper      |   Tweets processed: 8
2026-07-30 17:59:04 INFO     | SentimentSniper      |   Trades executed: 2
2026-07-30 17:59:04 INFO     | SentimentSniper      |   Active trades: 0
2026-07-30 17:59:04 INFO     | SentimentSniper      |   Total PnL: $0.224999
2026-07-30 17:59:04 INFO     | SentimentSniper      | ==================================================
2026-07-30 17:59:04 INFO     | SentimentSniper      | ⏰ Sleeping 30s...
2026-07-30 17:59:34 INFO     | SentimentSniper      | ==================================================
2026-07-30 17:59:34 INFO     | SentimentSniper      |   📊 SENTIMENT SNIPER STATS
2026-07-30 17:59:34 INFO     | SentimentSniper      |   Tweets processed: 8
2026-07-30 17:59:34 INFO     | SentimentSniper      |   Trades executed: 2
2026-07-30 17:59:34 INFO     | SentimentSniper      |   Active trades: 0
2026-07-30 17:59:34 INFO     | SentimentSniper      |   Total PnL: $0.224999
2026-07-30 17:59:34 INFO     | SentimentSniper      | ==================================================
2026-07-30 17:59:34 INFO     | SentimentSniper      | ⏰ Sleeping 30s...
2026-07-30 18:00:04 INFO     | SentimentSniper      | ==================================================
2026-07-30 18:00:04 INFO     | SentimentSniper      |   📊 SENTIMENT SNIPER STATS
2026-07-30 18:00:04 INFO     | SentimentSniper      |   Tweets processed: 8
2026-07-30 18:00:04 INFO     | SentimentSniper      |   Trades executed: 2
2026-07-30 18:00:04 INFO     | SentimentSniper      |   Active trades: 0
2026-07-30 18:00:04 INFO     | SentimentSniper      |   Total PnL: $0.224999
2026-07-30 18:00:04 INFO     | SentimentSniper      | ==================================================
2026-07-30 18:00:04 INFO     | SentimentSniper      | ⏰ Sleeping 30s...
2026-07-30 18:00:34 INFO     | SentimentSniper      | ==================================================
2026-07-30 18:00:34 INFO     | SentimentSniper      |   📊 SENTIMENT SNIPER STATS
2026-07-30 18:00:34 INFO     | SentimentSniper      |   Tweets processed: 8
2026-07-30 18:00:34 INFO     | SentimentSniper      |   Trades executed: 2
2026-07-30 18:00:34 INFO     | SentimentSniper      |   Active trades: 0
2026-07-30 18:00:34 INFO     | SentimentSniper      |   Total PnL: $0.224999
2026-07-30 18:00:34 INFO     | SentimentSniper      | ==================================================
2026-07-30 18:00:34 INFO     | SentimentSniper      | ⏰ Sleeping 30s...
2026-07-30 18:01:04 INFO     | SentimentSniper      | ==================================================
2026-07-30 18:01:04 INFO     | SentimentSniper      |   📊 SENTIMENT SNIPER STATS
2026-07-30 18:01:04 INFO     | SentimentSniper      |   Tweets processed: 8
2026-07-30 18:01:04 INFO     | SentimentSniper      |   Trades executed: 2
2026-07-30 18:01:04 INFO     | SentimentSniper      |   Active trades: 0
2026-07-30 18:01:04 INFO     | SentimentSniper      |   Total PnL: $0.224999
2026-07-30 18:01:04 INFO     | SentimentSniper      | ==================================================
2026-07-30 18:01:04 INFO     | SentimentSniper      | ⏰ Sleeping 30s...
2026-07-30 18:01:34 INFO     | SentimentSniper      | ==================================================
2026-07-30 18:01:34 INFO     | SentimentSniper      |   📊 SENTIMENT SNIPER STATS
2026-07-30 18:01:34 INFO     | SentimentSniper      |   Tweets processed: 8
2026-07-30 18:01:34 INFO     | SentimentSniper      |   Trades executed: 2
2026-07-30 18:01:34 INFO     | SentimentSniper      |   Active trades: 0
2026-07-30 18:01:34 INFO     | SentimentSniper      |   Total PnL: $0.224999
2026-07-30 18:01:34 INFO     | SentimentSniper      | ==================================================
2026-07-30 18:01:34 INFO     | SentimentSniper      | ⏰ Sleeping 30s...
2026-07-30 18:02:04 INFO     | SentimentSniper      | ==================================================
2026-07-30 18:02:04 INFO     | SentimentSniper      |   📊 SENTIMENT SNIPER STATS
2026-07-30 18:02:04 INFO     | SentimentSniper      |   Tweets processed: 8
2026-07-30 18:02:04 INFO     | SentimentSniper      |   Trades executed: 2
2026-07-30 18:02:04 INFO     | SentimentSniper      |   Active trades: 0
2026-07-30 18:02:04 INFO     | SentimentSniper      |   Total PnL: $0.224999
2026-07-30 18:02:04 INFO     | SentimentSniper      | ==================================================
2026-07-30 18:02:04 INFO     | SentimentSniper      | ⏰ Sleeping 30s...
2026-07-30 18:02:34 INFO     | SentimentSniper      | ==================================================
2026-07-30 18:02:34 INFO     | SentimentSniper      |   📊 SENTIMENT SNIPER STATS
2026-07-30 18:02:34 INFO     | SentimentSniper      |   Tweets processed: 8
2026-07-30 18:02:34 INFO     | SentimentSniper      |   Trades executed: 2
2026-07-30 18:02:34 INFO     | SentimentSniper      |   Active trades: 0
2026-07-30 18:02:34 INFO     | SentimentSniper      |   Total PnL: $0.224999
2026-07-30 18:02:34 INFO     | SentimentSniper      | ==================================================
2026-07-30 18:02:34 INFO     | SentimentSniper      | ⏰ Sleeping 30s...
2026-07-30 18:03:04 INFO     | SentimentSniper      | ==================================================
2026-07-30 18:03:04 INFO     | SentimentSniper      |   📊 SENTIMENT SNIPER STATS
2026-07-30 18:03:04 INFO     | SentimentSniper      |   Tweets processed: 8
2026-07-30 18:03:04 INFO     | SentimentSniper      |   Trades executed: 2
2026-07-30 18:03:04 INFO     | SentimentSniper      |   Active trades: 0
2026-07-30 18:03:04 INFO     | SentimentSniper      |   Total PnL: $0.224999
2026-07-30 18:03:04 INFO     | SentimentSniper      | ==================================================
2026-07-30 18:03:04 INFO     | SentimentSniper      | ⏰ Sleeping 30s...
2026-07-30 18:03:34 INFO     | SentimentSniper      | ==================================================
2026-07-30 18:03:34 INFO     | SentimentSniper      |   📊 SENTIMENT SNIPER STATS
2026-07-30 18:03:34 INFO     | SentimentSniper      |   Tweets processed: 8
2026-07-30 18:03:34 INFO     | SentimentSniper      |   Trades executed: 2
2026-07-30 18:03:34 INFO     | SentimentSniper      |   Active trades: 0
2026-07-30 18:03:34 INFO     | SentimentSniper      |   Total PnL: $0.224999
2026-07-30 18:03:34 INFO     | SentimentSniper      | ==================================================
2026-07-30 18:03:34 INFO     | SentimentSniper      | ⏰ Sleeping 30s...
2026-07-30 18:04:04 INFO     | SentimentSniper      | ==================================================
2026-07-30 18:04:04 INFO     | SentimentSniper      |   📊 SENTIMENT SNIPER STATS
2026-07-30 18:04:04 INFO     | SentimentSniper      |   Tweets processed: 8
2026-07-30 18:04:04 INFO     | SentimentSniper      |   Trades executed: 2
2026-07-30 18:04:04 INFO     | SentimentSniper      |   Active trades: 0
2026-07-30 18:04:04 INFO     | SentimentSniper      |   Total PnL: $0.224999
2026-07-30 18:04:04 INFO     | SentimentSniper      | ==================================================
2026-07-30 18:04:04 INFO     | SentimentSniper      | ⏰ Sleeping 30s...
2026-07-30 18:04:34 INFO     | SentimentSniper      | ==================================================
2026-07-30 18:04:34 INFO     | SentimentSniper      |   📊 SENTIMENT SNIPER STATS
2026-07-30 18:04:34 INFO     | SentimentSniper      |   Tweets processed: 8
2026-07-30 18:04:34 INFO     | SentimentSniper      |   Trades executed: 2
2026-07-30 18:04:34 INFO     | SentimentSniper      |   Active trades: 0
2026-07-30 18:04:34 INFO     | SentimentSniper      |   Total PnL: $0.224999
2026-07-30 18:04:34 INFO     | SentimentSniper      | ==================================================
2026-07-30 18:04:34 INFO     | SentimentSniper      | ⏰ Sleeping 30s...
2026-07-30 18:05:04 INFO     | SentimentSniper      | ==================================================
2026-07-30 18:05:04 INFO     | SentimentSniper      |   📊 SENTIMENT SNIPER STATS
2026-07-30 18:05:04 INFO     | SentimentSniper      |   Tweets processed: 8
2026-07-30 18:05:04 INFO     | SentimentSniper      |   Trades executed: 2
2026-07-30 18:05:04 INFO     | SentimentSniper      |   Active trades: 0
2026-07-30 18:05:04 INFO     | SentimentSniper      |   Total PnL: $0.224999
2026-07-30 18:05:04 INFO     | SentimentSniper      | ==================================================
2026-07-30 18:05:04 INFO     | SentimentSniper      | ⏰ Sleeping 30s...
2026-07-30 18:05:34 INFO     | SentimentSniper      | ==================================================
2026-07-30 18:05:34 INFO     | SentimentSniper      |   📊 SENTIMENT SNIPER STATS
2026-07-30 18:05:34 INFO     | SentimentSniper      |   Tweets processed: 8
2026-07-30 18:05:34 INFO     | SentimentSniper      |   Trades executed: 2
2026-07-30 18:05:34 INFO     | SentimentSniper      |   Active trades: 0
2026-07-30 18:05:34 INFO     | SentimentSniper      |   Total PnL: $0.224999
2026-07-30 18:05:34 INFO     | SentimentSniper      | ==================================================
2026-07-30 18:05:34 INFO     | SentimentSniper      | ⏰ Sleeping 30s...
2026-07-30 18:06:04 INFO     | SentimentSniper      | ==================================================
2026-07-30 18:06:04 INFO     | SentimentSniper      |   📊 SENTIMENT SNIPER STATS
2026-07-30 18:06:04 INFO     | SentimentSniper      |   Tweets processed: 8
2026-07-30 18:06:04 INFO     | SentimentSniper      |   Trades executed: 2
2026-07-30 18:06:04 INFO     | SentimentSniper      |   Active trades: 0
2026-07-30 18:06:04 INFO     | SentimentSniper      |   Total PnL: $0.224999
2026-07-30 18:06:04 INFO     | SentimentSniper      | ==================================================
2026-07-30 18:06:04 INFO     | SentimentSniper      | ⏰ Sleeping 30s...
2026-07-30 18:06:34 INFO     | SentimentSniper      | ==================================================
2026-07-30 18:06:34 INFO     | SentimentSniper      |   📊 SENTIMENT SNIPER STATS
2026-07-30 18:06:34 INFO     | SentimentSniper      |   Tweets processed: 8
2026-07-30 18:06:34 INFO     | SentimentSniper      |   Trades executed: 2
2026-07-30 18:06:34 INFO     | SentimentSniper      |   Active trades: 0
2026-07-30 18:06:34 INFO     | SentimentSniper      |   Total PnL: $0.224999
2026-07-30 18:06:34 INFO     | SentimentSniper      | ==================================================
2026-07-30 18:06:34 INFO     | SentimentSniper      | ⏰ Sleeping 30s...
2026-07-30 18:07:04 INFO     | SentimentSniper      | ==================================================
2026-07-30 18:07:04 INFO     | SentimentSniper      |   📊 SENTIMENT SNIPER STATS
2026-07-30 18:07:04 INFO     | SentimentSniper      |   Tweets processed: 8
2026-07-30 18:07:04 INFO     | SentimentSniper      |   Trades executed: 2
2026-07-30 18:07:04 INFO     | SentimentSniper      |   Active trades: 0
2026-07-30 18:07:04 INFO     | SentimentSniper      |   Total PnL: $0.224999
2026-07-30 18:07:04 INFO     | SentimentSniper      | ==================================================
2026-07-30 18:07:04 INFO     | SentimentSniper      | ⏰ Sleeping 30s...
2026-07-30 18:07:34 INFO     | SentimentSniper      | ==================================================
2026-07-30 18:07:34 INFO     | SentimentSniper      |   📊 SENTIMENT SNIPER STATS
2026-07-30 18:07:34 INFO     | SentimentSniper      |   Tweets processed: 8
2026-07-30 18:07:34 INFO     | SentimentSniper      |   Trades executed: 2
2026-07-30 18:07:34 INFO     | SentimentSniper      |   Active trades: 0
2026-07-30 18:07:34 INFO     | SentimentSniper      |   Total PnL: $0.224999
2026-07-30 18:07:34 INFO     | SentimentSniper      | ==================================================
2026-07-30 18:07:34 INFO     | SentimentSniper      | ⏰ Sleeping 30s...
2026-07-30 18:08:04 INFO     | SentimentSniper      | ==================================================
2026-07-30 18:08:04 INFO     | SentimentSniper      |   📊 SENTIMENT SNIPER STATS
2026-07-30 18:08:04 INFO     | SentimentSniper      |   Tweets processed: 8
2026-07-30 18:08:04 INFO     | SentimentSniper      |   Trades executed: 2
2026-07-30 18:08:04 INFO     | SentimentSniper      |   Active trades: 0
2026-07-30 18:08:04 INFO     | SentimentSniper      |   Total PnL: $0.224999
2026-07-30 18:08:04 INFO     | SentimentSniper      | ==================================================
2026-07-30 18:08:04 INFO     | SentimentSniper      | ⏰ Sleeping 30s...
2026-07-30 18:08:34 INFO     | SentimentSniper      | ==================================================
2026-07-30 18:08:34 INFO     | SentimentSniper      |   📊 SENTIMENT SNIPER STATS
2026-07-30 18:08:34 INFO     | SentimentSniper      |   Tweets processed: 8
2026-07-30 18:08:34 INFO     | SentimentSniper      |   Trades executed: 2
2026-07-30 18:08:34 INFO     | SentimentSniper      |   Active trades: 0
2026-07-30 18:08:34 INFO     | SentimentSniper      |   Total PnL: $0.224999
2026-07-30 18:08:34 INFO     | SentimentSniper      | ==================================================
2026-07-30 18:08:34 INFO     | SentimentSniper      | ⏰ Sleeping 30s...
2026-07-30 18:09:04 INFO     | SentimentSniper      | ==================================================
2026-07-30 18:09:04 INFO     | SentimentSniper      |   📊 SENTIMENT SNIPER STATS
2026-07-30 18:09:04 INFO     | SentimentSniper      |   Tweets processed: 8
2026-07-30 18:09:04 INFO     | SentimentSniper      |   Trades executed: 2
2026-07-30 18:09:04 INFO     | SentimentSniper      |   Active trades: 0
2026-07-30 18:09:04 INFO     | SentimentSniper      |   Total PnL: $0.224999
2026-07-30 18:09:04 INFO     | SentimentSniper      | ==================================================
2026-07-30 18:09:04 INFO     | SentimentSniper      | ⏰ Sleeping 30s...
2026-07-30 18:09:34 INFO     | SentimentSniper      | ==================================================
2026-07-30 18:09:34 INFO     | SentimentSniper      |   📊 SENTIMENT SNIPER STATS
2026-07-30 18:09:34 INFO     | SentimentSniper      |   Tweets processed: 8
2026-07-30 18:09:34 INFO     | SentimentSniper      |   Trades executed: 2
2026-07-30 18:09:34 INFO     | SentimentSniper      |   Active trades: 0
2026-07-30 18:09:34 INFO     | SentimentSniper      |   Total PnL: $0.224999
2026-07-30 18:09:34 INFO     | SentimentSniper      | ==================================================
2026-07-30 18:09:34 INFO     | SentimentSniper      | ⏰ Sleeping 30s...
2026-07-30 18:10:04 INFO     | SentimentSniper      | ==================================================
2026-07-30 18:10:04 INFO     | SentimentSniper      |   📊 SENTIMENT SNIPER STATS
2026-07-30 18:10:04 INFO     | SentimentSniper      |   Tweets processed: 8
2026-07-30 18:10:04 INFO     | SentimentSniper      |   Trades executed: 2
2026-07-30 18:10:04 INFO     | SentimentSniper      |   Active trades: 0
2026-07-30 18:10:04 INFO     | SentimentSniper      |   Total PnL: $0.224999
2026-07-30 18:10:04 INFO     | SentimentSniper      | ==================================================
2026-07-30 18:10:04 INFO     | SentimentSniper      | ⏰ Sleeping 30s...
2026-07-30 18:10:34 INFO     | SentimentSniper      | ==================================================
2026-07-30 18:10:34 INFO     | SentimentSniper      |   📊 SENTIMENT SNIPER STATS
2026-07-30 18:10:34 INFO     | SentimentSniper      |   Tweets processed: 8
2026-07-30 18:10:34 INFO     | SentimentSniper      |   Trades executed: 2
2026-07-30 18:10:34 INFO     | SentimentSniper      |   Active trades: 0
2026-07-30 18:10:34 INFO     | SentimentSniper      |   Total PnL: $0.224999
2026-07-30 18:10:34 INFO     | SentimentSniper      | ==================================================
2026-07-30 18:10:34 INFO     | SentimentSniper      | ⏰ Sleeping 30s...
2026-07-30 18:11:04 INFO     | SentimentSniper      | ==================================================
2026-07-30 18:11:04 INFO     | SentimentSniper      |   📊 SENTIMENT SNIPER STATS
2026-07-30 18:11:04 INFO     | SentimentSniper      |   Tweets processed: 8
2026-07-30 18:11:04 INFO     | SentimentSniper      |   Trades executed: 2
2026-07-30 18:11:04 INFO     | SentimentSniper      |   Active trades: 0
2026-07-30 18:11:04 INFO     | SentimentSniper      |   Total PnL: $0.224999
2026-07-30 18:11:04 INFO     | SentimentSniper      | ==================================================
2026-07-30 18:11:04 INFO     | SentimentSniper      | ⏰ Sleeping 30s...
2026-07-30 18:11:34 INFO     | SentimentSniper      | ==================================================
2026-07-30 18:11:34 INFO     | SentimentSniper      |   📊 SENTIMENT SNIPER STATS
2026-07-30 18:11:34 INFO     | SentimentSniper      |   Tweets processed: 8
2026-07-30 18:11:34 INFO     | SentimentSniper      |   Trades executed: 2
2026-07-30 18:11:34 INFO     | SentimentSniper      |   Active trades: 0
2026-07-30 18:11:34 INFO     | SentimentSniper      |   Total PnL: $0.224999
2026-07-30 18:11:34 INFO     | SentimentSniper      | ==================================================
2026-07-30 18:11:34 INFO     | SentimentSniper      | ⏰ Sleeping 30s...
2026-07-30 18:12:04 INFO     | SentimentSniper      | ==================================================
2026-07-30 18:12:04 INFO     | SentimentSniper      |   📊 SENTIMENT SNIPER STATS
2026-07-30 18:12:04 INFO     | SentimentSniper      |   Tweets processed: 8
2026-07-30 18:12:04 INFO     | SentimentSniper      |   Trades executed: 2
2026-07-30 18:12:04 INFO     | SentimentSniper      |   Active trades: 0
2026-07-30 18:12:04 INFO     | SentimentSniper      |   Total PnL: $0.224999
2026-07-30 18:12:04 INFO     | SentimentSniper      | ==================================================
2026-07-30 18:12:04 INFO     | SentimentSniper      | ⏰ Sleeping 30s...
2026-07-30 18:12:34 INFO     | SentimentSniper      | ==================================================
2026-07-30 18:12:34 INFO     | SentimentSniper      |   📊 SENTIMENT SNIPER STATS
2026-07-30 18:12:34 INFO     | SentimentSniper      |   Tweets processed: 8
2026-07-30 18:12:34 INFO     | SentimentSniper      |   Trades executed: 2
2026-07-30 18:12:34 INFO     | SentimentSniper      |   Active trades: 0
2026-07-30 18:12:34 INFO     | SentimentSniper      |   Total PnL: $0.224999
2026-07-30 18:12:34 INFO     | SentimentSniper      | ==================================================
2026-07-30 18:12:34 INFO     | SentimentSniper      | ⏰ Sleeping 30s...
2026-07-30 18:13:04 INFO     | SentimentSniper      | ==================================================
2026-07-30 18:13:04 INFO     | SentimentSniper      |   📊 SENTIMENT SNIPER STATS
2026-07-30 18:13:04 INFO     | SentimentSniper      |   Tweets processed: 8
2026-07-30 18:13:04 INFO     | SentimentSniper      |   Trades executed: 2
2026-07-30 18:13:04 INFO     | SentimentSniper      |   Active trades: 0
2026-07-30 18:13:04 INFO     | SentimentSniper      |   Total PnL: $0.224999
2026-07-30 18:13:04 INFO     | SentimentSniper      | ==================================================
2026-07-30 18:13:04 INFO     | SentimentSniper      | ⏰ Sleeping 30s...
2026-07-30 18:13:34 INFO     | SentimentSniper      | ==================================================
2026-07-30 18:13:34 INFO     | SentimentSniper      |   📊 SENTIMENT SNIPER STATS
2026-07-30 18:13:34 INFO     | SentimentSniper      |   Tweets processed: 8
2026-07-30 18:13:34 INFO     | SentimentSniper      |   Trades executed: 2
2026-07-30 18:13:34 INFO     | SentimentSniper      |   Active trades: 0
2026-07-30 18:13:34 INFO     | SentimentSniper      |   Total PnL: $0.224999
2026-07-30 18:13:34 INFO     | SentimentSniper      | ==================================================
2026-07-30 18:13:34 INFO     | SentimentSniper      | ⏰ Sleeping 30s...
2026-07-30 18:14:04 INFO     | SentimentSniper      | ==================================================
2026-07-30 18:14:04 INFO     | SentimentSniper      |   📊 SENTIMENT SNIPER STATS
2026-07-30 18:14:04 INFO     | SentimentSniper      |   Tweets processed: 8
2026-07-30 18:14:04 INFO     | SentimentSniper      |   Trades executed: 2
2026-07-30 18:14:04 INFO     | SentimentSniper      |   Active trades: 0
2026-07-30 18:14:04 INFO     | SentimentSniper      |   Total PnL: $0.224999
2026-07-30 18:14:04 INFO     | SentimentSniper      | ==================================================
2026-07-30 18:14:04 INFO     | SentimentSniper      | ⏰ Sleeping 30s...
2026-07-30 18:14:34 INFO     | SentimentSniper      | ==================================================
2026-07-30 18:14:34 INFO     | SentimentSniper      |   📊 SENTIMENT SNIPER STATS
2026-07-30 18:14:34 INFO     | SentimentSniper      |   Tweets processed: 8
2026-07-30 18:14:34 INFO     | SentimentSniper      |   Trades executed: 2
2026-07-30 18:14:34 INFO     | SentimentSniper      |   Active trades: 0
2026-07-30 18:14:34 INFO     | SentimentSniper      |   Total PnL: $0.224999
2026-07-30 18:14:34 INFO     | SentimentSniper      | ==================================================
2026-07-30 18:14:34 INFO     | SentimentSniper      | ⏰ Sleeping 30s...
2026-07-30 18:15:04 INFO     | SentimentSniper      | ==================================================
2026-07-30 18:15:04 INFO     | SentimentSniper      |   📊 SENTIMENT SNIPER STATS
2026-07-30 18:15:04 INFO     | SentimentSniper      |   Tweets processed: 8
2026-07-30 18:15:04 INFO     | SentimentSniper      |   Trades executed: 2
2026-07-30 18:15:04 INFO     | SentimentSniper      |   Active trades: 0
2026-07-30 18:15:04 INFO     | SentimentSniper      |   Total PnL: $0.224999
2026-07-30 18:15:04 INFO     | SentimentSniper      | ==================================================
2026-07-30 18:15:04 INFO     | SentimentSniper      | ⏰ Sleeping 30s...
2026-07-30 18:15:34 INFO     | SentimentSniper      | ==================================================
2026-07-30 18:15:34 INFO     | SentimentSniper      |   📊 SENTIMENT SNIPER STATS
2026-07-30 18:15:34 INFO     | SentimentSniper      |   Tweets processed: 8
2026-07-30 18:15:34 INFO     | SentimentSniper      |   Trades executed: 2
2026-07-30 18:15:34 INFO     | SentimentSniper      |   Active trades: 0
2026-07-30 18:15:34 INFO     | SentimentSniper      |   Total PnL: $0.224999
2026-07-30 18:15:34 INFO     | SentimentSniper      | ==================================================
2026-07-30 18:15:34 INFO     | SentimentSniper      | ⏰ Sleeping 30s...
2026-07-30 18:16:04 INFO     | SentimentSniper      | ==================================================
2026-07-30 18:16:04 INFO     | SentimentSniper      |   📊 SENTIMENT SNIPER STATS
2026-07-30 18:16:04 INFO     | SentimentSniper      |   Tweets processed: 8
2026-07-30 18:16:04 INFO     | SentimentSniper      |   Trades executed: 2
2026-07-30 18:16:04 INFO     | SentimentSniper      |   Active trades: 0
2026-07-30 18:16:04 INFO     | SentimentSniper      |   Total PnL: $0.224999
2026-07-30 18:16:04 INFO     | SentimentSniper      | ==================================================
2026-07-30 18:16:04 INFO     | SentimentSniper      | ⏰ Sleeping 30s...
2026-07-30 18:16:34 INFO     | SentimentSniper      | ==================================================
2026-07-30 18:16:34 INFO     | SentimentSniper      |   📊 SENTIMENT SNIPER STATS
2026-07-30 18:16:34 INFO     | SentimentSniper      |   Tweets processed: 8
2026-07-30 18:16:34 INFO     | SentimentSniper      |   Trades executed: 2
2026-07-30 18:16:34 INFO     | SentimentSniper      |   Active trades: 0
2026-07-30 18:16:34 INFO     | SentimentSniper      |   Total PnL: $0.224999
2026-07-30 18:16:34 INFO     | SentimentSniper      | ==================================================
2026-07-30 18:16:34 INFO     | SentimentSniper      | ⏰ Sleeping 30s...
2026-07-30 18:17:04 INFO     | SentimentSniper      | ==================================================
2026-07-30 18:17:04 INFO     | SentimentSniper      |   📊 SENTIMENT SNIPER STATS
2026-07-30 18:17:04 INFO     | SentimentSniper      |   Tweets processed: 8
2026-07-30 18:17:04 INFO     | SentimentSniper      |   Trades executed: 2
2026-07-30 18:17:04 INFO     | SentimentSniper      |   Active trades: 0
2026-07-30 18:17:04 INFO     | SentimentSniper      |   Total PnL: $0.224999
2026-07-30 18:17:04 INFO     | SentimentSniper      | ==================================================
2026-07-30 18:17:04 INFO     | SentimentSniper      | ⏰ Sleeping 30s...
2026-07-30 18:17:34 INFO     | SentimentSniper      | ==================================================
2026-07-30 18:17:34 INFO     | SentimentSniper      |   📊 SENTIMENT SNIPER STATS
2026-07-30 18:17:34 INFO     | SentimentSniper      |   Tweets processed: 8
2026-07-30 18:17:34 INFO     | SentimentSniper      |   Trades executed: 2
2026-07-30 18:17:34 INFO     | SentimentSniper      |   Active trades: 0
2026-07-30 18:17:34 INFO     | SentimentSniper      |   Total PnL: $0.224999
2026-07-30 18:17:34 INFO     | SentimentSniper      | ==================================================
2026-07-30 18:17:34 INFO     | SentimentSniper      | ⏰ Sleeping 30s...
2026-07-30 18:18:04 INFO     | SentimentSniper      | ==================================================
2026-07-30 18:18:04 INFO     | SentimentSniper      |   📊 SENTIMENT SNIPER STATS
2026-07-30 18:18:04 INFO     | SentimentSniper      |   Tweets processed: 8
2026-07-30 18:18:04 INFO     | SentimentSniper      |   Trades executed: 2
2026-07-30 18:18:04 INFO     | SentimentSniper      |   Active trades: 0
2026-07-30 18:18:04 INFO     | SentimentSniper      |   Total PnL: $0.224999
2026-07-30 18:18:04 INFO     | SentimentSniper      | ==================================================
2026-07-30 18:18:04 INFO     | SentimentSniper      | ⏰ Sleeping 30s...
2026-07-30 18:18:34 INFO     | SentimentSniper      | ==================================================
2026-07-30 18:18:34 INFO     | SentimentSniper      |   📊 SENTIMENT SNIPER STATS
2026-07-30 18:18:34 INFO     | SentimentSniper      |   Tweets processed: 8
2026-07-30 18:18:34 INFO     | SentimentSniper      |   Trades executed: 2
2026-07-30 18:18:34 INFO     | SentimentSniper      |   Active trades: 0
2026-07-30 18:18:34 INFO     | SentimentSniper      |   Total PnL: $0.224999
2026-07-30 18:18:34 INFO     | SentimentSniper      | ==================================================
2026-07-30 18:18:34 INFO     | SentimentSniper      | ⏰ Sleeping 30s...
2026-07-30 18:19:04 INFO     | SentimentSniper      | ==================================================
2026-07-30 18:19:04 INFO     | SentimentSniper      |   📊 SENTIMENT SNIPER STATS
2026-07-30 18:19:04 INFO     | SentimentSniper      |   Tweets processed: 8
2026-07-30 18:19:04 INFO     | SentimentSniper      |   Trades executed: 2
2026-07-30 18:19:04 INFO     | SentimentSniper      |   Active trades: 0
2026-07-30 18:19:04 INFO     | SentimentSniper      |   Total PnL: $0.224999
2026-07-30 18:19:04 INFO     | SentimentSniper      | ==================================================
2026-07-30 18:19:04 INFO     | SentimentSniper      | ⏰ Sleeping 30s...
2026-07-30 18:19:34 INFO     | SentimentSniper      | ==================================================
2026-07-30 18:19:34 INFO     | SentimentSniper      |   📊 SENTIMENT SNIPER STATS
2026-07-30 18:19:34 INFO     | SentimentSniper      |   Tweets processed: 8
2026-07-30 18:19:34 INFO     | SentimentSniper      |   Trades executed: 2
2026-07-30 18:19:34 INFO     | SentimentSniper      |   Active trades: 0
2026-07-30 18:19:34 INFO     | SentimentSniper      |   Total PnL: $0.224999
2026-07-30 18:19:34 INFO     | SentimentSniper      | ==================================================
2026-07-30 18:19:34 INFO     | SentimentSniper      | ⏰ Sleeping 30s...
2026-07-30 18:20:04 INFO     | SentimentSniper      | ==================================================
2026-07-30 18:20:04 INFO     | SentimentSniper      |   📊 SENTIMENT SNIPER STATS
2026-07-30 18:20:04 INFO     | SentimentSniper      |   Tweets processed: 8
2026-07-30 18:20:04 INFO     | SentimentSniper      |   Trades executed: 2
2026-07-30 18:20:04 INFO     | SentimentSniper      |   Active trades: 0
2026-07-30 18:20:04 INFO     | SentimentSniper      |   Total PnL: $0.224999
2026-07-30 18:20:04 INFO     | SentimentSniper      | ==================================================
2026-07-30 18:20:04 INFO     | SentimentSniper      | ⏰ Sleeping 30s...
2026-07-30 18:20:34 INFO     | SentimentSniper      | ==================================================
2026-07-30 18:20:34 INFO     | SentimentSniper      |   📊 SENTIMENT SNIPER STATS
2026-07-30 18:20:34 INFO     | SentimentSniper      |   Tweets processed: 8
2026-07-30 18:20:34 INFO     | SentimentSniper      |   Trades executed: 2
2026-07-30 18:20:34 INFO     | SentimentSniper      |   Active trades: 0
2026-07-30 18:20:34 INFO     | SentimentSniper      |   Total PnL: $0.224999
2026-07-30 18:20:34 INFO     | SentimentSniper      | ==================================================
2026-07-30 18:20:34 INFO     | SentimentSniper      | ⏰ Sleeping 30s...
2026-07-30 18:21:04 INFO     | SentimentSniper      | ==================================================
2026-07-30 18:21:04 INFO     | SentimentSniper      |   📊 SENTIMENT SNIPER STATS
2026-07-30 18:21:04 INFO     | SentimentSniper      |   Tweets processed: 8
2026-07-30 18:21:04 INFO     | SentimentSniper      |   Trades executed: 2
2026-07-30 18:21:04 INFO     | SentimentSniper      |   Active trades: 0
2026-07-30 18:21:04 INFO     | SentimentSniper      |   Total PnL: $0.224999
2026-07-30 18:21:04 INFO     | SentimentSniper      | ==================================================
2026-07-30 18:21:04 INFO     | SentimentSniper      | ⏰ Sleeping 30s...
2026-07-30 18:21:34 INFO     | SentimentSniper      | ==================================================
2026-07-30 18:21:34 INFO     | SentimentSniper      |   📊 SENTIMENT SNIPER STATS
2026-07-30 18:21:34 INFO     | SentimentSniper      |   Tweets processed: 8
2026-07-30 18:21:34 INFO     | SentimentSniper      |   Trades executed: 2
2026-07-30 18:21:34 INFO     | SentimentSniper      |   Active trades: 0
2026-07-30 18:21:34 INFO     | SentimentSniper      |   Total PnL: $0.224999
2026-07-30 18:21:34 INFO     | SentimentSniper      | ==================================================
2026-07-30 18:21:34 INFO     | SentimentSniper      | ⏰ Sleeping 30s...
2026-07-30 18:22:04 INFO     | SentimentSniper      | ==================================================
2026-07-30 18:22:04 INFO     | SentimentSniper      |   📊 SENTIMENT SNIPER STATS
2026-07-30 18:22:04 INFO     | SentimentSniper      |   Tweets processed: 8
2026-07-30 18:22:04 INFO     | SentimentSniper      |   Trades executed: 2
2026-07-30 18:22:04 INFO     | SentimentSniper      |   Active trades: 0
2026-07-30 18:22:04 INFO     | SentimentSniper      |   Total PnL: $0.224999
2026-07-30 18:22:04 INFO     | SentimentSniper      | ==================================================
2026-07-30 18:22:04 INFO     | SentimentSniper      | ⏰ Sleeping 30s...
2026-07-30 18:22:34 INFO     | SentimentSniper      | ==================================================
2026-07-30 18:22:34 INFO     | SentimentSniper      |   📊 SENTIMENT SNIPER STATS
2026-07-30 18:22:34 INFO     | SentimentSniper      |   Tweets processed: 8
2026-07-30 18:22:34 INFO     | SentimentSniper      |   Trades executed: 2
2026-07-30 18:22:34 INFO     | SentimentSniper      |   Active trades: 0
2026-07-30 18:22:34 INFO     | SentimentSniper      |   Total PnL: $0.224999
2026-07-30 18:22:34 INFO     | SentimentSniper      | ==================================================
2026-07-30 18:22:34 INFO     | SentimentSniper      | ⏰ Sleeping 30s...
2026-07-30 18:23:04 INFO     | SentimentSniper      | ==================================================
2026-07-30 18:23:04 INFO     | SentimentSniper      |   📊 SENTIMENT SNIPER STATS
2026-07-30 18:23:04 INFO     | SentimentSniper      |   Tweets processed: 8
2026-07-30 18:23:04 INFO     | SentimentSniper      |   Trades executed: 2
2026-07-30 18:23:04 INFO     | SentimentSniper      |   Active trades: 0
2026-07-30 18:23:04 INFO     | SentimentSniper      |   Total PnL: $0.224999
2026-07-30 18:23:04 INFO     | SentimentSniper      | ==================================================
2026-07-30 18:23:04 INFO     | SentimentSniper      | ⏰ Sleeping 30s...
2026-07-30 18:23:34 INFO     | SentimentSniper      | ==================================================
2026-07-30 18:23:34 INFO     | SentimentSniper      |   📊 SENTIMENT SNIPER STATS
2026-07-30 18:23:34 INFO     | SentimentSniper      |   Tweets processed: 8
2026-07-30 18:23:34 INFO     | SentimentSniper      |   Trades executed: 2
2026-07-30 18:23:34 INFO     | SentimentSniper      |   Active trades: 0
2026-07-30 18:23:34 INFO     | SentimentSniper      |   Total PnL: $0.224999
2026-07-30 18:23:34 INFO     | SentimentSniper      | ==================================================
2026-07-30 18:23:34 INFO     | SentimentSniper      | ⏰ Sleeping 30s...
2026-07-30 18:24:04 INFO     | SentimentSniper      | ==================================================
2026-07-30 18:24:04 INFO     | SentimentSniper      |   📊 SENTIMENT SNIPER STATS
2026-07-30 18:24:04 INFO     | SentimentSniper      |   Tweets processed: 8
2026-07-30 18:24:04 INFO     | SentimentSniper      |   Trades executed: 2
2026-07-30 18:24:04 INFO     | SentimentSniper      |   Active trades: 0
2026-07-30 18:24:04 INFO     | SentimentSniper      |   Total PnL: $0.224999
2026-07-30 18:24:04 INFO     | SentimentSniper      | ==================================================
2026-07-30 18:24:04 INFO     | SentimentSniper      | ⏰ Sleeping 30s...
2026-07-30 18:24:34 INFO     | SentimentSniper      | ==================================================
2026-07-30 18:24:34 INFO     | SentimentSniper      |   📊 SENTIMENT SNIPER STATS
2026-07-30 18:24:34 INFO     | SentimentSniper      |   Tweets processed: 8
2026-07-30 18:24:34 INFO     | SentimentSniper      |   Trades executed: 2
2026-07-30 18:24:34 INFO     | SentimentSniper      |   Active trades: 0
2026-07-30 18:24:34 INFO     | SentimentSniper      |   Total PnL: $0.224999
2026-07-30 18:24:34 INFO     | SentimentSniper      | ==================================================
2026-07-30 18:24:34 INFO     | SentimentSniper      | ⏰ Sleeping 30s...
2026-07-30 18:25:04 INFO     | SentimentSniper      | ==================================================
2026-07-30 18:25:04 INFO     | SentimentSniper      |   📊 SENTIMENT SNIPER STATS
2026-07-30 18:25:04 INFO     | SentimentSniper      |   Tweets processed: 8
2026-07-30 18:25:04 INFO     | SentimentSniper      |   Trades executed: 2
2026-07-30 18:25:04 INFO     | SentimentSniper      |   Active trades: 0
2026-07-30 18:25:04 INFO     | SentimentSniper      |   Total PnL: $0.224999
2026-07-30 18:25:04 INFO     | SentimentSniper      | ==================================================
2026-07-30 18:25:04 INFO     | SentimentSniper      | ⏰ Sleeping 30s...
2026-07-30 18:25:34 INFO     | SentimentSniper      | ==================================================
2026-07-30 18:25:34 INFO     | SentimentSniper      |   📊 SENTIMENT SNIPER STATS
2026-07-30 18:25:34 INFO     | SentimentSniper      |   Tweets processed: 8
2026-07-30 18:25:34 INFO     | SentimentSniper      |   Trades executed: 2
2026-07-30 18:25:34 INFO     | SentimentSniper      |   Active trades: 0
2026-07-30 18:25:34 INFO     | SentimentSniper      |   Total PnL: $0.224999
2026-07-30 18:25:34 INFO     | SentimentSniper      | ==================================================
2026-07-30 18:25:34 INFO     | SentimentSniper      | ⏰ Sleeping 30s...
2026-07-30 18:26:04 INFO     | SentimentSniper      | ==================================================
2026-07-30 18:26:04 INFO     | SentimentSniper      |   📊 SENTIMENT SNIPER STATS
2026-07-30 18:26:04 INFO     | SentimentSniper      |   Tweets processed: 8
2026-07-30 18:26:04 INFO     | SentimentSniper      |   Trades executed: 2
2026-07-30 18:26:04 INFO     | SentimentSniper      |   Active trades: 0
2026-07-30 18:26:04 INFO     | SentimentSniper      |   Total PnL: $0.224999
2026-07-30 18:26:04 INFO     | SentimentSniper      | ==================================================
2026-07-30 18:26:04 INFO     | SentimentSniper      | ⏰ Sleeping 30s...
2026-07-30 18:26:34 INFO     | SentimentSniper      | ==================================================
2026-07-30 18:26:34 INFO     | SentimentSniper      |   📊 SENTIMENT SNIPER STATS
2026-07-30 18:26:34 INFO     | SentimentSniper      |   Tweets processed: 8
2026-07-30 18:26:34 INFO     | SentimentSniper      |   Trades executed: 2
2026-07-30 18:26:34 INFO     | SentimentSniper      |   Active trades: 0
2026-07-30 18:26:34 INFO     | SentimentSniper      |   Total PnL: $0.224999
2026-07-30 18:26:34 INFO     | SentimentSniper      | ==================================================
2026-07-30 18:26:34 INFO     | SentimentSniper      | ⏰ Sleeping 30s...
2026-07-30 18:27:04 INFO     | SentimentSniper      | ==================================================
2026-07-30 18:27:04 INFO     | SentimentSniper      |   📊 SENTIMENT SNIPER STATS
2026-07-30 18:27:04 INFO     | SentimentSniper      |   Tweets processed: 8
2026-07-30 18:27:04 INFO     | SentimentSniper      |   Trades executed: 2
2026-07-30 18:27:04 INFO     | SentimentSniper      |   Active trades: 0
2026-07-30 18:27:04 INFO     | SentimentSniper      |   Total PnL: $0.224999
2026-07-30 18:27:04 INFO     | SentimentSniper      | ==================================================
2026-07-30 18:27:04 INFO     | SentimentSniper      | ⏰ Sleeping 30s...
2026-07-30 18:27:34 INFO     | SentimentSniper      | ==================================================
2026-07-30 18:27:34 INFO     | SentimentSniper      |   📊 SENTIMENT SNIPER STATS
2026-07-30 18:27:34 INFO     | SentimentSniper      |   Tweets processed: 8
2026-07-30 18:27:34 INFO     | SentimentSniper      |   Trades executed: 2
2026-07-30 18:27:34 INFO     | SentimentSniper      |   Active trades: 0
2026-07-30 18:27:34 INFO     | SentimentSniper      |   Total PnL: $0.224999
2026-07-30 18:27:34 INFO     | SentimentSniper      | ==================================================
2026-07-30 18:27:34 INFO     | SentimentSniper      | ⏰ Sleeping 30s...
2026-07-30 18:28:04 INFO     | SentimentSniper      | ==================================================
2026-07-30 18:28:04 INFO     | SentimentSniper      |   📊 SENTIMENT SNIPER STATS
2026-07-30 18:28:04 INFO     | SentimentSniper      |   Tweets processed: 8
2026-07-30 18:28:04 INFO     | SentimentSniper      |   Trades executed: 2
2026-07-30 18:28:04 INFO     | SentimentSniper      |   Active trades: 0
2026-07-30 18:28:04 INFO     | SentimentSniper      |   Total PnL: $0.224999
2026-07-30 18:28:04 INFO     | SentimentSniper      | ==================================================
2026-07-30 18:28:04 INFO     | SentimentSniper      | ⏰ Sleeping 30s...
2026-07-30 18:28:34 INFO     | SentimentSniper      | ==================================================
2026-07-30 18:28:34 INFO     | SentimentSniper      |   📊 SENTIMENT SNIPER STATS
2026-07-30 18:28:34 INFO     | SentimentSniper      |   Tweets processed: 8
2026-07-30 18:28:34 INFO     | SentimentSniper      |   Trades executed: 2
2026-07-30 18:28:34 INFO     | SentimentSniper      |   Active trades: 0
2026-07-30 18:28:34 INFO     | SentimentSniper      |   Total PnL: $0.224999
2026-07-30 18:28:34 INFO     | SentimentSniper      | ==================================================
2026-07-30 18:28:34 INFO     | SentimentSniper      | ⏰ Sleeping 30s...
2026-07-30 18:29:04 INFO     | SentimentSniper      | ==================================================
2026-07-30 18:29:04 INFO     | SentimentSniper      |   📊 SENTIMENT SNIPER STATS
2026-07-30 18:29:04 INFO     | SentimentSniper      |   Tweets processed: 8
2026-07-30 18:29:04 INFO     | SentimentSniper      |   Trades executed: 2
2026-07-30 18:29:04 INFO     | SentimentSniper      |   Active trades: 0
2026-07-30 18:29:04 INFO     | SentimentSniper      |   Total PnL: $0.224999
2026-07-30 18:29:04 INFO     | SentimentSniper      | ==================================================
2026-07-30 18:29:04 INFO     | SentimentSniper      | ⏰ Sleeping 30s...
2026-07-30 18:29:34 INFO     | SentimentSniper      | ==================================================
2026-07-30 18:29:34 INFO     | SentimentSniper      |   📊 SENTIMENT SNIPER STATS
2026-07-30 18:29:34 INFO     | SentimentSniper      |   Tweets processed: 8
2026-07-30 18:29:34 INFO     | SentimentSniper      |   Trades executed: 2
2026-07-30 18:29:34 INFO     | SentimentSniper      |   Active trades: 0
2026-07-30 18:29:34 INFO     | SentimentSniper      |   Total PnL: $0.224999
2026-07-30 18:29:34 INFO     | SentimentSniper      | ==================================================
2026-07-30 18:29:34 INFO     | SentimentSniper      | ⏰ Sleeping 30s...
2026-07-30 18:30:04 INFO     | SentimentSniper      | ==================================================
2026-07-30 18:30:04 INFO     | SentimentSniper      |   📊 SENTIMENT SNIPER STATS
2026-07-30 18:30:04 INFO     | SentimentSniper      |   Tweets processed: 8
2026-07-30 18:30:04 INFO     | SentimentSniper      |   Trades executed: 2
2026-07-30 18:30:04 INFO     | SentimentSniper      |   Active trades: 0
2026-07-30 18:30:04 INFO     | SentimentSniper      |   Total PnL: $0.224999
2026-07-30 18:30:04 INFO     | SentimentSniper      | ==================================================
2026-07-30 18:30:04 INFO     | SentimentSniper      | ⏰ Sleeping 30s...
2026-07-30 18:30:34 INFO     | SentimentSniper      | ==================================================
2026-07-30 18:30:34 INFO     | SentimentSniper      |   📊 SENTIMENT SNIPER STATS
2026-07-30 18:30:34 INFO     | SentimentSniper      |   Tweets processed: 8
2026-07-30 18:30:34 INFO     | SentimentSniper      |   Trades executed: 2
2026-07-30 18:30:34 INFO     | SentimentSniper      |   Active trades: 0
2026-07-30 18:30:34 INFO     | SentimentSniper      |   Total PnL: $0.224999
2026-07-30 18:30:34 INFO     | SentimentSniper      | ==================================================
2026-07-30 18:30:34 INFO     | SentimentSniper      | ⏰ Sleeping 30s...
2026-07-30 18:31:04 INFO     | SentimentSniper      | ==================================================
2026-07-30 18:31:04 INFO     | SentimentSniper      |   📊 SENTIMENT SNIPER STATS
2026-07-30 18:31:04 INFO     | SentimentSniper      |   Tweets processed: 8
2026-07-30 18:31:04 INFO     | SentimentSniper      |   Trades executed: 2
2026-07-30 18:31:04 INFO     | SentimentSniper      |   Active trades: 0
2026-07-30 18:31:04 INFO     | SentimentSniper      |   Total PnL: $0.224999
2026-07-30 18:31:04 INFO     | SentimentSniper      | ==================================================
2026-07-30 18:31:04 INFO     | SentimentSniper      | ⏰ Sleeping 30s...
2026-07-30 18:31:34 INFO     | SentimentSniper      | ==================================================
2026-07-30 18:31:34 INFO     | SentimentSniper      |   📊 SENTIMENT SNIPER STATS
2026-07-30 18:31:34 INFO     | SentimentSniper      |   Tweets processed: 8
2026-07-30 18:31:34 INFO     | SentimentSniper      |   Trades executed: 2
2026-07-30 18:31:34 INFO     | SentimentSniper      |   Active trades: 0
2026-07-30 18:31:34 INFO     | SentimentSniper      |   Total PnL: $0.224999
2026-07-30 18:31:34 INFO     | SentimentSniper      | ==================================================
2026-07-30 18:31:34 INFO     | SentimentSniper      | ⏰ Sleeping 30s...
2026-07-30 18:32:04 INFO     | SentimentSniper      | ==================================================
2026-07-30 18:32:04 INFO     | SentimentSniper      |   📊 SENTIMENT SNIPER STATS
2026-07-30 18:32:04 INFO     | SentimentSniper      |   Tweets processed: 8
2026-07-30 18:32:04 INFO     | SentimentSniper      |   Trades executed: 2
2026-07-30 18:32:04 INFO     | SentimentSniper      |   Active trades: 0
2026-07-30 18:32:04 INFO     | SentimentSniper      |   Total PnL: $0.224999
2026-07-30 18:32:04 INFO     | SentimentSniper      | ==================================================
2026-07-30 18:32:04 INFO     | SentimentSniper      | ⏰ Sleeping 30s...
2026-07-30 18:32:34 INFO     | SentimentSniper      | ==================================================
2026-07-30 18:32:34 INFO     | SentimentSniper      |   📊 SENTIMENT SNIPER STATS
2026-07-30 18:32:34 INFO     | SentimentSniper      |   Tweets processed: 8
2026-07-30 18:32:34 INFO     | SentimentSniper      |   Trades executed: 2
2026-07-30 18:32:34 INFO     | SentimentSniper      |   Active trades: 0
2026-07-30 18:32:34 INFO     | SentimentSniper      |   Total PnL: $0.224999
2026-07-30 18:32:34 INFO     | SentimentSniper      | ==================================================
2026-07-30 18:32:34 INFO     | SentimentSniper      | ⏰ Sleeping 30s...
2026-07-30 18:33:04 INFO     | SentimentSniper      | ==================================================
2026-07-30 18:33:04 INFO     | SentimentSniper      |   📊 SENTIMENT SNIPER STATS
2026-07-30 18:33:04 INFO     | SentimentSniper      |   Tweets processed: 8
2026-07-30 18:33:04 INFO     | SentimentSniper      |   Trades executed: 2
2026-07-30 18:33:04 INFO     | SentimentSniper      |   Active trades: 0
2026-07-30 18:33:04 INFO     | SentimentSniper      |   Total PnL: $0.224999
2026-07-30 18:33:04 INFO     | SentimentSniper      | ==================================================
2026-07-30 18:33:04 INFO     | SentimentSniper      | ⏰ Sleeping 30s...
2026-07-30 18:33:34 INFO     | SentimentSniper      | ==================================================
2026-07-30 18:33:34 INFO     | SentimentSniper      |   📊 SENTIMENT SNIPER STATS
2026-07-30 18:33:34 INFO     | SentimentSniper      |   Tweets processed: 8
2026-07-30 18:33:34 INFO     | SentimentSniper      |   Trades executed: 2
2026-07-30 18:33:34 INFO     | SentimentSniper      |   Active trades: 0
2026-07-30 18:33:34 INFO     | SentimentSniper      |   Total PnL: $0.224999
2026-07-30 18:33:34 INFO     | SentimentSniper      | ==================================================
2026-07-30 18:33:34 INFO     | SentimentSniper      | ⏰ Sleeping 30s...
2026-07-30 18:34:04 INFO     | SentimentSniper      | ==================================================
2026-07-30 18:34:04 INFO     | SentimentSniper      |   📊 SENTIMENT SNIPER STATS
2026-07-30 18:34:04 INFO     | SentimentSniper      |   Tweets processed: 8
2026-07-30 18:34:04 INFO     | SentimentSniper      |   Trades executed: 2
2026-07-30 18:34:04 INFO     | SentimentSniper      |   Active trades: 0
2026-07-30 18:34:04 INFO     | SentimentSniper      |   Total PnL: $0.224999
2026-07-30 18:34:04 INFO     | SentimentSniper      | ==================================================
2026-07-30 18:34:04 INFO     | SentimentSniper      | ⏰ Sleeping 30s...
2026-07-30 18:34:34 INFO     | SentimentSniper      | ==================================================
2026-07-30 18:34:34 INFO     | SentimentSniper      |   📊 SENTIMENT SNIPER STATS
2026-07-30 18:34:34 INFO     | SentimentSniper      |   Tweets processed: 8
2026-07-30 18:34:34 INFO     | SentimentSniper      |   Trades executed: 2
2026-07-30 18:34:34 INFO     | SentimentSniper      |   Active trades: 0
2026-07-30 18:34:34 INFO     | SentimentSniper      |   Total PnL: $0.224999
2026-07-30 18:34:34 INFO     | SentimentSniper      | ==================================================
2026-07-30 18:34:34 INFO     | SentimentSniper      | ⏰ Sleeping 30s...
2026-07-30 18:35:04 INFO     | SentimentSniper      | ==================================================
2026-07-30 18:35:04 INFO     | SentimentSniper      |   📊 SENTIMENT SNIPER STATS
2026-07-30 18:35:04 INFO     | SentimentSniper      |   Tweets processed: 8
2026-07-30 18:35:04 INFO     | SentimentSniper      |   Trades executed: 2
2026-07-30 18:35:04 INFO     | SentimentSniper      |   Active trades: 0
2026-07-30 18:35:04 INFO     | SentimentSniper      |   Total PnL: $0.224999
2026-07-30 18:35:04 INFO     | SentimentSniper      | ==================================================
2026-07-30 18:35:04 INFO     | SentimentSniper      | ⏰ Sleeping 30s...
2026-07-30 18:35:34 INFO     | SentimentSniper      | ==================================================
2026-07-30 18:35:34 INFO     | SentimentSniper      |   📊 SENTIMENT SNIPER STATS
2026-07-30 18:35:34 INFO     | SentimentSniper      |   Tweets processed: 8
2026-07-30 18:35:34 INFO     | SentimentSniper      |   Trades executed: 2
2026-07-30 18:35:34 INFO     | SentimentSniper      |   Active trades: 0
2026-07-30 18:35:34 INFO     | SentimentSniper      |   Total PnL: $0.224999
2026-07-30 18:35:34 INFO     | SentimentSniper      | ==================================================
2026-07-30 18:35:34 INFO     | SentimentSniper      | ⏰ Sleeping 30s...
2026-07-30 18:36:04 INFO     | SentimentSniper      | ==================================================
2026-07-30 18:36:04 INFO     | SentimentSniper      |   📊 SENTIMENT SNIPER STATS
2026-07-30 18:36:04 INFO     | SentimentSniper      |   Tweets processed: 8
2026-07-30 18:36:04 INFO     | SentimentSniper      |   Trades executed: 2
2026-07-30 18:36:04 INFO     | SentimentSniper      |   Active trades: 0
2026-07-30 18:36:04 INFO     | SentimentSniper      |   Total PnL: $0.224999
2026-07-30 18:36:04 INFO     | SentimentSniper      | ==================================================
2026-07-30 18:36:04 INFO     | SentimentSniper      | ⏰ Sleeping 30s...
2026-07-30 18:36:34 INFO     | SentimentSniper      | ==================================================
2026-07-30 18:36:34 INFO     | SentimentSniper      |   📊 SENTIMENT SNIPER STATS
2026-07-30 18:36:34 INFO     | SentimentSniper      |   Tweets processed: 8
2026-07-30 18:36:34 INFO     | SentimentSniper      |   Trades executed: 2
2026-07-30 18:36:34 INFO     | SentimentSniper      |   Active trades: 0
2026-07-30 18:36:34 INFO     | SentimentSniper      |   Total PnL: $0.224999
2026-07-30 18:36:34 INFO     | SentimentSniper      | ==================================================
2026-07-30 18:36:34 INFO     | SentimentSniper      | ⏰ Sleeping 30s...
2026-07-30 18:37:04 INFO     | SentimentSniper      | ==================================================
2026-07-30 18:37:04 INFO     | SentimentSniper      |   📊 SENTIMENT SNIPER STATS
2026-07-30 18:37:04 INFO     | SentimentSniper      |   Tweets processed: 8
2026-07-30 18:37:04 INFO     | SentimentSniper      |   Trades executed: 2
2026-07-30 18:37:04 INFO     | SentimentSniper      |   Active trades: 0
2026-07-30 18:37:04 INFO     | SentimentSniper      |   Total PnL: $0.224999
2026-07-30 18:37:04 INFO     | SentimentSniper      | ==================================================
2026-07-30 18:37:04 INFO     | SentimentSniper      | ⏰ Sleeping 30s...
2026-07-30 18:37:34 INFO     | SentimentSniper      | ==================================================
2026-07-30 18:37:34 INFO     | SentimentSniper      |   📊 SENTIMENT SNIPER STATS
2026-07-30 18:37:34 INFO     | SentimentSniper      |   Tweets processed: 8
2026-07-30 18:37:34 INFO     | SentimentSniper      |   Trades executed: 2
2026-07-30 18:37:34 INFO     | SentimentSniper      |   Active trades: 0
2026-07-30 18:37:34 INFO     | SentimentSniper      |   Total PnL: $0.224999
2026-07-30 18:37:34 INFO     | SentimentSniper      | ==================================================
2026-07-30 18:37:34 INFO     | SentimentSniper      | ⏰ Sleeping 30s...
2026-07-30 18:38:04 INFO     | SentimentSniper      | ==================================================
2026-07-30 18:38:04 INFO     | SentimentSniper      |   📊 SENTIMENT SNIPER STATS
2026-07-30 18:38:04 INFO     | SentimentSniper      |   Tweets processed: 8
2026-07-30 18:38:04 INFO     | SentimentSniper      |   Trades executed: 2
2026-07-30 18:38:04 INFO     | SentimentSniper      |   Active trades: 0
2026-07-30 18:38:04 INFO     | SentimentSniper      |   Total PnL: $0.224999
2026-07-30 18:38:04 INFO     | SentimentSniper      | ==================================================
2026-07-30 18:38:04 INFO     | SentimentSniper      | ⏰ Sleeping 30s...
2026-07-30 18:38:34 INFO     | SentimentSniper      | ==================================================
2026-07-30 18:38:34 INFO     | SentimentSniper      |   📊 SENTIMENT SNIPER STATS
2026-07-30 18:38:34 INFO     | SentimentSniper      |   Tweets processed: 8
2026-07-30 18:38:34 INFO     | SentimentSniper      |   Trades executed: 2
2026-07-30 18:38:34 INFO     | SentimentSniper      |   Active trades: 0
2026-07-30 18:38:34 INFO     | SentimentSniper      |   Total PnL: $0.224999
2026-07-30 18:38:34 INFO     | SentimentSniper      | ==================================================
2026-07-30 18:38:34 INFO     | SentimentSniper      | ⏰ Sleeping 30s...
2026-07-30 18:39:04 INFO     | SentimentSniper      | ==================================================
2026-07-30 18:39:04 INFO     | SentimentSniper      |   📊 SENTIMENT SNIPER STATS
2026-07-30 18:39:04 INFO     | SentimentSniper      |   Tweets processed: 8
2026-07-30 18:39:04 INFO     | SentimentSniper      |   Trades executed: 2
2026-07-30 18:39:04 INFO     | SentimentSniper      |   Active trades: 0
2026-07-30 18:39:04 INFO     | SentimentSniper      |   Total PnL: $0.224999
2026-07-30 18:39:04 INFO     | SentimentSniper      | ==================================================
2026-07-30 18:39:04 INFO     | SentimentSniper      | ⏰ Sleeping 30s...
2026-07-30 18:39:34 INFO     | SentimentSniper      | ==================================================
2026-07-30 18:39:34 INFO     | SentimentSniper      |   📊 SENTIMENT SNIPER STATS
2026-07-30 18:39:34 INFO     | SentimentSniper      |   Tweets processed: 8
2026-07-30 18:39:34 INFO     | SentimentSniper      |   Trades executed: 2
2026-07-30 18:39:34 INFO     | SentimentSniper      |   Active trades: 0
2026-07-30 18:39:34 INFO     | SentimentSniper      |   Total PnL: $0.224999
2026-07-30 18:39:34 INFO     | SentimentSniper      | ==================================================
2026-07-30 18:39:34 INFO     | SentimentSniper      | ⏰ Sleeping 30s...
2026-07-30 18:40:04 INFO     | SentimentSniper      | ==================================================
2026-07-30 18:40:04 INFO     | SentimentSniper      |   📊 SENTIMENT SNIPER STATS
2026-07-30 18:40:04 INFO     | SentimentSniper      |   Tweets processed: 8
2026-07-30 18:40:04 INFO     | SentimentSniper      |   Trades executed: 2
2026-07-30 18:40:04 INFO     | SentimentSniper      |   Active trades: 0
2026-07-30 18:40:04 INFO     | SentimentSniper      |   Total PnL: $0.224999
2026-07-30 18:40:04 INFO     | SentimentSniper      | ==================================================
2026-07-30 18:40:04 INFO     | SentimentSniper      | ⏰ Sleeping 30s...
2026-07-30 18:40:34 INFO     | SentimentSniper      | ==================================================
2026-07-30 18:40:34 INFO     | SentimentSniper      |   📊 SENTIMENT SNIPER STATS
2026-07-30 18:40:34 INFO     | SentimentSniper      |   Tweets processed: 8
2026-07-30 18:40:34 INFO     | SentimentSniper      |   Trades executed: 2
2026-07-30 18:40:34 INFO     | SentimentSniper      |   Active trades: 0
2026-07-30 18:40:34 INFO     | SentimentSniper      |   Total PnL: $0.224999
2026-07-30 18:40:34 INFO     | SentimentSniper      | ==================================================
2026-07-30 18:40:34 INFO     | SentimentSniper      | ⏰ Sleeping 30s...
2026-07-30 18:41:04 INFO     | SentimentSniper      | ==================================================
2026-07-30 18:41:04 INFO     | SentimentSniper      |   📊 SENTIMENT SNIPER STATS
2026-07-30 18:41:04 INFO     | SentimentSniper      |   Tweets processed: 8
2026-07-30 18:41:04 INFO     | SentimentSniper      |   Trades executed: 2
2026-07-30 18:41:04 INFO     | SentimentSniper      |   Active trades: 0
2026-07-30 18:41:04 INFO     | SentimentSniper      |   Total PnL: $0.224999
2026-07-30 18:41:04 INFO     | SentimentSniper      | ==================================================
2026-07-30 18:41:04 INFO     | SentimentSniper      | ⏰ Sleeping 30s...
2026-07-30 18:41:34 INFO     | SentimentSniper      | ==================================================
2026-07-30 18:41:34 INFO     | SentimentSniper      |   📊 SENTIMENT SNIPER STATS
2026-07-30 18:41:34 INFO     | SentimentSniper      |   Tweets processed: 8
2026-07-30 18:41:34 INFO     | SentimentSniper      |   Trades executed: 2
2026-07-30 18:41:34 INFO     | SentimentSniper      |   Active trades: 0
2026-07-30 18:41:34 INFO     | SentimentSniper      |   Total PnL: $0.224999
2026-07-30 18:41:34 INFO     | SentimentSniper      | ==================================================
2026-07-30 18:41:34 INFO     | SentimentSniper      | ⏰ Sleeping 30s...
2026-07-30 18:42:04 INFO     | SentimentSniper      | ==================================================
2026-07-30 18:42:04 INFO     | SentimentSniper      |   📊 SENTIMENT SNIPER STATS
2026-07-30 18:42:04 INFO     | SentimentSniper      |   Tweets processed: 8
2026-07-30 18:42:04 INFO     | SentimentSniper      |   Trades executed: 2
2026-07-30 18:42:04 INFO     | SentimentSniper      |   Active trades: 0
2026-07-30 18:42:04 INFO     | SentimentSniper      |   Total PnL: $0.224999
2026-07-30 18:42:04 INFO     | SentimentSniper      | ==================================================
2026-07-30 18:42:04 INFO     | SentimentSniper      | ⏰ Sleeping 30s...
2026-07-30 18:42:34 INFO     | SentimentSniper      | ==================================================
2026-07-30 18:42:34 INFO     | SentimentSniper      |   📊 SENTIMENT SNIPER STATS
2026-07-30 18:42:34 INFO     | SentimentSniper      |   Tweets processed: 8
2026-07-30 18:42:34 INFO     | SentimentSniper      |   Trades executed: 2
2026-07-30 18:42:34 INFO     | SentimentSniper      |   Active trades: 0
2026-07-30 18:42:34 INFO     | SentimentSniper      |   Total PnL: $0.224999
2026-07-30 18:42:34 INFO     | SentimentSniper      | ==================================================
2026-07-30 18:42:34 INFO     | SentimentSniper      | ⏰ Sleeping 30s...
2026-07-30 18:43:04 INFO     | SentimentSniper      | ==================================================
2026-07-30 18:43:04 INFO     | SentimentSniper      |   📊 SENTIMENT SNIPER STATS
2026-07-30 18:43:04 INFO     | SentimentSniper      |   Tweets processed: 8
2026-07-30 18:43:04 INFO     | SentimentSniper      |   Trades executed: 2
2026-07-30 18:43:04 INFO     | SentimentSniper      |   Active trades: 0
2026-07-30 18:43:04 INFO     | SentimentSniper      |   Total PnL: $0.224999
2026-07-30 18:43:04 INFO     | SentimentSniper      | ==================================================
2026-07-30 18:43:04 INFO     | SentimentSniper      | ⏰ Sleeping 30s...
2026-07-30 18:43:34 INFO     | SentimentSniper      | ==================================================
2026-07-30 18:43:34 INFO     | SentimentSniper      |   📊 SENTIMENT SNIPER STATS
2026-07-30 18:43:34 INFO     | SentimentSniper      |   Tweets processed: 8
2026-07-30 18:43:34 INFO     | SentimentSniper      |   Trades executed: 2
2026-07-30 18:43:34 INFO     | SentimentSniper      |   Active trades: 0
2026-07-30 18:43:34 INFO     | SentimentSniper      |   Total PnL: $0.224999
2026-07-30 18:43:34 INFO     | SentimentSniper      | ==================================================
2026-07-30 18:43:34 INFO     | SentimentSniper      | ⏰ Sleeping 30s...
2026-07-30 18:44:04 INFO     | SentimentSniper      | ==================================================
2026-07-30 18:44:04 INFO     | SentimentSniper      |   📊 SENTIMENT SNIPER STATS
2026-07-30 18:44:04 INFO     | SentimentSniper      |   Tweets processed: 8
2026-07-30 18:44:04 INFO     | SentimentSniper      |   Trades executed: 2
2026-07-30 18:44:04 INFO     | SentimentSniper      |   Active trades: 0
2026-07-30 18:44:04 INFO     | SentimentSniper      |   Total PnL: $0.224999
2026-07-30 18:44:04 INFO     | SentimentSniper      | ==================================================
2026-07-30 18:44:04 INFO     | SentimentSniper      | ⏰ Sleeping 30s...
2026-07-30 18:44:34 INFO     | SentimentSniper      | ==================================================
2026-07-30 18:44:34 INFO     | SentimentSniper      |   📊 SENTIMENT SNIPER STATS
2026-07-30 18:44:34 INFO     | SentimentSniper      |   Tweets processed: 8
2026-07-30 18:44:34 INFO     | SentimentSniper      |   Trades executed: 2
2026-07-30 18:44:34 INFO     | SentimentSniper      |   Active trades: 0
2026-07-30 18:44:34 INFO     | SentimentSniper      |   Total PnL: $0.224999
2026-07-30 18:44:34 INFO     | SentimentSniper      | ==================================================
2026-07-30 18:44:34 INFO     | SentimentSniper      | ⏰ Sleeping 30s...
2026-07-30 18:45:04 INFO     | SentimentSniper      | ==================================================
2026-07-30 18:45:04 INFO     | SentimentSniper      |   📊 SENTIMENT SNIPER STATS
2026-07-30 18:45:04 INFO     | SentimentSniper      |   Tweets processed: 8
2026-07-30 18:45:04 INFO     | SentimentSniper      |   Trades executed: 2
2026-07-30 18:45:04 INFO     | SentimentSniper      |   Active trades: 0
2026-07-30 18:45:04 INFO     | SentimentSniper      |   Total PnL: $0.224999
2026-07-30 18:45:04 INFO     | SentimentSniper      | ==================================================
2026-07-30 18:45:04 INFO     | SentimentSniper      | ⏰ Sleeping 30s...
2026-07-30 18:45:34 INFO     | SentimentSniper      | ==================================================
2026-07-30 18:45:34 INFO     | SentimentSniper      |   📊 SENTIMENT SNIPER STATS
2026-07-30 18:45:34 INFO     | SentimentSniper      |   Tweets processed: 8
2026-07-30 18:45:34 INFO     | SentimentSniper      |   Trades executed: 2
2026-07-30 18:45:34 INFO     | SentimentSniper      |   Active trades: 0
2026-07-30 18:45:34 INFO     | SentimentSniper      |   Total PnL: $0.224999
2026-07-30 18:45:34 INFO     | SentimentSniper      | ==================================================
2026-07-30 18:45:34 INFO     | SentimentSniper      | ⏰ Sleeping 30s...
2026-07-30 18:46:04 INFO     | SentimentSniper      | ==================================================
2026-07-30 18:46:04 INFO     | SentimentSniper      |   📊 SENTIMENT SNIPER STATS
2026-07-30 18:46:04 INFO     | SentimentSniper      |   Tweets processed: 8
2026-07-30 18:46:04 INFO     | SentimentSniper      |   Trades executed: 2
2026-07-30 18:46:04 INFO     | SentimentSniper      |   Active trades: 0
2026-07-30 18:46:04 INFO     | SentimentSniper      |   Total PnL: $0.224999
2026-07-30 18:46:04 INFO     | SentimentSniper      | ==================================================
2026-07-30 18:46:04 INFO     | SentimentSniper      | ⏰ Sleeping 30s...
2026-07-30 18:46:34 INFO     | SentimentSniper      | ==================================================
2026-07-30 18:46:34 INFO     | SentimentSniper      |   📊 SENTIMENT SNIPER STATS
2026-07-30 18:46:34 INFO     | SentimentSniper      |   Tweets processed: 8
2026-07-30 18:46:34 INFO     | SentimentSniper      |   Trades executed: 2
2026-07-30 18:46:34 INFO     | SentimentSniper      |   Active trades: 0
2026-07-30 18:46:34 INFO     | SentimentSniper      |   Total PnL: $0.224999
2026-07-30 18:46:34 INFO     | SentimentSniper      | ==================================================
2026-07-30 18:46:34 INFO     | SentimentSniper      | ⏰ Sleeping 30s...
2026-07-30 18:47:04 INFO     | SentimentSniper      | ==================================================
2026-07-30 18:47:04 INFO     | SentimentSniper      |   📊 SENTIMENT SNIPER STATS
2026-07-30 18:47:04 INFO     | SentimentSniper      |   Tweets processed: 8
2026-07-30 18:47:04 INFO     | SentimentSniper      |   Trades executed: 2
2026-07-30 18:47:04 INFO     | SentimentSniper      |   Active trades: 0
2026-07-30 18:47:04 INFO     | SentimentSniper      |   Total PnL: $0.224999
2026-07-30 18:47:04 INFO     | SentimentSniper      | ==================================================
2026-07-30 18:47:04 INFO     | SentimentSniper      | ⏰ Sleeping 30s...
2026-07-30 18:47:34 INFO     | SentimentSniper      | ==================================================
2026-07-30 18:47:34 INFO     | SentimentSniper      |   📊 SENTIMENT SNIPER STATS
2026-07-30 18:47:34 INFO     | SentimentSniper      |   Tweets processed: 8
2026-07-30 18:47:34 INFO     | SentimentSniper      |   Trades executed: 2
2026-07-30 18:47:34 INFO     | SentimentSniper      |   Active trades: 0
2026-07-30 18:47:34 INFO     | SentimentSniper      |   Total PnL: $0.224999
2026-07-30 18:47:34 INFO     | SentimentSniper      | ==================================================
2026-07-30 18:47:34 INFO     | SentimentSniper      | ⏰ Sleeping 30s...
2026-07-30 18:48:04 INFO     | SentimentSniper      | ==================================================
2026-07-30 18:48:04 INFO     | SentimentSniper      |   📊 SENTIMENT SNIPER STATS
2026-07-30 18:48:04 INFO     | SentimentSniper      |   Tweets processed: 8
2026-07-30 18:48:04 INFO     | SentimentSniper      |   Trades executed: 2
2026-07-30 18:48:04 INFO     | SentimentSniper      |   Active trades: 0
2026-07-30 18:48:04 INFO     | SentimentSniper      |   Total PnL: $0.224999
2026-07-30 18:48:04 INFO     | SentimentSniper      | ==================================================
2026-07-30 18:48:04 INFO     | SentimentSniper      | ⏰ Sleeping 30s...
2026-07-30 18:48:34 INFO     | SentimentSniper      | ==================================================
2026-07-30 18:48:34 INFO     | SentimentSniper      |   📊 SENTIMENT SNIPER STATS
2026-07-30 18:48:34 INFO     | SentimentSniper      |   Tweets processed: 8
2026-07-30 18:48:34 INFO     | SentimentSniper      |   Trades executed: 2
2026-07-30 18:48:34 INFO     | SentimentSniper      |   Active trades: 0
2026-07-30 18:48:34 INFO     | SentimentSniper      |   Total PnL: $0.224999
2026-07-30 18:48:34 INFO     | SentimentSniper      | ==================================================
2026-07-30 18:48:34 INFO     | SentimentSniper      | ⏰ Sleeping 30s...
2026-07-30 18:49:04 INFO     | SentimentSniper      | ==================================================
2026-07-30 18:49:04 INFO     | SentimentSniper      |   📊 SENTIMENT SNIPER STATS
2026-07-30 18:49:04 INFO     | SentimentSniper      |   Tweets processed: 8
2026-07-30 18:49:04 INFO     | SentimentSniper      |   Trades executed: 2
2026-07-30 18:49:04 INFO     | SentimentSniper      |   Active trades: 0
2026-07-30 18:49:04 INFO     | SentimentSniper      |   Total PnL: $0.224999
2026-07-30 18:49:04 INFO     | SentimentSniper      | ==================================================
2026-07-30 18:49:04 INFO     | SentimentSniper      | ⏰ Sleeping 30s...
2026-07-30 18:49:34 INFO     | SentimentSniper      | ==================================================
2026-07-30 18:49:34 INFO     | SentimentSniper      |   📊 SENTIMENT SNIPER STATS
2026-07-30 18:49:34 INFO     | SentimentSniper      |   Tweets processed: 8
2026-07-30 18:49:34 INFO     | SentimentSniper      |   Trades executed: 2
2026-07-30 18:49:34 INFO     | SentimentSniper      |   Active trades: 0
2026-07-30 18:49:34 INFO     | SentimentSniper      |   Total PnL: $0.224999
2026-07-30 18:49:34 INFO     | SentimentSniper      | ==================================================
2026-07-30 18:49:34 INFO     | SentimentSniper      | ⏰ Sleeping 30s...
2026-07-30 18:50:04 INFO     | SentimentSniper      | ==================================================
2026-07-30 18:50:04 INFO     | SentimentSniper      |   📊 SENTIMENT SNIPER STATS
2026-07-30 18:50:04 INFO     | SentimentSniper      |   Tweets processed: 8
2026-07-30 18:50:04 INFO     | SentimentSniper      |   Trades executed: 2
2026-07-30 18:50:04 INFO     | SentimentSniper      |   Active trades: 0
2026-07-30 18:50:04 INFO     | SentimentSniper      |   Total PnL: $0.224999
2026-07-30 18:50:04 INFO     | SentimentSniper      | ==================================================
2026-07-30 18:50:04 INFO     | SentimentSniper      | ⏰ Sleeping 30s...
2026-07-30 18:50:14 INFO     | SentimentSniper      | Exchange client: BINANCE (testnet)
2026-07-30 18:50:14 WARNING  | SentimentSniper      | AI client disabled — no valid API key.
2026-07-30 18:50:14 INFO     | SentimentSniper      | =======================================================
2026-07-30 18:50:14 INFO     | SentimentSniper      | 🚀 Sentiment Sniper STARTED
2026-07-30 18:50:14 INFO     | SentimentSniper      |    Monitored tokens: BTC, ETH, DOGE, SOL, PEPE
2026-07-30 18:50:14 INFO     | SentimentSniper      |    Monitored accounts: elonmusk, cz_binance, VitalikButerin, SBF_FTX, cobie
2026-07-30 18:50:14 INFO     | SentimentSniper      |    Sentiment threshold: 0.8
2026-07-30 18:50:14 INFO     | SentimentSniper      |    Trade duration: 15min
2026-07-30 18:50:14 INFO     | SentimentSniper      |    TP: 5.00%
2026-07-30 18:50:14 INFO     | SentimentSniper      |    SL: 3.00%
2026-07-30 18:50:14 INFO     | SentimentSniper      | =======================================================
2026-07-30 18:50:14 INFO     | SentimentSniper      | 🐦 New tweet from @elonmusk: DOGE is the people's crypto! 🚀...
2026-07-30 18:50:14 INFO     | SentimentSniper      |   → Token: DOGE, Score: 0.90, Reasoning: Heuristic fallback (no AI key set)
2026-07-30 18:50:14 INFO     | SentimentSniper      |   🎯 Signal! DOGE sentiment 0.90 > 0.8
2026-07-30 18:50:16 INFO     | SentimentSniper      | 📝 PAPER TRADE: Market BUY $100.0 DOGE/USDT @ $0.070600
2026-07-30 18:50:16 INFO     | SentimentSniper      | 🟢 TRADE OPENED: DOGE/USDT @ $0.070550 (TP: $0.074078, SL: $0.068433)
2026-07-30 18:50:16 INFO     | SentimentSniper      | 🐦 New tweet from @elonmusk: Bitcoin is interesting. Not financial advice....
2026-07-30 18:50:16 INFO     | SentimentSniper      | 🐦 New tweet from @elonmusk: Maybe we should accept DOGE for Tesla merch again?...
2026-07-30 18:50:16 INFO     | SentimentSniper      |   → Token: DOGE, Score: 0.70, Reasoning: Heuristic fallback (no AI key set)
2026-07-30 18:50:16 INFO     | SentimentSniper      | 🐦 New tweet from @cz_binance: BNB chain growing fast. More projects coming....
2026-07-30 18:50:16 INFO     | SentimentSniper      | 🐦 New tweet from @cz_binance: Funds are SAFU. Ignore the FUD....
2026-07-30 18:50:16 INFO     | SentimentSniper      | 🐦 New tweet from @cz_binance: New listing coming next week. Any guesses?...
2026-07-30 18:50:16 INFO     | SentimentSniper      | 🐦 New tweet from @VitalikButerin: Ethereum L2 scaling is the future. 100x cheaper transactions....
2026-07-30 18:50:16 INFO     | SentimentSniper      |   → Token: ETH, Score: 0.90, Reasoning: Heuristic fallback (no AI key set)
2026-07-30 18:50:16 INFO     | SentimentSniper      |   🎯 Signal! ETH sentiment 0.90 > 0.8
2026-07-30 18:50:17 INFO     | SentimentSniper      | 📝 PAPER TRADE: Market BUY $100.0 ETH/USDT @ $1,919.17
2026-07-30 18:50:17 INFO     | SentimentSniper      | 🟢 TRADE OPENED: ETH/USDT @ $1,919.36 (TP: $2,015.33, SL: $1,861.78)
2026-07-30 18:50:17 INFO     | SentimentSniper      | 🐦 New tweet from @VitalikButerin: SOL has some interesting tech, but centralization concerns remain....
2026-07-30 18:50:17 INFO     | SentimentSniper      |   → Token: SOL, Score: 0.70, Reasoning: Heuristic fallback (no AI key set)
2026-07-30 18:50:17 INFO     | SentimentSniper      | ==================================================
2026-07-30 18:50:17 INFO     | SentimentSniper      |   📊 SENTIMENT SNIPER STATS
2026-07-30 18:50:17 INFO     | SentimentSniper      |   Tweets processed: 8
2026-07-30 18:50:17 INFO     | SentimentSniper      |   Trades executed: 2
2026-07-30 18:50:17 INFO     | SentimentSniper      |   Active trades: 2
2026-07-30 18:50:17 INFO     | SentimentSniper      |   Total PnL: $0.000000
2026-07-30 18:50:17 INFO     | SentimentSniper      | ==================================================
2026-07-30 18:50:17 INFO     | SentimentSniper      | ⏰ Sleeping 30s...
2026-07-30 18:50:34 INFO     | SentimentSniper      | ==================================================
2026-07-30 18:50:34 INFO     | SentimentSniper      |   📊 SENTIMENT SNIPER STATS
2026-07-30 18:50:34 INFO     | SentimentSniper      |   Tweets processed: 8
2026-07-30 18:50:34 INFO     | SentimentSniper      |   Trades executed: 2
2026-07-30 18:50:34 INFO     | SentimentSniper      |   Active trades: 0
2026-07-30 18:50:34 INFO     | SentimentSniper      |   Total PnL: $0.224999
2026-07-30 18:50:34 INFO     | SentimentSniper      | ==================================================
2026-07-30 18:50:34 INFO     | SentimentSniper      | ⏰ Sleeping 30s...
2026-07-30 18:50:47 INFO     | SentimentSniper      | ==================================================
2026-07-30 18:50:47 INFO     | SentimentSniper      |   📊 SENTIMENT SNIPER STATS
2026-07-30 18:50:47 INFO     | SentimentSniper      |   Tweets processed: 8
2026-07-30 18:50:47 INFO     | SentimentSniper      |   Trades executed: 2
2026-07-30 18:50:47 INFO     | SentimentSniper      |   Active trades: 2
2026-07-30 18:50:47 INFO     | SentimentSniper      |   Total PnL: $0.000000
2026-07-30 18:50:47 INFO     | SentimentSniper      | ==================================================
2026-07-30 18:50:47 INFO     | SentimentSniper      | ⏰ Sleeping 30s...
2026-07-30 18:51:04 INFO     | SentimentSniper      | ==================================================
2026-07-30 18:51:04 INFO     | SentimentSniper      |   📊 SENTIMENT SNIPER STATS
2026-07-30 18:51:04 INFO     | SentimentSniper      |   Tweets processed: 8
2026-07-30 18:51:04 INFO     | SentimentSniper      |   Trades executed: 2
2026-07-30 18:51:04 INFO     | SentimentSniper      |   Active trades: 0
2026-07-30 18:51:04 INFO     | SentimentSniper      |   Total PnL: $0.224999
2026-07-30 18:51:04 INFO     | SentimentSniper      | ==================================================
2026-07-30 18:51:04 INFO     | SentimentSniper      | ⏰ Sleeping 30s...
2026-07-30 18:51:18 INFO     | SentimentSniper      | ==================================================
2026-07-30 18:51:18 INFO     | SentimentSniper      |   📊 SENTIMENT SNIPER STATS
2026-07-30 18:51:18 INFO     | SentimentSniper      |   Tweets processed: 8
2026-07-30 18:51:18 INFO     | SentimentSniper      |   Trades executed: 2
2026-07-30 18:51:18 INFO     | SentimentSniper      |   Active trades: 2
2026-07-30 18:51:18 INFO     | SentimentSniper      |   Total PnL: $0.000000
2026-07-30 18:51:18 INFO     | SentimentSniper      | ==================================================
2026-07-30 18:51:18 INFO     | SentimentSniper      | ⏰ Sleeping 30s...
2026-07-30 18:51:34 INFO     | SentimentSniper      | ==================================================
2026-07-30 18:51:34 INFO     | SentimentSniper      |   📊 SENTIMENT SNIPER STATS
2026-07-30 18:51:34 INFO     | SentimentSniper      |   Tweets processed: 8
2026-07-30 18:51:34 INFO     | SentimentSniper      |   Trades executed: 2
2026-07-30 18:51:34 INFO     | SentimentSniper      |   Active trades: 0
2026-07-30 18:51:34 INFO     | SentimentSniper      |   Total PnL: $0.224999
2026-07-30 18:51:34 INFO     | SentimentSniper      | ==================================================
2026-07-30 18:51:34 INFO     | SentimentSniper      | ⏰ Sleeping 30s...
2026-07-30 18:52:04 INFO     | SentimentSniper      | ==================================================
2026-07-30 18:52:04 INFO     | SentimentSniper      |   📊 SENTIMENT SNIPER STATS
2026-07-30 18:52:04 INFO     | SentimentSniper      |   Tweets processed: 8
2026-07-30 18:52:04 INFO     | SentimentSniper      |   Trades executed: 2
2026-07-30 18:52:04 INFO     | SentimentSniper      |   Active trades: 0
2026-07-30 18:52:04 INFO     | SentimentSniper      |   Total PnL: $0.224999
2026-07-30 18:52:04 INFO     | SentimentSniper      | ==================================================
2026-07-30 18:52:04 INFO     | SentimentSniper      | ⏰ Sleeping 30s...
2026-07-30 18:52:34 INFO     | SentimentSniper      | ==================================================
2026-07-30 18:52:34 INFO     | SentimentSniper      |   📊 SENTIMENT SNIPER STATS
2026-07-30 18:52:34 INFO     | SentimentSniper      |   Tweets processed: 8
2026-07-30 18:52:34 INFO     | SentimentSniper      |   Trades executed: 2
2026-07-30 18:52:34 INFO     | SentimentSniper      |   Active trades: 0
2026-07-30 18:52:34 INFO     | SentimentSniper      |   Total PnL: $0.224999
2026-07-30 18:52:34 INFO     | SentimentSniper      | ==================================================
2026-07-30 18:52:34 INFO     | SentimentSniper      | ⏰ Sleeping 30s...
2026-07-30 18:52:53 INFO     | SentimentSniper      | Exchange client: BINANCE (testnet)
2026-07-30 18:52:53 WARNING  | SentimentSniper      | AI client disabled — no valid API key.
2026-07-30 18:52:53 INFO     | SentimentSniper      | =======================================================
2026-07-30 18:52:53 INFO     | SentimentSniper      | 🚀 Sentiment Sniper STARTED
2026-07-30 18:52:53 INFO     | SentimentSniper      |    Monitored tokens: BTC, ETH, DOGE, SOL, PEPE
2026-07-30 18:52:53 INFO     | SentimentSniper      |    Monitored accounts: elonmusk, cz_binance, VitalikButerin, SBF_FTX, cobie
2026-07-30 18:52:53 INFO     | SentimentSniper      |    Sentiment threshold: 0.8
2026-07-30 18:52:53 INFO     | SentimentSniper      |    Trade duration: 15min
2026-07-30 18:52:53 INFO     | SentimentSniper      |    TP: 5.00%
2026-07-30 18:52:53 INFO     | SentimentSniper      |    SL: 3.00%
2026-07-30 18:52:53 INFO     | SentimentSniper      | =======================================================
2026-07-30 18:52:53 INFO     | SentimentSniper      | 🐦 New tweet from @elonmusk: DOGE is the people's crypto! 🚀...
2026-07-30 18:52:53 INFO     | SentimentSniper      |   → Token: DOGE, Score: 0.90, Reasoning: Heuristic fallback (no AI key set)
2026-07-30 18:52:53 INFO     | SentimentSniper      |   🎯 Signal! DOGE sentiment 0.90 > 0.8
2026-07-30 18:52:54 INFO     | SentimentSniper      | 📝 PAPER TRADE: Market BUY $100.0 DOGE/USDT @ $0.070450
2026-07-30 18:52:54 INFO     | SentimentSniper      | 🟢 TRADE OPENED: DOGE/USDT @ $0.070450 (TP: $0.073972, SL: $0.068336)
2026-07-30 18:52:54 INFO     | SentimentSniper      | 🐦 New tweet from @elonmusk: Bitcoin is interesting. Not financial advice....
2026-07-30 18:52:54 INFO     | SentimentSniper      | 🐦 New tweet from @elonmusk: Maybe we should accept DOGE for Tesla merch again?...
2026-07-30 18:52:54 INFO     | SentimentSniper      |   → Token: DOGE, Score: 0.70, Reasoning: Heuristic fallback (no AI key set)
2026-07-30 18:52:54 INFO     | SentimentSniper      | 🐦 New tweet from @cz_binance: BNB chain growing fast. More projects coming....
2026-07-30 18:52:54 INFO     | SentimentSniper      | 🐦 New tweet from @cz_binance: Funds are SAFU. Ignore the FUD....
2026-07-30 18:52:54 INFO     | SentimentSniper      | 🐦 New tweet from @cz_binance: New listing coming next week. Any guesses?...
2026-07-30 18:52:54 INFO     | SentimentSniper      | 🐦 New tweet from @VitalikButerin: Ethereum L2 scaling is the future. 100x cheaper transactions....
2026-07-30 18:52:54 INFO     | SentimentSniper      |   → Token: ETH, Score: 0.90, Reasoning: Heuristic fallback (no AI key set)
2026-07-30 18:52:54 INFO     | SentimentSniper      |   🎯 Signal! ETH sentiment 0.90 > 0.8
2026-07-30 18:52:55 INFO     | SentimentSniper      | 📝 PAPER TRADE: Market BUY $100.0 ETH/USDT @ $1,916.98
2026-07-30 18:52:55 INFO     | SentimentSniper      | 🟢 TRADE OPENED: ETH/USDT @ $1,916.98 (TP: $2,012.83, SL: $1,859.47)
2026-07-30 18:52:55 INFO     | SentimentSniper      | 🐦 New tweet from @VitalikButerin: SOL has some interesting tech, but centralization concerns remain....
2026-07-30 18:52:55 INFO     | SentimentSniper      |   → Token: SOL, Score: 0.70, Reasoning: Heuristic fallback (no AI key set)
2026-07-30 18:52:55 INFO     | SentimentSniper      | ==================================================
2026-07-30 18:52:55 INFO     | SentimentSniper      |   📊 SENTIMENT SNIPER STATS
2026-07-30 18:52:55 INFO     | SentimentSniper      |   Tweets processed: 8
2026-07-30 18:52:55 INFO     | SentimentSniper      |   Trades executed: 2
2026-07-30 18:52:55 INFO     | SentimentSniper      |   Active trades: 2
2026-07-30 18:52:55 INFO     | SentimentSniper      |   Total PnL: $0.000000
2026-07-30 18:52:55 INFO     | SentimentSniper      | ==================================================
2026-07-30 18:52:55 INFO     | SentimentSniper      | ⏰ Sleeping 30s...
2026-07-30 18:53:04 INFO     | SentimentSniper      | ==================================================
2026-07-30 18:53:04 INFO     | SentimentSniper      |   📊 SENTIMENT SNIPER STATS
2026-07-30 18:53:04 INFO     | SentimentSniper      |   Tweets processed: 8
2026-07-30 18:53:04 INFO     | SentimentSniper      |   Trades executed: 2
2026-07-30 18:53:04 INFO     | SentimentSniper      |   Active trades: 0
2026-07-30 18:53:04 INFO     | SentimentSniper      |   Total PnL: $0.224999
2026-07-30 18:53:04 INFO     | SentimentSniper      | ==================================================
2026-07-30 18:53:04 INFO     | SentimentSniper      | ⏰ Sleeping 30s...
2026-07-30 18:53:26 INFO     | SentimentSniper      | ==================================================
2026-07-30 18:53:26 INFO     | SentimentSniper      |   📊 SENTIMENT SNIPER STATS
2026-07-30 18:53:26 INFO     | SentimentSniper      |   Tweets processed: 8
2026-07-30 18:53:26 INFO     | SentimentSniper      |   Trades executed: 2
2026-07-30 18:53:26 INFO     | SentimentSniper      |   Active trades: 2
2026-07-30 18:53:26 INFO     | SentimentSniper      |   Total PnL: $0.000000
2026-07-30 18:53:26 INFO     | SentimentSniper      | ==================================================
2026-07-30 18:53:26 INFO     | SentimentSniper      | ⏰ Sleeping 30s...
2026-07-30 18:53:34 INFO     | SentimentSniper      | ==================================================
2026-07-30 18:53:34 INFO     | SentimentSniper      |   📊 SENTIMENT SNIPER STATS
2026-07-30 18:53:34 INFO     | SentimentSniper      |   Tweets processed: 8
2026-07-30 18:53:34 INFO     | SentimentSniper      |   Trades executed: 2
2026-07-30 18:53:34 INFO     | SentimentSniper      |   Active trades: 0
2026-07-30 18:53:34 INFO     | SentimentSniper      |   Total PnL: $0.224999
2026-07-30 18:53:34 INFO     | SentimentSniper      | ==================================================
2026-07-30 18:53:34 INFO     | SentimentSniper      | ⏰ Sleeping 30s...
2026-07-30 18:53:56 INFO     | SentimentSniper      | ==================================================
2026-07-30 18:53:56 INFO     | SentimentSniper      |   📊 SENTIMENT SNIPER STATS
2026-07-30 18:53:56 INFO     | SentimentSniper      |   Tweets processed: 8
2026-07-30 18:53:56 INFO     | SentimentSniper      |   Trades executed: 2
2026-07-30 18:53:56 INFO     | SentimentSniper      |   Active trades: 2
2026-07-30 18:53:56 INFO     | SentimentSniper      |   Total PnL: $0.000000
2026-07-30 18:53:56 INFO     | SentimentSniper      | ==================================================
2026-07-30 18:53:56 INFO     | SentimentSniper      | ⏰ Sleeping 30s...
2026-07-30 18:54:04 INFO     | SentimentSniper      | ==================================================
2026-07-30 18:54:04 INFO     | SentimentSniper      |   📊 SENTIMENT SNIPER STATS
2026-07-30 18:54:04 INFO     | SentimentSniper      |   Tweets processed: 8
2026-07-30 18:54:04 INFO     | SentimentSniper      |   Trades executed: 2
2026-07-30 18:54:04 INFO     | SentimentSniper      |   Active trades: 0
2026-07-30 18:54:04 INFO     | SentimentSniper      |   Total PnL: $0.224999
2026-07-30 18:54:04 INFO     | SentimentSniper      | ==================================================
2026-07-30 18:54:04 INFO     | SentimentSniper      | ⏰ Sleeping 30s...
2026-07-30 18:54:27 INFO     | SentimentSniper      | ==================================================
2026-07-30 18:54:27 INFO     | SentimentSniper      |   📊 SENTIMENT SNIPER STATS
2026-07-30 18:54:27 INFO     | SentimentSniper      |   Tweets processed: 8
2026-07-30 18:54:27 INFO     | SentimentSniper      |   Trades executed: 2
2026-07-30 18:54:27 INFO     | SentimentSniper      |   Active trades: 2
2026-07-30 18:54:27 INFO     | SentimentSniper      |   Total PnL: $0.000000
2026-07-30 18:54:27 INFO     | SentimentSniper      | ==================================================
2026-07-30 18:54:27 INFO     | SentimentSniper      | ⏰ Sleeping 30s...
2026-07-30 18:54:34 INFO     | SentimentSniper      | ==================================================
2026-07-30 18:54:34 INFO     | SentimentSniper      |   📊 SENTIMENT SNIPER STATS
2026-07-30 18:54:34 INFO     | SentimentSniper      |   Tweets processed: 8
2026-07-30 18:54:34 INFO     | SentimentSniper      |   Trades executed: 2
2026-07-30 18:54:34 INFO     | SentimentSniper      |   Active trades: 0
2026-07-30 18:54:34 INFO     | SentimentSniper      |   Total PnL: $0.224999
2026-07-30 18:54:34 INFO     | SentimentSniper      | ==================================================
2026-07-30 18:54:34 INFO     | SentimentSniper      | ⏰ Sleeping 30s...
2026-07-30 18:54:57 INFO     | SentimentSniper      | ==================================================
2026-07-30 18:54:57 INFO     | SentimentSniper      |   📊 SENTIMENT SNIPER STATS
2026-07-30 18:54:57 INFO     | SentimentSniper      |   Tweets processed: 8
2026-07-30 18:54:57 INFO     | SentimentSniper      |   Trades executed: 2
2026-07-30 18:54:57 INFO     | SentimentSniper      |   Active trades: 2
2026-07-30 18:54:57 INFO     | SentimentSniper      |   Total PnL: $0.000000
2026-07-30 18:54:57 INFO     | SentimentSniper      | ==================================================
2026-07-30 18:54:57 INFO     | SentimentSniper      | ⏰ Sleeping 30s...
2026-07-30 18:55:04 INFO     | SentimentSniper      | ==================================================
2026-07-30 18:55:04 INFO     | SentimentSniper      |   📊 SENTIMENT SNIPER STATS
2026-07-30 18:55:04 INFO     | SentimentSniper      |   Tweets processed: 8
2026-07-30 18:55:04 INFO     | SentimentSniper      |   Trades executed: 2
2026-07-30 18:55:04 INFO     | SentimentSniper      |   Active trades: 0
2026-07-30 18:55:04 INFO     | SentimentSniper      |   Total PnL: $0.224999
2026-07-30 18:55:04 INFO     | SentimentSniper      | ==================================================
2026-07-30 18:55:04 INFO     | SentimentSniper      | ⏰ Sleeping 30s...
2026-07-30 18:55:28 INFO     | SentimentSniper      | ==================================================
2026-07-30 18:55:28 INFO     | SentimentSniper      |   📊 SENTIMENT SNIPER STATS
2026-07-30 18:55:28 INFO     | SentimentSniper      |   Tweets processed: 8
2026-07-30 18:55:28 INFO     | SentimentSniper      |   Trades executed: 2
2026-07-30 18:55:28 INFO     | SentimentSniper      |   Active trades: 2
2026-07-30 18:55:28 INFO     | SentimentSniper      |   Total PnL: $0.000000
2026-07-30 18:55:28 INFO     | SentimentSniper      | ==================================================
2026-07-30 18:55:28 INFO     | SentimentSniper      | ⏰ Sleeping 30s...
2026-07-30 18:55:34 INFO     | SentimentSniper      | ==================================================
2026-07-30 18:55:34 INFO     | SentimentSniper      |   📊 SENTIMENT SNIPER STATS
2026-07-30 18:55:34 INFO     | SentimentSniper      |   Tweets processed: 8
2026-07-30 18:55:34 INFO     | SentimentSniper      |   Trades executed: 2
2026-07-30 18:55:34 INFO     | SentimentSniper      |   Active trades: 0
2026-07-30 18:55:34 INFO     | SentimentSniper      |   Total PnL: $0.224999
2026-07-30 18:55:34 INFO     | SentimentSniper      | ==================================================
2026-07-30 18:55:34 INFO     | SentimentSniper      | ⏰ Sleeping 30s...
2026-07-30 18:56:04 INFO     | SentimentSniper      | ==================================================
2026-07-30 18:56:04 INFO     | SentimentSniper      |   📊 SENTIMENT SNIPER STATS
2026-07-30 18:56:04 INFO     | SentimentSniper      |   Tweets processed: 8
2026-07-30 18:56:04 INFO     | SentimentSniper      |   Trades executed: 2
2026-07-30 18:56:04 INFO     | SentimentSniper      |   Active trades: 0
2026-07-30 18:56:04 INFO     | SentimentSniper      |   Total PnL: $0.224999
2026-07-30 18:56:04 INFO     | SentimentSniper      | ==================================================
2026-07-30 18:56:04 INFO     | SentimentSniper      | ⏰ Sleeping 30s...
2026-07-30 18:56:34 INFO     | SentimentSniper      | ==================================================
2026-07-30 18:56:34 INFO     | SentimentSniper      |   📊 SENTIMENT SNIPER STATS
2026-07-30 18:56:34 INFO     | SentimentSniper      |   Tweets processed: 8
2026-07-30 18:56:34 INFO     | SentimentSniper      |   Trades executed: 2
2026-07-30 18:56:34 INFO     | SentimentSniper      |   Active trades: 0
2026-07-30 18:56:34 INFO     | SentimentSniper      |   Total PnL: $0.224999
2026-07-30 18:56:34 INFO     | SentimentSniper      | ==================================================
2026-07-30 18:56:34 INFO     | SentimentSniper      | ⏰ Sleeping 30s...
2026-07-30 18:57:04 INFO     | SentimentSniper      | ==================================================
2026-07-30 18:57:04 INFO     | SentimentSniper      |   📊 SENTIMENT SNIPER STATS
2026-07-30 18:57:04 INFO     | SentimentSniper      |   Tweets processed: 8
2026-07-30 18:57:04 INFO     | SentimentSniper      |   Trades executed: 2
2026-07-30 18:57:04 INFO     | SentimentSniper      |   Active trades: 0
2026-07-30 18:57:04 INFO     | SentimentSniper      |   Total PnL: $0.224999
2026-07-30 18:57:04 INFO     | SentimentSniper      | ==================================================
2026-07-30 18:57:04 INFO     | SentimentSniper      | ⏰ Sleeping 30s...
2026-07-30 18:57:34 INFO     | SentimentSniper      | ==================================================
2026-07-30 18:57:34 INFO     | SentimentSniper      |   📊 SENTIMENT SNIPER STATS
2026-07-30 18:57:34 INFO     | SentimentSniper      |   Tweets processed: 8
2026-07-30 18:57:34 INFO     | SentimentSniper      |   Trades executed: 2
2026-07-30 18:57:34 INFO     | SentimentSniper      |   Active trades: 0
2026-07-30 18:57:34 INFO     | SentimentSniper      |   Total PnL: $0.224999
2026-07-30 18:57:34 INFO     | SentimentSniper      | ==================================================
2026-07-30 18:57:34 INFO     | SentimentSniper      | ⏰ Sleeping 30s...
2026-07-30 18:58:04 INFO     | SentimentSniper      | ==================================================
2026-07-30 18:58:04 INFO     | SentimentSniper      |   📊 SENTIMENT SNIPER STATS
2026-07-30 18:58:04 INFO     | SentimentSniper      |   Tweets processed: 8
2026-07-30 18:58:04 INFO     | SentimentSniper      |   Trades executed: 2
2026-07-30 18:58:04 INFO     | SentimentSniper      |   Active trades: 0
2026-07-30 18:58:04 INFO     | SentimentSniper      |   Total PnL: $0.224999
2026-07-30 18:58:04 INFO     | SentimentSniper      | ==================================================
2026-07-30 18:58:04 INFO     | SentimentSniper      | ⏰ Sleeping 30s...
2026-07-30 18:58:34 INFO     | SentimentSniper      | ==================================================
2026-07-30 18:58:34 INFO     | SentimentSniper      |   📊 SENTIMENT SNIPER STATS
2026-07-30 18:58:34 INFO     | SentimentSniper      |   Tweets processed: 8
2026-07-30 18:58:34 INFO     | SentimentSniper      |   Trades executed: 2
2026-07-30 18:58:34 INFO     | SentimentSniper      |   Active trades: 0
2026-07-30 18:58:34 INFO     | SentimentSniper      |   Total PnL: $0.224999
2026-07-30 18:58:34 INFO     | SentimentSniper      | ==================================================
2026-07-30 18:58:34 INFO     | SentimentSniper      | ⏰ Sleeping 30s...
2026-07-30 18:59:04 INFO     | SentimentSniper      | ==================================================
2026-07-30 18:59:04 INFO     | SentimentSniper      |   📊 SENTIMENT SNIPER STATS
2026-07-30 18:59:04 INFO     | SentimentSniper      |   Tweets processed: 8
2026-07-30 18:59:04 INFO     | SentimentSniper      |   Trades executed: 2
2026-07-30 18:59:04 INFO     | SentimentSniper      |   Active trades: 0
2026-07-30 18:59:04 INFO     | SentimentSniper      |   Total PnL: $0.224999
2026-07-30 18:59:04 INFO     | SentimentSniper      | ==================================================
2026-07-30 18:59:04 INFO     | SentimentSniper      | ⏰ Sleeping 30s...
2026-07-30 18:59:34 INFO     | SentimentSniper      | ==================================================
2026-07-30 18:59:34 INFO     | SentimentSniper      |   📊 SENTIMENT SNIPER STATS
2026-07-30 18:59:34 INFO     | SentimentSniper      |   Tweets processed: 8
2026-07-30 18:59:34 INFO     | SentimentSniper      |   Trades executed: 2
2026-07-30 18:59:34 INFO     | SentimentSniper      |   Active trades: 0
2026-07-30 18:59:34 INFO     | SentimentSniper      |   Total PnL: $0.224999
2026-07-30 18:59:34 INFO     | SentimentSniper      | ==================================================
2026-07-30 18:59:34 INFO     | SentimentSniper      | ⏰ Sleeping 30s...
2026-07-30 19:00:04 INFO     | SentimentSniper      | ==================================================
2026-07-30 19:00:04 INFO     | SentimentSniper      |   📊 SENTIMENT SNIPER STATS
2026-07-30 19:00:04 INFO     | SentimentSniper      |   Tweets processed: 8
2026-07-30 19:00:04 INFO     | SentimentSniper      |   Trades executed: 2
2026-07-30 19:00:04 INFO     | SentimentSniper      |   Active trades: 0
2026-07-30 19:00:04 INFO     | SentimentSniper      |   Total PnL: $0.224999
2026-07-30 19:00:04 INFO     | SentimentSniper      | ==================================================
2026-07-30 19:00:04 INFO     | SentimentSniper      | ⏰ Sleeping 30s...
2026-07-30 19:00:34 INFO     | SentimentSniper      | ==================================================
2026-07-30 19:00:34 INFO     | SentimentSniper      |   📊 SENTIMENT SNIPER STATS
2026-07-30 19:00:34 INFO     | SentimentSniper      |   Tweets processed: 8
2026-07-30 19:00:34 INFO     | SentimentSniper      |   Trades executed: 2
2026-07-30 19:00:34 INFO     | SentimentSniper      |   Active trades: 0
2026-07-30 19:00:34 INFO     | SentimentSniper      |   Total PnL: $0.224999
2026-07-30 19:00:34 INFO     | SentimentSniper      | ==================================================
2026-07-30 19:00:34 INFO     | SentimentSniper      | ⏰ Sleeping 30s...
2026-07-30 19:01:04 INFO     | SentimentSniper      | ==================================================
2026-07-30 19:01:04 INFO     | SentimentSniper      |   📊 SENTIMENT SNIPER STATS
2026-07-30 19:01:04 INFO     | SentimentSniper      |   Tweets processed: 8
2026-07-30 19:01:04 INFO     | SentimentSniper      |   Trades executed: 2
2026-07-30 19:01:04 INFO     | SentimentSniper      |   Active trades: 0
2026-07-30 19:01:04 INFO     | SentimentSniper      |   Total PnL: $0.224999
2026-07-30 19:01:04 INFO     | SentimentSniper      | ==================================================
2026-07-30 19:01:04 INFO     | SentimentSniper      | ⏰ Sleeping 30s...
2026-07-30 19:01:34 INFO     | SentimentSniper      | ==================================================
2026-07-30 19:01:34 INFO     | SentimentSniper      |   📊 SENTIMENT SNIPER STATS
2026-07-30 19:01:34 INFO     | SentimentSniper      |   Tweets processed: 8
2026-07-30 19:01:34 INFO     | SentimentSniper      |   Trades executed: 2
2026-07-30 19:01:34 INFO     | SentimentSniper      |   Active trades: 0
2026-07-30 19:01:34 INFO     | SentimentSniper      |   Total PnL: $0.224999
2026-07-30 19:01:34 INFO     | SentimentSniper      | ==================================================
2026-07-30 19:01:34 INFO     | SentimentSniper      | ⏰ Sleeping 30s...
2026-07-30 19:02:04 INFO     | SentimentSniper      | ==================================================
2026-07-30 19:02:04 INFO     | SentimentSniper      |   📊 SENTIMENT SNIPER STATS
2026-07-30 19:02:04 INFO     | SentimentSniper      |   Tweets processed: 8
2026-07-30 19:02:04 INFO     | SentimentSniper      |   Trades executed: 2
2026-07-30 19:02:04 INFO     | SentimentSniper      |   Active trades: 0
2026-07-30 19:02:04 INFO     | SentimentSniper      |   Total PnL: $0.224999
2026-07-30 19:02:04 INFO     | SentimentSniper      | ==================================================
2026-07-30 19:02:04 INFO     | SentimentSniper      | ⏰ Sleeping 30s...
2026-07-30 19:02:34 INFO     | SentimentSniper      | ==================================================
2026-07-30 19:02:34 INFO     | SentimentSniper      |   📊 SENTIMENT SNIPER STATS
2026-07-30 19:02:34 INFO     | SentimentSniper      |   Tweets processed: 8
2026-07-30 19:02:34 INFO     | SentimentSniper      |   Trades executed: 2
2026-07-30 19:02:34 INFO     | SentimentSniper      |   Active trades: 0
2026-07-30 19:02:34 INFO     | SentimentSniper      |   Total PnL: $0.224999
2026-07-30 19:02:34 INFO     | SentimentSniper      | ==================================================
2026-07-30 19:02:34 INFO     | SentimentSniper      | ⏰ Sleeping 30s...
2026-07-30 19:03:04 INFO     | SentimentSniper      | ==================================================
2026-07-30 19:03:04 INFO     | SentimentSniper      |   📊 SENTIMENT SNIPER STATS
2026-07-30 19:03:04 INFO     | SentimentSniper      |   Tweets processed: 8
2026-07-30 19:03:04 INFO     | SentimentSniper      |   Trades executed: 2
2026-07-30 19:03:04 INFO     | SentimentSniper      |   Active trades: 0
2026-07-30 19:03:04 INFO     | SentimentSniper      |   Total PnL: $0.224999
2026-07-30 19:03:04 INFO     | SentimentSniper      | ==================================================
2026-07-30 19:03:04 INFO     | SentimentSniper      | ⏰ Sleeping 30s...
2026-07-30 19:03:34 INFO     | SentimentSniper      | ==================================================
2026-07-30 19:03:34 INFO     | SentimentSniper      |   📊 SENTIMENT SNIPER STATS
2026-07-30 19:03:34 INFO     | SentimentSniper      |   Tweets processed: 8
2026-07-30 19:03:34 INFO     | SentimentSniper      |   Trades executed: 2
2026-07-30 19:03:34 INFO     | SentimentSniper      |   Active trades: 0
2026-07-30 19:03:34 INFO     | SentimentSniper      |   Total PnL: $0.224999
2026-07-30 19:03:34 INFO     | SentimentSniper      | ==================================================
2026-07-30 19:03:34 INFO     | SentimentSniper      | ⏰ Sleeping 30s...
2026-07-30 19:04:04 INFO     | SentimentSniper      | ==================================================
2026-07-30 19:04:04 INFO     | SentimentSniper      |   📊 SENTIMENT SNIPER STATS
2026-07-30 19:04:04 INFO     | SentimentSniper      |   Tweets processed: 8
2026-07-30 19:04:04 INFO     | SentimentSniper      |   Trades executed: 2
2026-07-30 19:04:04 INFO     | SentimentSniper      |   Active trades: 0
2026-07-30 19:04:04 INFO     | SentimentSniper      |   Total PnL: $0.224999
2026-07-30 19:04:04 INFO     | SentimentSniper      | ==================================================
2026-07-30 19:04:04 INFO     | SentimentSniper      | ⏰ Sleeping 30s...
2026-07-30 19:04:34 INFO     | SentimentSniper      | ==================================================
2026-07-30 19:04:34 INFO     | SentimentSniper      |   📊 SENTIMENT SNIPER STATS
2026-07-30 19:04:34 INFO     | SentimentSniper      |   Tweets processed: 8
2026-07-30 19:04:34 INFO     | SentimentSniper      |   Trades executed: 2
2026-07-30 19:04:34 INFO     | SentimentSniper      |   Active trades: 0
2026-07-30 19:04:34 INFO     | SentimentSniper      |   Total PnL: $0.224999
2026-07-30 19:04:34 INFO     | SentimentSniper      | ==================================================
2026-07-30 19:04:34 INFO     | SentimentSniper      | ⏰ Sleeping 30s...
2026-07-30 19:05:04 INFO     | SentimentSniper      | ==================================================
2026-07-30 19:05:04 INFO     | SentimentSniper      |   📊 SENTIMENT SNIPER STATS
2026-07-30 19:05:04 INFO     | SentimentSniper      |   Tweets processed: 8
2026-07-30 19:05:04 INFO     | SentimentSniper      |   Trades executed: 2
2026-07-30 19:05:04 INFO     | SentimentSniper      |   Active trades: 0
2026-07-30 19:05:04 INFO     | SentimentSniper      |   Total PnL: $0.224999
2026-07-30 19:05:04 INFO     | SentimentSniper      | ==================================================
2026-07-30 19:05:04 INFO     | SentimentSniper      | ⏰ Sleeping 30s...
2026-07-30 19:05:34 INFO     | SentimentSniper      | ==================================================
2026-07-30 19:05:34 INFO     | SentimentSniper      |   📊 SENTIMENT SNIPER STATS
2026-07-30 19:05:34 INFO     | SentimentSniper      |   Tweets processed: 8
2026-07-30 19:05:34 INFO     | SentimentSniper      |   Trades executed: 2
2026-07-30 19:05:34 INFO     | SentimentSniper      |   Active trades: 0
2026-07-30 19:05:34 INFO     | SentimentSniper      |   Total PnL: $0.224999
2026-07-30 19:05:34 INFO     | SentimentSniper      | ==================================================
2026-07-30 19:05:34 INFO     | SentimentSniper      | ⏰ Sleeping 30s...
2026-07-30 19:06:04 INFO     | SentimentSniper      | ==================================================
2026-07-30 19:06:04 INFO     | SentimentSniper      |   📊 SENTIMENT SNIPER STATS
2026-07-30 19:06:04 INFO     | SentimentSniper      |   Tweets processed: 8
2026-07-30 19:06:04 INFO     | SentimentSniper      |   Trades executed: 2
2026-07-30 19:06:04 INFO     | SentimentSniper      |   Active trades: 0
2026-07-30 19:06:04 INFO     | SentimentSniper      |   Total PnL: $0.224999
2026-07-30 19:06:04 INFO     | SentimentSniper      | ==================================================
2026-07-30 19:06:04 INFO     | SentimentSniper      | ⏰ Sleeping 30s...
2026-07-30 19:06:34 INFO     | SentimentSniper      | ==================================================
2026-07-30 19:06:34 INFO     | SentimentSniper      |   📊 SENTIMENT SNIPER STATS
2026-07-30 19:06:34 INFO     | SentimentSniper      |   Tweets processed: 8
2026-07-30 19:06:34 INFO     | SentimentSniper      |   Trades executed: 2
2026-07-30 19:06:34 INFO     | SentimentSniper      |   Active trades: 0
2026-07-30 19:06:34 INFO     | SentimentSniper      |   Total PnL: $0.224999
2026-07-30 19:06:34 INFO     | SentimentSniper      | ==================================================
2026-07-30 19:06:34 INFO     | SentimentSniper      | ⏰ Sleeping 30s...
2026-07-30 19:07:04 INFO     | SentimentSniper      | ==================================================
2026-07-30 19:07:04 INFO     | SentimentSniper      |   📊 SENTIMENT SNIPER STATS
2026-07-30 19:07:04 INFO     | SentimentSniper      |   Tweets processed: 8
2026-07-30 19:07:04 INFO     | SentimentSniper      |   Trades executed: 2
2026-07-30 19:07:04 INFO     | SentimentSniper      |   Active trades: 0
2026-07-30 19:07:04 INFO     | SentimentSniper      |   Total PnL: $0.224999
2026-07-30 19:07:04 INFO     | SentimentSniper      | ==================================================
2026-07-30 19:07:04 INFO     | SentimentSniper      | ⏰ Sleeping 30s...
2026-07-30 19:07:34 INFO     | SentimentSniper      | ==================================================
2026-07-30 19:07:34 INFO     | SentimentSniper      |   📊 SENTIMENT SNIPER STATS
2026-07-30 19:07:34 INFO     | SentimentSniper      |   Tweets processed: 8
2026-07-30 19:07:34 INFO     | SentimentSniper      |   Trades executed: 2
2026-07-30 19:07:34 INFO     | SentimentSniper      |   Active trades: 0
2026-07-30 19:07:34 INFO     | SentimentSniper      |   Total PnL: $0.224999
2026-07-30 19:07:34 INFO     | SentimentSniper      | ==================================================
2026-07-30 19:07:34 INFO     | SentimentSniper      | ⏰ Sleeping 30s...
2026-07-30 19:08:04 INFO     | SentimentSniper      | ==================================================
2026-07-30 19:08:04 INFO     | SentimentSniper      |   📊 SENTIMENT SNIPER STATS
2026-07-30 19:08:04 INFO     | SentimentSniper      |   Tweets processed: 8
2026-07-30 19:08:04 INFO     | SentimentSniper      |   Trades executed: 2
2026-07-30 19:08:04 INFO     | SentimentSniper      |   Active trades: 0
2026-07-30 19:08:04 INFO     | SentimentSniper      |   Total PnL: $0.224999
2026-07-30 19:08:04 INFO     | SentimentSniper      | ==================================================
2026-07-30 19:08:04 INFO     | SentimentSniper      | ⏰ Sleeping 30s...
2026-07-30 19:08:34 INFO     | SentimentSniper      | ==================================================
2026-07-30 19:08:34 INFO     | SentimentSniper      |   📊 SENTIMENT SNIPER STATS
2026-07-30 19:08:34 INFO     | SentimentSniper      |   Tweets processed: 8
2026-07-30 19:08:34 INFO     | SentimentSniper      |   Trades executed: 2
2026-07-30 19:08:34 INFO     | SentimentSniper      |   Active trades: 0
2026-07-30 19:08:34 INFO     | SentimentSniper      |   Total PnL: $0.224999
2026-07-30 19:08:34 INFO     | SentimentSniper      | ==================================================
2026-07-30 19:08:34 INFO     | SentimentSniper      | ⏰ Sleeping 30s...
2026-07-30 19:09:04 INFO     | SentimentSniper      | ==================================================
2026-07-30 19:09:04 INFO     | SentimentSniper      |   📊 SENTIMENT SNIPER STATS
2026-07-30 19:09:04 INFO     | SentimentSniper      |   Tweets processed: 8
2026-07-30 19:09:04 INFO     | SentimentSniper      |   Trades executed: 2
2026-07-30 19:09:04 INFO     | SentimentSniper      |   Active trades: 0
2026-07-30 19:09:04 INFO     | SentimentSniper      |   Total PnL: $0.224999
2026-07-30 19:09:04 INFO     | SentimentSniper      | ==================================================
2026-07-30 19:09:04 INFO     | SentimentSniper      | ⏰ Sleeping 30s...
2026-07-30 19:09:34 INFO     | SentimentSniper      | ==================================================
2026-07-30 19:09:34 INFO     | SentimentSniper      |   📊 SENTIMENT SNIPER STATS
2026-07-30 19:09:34 INFO     | SentimentSniper      |   Tweets processed: 8
2026-07-30 19:09:34 INFO     | SentimentSniper      |   Trades executed: 2
2026-07-30 19:09:34 INFO     | SentimentSniper      |   Active trades: 0
2026-07-30 19:09:34 INFO     | SentimentSniper      |   Total PnL: $0.224999
2026-07-30 19:09:34 INFO     | SentimentSniper      | ==================================================
2026-07-30 19:09:34 INFO     | SentimentSniper      | ⏰ Sleeping 30s...
2026-07-30 19:10:04 INFO     | SentimentSniper      | ==================================================
2026-07-30 19:10:04 INFO     | SentimentSniper      |   📊 SENTIMENT SNIPER STATS
2026-07-30 19:10:04 INFO     | SentimentSniper      |   Tweets processed: 8
2026-07-30 19:10:04 INFO     | SentimentSniper      |   Trades executed: 2
2026-07-30 19:10:04 INFO     | SentimentSniper      |   Active trades: 0
2026-07-30 19:10:04 INFO     | SentimentSniper      |   Total PnL: $0.224999
2026-07-30 19:10:04 INFO     | SentimentSniper      | ==================================================
2026-07-30 19:10:04 INFO     | SentimentSniper      | ⏰ Sleeping 30s...
2026-07-30 19:10:34 INFO     | SentimentSniper      | ==================================================
2026-07-30 19:10:34 INFO     | SentimentSniper      |   📊 SENTIMENT SNIPER STATS
2026-07-30 19:10:34 INFO     | SentimentSniper      |   Tweets processed: 8
2026-07-30 19:10:34 INFO     | SentimentSniper      |   Trades executed: 2
2026-07-30 19:10:34 INFO     | SentimentSniper      |   Active trades: 0
2026-07-30 19:10:34 INFO     | SentimentSniper      |   Total PnL: $0.224999
2026-07-30 19:10:34 INFO     | SentimentSniper      | ==================================================
2026-07-30 19:10:34 INFO     | SentimentSniper      | ⏰ Sleeping 30s...
2026-07-30 19:11:04 INFO     | SentimentSniper      | ==================================================
2026-07-30 19:11:04 INFO     | SentimentSniper      |   📊 SENTIMENT SNIPER STATS
2026-07-30 19:11:04 INFO     | SentimentSniper      |   Tweets processed: 8
2026-07-30 19:11:04 INFO     | SentimentSniper      |   Trades executed: 2
2026-07-30 19:11:04 INFO     | SentimentSniper      |   Active trades: 0
2026-07-30 19:11:04 INFO     | SentimentSniper      |   Total PnL: $0.224999
2026-07-30 19:11:04 INFO     | SentimentSniper      | ==================================================
2026-07-30 19:11:04 INFO     | SentimentSniper      | ⏰ Sleeping 30s...
2026-07-30 19:11:34 INFO     | SentimentSniper      | ==================================================
2026-07-30 19:11:34 INFO     | SentimentSniper      |   📊 SENTIMENT SNIPER STATS
2026-07-30 19:11:34 INFO     | SentimentSniper      |   Tweets processed: 8
2026-07-30 19:11:34 INFO     | SentimentSniper      |   Trades executed: 2
2026-07-30 19:11:34 INFO     | SentimentSniper      |   Active trades: 0
2026-07-30 19:11:34 INFO     | SentimentSniper      |   Total PnL: $0.224999
2026-07-30 19:11:34 INFO     | SentimentSniper      | ==================================================
2026-07-30 19:11:34 INFO     | SentimentSniper      | ⏰ Sleeping 30s...
2026-07-30 19:12:04 INFO     | SentimentSniper      | ==================================================
2026-07-30 19:12:04 INFO     | SentimentSniper      |   📊 SENTIMENT SNIPER STATS
2026-07-30 19:12:04 INFO     | SentimentSniper      |   Tweets processed: 8
2026-07-30 19:12:04 INFO     | SentimentSniper      |   Trades executed: 2
2026-07-30 19:12:04 INFO     | SentimentSniper      |   Active trades: 0
2026-07-30 19:12:04 INFO     | SentimentSniper      |   Total PnL: $0.224999
2026-07-30 19:12:04 INFO     | SentimentSniper      | ==================================================
2026-07-30 19:12:04 INFO     | SentimentSniper      | ⏰ Sleeping 30s...
2026-07-30 19:12:34 INFO     | SentimentSniper      | ==================================================
2026-07-30 19:12:34 INFO     | SentimentSniper      |   📊 SENTIMENT SNIPER STATS
2026-07-30 19:12:34 INFO     | SentimentSniper      |   Tweets processed: 8
2026-07-30 19:12:34 INFO     | SentimentSniper      |   Trades executed: 2
2026-07-30 19:12:34 INFO     | SentimentSniper      |   Active trades: 0
2026-07-30 19:12:34 INFO     | SentimentSniper      |   Total PnL: $0.224999
2026-07-30 19:12:34 INFO     | SentimentSniper      | ==================================================
2026-07-30 19:12:34 INFO     | SentimentSniper      | ⏰ Sleeping 30s...
2026-07-30 19:13:04 INFO     | SentimentSniper      | ==================================================
2026-07-30 19:13:04 INFO     | SentimentSniper      |   📊 SENTIMENT SNIPER STATS
2026-07-30 19:13:04 INFO     | SentimentSniper      |   Tweets processed: 8
2026-07-30 19:13:04 INFO     | SentimentSniper      |   Trades executed: 2
2026-07-30 19:13:04 INFO     | SentimentSniper      |   Active trades: 0
2026-07-30 19:13:04 INFO     | SentimentSniper      |   Total PnL: $0.224999
2026-07-30 19:13:04 INFO     | SentimentSniper      | ==================================================
2026-07-30 19:13:04 INFO     | SentimentSniper      | ⏰ Sleeping 30s...
2026-07-30 19:13:34 INFO     | SentimentSniper      | ==================================================
2026-07-30 19:13:34 INFO     | SentimentSniper      |   📊 SENTIMENT SNIPER STATS
2026-07-30 19:13:34 INFO     | SentimentSniper      |   Tweets processed: 8
2026-07-30 19:13:34 INFO     | SentimentSniper      |   Trades executed: 2
2026-07-30 19:13:34 INFO     | SentimentSniper      |   Active trades: 0
2026-07-30 19:13:34 INFO     | SentimentSniper      |   Total PnL: $0.224999
2026-07-30 19:13:34 INFO     | SentimentSniper      | ==================================================
2026-07-30 19:13:34 INFO     | SentimentSniper      | ⏰ Sleeping 30s...
2026-07-30 19:14:04 INFO     | SentimentSniper      | ==================================================
2026-07-30 19:14:04 INFO     | SentimentSniper      |   📊 SENTIMENT SNIPER STATS
2026-07-30 19:14:04 INFO     | SentimentSniper      |   Tweets processed: 8
2026-07-30 19:14:04 INFO     | SentimentSniper      |   Trades executed: 2
2026-07-30 19:14:04 INFO     | SentimentSniper      |   Active trades: 0
2026-07-30 19:14:04 INFO     | SentimentSniper      |   Total PnL: $0.224999
2026-07-30 19:14:04 INFO     | SentimentSniper      | ==================================================
2026-07-30 19:14:04 INFO     | SentimentSniper      | ⏰ Sleeping 30s...
2026-07-30 19:14:34 INFO     | SentimentSniper      | ==================================================
2026-07-30 19:14:34 INFO     | SentimentSniper      |   📊 SENTIMENT SNIPER STATS
2026-07-30 19:14:34 INFO     | SentimentSniper      |   Tweets processed: 8
2026-07-30 19:14:34 INFO     | SentimentSniper      |   Trades executed: 2
2026-07-30 19:14:34 INFO     | SentimentSniper      |   Active trades: 0
2026-07-30 19:14:34 INFO     | SentimentSniper      |   Total PnL: $0.224999
2026-07-30 19:14:34 INFO     | SentimentSniper      | ==================================================
2026-07-30 19:14:34 INFO     | SentimentSniper      | ⏰ Sleeping 30s...
2026-07-30 19:15:04 INFO     | SentimentSniper      | ==================================================
2026-07-30 19:15:04 INFO     | SentimentSniper      |   📊 SENTIMENT SNIPER STATS
2026-07-30 19:15:04 INFO     | SentimentSniper      |   Tweets processed: 8
2026-07-30 19:15:04 INFO     | SentimentSniper      |   Trades executed: 2
2026-07-30 19:15:04 INFO     | SentimentSniper      |   Active trades: 0
2026-07-30 19:15:04 INFO     | SentimentSniper      |   Total PnL: $0.224999
2026-07-30 19:15:04 INFO     | SentimentSniper      | ==================================================
2026-07-30 19:15:04 INFO     | SentimentSniper      | ⏰ Sleeping 30s...
2026-07-30 19:15:34 INFO     | SentimentSniper      | ==================================================
2026-07-30 19:15:34 INFO     | SentimentSniper      |   📊 SENTIMENT SNIPER STATS
2026-07-30 19:15:34 INFO     | SentimentSniper      |   Tweets processed: 8
2026-07-30 19:15:34 INFO     | SentimentSniper      |   Trades executed: 2
2026-07-30 19:15:34 INFO     | SentimentSniper      |   Active trades: 0
2026-07-30 19:15:34 INFO     | SentimentSniper      |   Total PnL: $0.224999
2026-07-30 19:15:34 INFO     | SentimentSniper      | ==================================================
2026-07-30 19:15:34 INFO     | SentimentSniper      | ⏰ Sleeping 30s...
2026-07-30 19:16:04 INFO     | SentimentSniper      | ==================================================
2026-07-30 19:16:04 INFO     | SentimentSniper      |   📊 SENTIMENT SNIPER STATS
2026-07-30 19:16:04 INFO     | SentimentSniper      |   Tweets processed: 8
2026-07-30 19:16:04 INFO     | SentimentSniper      |   Trades executed: 2
2026-07-30 19:16:04 INFO     | SentimentSniper      |   Active trades: 0
2026-07-30 19:16:04 INFO     | SentimentSniper      |   Total PnL: $0.224999
2026-07-30 19:16:04 INFO     | SentimentSniper      | ==================================================
2026-07-30 19:16:04 INFO     | SentimentSniper      | ⏰ Sleeping 30s...
2026-07-30 19:16:34 INFO     | SentimentSniper      | ==================================================
2026-07-30 19:16:34 INFO     | SentimentSniper      |   📊 SENTIMENT SNIPER STATS
2026-07-30 19:16:34 INFO     | SentimentSniper      |   Tweets processed: 8
2026-07-30 19:16:34 INFO     | SentimentSniper      |   Trades executed: 2
2026-07-30 19:16:34 INFO     | SentimentSniper      |   Active trades: 0
2026-07-30 19:16:34 INFO     | SentimentSniper      |   Total PnL: $0.224999
2026-07-30 19:16:34 INFO     | SentimentSniper      | ==================================================
2026-07-30 19:16:34 INFO     | SentimentSniper      | ⏰ Sleeping 30s...
2026-07-30 19:17:04 INFO     | SentimentSniper      | ==================================================
2026-07-30 19:17:04 INFO     | SentimentSniper      |   📊 SENTIMENT SNIPER STATS
2026-07-30 19:17:04 INFO     | SentimentSniper      |   Tweets processed: 8
2026-07-30 19:17:04 INFO     | SentimentSniper      |   Trades executed: 2
2026-07-30 19:17:04 INFO     | SentimentSniper      |   Active trades: 0
2026-07-30 19:17:04 INFO     | SentimentSniper      |   Total PnL: $0.224999
2026-07-30 19:17:04 INFO     | SentimentSniper      | ==================================================
2026-07-30 19:17:04 INFO     | SentimentSniper      | ⏰ Sleeping 30s...
2026-07-30 19:17:34 INFO     | SentimentSniper      | ==================================================
2026-07-30 19:17:34 INFO     | SentimentSniper      |   📊 SENTIMENT SNIPER STATS
2026-07-30 19:17:34 INFO     | SentimentSniper      |   Tweets processed: 8
2026-07-30 19:17:34 INFO     | SentimentSniper      |   Trades executed: 2
2026-07-30 19:17:34 INFO     | SentimentSniper      |   Active trades: 0
2026-07-30 19:17:34 INFO     | SentimentSniper      |   Total PnL: $0.224999
2026-07-30 19:17:34 INFO     | SentimentSniper      | ==================================================
2026-07-30 19:17:34 INFO     | SentimentSniper      | ⏰ Sleeping 30s...
2026-07-30 19:18:04 INFO     | SentimentSniper      | ==================================================
2026-07-30 19:18:04 INFO     | SentimentSniper      |   📊 SENTIMENT SNIPER STATS
2026-07-30 19:18:04 INFO     | SentimentSniper      |   Tweets processed: 8
2026-07-30 19:18:04 INFO     | SentimentSniper      |   Trades executed: 2
2026-07-30 19:18:04 INFO     | SentimentSniper      |   Active trades: 0
2026-07-30 19:18:04 INFO     | SentimentSniper      |   Total PnL: $0.224999
2026-07-30 19:18:04 INFO     | SentimentSniper      | ==================================================
2026-07-30 19:18:04 INFO     | SentimentSniper      | ⏰ Sleeping 30s...
2026-07-30 19:18:34 INFO     | SentimentSniper      | ==================================================
2026-07-30 19:18:34 INFO     | SentimentSniper      |   📊 SENTIMENT SNIPER STATS
2026-07-30 19:18:34 INFO     | SentimentSniper      |   Tweets processed: 8
2026-07-30 19:18:34 INFO     | SentimentSniper      |   Trades executed: 2
2026-07-30 19:18:34 INFO     | SentimentSniper      |   Active trades: 0
2026-07-30 19:18:34 INFO     | SentimentSniper      |   Total PnL: $0.224999
2026-07-30 19:18:34 INFO     | SentimentSniper      | ==================================================
2026-07-30 19:18:34 INFO     | SentimentSniper      | ⏰ Sleeping 30s...
2026-07-30 19:19:04 INFO     | SentimentSniper      | ==================================================
2026-07-30 19:19:04 INFO     | SentimentSniper      |   📊 SENTIMENT SNIPER STATS
2026-07-30 19:19:04 INFO     | SentimentSniper      |   Tweets processed: 8
2026-07-30 19:19:04 INFO     | SentimentSniper      |   Trades executed: 2
2026-07-30 19:19:04 INFO     | SentimentSniper      |   Active trades: 0
2026-07-30 19:19:04 INFO     | SentimentSniper      |   Total PnL: $0.224999
2026-07-30 19:19:04 INFO     | SentimentSniper      | ==================================================
2026-07-30 19:19:04 INFO     | SentimentSniper      | ⏰ Sleeping 30s...
2026-07-30 19:19:34 INFO     | SentimentSniper      | ==================================================
2026-07-30 19:19:34 INFO     | SentimentSniper      |   📊 SENTIMENT SNIPER STATS
2026-07-30 19:19:34 INFO     | SentimentSniper      |   Tweets processed: 8
2026-07-30 19:19:34 INFO     | SentimentSniper      |   Trades executed: 2
2026-07-30 19:19:34 INFO     | SentimentSniper      |   Active trades: 0
2026-07-30 19:19:34 INFO     | SentimentSniper      |   Total PnL: $0.224999
2026-07-30 19:19:34 INFO     | SentimentSniper      | ==================================================
2026-07-30 19:19:34 INFO     | SentimentSniper      | ⏰ Sleeping 30s...
2026-07-30 19:20:04 INFO     | SentimentSniper      | ==================================================
2026-07-30 19:20:04 INFO     | SentimentSniper      |   📊 SENTIMENT SNIPER STATS
2026-07-30 19:20:04 INFO     | SentimentSniper      |   Tweets processed: 8
2026-07-30 19:20:04 INFO     | SentimentSniper      |   Trades executed: 2
2026-07-30 19:20:04 INFO     | SentimentSniper      |   Active trades: 0
2026-07-30 19:20:04 INFO     | SentimentSniper      |   Total PnL: $0.224999
2026-07-30 19:20:04 INFO     | SentimentSniper      | ==================================================
2026-07-30 19:20:04 INFO     | SentimentSniper      | ⏰ Sleeping 30s...
2026-07-30 19:20:34 INFO     | SentimentSniper      | ==================================================
2026-07-30 19:20:34 INFO     | SentimentSniper      |   📊 SENTIMENT SNIPER STATS
2026-07-30 19:20:34 INFO     | SentimentSniper      |   Tweets processed: 8
2026-07-30 19:20:34 INFO     | SentimentSniper      |   Trades executed: 2
2026-07-30 19:20:34 INFO     | SentimentSniper      |   Active trades: 0
2026-07-30 19:20:34 INFO     | SentimentSniper      |   Total PnL: $0.224999
2026-07-30 19:20:34 INFO     | SentimentSniper      | ==================================================
2026-07-30 19:20:34 INFO     | SentimentSniper      | ⏰ Sleeping 30s...
2026-07-30 19:21:04 INFO     | SentimentSniper      | ==================================================
2026-07-30 19:21:04 INFO     | SentimentSniper      |   📊 SENTIMENT SNIPER STATS
2026-07-30 19:21:04 INFO     | SentimentSniper      |   Tweets processed: 8
2026-07-30 19:21:04 INFO     | SentimentSniper      |   Trades executed: 2
2026-07-30 19:21:04 INFO     | SentimentSniper      |   Active trades: 0
2026-07-30 19:21:04 INFO     | SentimentSniper      |   Total PnL: $0.224999
2026-07-30 19:21:04 INFO     | SentimentSniper      | ==================================================
2026-07-30 19:21:04 INFO     | SentimentSniper      | ⏰ Sleeping 30s...
2026-07-30 19:21:34 INFO     | SentimentSniper      | ==================================================
2026-07-30 19:21:34 INFO     | SentimentSniper      |   📊 SENTIMENT SNIPER STATS
2026-07-30 19:21:34 INFO     | SentimentSniper      |   Tweets processed: 8
2026-07-30 19:21:34 INFO     | SentimentSniper      |   Trades executed: 2
2026-07-30 19:21:34 INFO     | SentimentSniper      |   Active trades: 0
2026-07-30 19:21:34 INFO     | SentimentSniper      |   Total PnL: $0.224999
2026-07-30 19:21:34 INFO     | SentimentSniper      | ==================================================
2026-07-30 19:21:34 INFO     | SentimentSniper      | ⏰ Sleeping 30s...
2026-07-30 19:22:04 INFO     | SentimentSniper      | ==================================================
2026-07-30 19:22:04 INFO     | SentimentSniper      |   📊 SENTIMENT SNIPER STATS
2026-07-30 19:22:04 INFO     | SentimentSniper      |   Tweets processed: 8
2026-07-30 19:22:04 INFO     | SentimentSniper      |   Trades executed: 2
2026-07-30 19:22:04 INFO     | SentimentSniper      |   Active trades: 0
2026-07-30 19:22:04 INFO     | SentimentSniper      |   Total PnL: $0.224999
2026-07-30 19:22:04 INFO     | SentimentSniper      | ==================================================
2026-07-30 19:22:04 INFO     | SentimentSniper      | ⏰ Sleeping 30s...
2026-07-30 19:22:34 INFO     | SentimentSniper      | ==================================================
2026-07-30 19:22:34 INFO     | SentimentSniper      |   📊 SENTIMENT SNIPER STATS
2026-07-30 19:22:34 INFO     | SentimentSniper      |   Tweets processed: 8
2026-07-30 19:22:34 INFO     | SentimentSniper      |   Trades executed: 2
2026-07-30 19:22:34 INFO     | SentimentSniper      |   Active trades: 0
2026-07-30 19:22:34 INFO     | SentimentSniper      |   Total PnL: $0.224999
2026-07-30 19:22:34 INFO     | SentimentSniper      | ==================================================
2026-07-30 19:22:34 INFO     | SentimentSniper      | ⏰ Sleeping 30s...
2026-07-30 19:23:04 INFO     | SentimentSniper      | ==================================================
2026-07-30 19:23:04 INFO     | SentimentSniper      |   📊 SENTIMENT SNIPER STATS
2026-07-30 19:23:04 INFO     | SentimentSniper      |   Tweets processed: 8
2026-07-30 19:23:04 INFO     | SentimentSniper      |   Trades executed: 2
2026-07-30 19:23:04 INFO     | SentimentSniper      |   Active trades: 0
2026-07-30 19:23:04 INFO     | SentimentSniper      |   Total PnL: $0.224999
2026-07-30 19:23:04 INFO     | SentimentSniper      | ==================================================
2026-07-30 19:23:04 INFO     | SentimentSniper      | ⏰ Sleeping 30s...
2026-07-30 19:23:34 INFO     | SentimentSniper      | ==================================================
2026-07-30 19:23:34 INFO     | SentimentSniper      |   📊 SENTIMENT SNIPER STATS
2026-07-30 19:23:34 INFO     | SentimentSniper      |   Tweets processed: 8
2026-07-30 19:23:34 INFO     | SentimentSniper      |   Trades executed: 2
2026-07-30 19:23:34 INFO     | SentimentSniper      |   Active trades: 0
2026-07-30 19:23:34 INFO     | SentimentSniper      |   Total PnL: $0.224999
2026-07-30 19:23:34 INFO     | SentimentSniper      | ==================================================
2026-07-30 19:23:34 INFO     | SentimentSniper      | ⏰ Sleeping 30s...
2026-07-30 19:24:04 INFO     | SentimentSniper      | ==================================================
2026-07-30 19:24:04 INFO     | SentimentSniper      |   📊 SENTIMENT SNIPER STATS
2026-07-30 19:24:04 INFO     | SentimentSniper      |   Tweets processed: 8
2026-07-30 19:24:04 INFO     | SentimentSniper      |   Trades executed: 2
2026-07-30 19:24:04 INFO     | SentimentSniper      |   Active trades: 0
2026-07-30 19:24:04 INFO     | SentimentSniper      |   Total PnL: $0.224999
2026-07-30 19:24:04 INFO     | SentimentSniper      | ==================================================
2026-07-30 19:24:04 INFO     | SentimentSniper      | ⏰ Sleeping 30s...
2026-07-30 19:24:34 INFO     | SentimentSniper      | ==================================================
2026-07-30 19:24:34 INFO     | SentimentSniper      |   📊 SENTIMENT SNIPER STATS
2026-07-30 19:24:34 INFO     | SentimentSniper      |   Tweets processed: 8
2026-07-30 19:24:34 INFO     | SentimentSniper      |   Trades executed: 2
2026-07-30 19:24:34 INFO     | SentimentSniper      |   Active trades: 0
2026-07-30 19:24:34 INFO     | SentimentSniper      |   Total PnL: $0.224999
2026-07-30 19:24:34 INFO     | SentimentSniper      | ==================================================
2026-07-30 19:24:34 INFO     | SentimentSniper      | ⏰ Sleeping 30s...
2026-07-30 19:25:04 INFO     | SentimentSniper      | ==================================================
2026-07-30 19:25:04 INFO     | SentimentSniper      |   📊 SENTIMENT SNIPER STATS
2026-07-30 19:25:04 INFO     | SentimentSniper      |   Tweets processed: 8
2026-07-30 19:25:04 INFO     | SentimentSniper      |   Trades executed: 2
2026-07-30 19:25:04 INFO     | SentimentSniper      |   Active trades: 0
2026-07-30 19:25:04 INFO     | SentimentSniper      |   Total PnL: $0.224999
2026-07-30 19:25:04 INFO     | SentimentSniper      | ==================================================
2026-07-30 19:25:04 INFO     | SentimentSniper      | ⏰ Sleeping 30s...
2026-07-30 19:25:34 INFO     | SentimentSniper      | ==================================================
2026-07-30 19:25:34 INFO     | SentimentSniper      |   📊 SENTIMENT SNIPER STATS
2026-07-30 19:25:34 INFO     | SentimentSniper      |   Tweets processed: 8
2026-07-30 19:25:34 INFO     | SentimentSniper      |   Trades executed: 2
2026-07-30 19:25:34 INFO     | SentimentSniper      |   Active trades: 0
2026-07-30 19:25:34 INFO     | SentimentSniper      |   Total PnL: $0.224999
2026-07-30 19:25:34 INFO     | SentimentSniper      | ==================================================
2026-07-30 19:25:34 INFO     | SentimentSniper      | ⏰ Sleeping 30s...
2026-07-30 19:26:04 INFO     | SentimentSniper      | ==================================================
2026-07-30 19:26:04 INFO     | SentimentSniper      |   📊 SENTIMENT SNIPER STATS
2026-07-30 19:26:04 INFO     | SentimentSniper      |   Tweets processed: 8
2026-07-30 19:26:04 INFO     | SentimentSniper      |   Trades executed: 2
2026-07-30 19:26:04 INFO     | SentimentSniper      |   Active trades: 0
2026-07-30 19:26:04 INFO     | SentimentSniper      |   Total PnL: $0.224999
2026-07-30 19:26:04 INFO     | SentimentSniper      | ==================================================
2026-07-30 19:26:04 INFO     | SentimentSniper      | ⏰ Sleeping 30s...
2026-07-30 19:26:34 INFO     | SentimentSniper      | ==================================================
2026-07-30 19:26:34 INFO     | SentimentSniper      |   📊 SENTIMENT SNIPER STATS
2026-07-30 19:26:34 INFO     | SentimentSniper      |   Tweets processed: 8
2026-07-30 19:26:34 INFO     | SentimentSniper      |   Trades executed: 2
2026-07-30 19:26:34 INFO     | SentimentSniper      |   Active trades: 0
2026-07-30 19:26:34 INFO     | SentimentSniper      |   Total PnL: $0.224999
2026-07-30 19:26:34 INFO     | SentimentSniper      | ==================================================
2026-07-30 19:26:34 INFO     | SentimentSniper      | ⏰ Sleeping 30s...
2026-07-30 19:27:04 INFO     | SentimentSniper      | ==================================================
2026-07-30 19:27:04 INFO     | SentimentSniper      |   📊 SENTIMENT SNIPER STATS
2026-07-30 19:27:04 INFO     | SentimentSniper      |   Tweets processed: 8
2026-07-30 19:27:04 INFO     | SentimentSniper      |   Trades executed: 2
2026-07-30 19:27:04 INFO     | SentimentSniper      |   Active trades: 0
2026-07-30 19:27:04 INFO     | SentimentSniper      |   Total PnL: $0.224999
2026-07-30 19:27:04 INFO     | SentimentSniper      | ==================================================
2026-07-30 19:27:04 INFO     | SentimentSniper      | ⏰ Sleeping 30s...
2026-07-30 19:27:34 INFO     | SentimentSniper      | ==================================================
2026-07-30 19:27:34 INFO     | SentimentSniper      |   📊 SENTIMENT SNIPER STATS
2026-07-30 19:27:34 INFO     | SentimentSniper      |   Tweets processed: 8
2026-07-30 19:27:34 INFO     | SentimentSniper      |   Trades executed: 2
2026-07-30 19:27:34 INFO     | SentimentSniper      |   Active trades: 0
2026-07-30 19:27:34 INFO     | SentimentSniper      |   Total PnL: $0.224999
2026-07-30 19:27:34 INFO     | SentimentSniper      | ==================================================
2026-07-30 19:27:34 INFO     | SentimentSniper      | ⏰ Sleeping 30s...
2026-07-30 19:28:04 INFO     | SentimentSniper      | ==================================================
2026-07-30 19:28:04 INFO     | SentimentSniper      |   📊 SENTIMENT SNIPER STATS
2026-07-30 19:28:04 INFO     | SentimentSniper      |   Tweets processed: 8
2026-07-30 19:28:04 INFO     | SentimentSniper      |   Trades executed: 2
2026-07-30 19:28:04 INFO     | SentimentSniper      |   Active trades: 0
2026-07-30 19:28:04 INFO     | SentimentSniper      |   Total PnL: $0.224999
2026-07-30 19:28:04 INFO     | SentimentSniper      | ==================================================
2026-07-30 19:28:04 INFO     | SentimentSniper      | ⏰ Sleeping 30s...
2026-07-30 19:28:34 INFO     | SentimentSniper      | ==================================================
2026-07-30 19:28:34 INFO     | SentimentSniper      |   📊 SENTIMENT SNIPER STATS
2026-07-30 19:28:34 INFO     | SentimentSniper      |   Tweets processed: 8
2026-07-30 19:28:34 INFO     | SentimentSniper      |   Trades executed: 2
2026-07-30 19:28:34 INFO     | SentimentSniper      |   Active trades: 0
2026-07-30 19:28:34 INFO     | SentimentSniper      |   Total PnL: $0.224999
2026-07-30 19:28:34 INFO     | SentimentSniper      | ==================================================
2026-07-30 19:28:34 INFO     | SentimentSniper      | ⏰ Sleeping 30s...
2026-07-30 19:29:04 INFO     | SentimentSniper      | ==================================================
2026-07-30 19:29:04 INFO     | SentimentSniper      |   📊 SENTIMENT SNIPER STATS
2026-07-30 19:29:04 INFO     | SentimentSniper      |   Tweets processed: 8
2026-07-30 19:29:04 INFO     | SentimentSniper      |   Trades executed: 2
2026-07-30 19:29:04 INFO     | SentimentSniper      |   Active trades: 0
2026-07-30 19:29:04 INFO     | SentimentSniper      |   Total PnL: $0.224999
2026-07-30 19:29:04 INFO     | SentimentSniper      | ==================================================
2026-07-30 19:29:04 INFO     | SentimentSniper      | ⏰ Sleeping 30s...
2026-07-30 19:29:34 INFO     | SentimentSniper      | ==================================================
2026-07-30 19:29:34 INFO     | SentimentSniper      |   📊 SENTIMENT SNIPER STATS
2026-07-30 19:29:34 INFO     | SentimentSniper      |   Tweets processed: 8
2026-07-30 19:29:34 INFO     | SentimentSniper      |   Trades executed: 2
2026-07-30 19:29:34 INFO     | SentimentSniper      |   Active trades: 0
2026-07-30 19:29:34 INFO     | SentimentSniper      |   Total PnL: $0.224999
2026-07-30 19:29:34 INFO     | SentimentSniper      | ==================================================
2026-07-30 19:29:34 INFO     | SentimentSniper      | ⏰ Sleeping 30s...
2026-07-30 19:30:04 INFO     | SentimentSniper      | ==================================================
2026-07-30 19:30:04 INFO     | SentimentSniper      |   📊 SENTIMENT SNIPER STATS
2026-07-30 19:30:04 INFO     | SentimentSniper      |   Tweets processed: 8
2026-07-30 19:30:04 INFO     | SentimentSniper      |   Trades executed: 2
2026-07-30 19:30:04 INFO     | SentimentSniper      |   Active trades: 0
2026-07-30 19:30:04 INFO     | SentimentSniper      |   Total PnL: $0.224999
2026-07-30 19:30:04 INFO     | SentimentSniper      | ==================================================
2026-07-30 19:30:04 INFO     | SentimentSniper      | ⏰ Sleeping 30s...
2026-07-30 19:30:34 INFO     | SentimentSniper      | ==================================================
2026-07-30 19:30:34 INFO     | SentimentSniper      |   📊 SENTIMENT SNIPER STATS
2026-07-30 19:30:34 INFO     | SentimentSniper      |   Tweets processed: 8
2026-07-30 19:30:34 INFO     | SentimentSniper      |   Trades executed: 2
2026-07-30 19:30:34 INFO     | SentimentSniper      |   Active trades: 0
2026-07-30 19:30:34 INFO     | SentimentSniper      |   Total PnL: $0.224999
2026-07-30 19:30:34 INFO     | SentimentSniper      | ==================================================
2026-07-30 19:30:34 INFO     | SentimentSniper      | ⏰ Sleeping 30s...
2026-07-30 19:31:04 INFO     | SentimentSniper      | ==================================================
2026-07-30 19:31:04 INFO     | SentimentSniper      |   📊 SENTIMENT SNIPER STATS
2026-07-30 19:31:04 INFO     | SentimentSniper      |   Tweets processed: 8
2026-07-30 19:31:04 INFO     | SentimentSniper      |   Trades executed: 2
2026-07-30 19:31:04 INFO     | SentimentSniper      |   Active trades: 0
2026-07-30 19:31:04 INFO     | SentimentSniper      |   Total PnL: $0.224999
2026-07-30 19:31:04 INFO     | SentimentSniper      | ==================================================
2026-07-30 19:31:04 INFO     | SentimentSniper      | ⏰ Sleeping 30s...
2026-07-30 19:31:34 INFO     | SentimentSniper      | ==================================================
2026-07-30 19:31:34 INFO     | SentimentSniper      |   📊 SENTIMENT SNIPER STATS
2026-07-30 19:31:34 INFO     | SentimentSniper      |   Tweets processed: 8
2026-07-30 19:31:34 INFO     | SentimentSniper      |   Trades executed: 2
2026-07-30 19:31:34 INFO     | SentimentSniper      |   Active trades: 0
2026-07-30 19:31:34 INFO     | SentimentSniper      |   Total PnL: $0.224999
2026-07-30 19:31:34 INFO     | SentimentSniper      | ==================================================
2026-07-30 19:31:34 INFO     | SentimentSniper      | ⏰ Sleeping 30s...
2026-07-30 19:32:04 INFO     | SentimentSniper      | ==================================================
2026-07-30 19:32:04 INFO     | SentimentSniper      |   📊 SENTIMENT SNIPER STATS
2026-07-30 19:32:04 INFO     | SentimentSniper      |   Tweets processed: 8
2026-07-30 19:32:04 INFO     | SentimentSniper      |   Trades executed: 2
2026-07-30 19:32:04 INFO     | SentimentSniper      |   Active trades: 0
2026-07-30 19:32:04 INFO     | SentimentSniper      |   Total PnL: $0.224999
2026-07-30 19:32:04 INFO     | SentimentSniper      | ==================================================
2026-07-30 19:32:04 INFO     | SentimentSniper      | ⏰ Sleeping 30s...
2026-07-30 19:32:34 INFO     | SentimentSniper      | ==================================================
2026-07-30 19:32:34 INFO     | SentimentSniper      |   📊 SENTIMENT SNIPER STATS
2026-07-30 19:32:34 INFO     | SentimentSniper      |   Tweets processed: 8
2026-07-30 19:32:34 INFO     | SentimentSniper      |   Trades executed: 2
2026-07-30 19:32:34 INFO     | SentimentSniper      |   Active trades: 0
2026-07-30 19:32:34 INFO     | SentimentSniper      |   Total PnL: $0.224999
2026-07-30 19:32:34 INFO     | SentimentSniper      | ==================================================
2026-07-30 19:32:34 INFO     | SentimentSniper      | ⏰ Sleeping 30s...
2026-07-30 19:33:04 INFO     | SentimentSniper      | ==================================================
2026-07-30 19:33:04 INFO     | SentimentSniper      |   📊 SENTIMENT SNIPER STATS
2026-07-30 19:33:04 INFO     | SentimentSniper      |   Tweets processed: 8
2026-07-30 19:33:04 INFO     | SentimentSniper      |   Trades executed: 2
2026-07-30 19:33:04 INFO     | SentimentSniper      |   Active trades: 0
2026-07-30 19:33:04 INFO     | SentimentSniper      |   Total PnL: $0.224999
2026-07-30 19:33:04 INFO     | SentimentSniper      | ==================================================
2026-07-30 19:33:04 INFO     | SentimentSniper      | ⏰ Sleeping 30s...
2026-07-30 19:33:34 INFO     | SentimentSniper      | ==================================================
2026-07-30 19:33:34 INFO     | SentimentSniper      |   📊 SENTIMENT SNIPER STATS
2026-07-30 19:33:34 INFO     | SentimentSniper      |   Tweets processed: 8
2026-07-30 19:33:34 INFO     | SentimentSniper      |   Trades executed: 2
2026-07-30 19:33:34 INFO     | SentimentSniper      |   Active trades: 0
2026-07-30 19:33:34 INFO     | SentimentSniper      |   Total PnL: $0.224999
2026-07-30 19:33:34 INFO     | SentimentSniper      | ==================================================
2026-07-30 19:33:34 INFO     | SentimentSniper      | ⏰ Sleeping 30s...
2026-07-30 19:34:04 INFO     | SentimentSniper      | ==================================================
2026-07-30 19:34:04 INFO     | SentimentSniper      |   📊 SENTIMENT SNIPER STATS
2026-07-30 19:34:04 INFO     | SentimentSniper      |   Tweets processed: 8
2026-07-30 19:34:04 INFO     | SentimentSniper      |   Trades executed: 2
2026-07-30 19:34:04 INFO     | SentimentSniper      |   Active trades: 0
2026-07-30 19:34:04 INFO     | SentimentSniper      |   Total PnL: $0.224999
2026-07-30 19:34:04 INFO     | SentimentSniper      | ==================================================
2026-07-30 19:34:04 INFO     | SentimentSniper      | ⏰ Sleeping 30s...
2026-07-30 19:34:34 INFO     | SentimentSniper      | ==================================================
2026-07-30 19:34:34 INFO     | SentimentSniper      |   📊 SENTIMENT SNIPER STATS
2026-07-30 19:34:34 INFO     | SentimentSniper      |   Tweets processed: 8
2026-07-30 19:34:34 INFO     | SentimentSniper      |   Trades executed: 2
2026-07-30 19:34:34 INFO     | SentimentSniper      |   Active trades: 0
2026-07-30 19:34:34 INFO     | SentimentSniper      |   Total PnL: $0.224999
2026-07-30 19:34:34 INFO     | SentimentSniper      | ==================================================
2026-07-30 19:34:34 INFO     | SentimentSniper      | ⏰ Sleeping 30s...
2026-07-30 19:35:04 INFO     | SentimentSniper      | ==================================================
2026-07-30 19:35:04 INFO     | SentimentSniper      |   📊 SENTIMENT SNIPER STATS
2026-07-30 19:35:04 INFO     | SentimentSniper      |   Tweets processed: 8
2026-07-30 19:35:04 INFO     | SentimentSniper      |   Trades executed: 2
2026-07-30 19:35:04 INFO     | SentimentSniper      |   Active trades: 0
2026-07-30 19:35:04 INFO     | SentimentSniper      |   Total PnL: $0.224999
2026-07-30 19:35:04 INFO     | SentimentSniper      | ==================================================
2026-07-30 19:35:04 INFO     | SentimentSniper      | ⏰ Sleeping 30s...
2026-07-30 19:35:34 INFO     | SentimentSniper      | ==================================================
2026-07-30 19:35:34 INFO     | SentimentSniper      |   📊 SENTIMENT SNIPER STATS
2026-07-30 19:35:34 INFO     | SentimentSniper      |   Tweets processed: 8
2026-07-30 19:35:34 INFO     | SentimentSniper      |   Trades executed: 2
2026-07-30 19:35:34 INFO     | SentimentSniper      |   Active trades: 0
2026-07-30 19:35:34 INFO     | SentimentSniper      |   Total PnL: $0.224999
2026-07-30 19:35:34 INFO     | SentimentSniper      | ==================================================
2026-07-30 19:35:34 INFO     | SentimentSniper      | ⏰ Sleeping 30s...
2026-07-30 19:36:04 INFO     | SentimentSniper      | ==================================================
2026-07-30 19:36:04 INFO     | SentimentSniper      |   📊 SENTIMENT SNIPER STATS
2026-07-30 19:36:04 INFO     | SentimentSniper      |   Tweets processed: 8
2026-07-30 19:36:04 INFO     | SentimentSniper      |   Trades executed: 2
2026-07-30 19:36:04 INFO     | SentimentSniper      |   Active trades: 0
2026-07-30 19:36:04 INFO     | SentimentSniper      |   Total PnL: $0.224999
2026-07-30 19:36:04 INFO     | SentimentSniper      | ==================================================
2026-07-30 19:36:04 INFO     | SentimentSniper      | ⏰ Sleeping 30s...
2026-07-30 19:36:34 INFO     | SentimentSniper      | ==================================================
2026-07-30 19:36:34 INFO     | SentimentSniper      |   📊 SENTIMENT SNIPER STATS
2026-07-30 19:36:34 INFO     | SentimentSniper      |   Tweets processed: 8
2026-07-30 19:36:34 INFO     | SentimentSniper      |   Trades executed: 2
2026-07-30 19:36:34 INFO     | SentimentSniper      |   Active trades: 0
2026-07-30 19:36:34 INFO     | SentimentSniper      |   Total PnL: $0.224999
2026-07-30 19:36:34 INFO     | SentimentSniper      | ==================================================
2026-07-30 19:36:34 INFO     | SentimentSniper      | ⏰ Sleeping 30s...
2026-07-30 19:37:04 INFO     | SentimentSniper      | ==================================================
2026-07-30 19:37:04 INFO     | SentimentSniper      |   📊 SENTIMENT SNIPER STATS
2026-07-30 19:37:04 INFO     | SentimentSniper      |   Tweets processed: 8
2026-07-30 19:37:04 INFO     | SentimentSniper      |   Trades executed: 2
2026-07-30 19:37:04 INFO     | SentimentSniper      |   Active trades: 0
2026-07-30 19:37:04 INFO     | SentimentSniper      |   Total PnL: $0.224999
2026-07-30 19:37:04 INFO     | SentimentSniper      | ==================================================
2026-07-30 19:37:04 INFO     | SentimentSniper      | ⏰ Sleeping 30s...
2026-07-30 19:37:34 INFO     | SentimentSniper      | ==================================================
2026-07-30 19:37:34 INFO     | SentimentSniper      |   📊 SENTIMENT SNIPER STATS
2026-07-30 19:37:34 INFO     | SentimentSniper      |   Tweets processed: 8
2026-07-30 19:37:34 INFO     | SentimentSniper      |   Trades executed: 2
2026-07-30 19:37:34 INFO     | SentimentSniper      |   Active trades: 0
2026-07-30 19:37:34 INFO     | SentimentSniper      |   Total PnL: $0.224999
2026-07-30 19:37:34 INFO     | SentimentSniper      | ==================================================
2026-07-30 19:37:34 INFO     | SentimentSniper      | ⏰ Sleeping 30s...
2026-07-30 19:38:04 INFO     | SentimentSniper      | ==================================================
2026-07-30 19:38:04 INFO     | SentimentSniper      |   📊 SENTIMENT SNIPER STATS
2026-07-30 19:38:04 INFO     | SentimentSniper      |   Tweets processed: 8
2026-07-30 19:38:04 INFO     | SentimentSniper      |   Trades executed: 2
2026-07-30 19:38:04 INFO     | SentimentSniper      |   Active trades: 0
2026-07-30 19:38:04 INFO     | SentimentSniper      |   Total PnL: $0.224999
2026-07-30 19:38:04 INFO     | SentimentSniper      | ==================================================
2026-07-30 19:38:04 INFO     | SentimentSniper      | ⏰ Sleeping 30s...
2026-07-30 19:38:34 INFO     | SentimentSniper      | ==================================================
2026-07-30 19:38:34 INFO     | SentimentSniper      |   📊 SENTIMENT SNIPER STATS
2026-07-30 19:38:34 INFO     | SentimentSniper      |   Tweets processed: 8
2026-07-30 19:38:34 INFO     | SentimentSniper      |   Trades executed: 2
2026-07-30 19:38:34 INFO     | SentimentSniper      |   Active trades: 0
2026-07-30 19:38:34 INFO     | SentimentSniper      |   Total PnL: $0.224999
2026-07-30 19:38:34 INFO     | SentimentSniper      | ==================================================
2026-07-30 19:38:34 INFO     | SentimentSniper      | ⏰ Sleeping 30s...
2026-07-30 19:39:04 INFO     | SentimentSniper      | ==================================================
2026-07-30 19:39:04 INFO     | SentimentSniper      |   📊 SENTIMENT SNIPER STATS
2026-07-30 19:39:04 INFO     | SentimentSniper      |   Tweets processed: 8
2026-07-30 19:39:04 INFO     | SentimentSniper      |   Trades executed: 2
2026-07-30 19:39:04 INFO     | SentimentSniper      |   Active trades: 0
2026-07-30 19:39:04 INFO     | SentimentSniper      |   Total PnL: $0.224999
2026-07-30 19:39:04 INFO     | SentimentSniper      | ==================================================
2026-07-30 19:39:04 INFO     | SentimentSniper      | ⏰ Sleeping 30s...
2026-07-30 19:39:34 INFO     | SentimentSniper      | ==================================================
2026-07-30 19:39:34 INFO     | SentimentSniper      |   📊 SENTIMENT SNIPER STATS
2026-07-30 19:39:34 INFO     | SentimentSniper      |   Tweets processed: 8
2026-07-30 19:39:34 INFO     | SentimentSniper      |   Trades executed: 2
2026-07-30 19:39:34 INFO     | SentimentSniper      |   Active trades: 0
2026-07-30 19:39:34 INFO     | SentimentSniper      |   Total PnL: $0.224999
2026-07-30 19:39:34 INFO     | SentimentSniper      | ==================================================
2026-07-30 19:39:34 INFO     | SentimentSniper      | ⏰ Sleeping 30s...
2026-07-30 19:40:04 INFO     | SentimentSniper      | ==================================================
2026-07-30 19:40:04 INFO     | SentimentSniper      |   📊 SENTIMENT SNIPER STATS
2026-07-30 19:40:04 INFO     | SentimentSniper      |   Tweets processed: 8
2026-07-30 19:40:04 INFO     | SentimentSniper      |   Trades executed: 2
2026-07-30 19:40:04 INFO     | SentimentSniper      |   Active trades: 0
2026-07-30 19:40:04 INFO     | SentimentSniper      |   Total PnL: $0.224999
2026-07-30 19:40:04 INFO     | SentimentSniper      | ==================================================
2026-07-30 19:40:04 INFO     | SentimentSniper      | ⏰ Sleeping 30s...
2026-07-30 19:40:34 INFO     | SentimentSniper      | ==================================================
2026-07-30 19:40:34 INFO     | SentimentSniper      |   📊 SENTIMENT SNIPER STATS
2026-07-30 19:40:34 INFO     | SentimentSniper      |   Tweets processed: 8
2026-07-30 19:40:34 INFO     | SentimentSniper      |   Trades executed: 2
2026-07-30 19:40:34 INFO     | SentimentSniper      |   Active trades: 0
2026-07-30 19:40:34 INFO     | SentimentSniper      |   Total PnL: $0.224999
2026-07-30 19:40:34 INFO     | SentimentSniper      | ==================================================
2026-07-30 19:40:34 INFO     | SentimentSniper      | ⏰ Sleeping 30s...
2026-07-30 19:41:04 INFO     | SentimentSniper      | ==================================================
2026-07-30 19:41:04 INFO     | SentimentSniper      |   📊 SENTIMENT SNIPER STATS
2026-07-30 19:41:04 INFO     | SentimentSniper      |   Tweets processed: 8
2026-07-30 19:41:04 INFO     | SentimentSniper      |   Trades executed: 2
2026-07-30 19:41:04 INFO     | SentimentSniper      |   Active trades: 0
2026-07-30 19:41:04 INFO     | SentimentSniper      |   Total PnL: $0.224999
2026-07-30 19:41:04 INFO     | SentimentSniper      | ==================================================
2026-07-30 19:41:04 INFO     | SentimentSniper      | ⏰ Sleeping 30s...
2026-07-30 19:41:34 INFO     | SentimentSniper      | ==================================================
2026-07-30 19:41:34 INFO     | SentimentSniper      |   📊 SENTIMENT SNIPER STATS
2026-07-30 19:41:34 INFO     | SentimentSniper      |   Tweets processed: 8
2026-07-30 19:41:34 INFO     | SentimentSniper      |   Trades executed: 2
2026-07-30 19:41:34 INFO     | SentimentSniper      |   Active trades: 0
2026-07-30 19:41:34 INFO     | SentimentSniper      |   Total PnL: $0.224999
2026-07-30 19:41:34 INFO     | SentimentSniper      | ==================================================
2026-07-30 19:41:34 INFO     | SentimentSniper      | ⏰ Sleeping 30s...
2026-07-30 19:42:04 INFO     | SentimentSniper      | ==================================================
2026-07-30 19:42:04 INFO     | SentimentSniper      |   📊 SENTIMENT SNIPER STATS
2026-07-30 19:42:04 INFO     | SentimentSniper      |   Tweets processed: 8
2026-07-30 19:42:04 INFO     | SentimentSniper      |   Trades executed: 2
2026-07-30 19:42:04 INFO     | SentimentSniper      |   Active trades: 0
2026-07-30 19:42:04 INFO     | SentimentSniper      |   Total PnL: $0.224999
2026-07-30 19:42:04 INFO     | SentimentSniper      | ==================================================
2026-07-30 19:42:04 INFO     | SentimentSniper      | ⏰ Sleeping 30s...
2026-07-30 19:42:34 INFO     | SentimentSniper      | ==================================================
2026-07-30 19:42:34 INFO     | SentimentSniper      |   📊 SENTIMENT SNIPER STATS
2026-07-30 19:42:34 INFO     | SentimentSniper      |   Tweets processed: 8
2026-07-30 19:42:34 INFO     | SentimentSniper      |   Trades executed: 2
2026-07-30 19:42:34 INFO     | SentimentSniper      |   Active trades: 0
2026-07-30 19:42:34 INFO     | SentimentSniper      |   Total PnL: $0.224999
2026-07-30 19:42:34 INFO     | SentimentSniper      | ==================================================
2026-07-30 19:42:34 INFO     | SentimentSniper      | ⏰ Sleeping 30s...
2026-07-30 19:43:04 INFO     | SentimentSniper      | ==================================================
2026-07-30 19:43:04 INFO     | SentimentSniper      |   📊 SENTIMENT SNIPER STATS
2026-07-30 19:43:04 INFO     | SentimentSniper      |   Tweets processed: 8
2026-07-30 19:43:04 INFO     | SentimentSniper      |   Trades executed: 2
2026-07-30 19:43:04 INFO     | SentimentSniper      |   Active trades: 0
2026-07-30 19:43:04 INFO     | SentimentSniper      |   Total PnL: $0.224999
2026-07-30 19:43:04 INFO     | SentimentSniper      | ==================================================
2026-07-30 19:43:04 INFO     | SentimentSniper      | ⏰ Sleeping 30s...
2026-07-30 19:43:34 INFO     | SentimentSniper      | ==================================================
2026-07-30 19:43:34 INFO     | SentimentSniper      |   📊 SENTIMENT SNIPER STATS
2026-07-30 19:43:34 INFO     | SentimentSniper      |   Tweets processed: 8
2026-07-30 19:43:34 INFO     | SentimentSniper      |   Trades executed: 2
2026-07-30 19:43:34 INFO     | SentimentSniper      |   Active trades: 0
2026-07-30 19:43:34 INFO     | SentimentSniper      |   Total PnL: $0.224999
2026-07-30 19:43:34 INFO     | SentimentSniper      | ==================================================
2026-07-30 19:43:34 INFO     | SentimentSniper      | ⏰ Sleeping 30s...
2026-07-30 19:44:04 INFO     | SentimentSniper      | ==================================================
2026-07-30 19:44:04 INFO     | SentimentSniper      |   📊 SENTIMENT SNIPER STATS
2026-07-30 19:44:04 INFO     | SentimentSniper      |   Tweets processed: 8
2026-07-30 19:44:04 INFO     | SentimentSniper      |   Trades executed: 2
2026-07-30 19:44:04 INFO     | SentimentSniper      |   Active trades: 0
2026-07-30 19:44:04 INFO     | SentimentSniper      |   Total PnL: $0.224999
2026-07-30 19:44:04 INFO     | SentimentSniper      | ==================================================
2026-07-30 19:44:04 INFO     | SentimentSniper      | ⏰ Sleeping 30s...
2026-07-30 19:44:34 INFO     | SentimentSniper      | ==================================================
2026-07-30 19:44:34 INFO     | SentimentSniper      |   📊 SENTIMENT SNIPER STATS
2026-07-30 19:44:34 INFO     | SentimentSniper      |   Tweets processed: 8
2026-07-30 19:44:34 INFO     | SentimentSniper      |   Trades executed: 2
2026-07-30 19:44:34 INFO     | SentimentSniper      |   Active trades: 0
2026-07-30 19:44:34 INFO     | SentimentSniper      |   Total PnL: $0.224999
2026-07-30 19:44:34 INFO     | SentimentSniper      | ==================================================
2026-07-30 19:44:34 INFO     | SentimentSniper      | ⏰ Sleeping 30s...
2026-07-30 19:45:04 INFO     | SentimentSniper      | ==================================================
2026-07-30 19:45:04 INFO     | SentimentSniper      |   📊 SENTIMENT SNIPER STATS
2026-07-30 19:45:04 INFO     | SentimentSniper      |   Tweets processed: 8
2026-07-30 19:45:04 INFO     | SentimentSniper      |   Trades executed: 2
2026-07-30 19:45:04 INFO     | SentimentSniper      |   Active trades: 0
2026-07-30 19:45:04 INFO     | SentimentSniper      |   Total PnL: $0.224999
2026-07-30 19:45:04 INFO     | SentimentSniper      | ==================================================
2026-07-30 19:45:04 INFO     | SentimentSniper      | ⏰ Sleeping 30s...
2026-07-30 19:45:34 INFO     | SentimentSniper      | ==================================================
2026-07-30 19:45:34 INFO     | SentimentSniper      |   📊 SENTIMENT SNIPER STATS
2026-07-30 19:45:34 INFO     | SentimentSniper      |   Tweets processed: 8
2026-07-30 19:45:34 INFO     | SentimentSniper      |   Trades executed: 2
2026-07-30 19:45:34 INFO     | SentimentSniper      |   Active trades: 0
2026-07-30 19:45:34 INFO     | SentimentSniper      |   Total PnL: $0.224999
2026-07-30 19:45:34 INFO     | SentimentSniper      | ==================================================
2026-07-30 19:45:34 INFO     | SentimentSniper      | ⏰ Sleeping 30s...
2026-07-30 19:46:04 INFO     | SentimentSniper      | ==================================================
2026-07-30 19:46:04 INFO     | SentimentSniper      |   📊 SENTIMENT SNIPER STATS
2026-07-30 19:46:04 INFO     | SentimentSniper      |   Tweets processed: 8
2026-07-30 19:46:04 INFO     | SentimentSniper      |   Trades executed: 2
2026-07-30 19:46:04 INFO     | SentimentSniper      |   Active trades: 0
2026-07-30 19:46:04 INFO     | SentimentSniper      |   Total PnL: $0.224999
2026-07-30 19:46:04 INFO     | SentimentSniper      | ==================================================
2026-07-30 19:46:04 INFO     | SentimentSniper      | ⏰ Sleeping 30s...
2026-07-30 19:46:34 INFO     | SentimentSniper      | ==================================================
2026-07-30 19:46:34 INFO     | SentimentSniper      |   📊 SENTIMENT SNIPER STATS
2026-07-30 19:46:34 INFO     | SentimentSniper      |   Tweets processed: 8
2026-07-30 19:46:34 INFO     | SentimentSniper      |   Trades executed: 2
2026-07-30 19:46:34 INFO     | SentimentSniper      |   Active trades: 0
2026-07-30 19:46:34 INFO     | SentimentSniper      |   Total PnL: $0.224999
2026-07-30 19:46:34 INFO     | SentimentSniper      | ==================================================
2026-07-30 19:46:34 INFO     | SentimentSniper      | ⏰ Sleeping 30s...
2026-07-30 19:47:04 INFO     | SentimentSniper      | ==================================================
2026-07-30 19:47:04 INFO     | SentimentSniper      |   📊 SENTIMENT SNIPER STATS
2026-07-30 19:47:04 INFO     | SentimentSniper      |   Tweets processed: 8
2026-07-30 19:47:04 INFO     | SentimentSniper      |   Trades executed: 2
2026-07-30 19:47:04 INFO     | SentimentSniper      |   Active trades: 0
2026-07-30 19:47:04 INFO     | SentimentSniper      |   Total PnL: $0.224999
2026-07-30 19:47:04 INFO     | SentimentSniper      | ==================================================
2026-07-30 19:47:04 INFO     | SentimentSniper      | ⏰ Sleeping 30s...
2026-07-30 19:47:34 INFO     | SentimentSniper      | ==================================================
2026-07-30 19:47:34 INFO     | SentimentSniper      |   📊 SENTIMENT SNIPER STATS
2026-07-30 19:47:34 INFO     | SentimentSniper      |   Tweets processed: 8
2026-07-30 19:47:34 INFO     | SentimentSniper      |   Trades executed: 2
2026-07-30 19:47:34 INFO     | SentimentSniper      |   Active trades: 0
2026-07-30 19:47:34 INFO     | SentimentSniper      |   Total PnL: $0.224999
2026-07-30 19:47:34 INFO     | SentimentSniper      | ==================================================
2026-07-30 19:47:34 INFO     | SentimentSniper      | ⏰ Sleeping 30s...
2026-07-30 19:48:04 INFO     | SentimentSniper      | ==================================================
2026-07-30 19:48:04 INFO     | SentimentSniper      |   📊 SENTIMENT SNIPER STATS
2026-07-30 19:48:04 INFO     | SentimentSniper      |   Tweets processed: 8
2026-07-30 19:48:04 INFO     | SentimentSniper      |   Trades executed: 2
2026-07-30 19:48:04 INFO     | SentimentSniper      |   Active trades: 0
2026-07-30 19:48:04 INFO     | SentimentSniper      |   Total PnL: $0.224999
2026-07-30 19:48:04 INFO     | SentimentSniper      | ==================================================
2026-07-30 19:48:04 INFO     | SentimentSniper      | ⏰ Sleeping 30s...
2026-07-30 19:48:34 INFO     | SentimentSniper      | ==================================================
2026-07-30 19:48:34 INFO     | SentimentSniper      |   📊 SENTIMENT SNIPER STATS
2026-07-30 19:48:34 INFO     | SentimentSniper      |   Tweets processed: 8
2026-07-30 19:48:34 INFO     | SentimentSniper      |   Trades executed: 2
2026-07-30 19:48:34 INFO     | SentimentSniper      |   Active trades: 0
2026-07-30 19:48:34 INFO     | SentimentSniper      |   Total PnL: $0.224999
2026-07-30 19:48:34 INFO     | SentimentSniper      | ==================================================
2026-07-30 19:48:34 INFO     | SentimentSniper      | ⏰ Sleeping 30s...
2026-07-30 19:49:04 INFO     | SentimentSniper      | ==================================================
2026-07-30 19:49:04 INFO     | SentimentSniper      |   📊 SENTIMENT SNIPER STATS
2026-07-30 19:49:04 INFO     | SentimentSniper      |   Tweets processed: 8
2026-07-30 19:49:04 INFO     | SentimentSniper      |   Trades executed: 2
2026-07-30 19:49:04 INFO     | SentimentSniper      |   Active trades: 0
2026-07-30 19:49:04 INFO     | SentimentSniper      |   Total PnL: $0.224999
2026-07-30 19:49:04 INFO     | SentimentSniper      | ==================================================
2026-07-30 19:49:04 INFO     | SentimentSniper      | ⏰ Sleeping 30s...
2026-07-30 19:49:34 INFO     | SentimentSniper      | ==================================================
2026-07-30 19:49:34 INFO     | SentimentSniper      |   📊 SENTIMENT SNIPER STATS
2026-07-30 19:49:34 INFO     | SentimentSniper      |   Tweets processed: 8
2026-07-30 19:49:34 INFO     | SentimentSniper      |   Trades executed: 2
2026-07-30 19:49:34 INFO     | SentimentSniper      |   Active trades: 0
2026-07-30 19:49:34 INFO     | SentimentSniper      |   Total PnL: $0.224999
2026-07-30 19:49:34 INFO     | SentimentSniper      | ==================================================
2026-07-30 19:49:34 INFO     | SentimentSniper      | ⏰ Sleeping 30s...
2026-07-30 19:50:04 INFO     | SentimentSniper      | ==================================================
2026-07-30 19:50:04 INFO     | SentimentSniper      |   📊 SENTIMENT SNIPER STATS
2026-07-30 19:50:04 INFO     | SentimentSniper      |   Tweets processed: 8
2026-07-30 19:50:04 INFO     | SentimentSniper      |   Trades executed: 2
2026-07-30 19:50:04 INFO     | SentimentSniper      |   Active trades: 0
2026-07-30 19:50:04 INFO     | SentimentSniper      |   Total PnL: $0.224999
2026-07-30 19:50:04 INFO     | SentimentSniper      | ==================================================
2026-07-30 19:50:04 INFO     | SentimentSniper      | ⏰ Sleeping 30s...
2026-07-30 19:50:34 INFO     | SentimentSniper      | ==================================================
2026-07-30 19:50:34 INFO     | SentimentSniper      |   📊 SENTIMENT SNIPER STATS
2026-07-30 19:50:34 INFO     | SentimentSniper      |   Tweets processed: 8
2026-07-30 19:50:34 INFO     | SentimentSniper      |   Trades executed: 2
2026-07-30 19:50:34 INFO     | SentimentSniper      |   Active trades: 0
2026-07-30 19:50:34 INFO     | SentimentSniper      |   Total PnL: $0.224999
2026-07-30 19:50:34 INFO     | SentimentSniper      | ==================================================
2026-07-30 19:50:34 INFO     | SentimentSniper      | ⏰ Sleeping 30s...
2026-07-30 19:51:04 INFO     | SentimentSniper      | ==================================================
2026-07-30 19:51:04 INFO     | SentimentSniper      |   📊 SENTIMENT SNIPER STATS
2026-07-30 19:51:04 INFO     | SentimentSniper      |   Tweets processed: 8
2026-07-30 19:51:04 INFO     | SentimentSniper      |   Trades executed: 2
2026-07-30 19:51:04 INFO     | SentimentSniper      |   Active trades: 0
2026-07-30 19:51:04 INFO     | SentimentSniper      |   Total PnL: $0.224999
2026-07-30 19:51:04 INFO     | SentimentSniper      | ==================================================
2026-07-30 19:51:04 INFO     | SentimentSniper      | ⏰ Sleeping 30s...
2026-07-30 19:51:34 INFO     | SentimentSniper      | ==================================================
2026-07-30 19:51:34 INFO     | SentimentSniper      |   📊 SENTIMENT SNIPER STATS
2026-07-30 19:51:34 INFO     | SentimentSniper      |   Tweets processed: 8
2026-07-30 19:51:34 INFO     | SentimentSniper      |   Trades executed: 2
2026-07-30 19:51:34 INFO     | SentimentSniper      |   Active trades: 0
2026-07-30 19:51:34 INFO     | SentimentSniper      |   Total PnL: $0.224999
2026-07-30 19:51:34 INFO     | SentimentSniper      | ==================================================
2026-07-30 19:51:34 INFO     | SentimentSniper      | ⏰ Sleeping 30s...
2026-07-30 19:52:04 INFO     | SentimentSniper      | ==================================================
2026-07-30 19:52:04 INFO     | SentimentSniper      |   📊 SENTIMENT SNIPER STATS
2026-07-30 19:52:04 INFO     | SentimentSniper      |   Tweets processed: 8
2026-07-30 19:52:04 INFO     | SentimentSniper      |   Trades executed: 2
2026-07-30 19:52:04 INFO     | SentimentSniper      |   Active trades: 0
2026-07-30 19:52:04 INFO     | SentimentSniper      |   Total PnL: $0.224999
2026-07-30 19:52:04 INFO     | SentimentSniper      | ==================================================
2026-07-30 19:52:04 INFO     | SentimentSniper      | ⏰ Sleeping 30s...
2026-07-30 19:52:34 INFO     | SentimentSniper      | ==================================================
2026-07-30 19:52:34 INFO     | SentimentSniper      |   📊 SENTIMENT SNIPER STATS
2026-07-30 19:52:34 INFO     | SentimentSniper      |   Tweets processed: 8
2026-07-30 19:52:34 INFO     | SentimentSniper      |   Trades executed: 2
2026-07-30 19:52:34 INFO     | SentimentSniper      |   Active trades: 0
2026-07-30 19:52:34 INFO     | SentimentSniper      |   Total PnL: $0.224999
2026-07-30 19:52:34 INFO     | SentimentSniper      | ==================================================
2026-07-30 19:52:34 INFO     | SentimentSniper      | ⏰ Sleeping 30s...
2026-07-30 19:53:04 INFO     | SentimentSniper      | ==================================================
2026-07-30 19:53:04 INFO     | SentimentSniper      |   📊 SENTIMENT SNIPER STATS
2026-07-30 19:53:04 INFO     | SentimentSniper      |   Tweets processed: 8
2026-07-30 19:53:04 INFO     | SentimentSniper      |   Trades executed: 2
2026-07-30 19:53:04 INFO     | SentimentSniper      |   Active trades: 0
2026-07-30 19:53:04 INFO     | SentimentSniper      |   Total PnL: $0.224999
2026-07-30 19:53:04 INFO     | SentimentSniper      | ==================================================
2026-07-30 19:53:04 INFO     | SentimentSniper      | ⏰ Sleeping 30s...
2026-07-30 19:53:34 INFO     | SentimentSniper      | ==================================================
2026-07-30 19:53:34 INFO     | SentimentSniper      |   📊 SENTIMENT SNIPER STATS
2026-07-30 19:53:34 INFO     | SentimentSniper      |   Tweets processed: 8
2026-07-30 19:53:34 INFO     | SentimentSniper      |   Trades executed: 2
2026-07-30 19:53:34 INFO     | SentimentSniper      |   Active trades: 0
2026-07-30 19:53:34 INFO     | SentimentSniper      |   Total PnL: $0.224999
2026-07-30 19:53:34 INFO     | SentimentSniper      | ==================================================
2026-07-30 19:53:34 INFO     | SentimentSniper      | ⏰ Sleeping 30s...
2026-07-30 19:54:04 INFO     | SentimentSniper      | ==================================================
2026-07-30 19:54:04 INFO     | SentimentSniper      |   📊 SENTIMENT SNIPER STATS
2026-07-30 19:54:04 INFO     | SentimentSniper      |   Tweets processed: 8
2026-07-30 19:54:04 INFO     | SentimentSniper      |   Trades executed: 2
2026-07-30 19:54:04 INFO     | SentimentSniper      |   Active trades: 0
2026-07-30 19:54:04 INFO     | SentimentSniper      |   Total PnL: $0.224999
2026-07-30 19:54:04 INFO     | SentimentSniper      | ==================================================
2026-07-30 19:54:04 INFO     | SentimentSniper      | ⏰ Sleeping 30s...
2026-07-30 19:54:34 INFO     | SentimentSniper      | ==================================================
2026-07-30 19:54:34 INFO     | SentimentSniper      |   📊 SENTIMENT SNIPER STATS
2026-07-30 19:54:34 INFO     | SentimentSniper      |   Tweets processed: 8
2026-07-30 19:54:34 INFO     | SentimentSniper      |   Trades executed: 2
2026-07-30 19:54:34 INFO     | SentimentSniper      |   Active trades: 0
2026-07-30 19:54:34 INFO     | SentimentSniper      |   Total PnL: $0.224999
2026-07-30 19:54:34 INFO     | SentimentSniper      | ==================================================
2026-07-30 19:54:34 INFO     | SentimentSniper      | ⏰ Sleeping 30s...
2026-07-30 19:55:04 INFO     | SentimentSniper      | ==================================================
2026-07-30 19:55:04 INFO     | SentimentSniper      |   📊 SENTIMENT SNIPER STATS
2026-07-30 19:55:04 INFO     | SentimentSniper      |   Tweets processed: 8
2026-07-30 19:55:04 INFO     | SentimentSniper      |   Trades executed: 2
2026-07-30 19:55:04 INFO     | SentimentSniper      |   Active trades: 0
2026-07-30 19:55:04 INFO     | SentimentSniper      |   Total PnL: $0.224999
2026-07-30 19:55:04 INFO     | SentimentSniper      | ==================================================
2026-07-30 19:55:04 INFO     | SentimentSniper      | ⏰ Sleeping 30s...
2026-07-30 19:55:34 INFO     | SentimentSniper      | ==================================================
2026-07-30 19:55:34 INFO     | SentimentSniper      |   📊 SENTIMENT SNIPER STATS
2026-07-30 19:55:34 INFO     | SentimentSniper      |   Tweets processed: 8
2026-07-30 19:55:34 INFO     | SentimentSniper      |   Trades executed: 2
2026-07-30 19:55:34 INFO     | SentimentSniper      |   Active trades: 0
2026-07-30 19:55:34 INFO     | SentimentSniper      |   Total PnL: $0.224999
2026-07-30 19:55:34 INFO     | SentimentSniper      | ==================================================
2026-07-30 19:55:34 INFO     | SentimentSniper      | ⏰ Sleeping 30s...
2026-07-30 19:56:04 INFO     | SentimentSniper      | ==================================================
2026-07-30 19:56:04 INFO     | SentimentSniper      |   📊 SENTIMENT SNIPER STATS
2026-07-30 19:56:04 INFO     | SentimentSniper      |   Tweets processed: 8
2026-07-30 19:56:04 INFO     | SentimentSniper      |   Trades executed: 2
2026-07-30 19:56:04 INFO     | SentimentSniper      |   Active trades: 0
2026-07-30 19:56:04 INFO     | SentimentSniper      |   Total PnL: $0.224999
2026-07-30 19:56:04 INFO     | SentimentSniper      | ==================================================
2026-07-30 19:56:04 INFO     | SentimentSniper      | ⏰ Sleeping 30s...
2026-07-30 19:56:34 INFO     | SentimentSniper      | ==================================================
2026-07-30 19:56:34 INFO     | SentimentSniper      |   📊 SENTIMENT SNIPER STATS
2026-07-30 19:56:34 INFO     | SentimentSniper      |   Tweets processed: 8
2026-07-30 19:56:34 INFO     | SentimentSniper      |   Trades executed: 2
2026-07-30 19:56:34 INFO     | SentimentSniper      |   Active trades: 0
2026-07-30 19:56:34 INFO     | SentimentSniper      |   Total PnL: $0.224999
2026-07-30 19:56:34 INFO     | SentimentSniper      | ==================================================
2026-07-30 19:56:34 INFO     | SentimentSniper      | ⏰ Sleeping 30s...
2026-07-30 19:57:04 INFO     | SentimentSniper      | ==================================================
2026-07-30 19:57:04 INFO     | SentimentSniper      |   📊 SENTIMENT SNIPER STATS
2026-07-30 19:57:04 INFO     | SentimentSniper      |   Tweets processed: 8
2026-07-30 19:57:04 INFO     | SentimentSniper      |   Trades executed: 2
2026-07-30 19:57:04 INFO     | SentimentSniper      |   Active trades: 0
2026-07-30 19:57:04 INFO     | SentimentSniper      |   Total PnL: $0.224999
2026-07-30 19:57:04 INFO     | SentimentSniper      | ==================================================
2026-07-30 19:57:04 INFO     | SentimentSniper      | ⏰ Sleeping 30s...
2026-07-30 19:57:34 INFO     | SentimentSniper      | ==================================================
2026-07-30 19:57:34 INFO     | SentimentSniper      |   📊 SENTIMENT SNIPER STATS
2026-07-30 19:57:34 INFO     | SentimentSniper      |   Tweets processed: 8
2026-07-30 19:57:34 INFO     | SentimentSniper      |   Trades executed: 2
2026-07-30 19:57:34 INFO     | SentimentSniper      |   Active trades: 0
2026-07-30 19:57:34 INFO     | SentimentSniper      |   Total PnL: $0.224999
2026-07-30 19:57:34 INFO     | SentimentSniper      | ==================================================
2026-07-30 19:57:34 INFO     | SentimentSniper      | ⏰ Sleeping 30s...
2026-07-30 19:58:04 INFO     | SentimentSniper      | ==================================================
2026-07-30 19:58:04 INFO     | SentimentSniper      |   📊 SENTIMENT SNIPER STATS
2026-07-30 19:58:04 INFO     | SentimentSniper      |   Tweets processed: 8
2026-07-30 19:58:04 INFO     | SentimentSniper      |   Trades executed: 2
2026-07-30 19:58:04 INFO     | SentimentSniper      |   Active trades: 0
2026-07-30 19:58:04 INFO     | SentimentSniper      |   Total PnL: $0.224999
2026-07-30 19:58:04 INFO     | SentimentSniper      | ==================================================
2026-07-30 19:58:04 INFO     | SentimentSniper      | ⏰ Sleeping 30s...
2026-07-30 19:58:34 INFO     | SentimentSniper      | ==================================================
2026-07-30 19:58:34 INFO     | SentimentSniper      |   📊 SENTIMENT SNIPER STATS
2026-07-30 19:58:34 INFO     | SentimentSniper      |   Tweets processed: 8
2026-07-30 19:58:34 INFO     | SentimentSniper      |   Trades executed: 2
2026-07-30 19:58:34 INFO     | SentimentSniper      |   Active trades: 0
2026-07-30 19:58:34 INFO     | SentimentSniper      |   Total PnL: $0.224999
2026-07-30 19:58:34 INFO     | SentimentSniper      | ==================================================
2026-07-30 19:58:34 INFO     | SentimentSniper      | ⏰ Sleeping 30s...
2026-07-30 19:59:04 INFO     | SentimentSniper      | ==================================================
2026-07-30 19:59:04 INFO     | SentimentSniper      |   📊 SENTIMENT SNIPER STATS
2026-07-30 19:59:04 INFO     | SentimentSniper      |   Tweets processed: 8
2026-07-30 19:59:04 INFO     | SentimentSniper      |   Trades executed: 2
2026-07-30 19:59:04 INFO     | SentimentSniper      |   Active trades: 0
2026-07-30 19:59:04 INFO     | SentimentSniper      |   Total PnL: $0.224999
2026-07-30 19:59:04 INFO     | SentimentSniper      | ==================================================
2026-07-30 19:59:04 INFO     | SentimentSniper      | ⏰ Sleeping 30s...
2026-07-30 19:59:34 INFO     | SentimentSniper      | ==================================================
2026-07-30 19:59:34 INFO     | SentimentSniper      |   📊 SENTIMENT SNIPER STATS
2026-07-30 19:59:34 INFO     | SentimentSniper      |   Tweets processed: 8
2026-07-30 19:59:34 INFO     | SentimentSniper      |   Trades executed: 2
2026-07-30 19:59:34 INFO     | SentimentSniper      |   Active trades: 0
2026-07-30 19:59:34 INFO     | SentimentSniper      |   Total PnL: $0.224999
2026-07-30 19:59:34 INFO     | SentimentSniper      | ==================================================
2026-07-30 19:59:34 INFO     | SentimentSniper      | ⏰ Sleeping 30s...
2026-07-30 20:00:04 INFO     | SentimentSniper      | ==================================================
2026-07-30 20:00:04 INFO     | SentimentSniper      |   📊 SENTIMENT SNIPER STATS
2026-07-30 20:00:04 INFO     | SentimentSniper      |   Tweets processed: 8
2026-07-30 20:00:04 INFO     | SentimentSniper      |   Trades executed: 2
2026-07-30 20:00:04 INFO     | SentimentSniper      |   Active trades: 0
2026-07-30 20:00:04 INFO     | SentimentSniper      |   Total PnL: $0.224999
2026-07-30 20:00:04 INFO     | SentimentSniper      | ==================================================
2026-07-30 20:00:04 INFO     | SentimentSniper      | ⏰ Sleeping 30s...
2026-07-30 20:00:34 INFO     | SentimentSniper      | ==================================================
2026-07-30 20:00:34 INFO     | SentimentSniper      |   📊 SENTIMENT SNIPER STATS
2026-07-30 20:00:34 INFO     | SentimentSniper      |   Tweets processed: 8
2026-07-30 20:00:34 INFO     | SentimentSniper      |   Trades executed: 2
2026-07-30 20:00:34 INFO     | SentimentSniper      |   Active trades: 0
2026-07-30 20:00:34 INFO     | SentimentSniper      |   Total PnL: $0.224999
2026-07-30 20:00:34 INFO     | SentimentSniper      | ==================================================
2026-07-30 20:00:34 INFO     | SentimentSniper      | ⏰ Sleeping 30s...
2026-07-30 20:01:04 INFO     | SentimentSniper      | ==================================================
2026-07-30 20:01:04 INFO     | SentimentSniper      |   📊 SENTIMENT SNIPER STATS
2026-07-30 20:01:04 INFO     | SentimentSniper      |   Tweets processed: 8
2026-07-30 20:01:04 INFO     | SentimentSniper      |   Trades executed: 2
2026-07-30 20:01:04 INFO     | SentimentSniper      |   Active trades: 0
2026-07-30 20:01:04 INFO     | SentimentSniper      |   Total PnL: $0.224999
2026-07-30 20:01:04 INFO     | SentimentSniper      | ==================================================
2026-07-30 20:01:04 INFO     | SentimentSniper      | ⏰ Sleeping 30s...
2026-07-30 20:01:34 INFO     | SentimentSniper      | ==================================================
2026-07-30 20:01:34 INFO     | SentimentSniper      |   📊 SENTIMENT SNIPER STATS
2026-07-30 20:01:34 INFO     | SentimentSniper      |   Tweets processed: 8
2026-07-30 20:01:34 INFO     | SentimentSniper      |   Trades executed: 2
2026-07-30 20:01:34 INFO     | SentimentSniper      |   Active trades: 0
2026-07-30 20:01:34 INFO     | SentimentSniper      |   Total PnL: $0.224999
2026-07-30 20:01:34 INFO     | SentimentSniper      | ==================================================
2026-07-30 20:01:34 INFO     | SentimentSniper      | ⏰ Sleeping 30s...
2026-07-30 20:02:04 INFO     | SentimentSniper      | ==================================================
2026-07-30 20:02:04 INFO     | SentimentSniper      |   📊 SENTIMENT SNIPER STATS
2026-07-30 20:02:04 INFO     | SentimentSniper      |   Tweets processed: 8
2026-07-30 20:02:04 INFO     | SentimentSniper      |   Trades executed: 2
2026-07-30 20:02:04 INFO     | SentimentSniper      |   Active trades: 0
2026-07-30 20:02:04 INFO     | SentimentSniper      |   Total PnL: $0.224999
2026-07-30 20:02:04 INFO     | SentimentSniper      | ==================================================
2026-07-30 20:02:04 INFO     | SentimentSniper      | ⏰ Sleeping 30s...
2026-07-30 20:02:34 INFO     | SentimentSniper      | ==================================================
2026-07-30 20:02:34 INFO     | SentimentSniper      |   📊 SENTIMENT SNIPER STATS
2026-07-30 20:02:34 INFO     | SentimentSniper      |   Tweets processed: 8
2026-07-30 20:02:34 INFO     | SentimentSniper      |   Trades executed: 2
2026-07-30 20:02:34 INFO     | SentimentSniper      |   Active trades: 0
2026-07-30 20:02:34 INFO     | SentimentSniper      |   Total PnL: $0.224999
2026-07-30 20:02:34 INFO     | SentimentSniper      | ==================================================
2026-07-30 20:02:34 INFO     | SentimentSniper      | ⏰ Sleeping 30s...
2026-07-30 20:03:04 INFO     | SentimentSniper      | ==================================================
2026-07-30 20:03:04 INFO     | SentimentSniper      |   📊 SENTIMENT SNIPER STATS
2026-07-30 20:03:04 INFO     | SentimentSniper      |   Tweets processed: 8
2026-07-30 20:03:04 INFO     | SentimentSniper      |   Trades executed: 2
2026-07-30 20:03:04 INFO     | SentimentSniper      |   Active trades: 0
2026-07-30 20:03:04 INFO     | SentimentSniper      |   Total PnL: $0.224999
2026-07-30 20:03:04 INFO     | SentimentSniper      | ==================================================
2026-07-30 20:03:04 INFO     | SentimentSniper      | ⏰ Sleeping 30s...
2026-07-30 20:03:34 INFO     | SentimentSniper      | ==================================================
2026-07-30 20:03:34 INFO     | SentimentSniper      |   📊 SENTIMENT SNIPER STATS
2026-07-30 20:03:34 INFO     | SentimentSniper      |   Tweets processed: 8
2026-07-30 20:03:34 INFO     | SentimentSniper      |   Trades executed: 2
2026-07-30 20:03:34 INFO     | SentimentSniper      |   Active trades: 0
2026-07-30 20:03:34 INFO     | SentimentSniper      |   Total PnL: $0.224999
2026-07-30 20:03:34 INFO     | SentimentSniper      | ==================================================
2026-07-30 20:03:34 INFO     | SentimentSniper      | ⏰ Sleeping 30s...
2026-07-30 20:04:04 INFO     | SentimentSniper      | ==================================================
2026-07-30 20:04:04 INFO     | SentimentSniper      |   📊 SENTIMENT SNIPER STATS
2026-07-30 20:04:04 INFO     | SentimentSniper      |   Tweets processed: 8
2026-07-30 20:04:04 INFO     | SentimentSniper      |   Trades executed: 2
2026-07-30 20:04:04 INFO     | SentimentSniper      |   Active trades: 0
2026-07-30 20:04:04 INFO     | SentimentSniper      |   Total PnL: $0.224999
2026-07-30 20:04:04 INFO     | SentimentSniper      | ==================================================
2026-07-30 20:04:04 INFO     | SentimentSniper      | ⏰ Sleeping 30s...
2026-07-30 20:04:34 INFO     | SentimentSniper      | ==================================================
2026-07-30 20:04:34 INFO     | SentimentSniper      |   📊 SENTIMENT SNIPER STATS
2026-07-30 20:04:34 INFO     | SentimentSniper      |   Tweets processed: 8
2026-07-30 20:04:34 INFO     | SentimentSniper      |   Trades executed: 2
2026-07-30 20:04:34 INFO     | SentimentSniper      |   Active trades: 0
2026-07-30 20:04:34 INFO     | SentimentSniper      |   Total PnL: $0.224999
2026-07-30 20:04:34 INFO     | SentimentSniper      | ==================================================
2026-07-30 20:04:34 INFO     | SentimentSniper      | ⏰ Sleeping 30s...
2026-07-30 20:05:04 INFO     | SentimentSniper      | ==================================================
2026-07-30 20:05:04 INFO     | SentimentSniper      |   📊 SENTIMENT SNIPER STATS
2026-07-30 20:05:04 INFO     | SentimentSniper      |   Tweets processed: 8
2026-07-30 20:05:04 INFO     | SentimentSniper      |   Trades executed: 2
2026-07-30 20:05:04 INFO     | SentimentSniper      |   Active trades: 0
2026-07-30 20:05:04 INFO     | SentimentSniper      |   Total PnL: $0.224999
2026-07-30 20:05:04 INFO     | SentimentSniper      | ==================================================
2026-07-30 20:05:04 INFO     | SentimentSniper      | ⏰ Sleeping 30s...
2026-07-30 20:05:34 INFO     | SentimentSniper      | ==================================================
2026-07-30 20:05:34 INFO     | SentimentSniper      |   📊 SENTIMENT SNIPER STATS
2026-07-30 20:05:34 INFO     | SentimentSniper      |   Tweets processed: 8
2026-07-30 20:05:34 INFO     | SentimentSniper      |   Trades executed: 2
2026-07-30 20:05:34 INFO     | SentimentSniper      |   Active trades: 0
2026-07-30 20:05:34 INFO     | SentimentSniper      |   Total PnL: $0.224999
2026-07-30 20:05:34 INFO     | SentimentSniper      | ==================================================
2026-07-30 20:05:34 INFO     | SentimentSniper      | ⏰ Sleeping 30s...
2026-07-30 20:06:04 INFO     | SentimentSniper      | ==================================================
2026-07-30 20:06:04 INFO     | SentimentSniper      |   📊 SENTIMENT SNIPER STATS
2026-07-30 20:06:04 INFO     | SentimentSniper      |   Tweets processed: 8
2026-07-30 20:06:04 INFO     | SentimentSniper      |   Trades executed: 2
2026-07-30 20:06:04 INFO     | SentimentSniper      |   Active trades: 0
2026-07-30 20:06:04 INFO     | SentimentSniper      |   Total PnL: $0.224999
2026-07-30 20:06:04 INFO     | SentimentSniper      | ==================================================
2026-07-30 20:06:04 INFO     | SentimentSniper      | ⏰ Sleeping 30s...
2026-07-30 20:06:34 INFO     | SentimentSniper      | ==================================================
2026-07-30 20:06:34 INFO     | SentimentSniper      |   📊 SENTIMENT SNIPER STATS
2026-07-30 20:06:34 INFO     | SentimentSniper      |   Tweets processed: 8
2026-07-30 20:06:34 INFO     | SentimentSniper      |   Trades executed: 2
2026-07-30 20:06:34 INFO     | SentimentSniper      |   Active trades: 0
2026-07-30 20:06:34 INFO     | SentimentSniper      |   Total PnL: $0.224999
2026-07-30 20:06:34 INFO     | SentimentSniper      | ==================================================
2026-07-30 20:06:34 INFO     | SentimentSniper      | ⏰ Sleeping 30s...
2026-07-30 20:07:04 INFO     | SentimentSniper      | ==================================================
2026-07-30 20:07:04 INFO     | SentimentSniper      |   📊 SENTIMENT SNIPER STATS
2026-07-30 20:07:04 INFO     | SentimentSniper      |   Tweets processed: 8
2026-07-30 20:07:04 INFO     | SentimentSniper      |   Trades executed: 2
2026-07-30 20:07:04 INFO     | SentimentSniper      |   Active trades: 0
2026-07-30 20:07:04 INFO     | SentimentSniper      |   Total PnL: $0.224999
2026-07-30 20:07:04 INFO     | SentimentSniper      | ==================================================
2026-07-30 20:07:04 INFO     | SentimentSniper      | ⏰ Sleeping 30s...
2026-07-30 20:07:34 INFO     | SentimentSniper      | ==================================================
2026-07-30 20:07:34 INFO     | SentimentSniper      |   📊 SENTIMENT SNIPER STATS
2026-07-30 20:07:34 INFO     | SentimentSniper      |   Tweets processed: 8
2026-07-30 20:07:34 INFO     | SentimentSniper      |   Trades executed: 2
2026-07-30 20:07:34 INFO     | SentimentSniper      |   Active trades: 0
2026-07-30 20:07:34 INFO     | SentimentSniper      |   Total PnL: $0.224999
2026-07-30 20:07:34 INFO     | SentimentSniper      | ==================================================
2026-07-30 20:07:34 INFO     | SentimentSniper      | ⏰ Sleeping 30s...
2026-07-30 20:08:04 INFO     | SentimentSniper      | ==================================================
2026-07-30 20:08:04 INFO     | SentimentSniper      |   📊 SENTIMENT SNIPER STATS
2026-07-30 20:08:04 INFO     | SentimentSniper      |   Tweets processed: 8
2026-07-30 20:08:04 INFO     | SentimentSniper      |   Trades executed: 2
2026-07-30 20:08:04 INFO     | SentimentSniper      |   Active trades: 0
2026-07-30 20:08:04 INFO     | SentimentSniper      |   Total PnL: $0.224999
2026-07-30 20:08:04 INFO     | SentimentSniper      | ==================================================
2026-07-30 20:08:04 INFO     | SentimentSniper      | ⏰ Sleeping 30s...
2026-07-30 20:08:29 INFO     | SentimentSniper      | ⏹️  Shutdown signal received.
2026-07-30 20:08:29 INFO     | SentimentSniper      | ==================================================
2026-07-30 20:08:29 INFO     | SentimentSniper      |   📊 SENTIMENT SNIPER STATS
2026-07-30 20:08:29 INFO     | SentimentSniper      |   Tweets processed: 8
2026-07-30 20:08:29 INFO     | SentimentSniper      |   Trades executed: 2
2026-07-30 20:08:29 INFO     | SentimentSniper      |   Active trades: 0
2026-07-30 20:08:29 INFO     | SentimentSniper      |   Total PnL: $0.224999
2026-07-30 20:08:29 INFO     | SentimentSniper      | ==================================================
2026-07-30 20:14:46 INFO     | SentimentSniper      | Exchange client: BINANCE (testnet)
2026-07-30 20:18:09 INFO     | SentimentSniper      | Exchange client: BINANCE (testnet)
2026-07-30 20:18:13 INFO     | SentimentSniper      | AI: RouterAI ready (complex: deepseek/deepseek-chat, fast: openai/gpt-4o-mini)
2026-07-30 20:18:13 INFO     | SentimentSniper      | =======================================================
2026-07-30 20:18:13 INFO     | SentimentSniper      | 🚀 Sentiment Sniper STARTED
2026-07-30 20:18:13 INFO     | SentimentSniper      |    Monitored tokens: BTC, ETH, DOGE, SOL, PEPE
2026-07-30 20:18:13 INFO     | SentimentSniper      |    Monitored accounts: elonmusk, cz_binance, VitalikButerin, SBF_FTX, cobie
2026-07-30 20:18:13 INFO     | SentimentSniper      |    Sentiment threshold: 0.8
2026-07-30 20:18:13 INFO     | SentimentSniper      |    Trade duration: 15min
2026-07-30 20:18:13 INFO     | SentimentSniper      |    TP: 5.00%
2026-07-30 20:18:13 INFO     | SentimentSniper      |    SL: 3.00%
2026-07-30 20:18:13 INFO     | SentimentSniper      | =======================================================
2026-07-30 20:18:13 INFO     | SentimentSniper      | 🐦 New tweet from @elonmusk: DOGE is the people's crypto! 🚀...
2026-07-30 20:18:17 INFO     | SentimentSniper      |   → Token: DOGE, Score: 0.85, Reasoning: Positive endorsement from a high-profile figure
2026-07-30 20:18:17 INFO     | SentimentSniper      |   🎯 Signal! DOGE sentiment 0.85 > 0.8
2026-07-30 20:18:18 INFO     | SentimentSniper      | 📝 PAPER TRADE: Market BUY $100.0 DOGE/USDT @ $0.070610
2026-07-30 20:18:18 INFO     | SentimentSniper      | 🟢 TRADE OPENED: DOGE/USDT @ $0.070630 (TP: $0.074162, SL: $0.068511)
2026-07-30 20:18:18 INFO     | SentimentSniper      | 🐦 New tweet from @elonmusk: Bitcoin is interesting. Not financial advice....
2026-07-30 20:18:23 INFO     | SentimentSniper      |   → Token: BTC, Score: 0.65, Reasoning: Mention of Bitcoin is positive but lacks strong bullish indicators.
2026-07-30 20:18:23 INFO     | SentimentSniper      | 🐦 New tweet from @elonmusk: Maybe we should accept DOGE for Tesla merch again?...
2026-07-30 20:18:26 INFO     | SentimentSniper      |   → Token: DOGE, Score: 0.85, Reasoning: Positive suggestion to accept DOGE again, likely to boost sentiment
2026-07-30 20:18:26 INFO     | SentimentSniper      |   🎯 Signal! DOGE sentiment 0.85 > 0.8
2026-07-30 20:18:26 INFO     | SentimentSniper      | 📝 PAPER TRADE: Market BUY $100.0 DOGE/USDT @ $0.070600
2026-07-30 20:18:26 INFO     | SentimentSniper      | 🟢 TRADE OPENED: DOGE/USDT @ $0.070600 (TP: $0.074130, SL: $0.068482)
2026-07-30 20:18:26 INFO     | SentimentSniper      | 🐦 New tweet from @cz_binance: BNB chain growing fast. More projects coming....
2026-07-30 20:18:29 INFO     | SentimentSniper      |   → Token: BNB, Score: 0.80, Reasoning: Positive sentiment about BNB chain growth and new projects
2026-07-30 20:18:29 INFO     | SentimentSniper      |   🎯 Signal! BNB sentiment 0.80 > 0.8
2026-07-30 20:18:29 INFO     | SentimentSniper      | 📝 PAPER TRADE: Market BUY $100.0 BNB/USDT @ $593.30
2026-07-30 20:18:29 INFO     | SentimentSniper      | 🟢 TRADE OPENED: BNB/USDT @ $593.28 (TP: $622.94, SL: $575.48)
2026-07-30 20:18:29 INFO     | SentimentSniper      | 🐦 New tweet from @cz_binance: Funds are SAFU. Ignore the FUD....
2026-07-30 20:18:33 INFO     | SentimentSniper      |   → Token: NONE, Score: 0.85, Reasoning: The tweet conveys a positive sentiment by reassuring about fund safety and dismissing FUD, but no specific crypto token is mentioned.
2026-07-30 20:18:33 INFO     | SentimentSniper      | 🐦 New tweet from @cz_binance: New listing coming next week. Any guesses?...
2026-07-30 20:18:38 INFO     | SentimentSniper      |   → Token: NONE, Score: 0.85, Reasoning: The tweet hints at a new listing, which is generally bullish for the crypto market, but no specific token is mentioned.
2026-07-30 20:18:38 INFO     | SentimentSniper      | 🐦 New tweet from @VitalikButerin: Ethereum L2 scaling is the future. 100x cheaper transactions....
2026-07-30 20:18:41 INFO     | SentimentSniper      |   → Token: ETH, Score: 0.90, Reasoning: The tweet is highly optimistic about Ethereum's Layer 2 scaling, mentioning significant cost reductions, and is authored by a prominent figure in the Ethereum community.
2026-07-30 20:18:41 INFO     | SentimentSniper      |   🎯 Signal! ETH sentiment 0.90 > 0.8
2026-07-30 20:18:42 INFO     | SentimentSniper      | 📝 PAPER TRADE: Market BUY $100.0 ETH/USDT @ $1,918.40
2026-07-30 20:18:42 INFO     | SentimentSniper      | 🟢 TRADE OPENED: ETH/USDT @ $1,918.40 (TP: $2,014.32, SL: $1,860.85)
2026-07-30 20:18:42 INFO     | SentimentSniper      | 🐦 New tweet from @VitalikButerin: SOL has some interesting tech, but centralization concerns remain....
2026-07-30 20:18:44 INFO     | SentimentSniper      |   → Token: SOL, Score: 0.60, Reasoning: Acknowledges tech potential but highlights centralization concerns, indicating mixed sentiment.
2026-07-30 20:18:44 INFO     | SentimentSniper      | ==================================================
2026-07-30 20:18:44 INFO     | SentimentSniper      |   📊 SENTIMENT SNIPER STATS
2026-07-30 20:18:44 INFO     | SentimentSniper      |   Tweets processed: 8
2026-07-30 20:18:44 INFO     | SentimentSniper      |   Trades executed: 4
2026-07-30 20:18:44 INFO     | SentimentSniper      |   Active trades: 4
2026-07-30 20:18:44 INFO     | SentimentSniper      |   Total PnL: $0.000000
2026-07-30 20:18:44 INFO     | SentimentSniper      | ==================================================
2026-07-30 20:18:44 INFO     | SentimentSniper      | ⏰ Sleeping 30s...
2026-07-30 20:19:16 INFO     | SentimentSniper      | ==================================================
2026-07-30 20:19:16 INFO     | SentimentSniper      |   📊 SENTIMENT SNIPER STATS
2026-07-30 20:19:16 INFO     | SentimentSniper      |   Tweets processed: 8
2026-07-30 20:19:16 INFO     | SentimentSniper      |   Trades executed: 4
2026-07-30 20:19:16 INFO     | SentimentSniper      |   Active trades: 4
2026-07-30 20:19:16 INFO     | SentimentSniper      |   Total PnL: $0.000000
2026-07-30 20:19:16 INFO     | SentimentSniper      | ==================================================
2026-07-30 20:19:16 INFO     | SentimentSniper      | ⏰ Sleeping 30s...
2026-07-30 20:19:47 INFO     | SentimentSniper      | ==================================================
2026-07-30 20:19:47 INFO     | SentimentSniper      |   📊 SENTIMENT SNIPER STATS
2026-07-30 20:19:47 INFO     | SentimentSniper      |   Tweets processed: 8
2026-07-30 20:19:47 INFO     | SentimentSniper      |   Trades executed: 4
2026-07-30 20:19:47 INFO     | SentimentSniper      |   Active trades: 4
2026-07-30 20:19:47 INFO     | SentimentSniper      |   Total PnL: $0.000000
2026-07-30 20:19:47 INFO     | SentimentSniper      | ==================================================
2026-07-30 20:19:47 INFO     | SentimentSniper      | ⏰ Sleeping 30s...
2026-07-30 20:20:18 INFO     | SentimentSniper      | ==================================================
2026-07-30 20:20:18 INFO     | SentimentSniper      |   📊 SENTIMENT SNIPER STATS
2026-07-30 20:20:18 INFO     | SentimentSniper      |   Tweets processed: 8
2026-07-30 20:20:18 INFO     | SentimentSniper      |   Trades executed: 4
2026-07-30 20:20:18 INFO     | SentimentSniper      |   Active trades: 4
2026-07-30 20:20:18 INFO     | SentimentSniper      |   Total PnL: $0.000000
2026-07-30 20:20:18 INFO     | SentimentSniper      | ==================================================
2026-07-30 20:20:18 INFO     | SentimentSniper      | ⏰ Sleeping 30s...
2026-07-30 20:20:49 INFO     | SentimentSniper      | ==================================================
2026-07-30 20:20:49 INFO     | SentimentSniper      |   📊 SENTIMENT SNIPER STATS
2026-07-30 20:20:49 INFO     | SentimentSniper      |   Tweets processed: 8
2026-07-30 20:20:49 INFO     | SentimentSniper      |   Trades executed: 4
2026-07-30 20:20:49 INFO     | SentimentSniper      |   Active trades: 4
2026-07-30 20:20:49 INFO     | SentimentSniper      |   Total PnL: $0.000000
2026-07-30 20:20:49 INFO     | SentimentSniper      | ==================================================
2026-07-30 20:20:49 INFO     | SentimentSniper      | ⏰ Sleeping 30s...
2026-07-30 20:21:22 INFO     | SentimentSniper      | ==================================================
2026-07-30 20:21:22 INFO     | SentimentSniper      |   📊 SENTIMENT SNIPER STATS
2026-07-30 20:21:22 INFO     | SentimentSniper      |   Tweets processed: 8
2026-07-30 20:21:22 INFO     | SentimentSniper      |   Trades executed: 4
2026-07-30 20:21:22 INFO     | SentimentSniper      |   Active trades: 4
2026-07-30 20:21:22 INFO     | SentimentSniper      |   Total PnL: $0.000000
2026-07-30 20:21:22 INFO     | SentimentSniper      | ==================================================
2026-07-30 20:21:22 INFO     | SentimentSniper      | ⏰ Sleeping 30s...
2026-07-30 20:21:53 INFO     | SentimentSniper      | ==================================================
2026-07-30 20:21:53 INFO     | SentimentSniper      |   📊 SENTIMENT SNIPER STATS
2026-07-30 20:21:53 INFO     | SentimentSniper      |   Tweets processed: 8
2026-07-30 20:21:53 INFO     | SentimentSniper      |   Trades executed: 4
2026-07-30 20:21:53 INFO     | SentimentSniper      |   Active trades: 4
2026-07-30 20:21:53 INFO     | SentimentSniper      |   Total PnL: $0.000000
2026-07-30 20:21:53 INFO     | SentimentSniper      | ==================================================
2026-07-30 20:21:53 INFO     | SentimentSniper      | ⏰ Sleeping 30s...
2026-07-30 20:22:24 INFO     | SentimentSniper      | ==================================================
2026-07-30 20:22:24 INFO     | SentimentSniper      |   📊 SENTIMENT SNIPER STATS
2026-07-30 20:22:24 INFO     | SentimentSniper      |   Tweets processed: 8
2026-07-30 20:22:24 INFO     | SentimentSniper      |   Trades executed: 4
2026-07-30 20:22:24 INFO     | SentimentSniper      |   Active trades: 4
2026-07-30 20:22:24 INFO     | SentimentSniper      |   Total PnL: $0.000000
2026-07-30 20:22:24 INFO     | SentimentSniper      | ==================================================
2026-07-30 20:22:24 INFO     | SentimentSniper      | ⏰ Sleeping 30s...
2026-07-30 20:22:56 INFO     | SentimentSniper      | ==================================================
2026-07-30 20:22:56 INFO     | SentimentSniper      |   📊 SENTIMENT SNIPER STATS
2026-07-30 20:22:56 INFO     | SentimentSniper      |   Tweets processed: 8
2026-07-30 20:22:56 INFO     | SentimentSniper      |   Trades executed: 4
2026-07-30 20:22:56 INFO     | SentimentSniper      |   Active trades: 4
2026-07-30 20:22:56 INFO     | SentimentSniper      |   Total PnL: $0.000000
2026-07-30 20:22:56 INFO     | SentimentSniper      | ==================================================
2026-07-30 20:22:56 INFO     | SentimentSniper      | ⏰ Sleeping 30s...
2026-07-30 20:23:27 INFO     | SentimentSniper      | ==================================================
2026-07-30 20:23:27 INFO     | SentimentSniper      |   📊 SENTIMENT SNIPER STATS
2026-07-30 20:23:27 INFO     | SentimentSniper      |   Tweets processed: 8
2026-07-30 20:23:27 INFO     | SentimentSniper      |   Trades executed: 4
2026-07-30 20:23:27 INFO     | SentimentSniper      |   Active trades: 4
2026-07-30 20:23:27 INFO     | SentimentSniper      |   Total PnL: $0.000000
2026-07-30 20:23:27 INFO     | SentimentSniper      | ==================================================
2026-07-30 20:23:27 INFO     | SentimentSniper      | ⏰ Sleeping 30s...
2026-07-30 20:23:58 INFO     | SentimentSniper      | ==================================================
2026-07-30 20:23:58 INFO     | SentimentSniper      |   📊 SENTIMENT SNIPER STATS
2026-07-30 20:23:58 INFO     | SentimentSniper      |   Tweets processed: 8
2026-07-30 20:23:58 INFO     | SentimentSniper      |   Trades executed: 4
2026-07-30 20:23:58 INFO     | SentimentSniper      |   Active trades: 4
2026-07-30 20:23:58 INFO     | SentimentSniper      |   Total PnL: $0.000000
2026-07-30 20:23:58 INFO     | SentimentSniper      | ==================================================
2026-07-30 20:23:58 INFO     | SentimentSniper      | ⏰ Sleeping 30s...
2026-07-30 20:24:29 INFO     | SentimentSniper      | ==================================================
2026-07-30 20:24:29 INFO     | SentimentSniper      |   📊 SENTIMENT SNIPER STATS
2026-07-30 20:24:29 INFO     | SentimentSniper      |   Tweets processed: 8
2026-07-30 20:24:29 INFO     | SentimentSniper      |   Trades executed: 4
2026-07-30 20:24:29 INFO     | SentimentSniper      |   Active trades: 4
2026-07-30 20:24:29 INFO     | SentimentSniper      |   Total PnL: $0.000000
2026-07-30 20:24:29 INFO     | SentimentSniper      | ==================================================
2026-07-30 20:24:29 INFO     | SentimentSniper      | ⏰ Sleeping 30s...
2026-07-30 20:25:01 INFO     | SentimentSniper      | ==================================================
2026-07-30 20:25:01 INFO     | SentimentSniper      |   📊 SENTIMENT SNIPER STATS
2026-07-30 20:25:01 INFO     | SentimentSniper      |   Tweets processed: 8
2026-07-30 20:25:01 INFO     | SentimentSniper      |   Trades executed: 4
2026-07-30 20:25:01 INFO     | SentimentSniper      |   Active trades: 4
2026-07-30 20:25:01 INFO     | SentimentSniper      |   Total PnL: $0.000000
2026-07-30 20:25:01 INFO     | SentimentSniper      | ==================================================
2026-07-30 20:25:01 INFO     | SentimentSniper      | ⏰ Sleeping 30s...
2026-07-30 20:25:32 INFO     | SentimentSniper      | ==================================================
2026-07-30 20:25:32 INFO     | SentimentSniper      |   📊 SENTIMENT SNIPER STATS
2026-07-30 20:25:32 INFO     | SentimentSniper      |   Tweets processed: 8
2026-07-30 20:25:32 INFO     | SentimentSniper      |   Trades executed: 4
2026-07-30 20:25:32 INFO     | SentimentSniper      |   Active trades: 4
2026-07-30 20:25:32 INFO     | SentimentSniper      |   Total PnL: $0.000000
2026-07-30 20:25:32 INFO     | SentimentSniper      | ==================================================
2026-07-30 20:25:32 INFO     | SentimentSniper      | ⏰ Sleeping 30s...
2026-07-30 20:26:03 INFO     | SentimentSniper      | ==================================================
2026-07-30 20:26:03 INFO     | SentimentSniper      |   📊 SENTIMENT SNIPER STATS
2026-07-30 20:26:03 INFO     | SentimentSniper      |   Tweets processed: 8
2026-07-30 20:26:03 INFO     | SentimentSniper      |   Trades executed: 4
2026-07-30 20:26:03 INFO     | SentimentSniper      |   Active trades: 4
2026-07-30 20:26:03 INFO     | SentimentSniper      |   Total PnL: $0.000000
2026-07-30 20:26:03 INFO     | SentimentSniper      | ==================================================
2026-07-30 20:26:03 INFO     | SentimentSniper      | ⏰ Sleeping 30s...
2026-07-30 20:26:34 INFO     | SentimentSniper      | ==================================================
2026-07-30 20:26:34 INFO     | SentimentSniper      |   📊 SENTIMENT SNIPER STATS
2026-07-30 20:26:34 INFO     | SentimentSniper      |   Tweets processed: 8
2026-07-30 20:26:34 INFO     | SentimentSniper      |   Trades executed: 4
2026-07-30 20:26:34 INFO     | SentimentSniper      |   Active trades: 4
2026-07-30 20:26:34 INFO     | SentimentSniper      |   Total PnL: $0.000000
2026-07-30 20:26:34 INFO     | SentimentSniper      | ==================================================
2026-07-30 20:26:34 INFO     | SentimentSniper      | ⏰ Sleeping 30s...
2026-07-30 20:27:05 INFO     | SentimentSniper      | ==================================================
2026-07-30 20:27:05 INFO     | SentimentSniper      |   📊 SENTIMENT SNIPER STATS
2026-07-30 20:27:05 INFO     | SentimentSniper      |   Tweets processed: 8
2026-07-30 20:27:05 INFO     | SentimentSniper      |   Trades executed: 4
2026-07-30 20:27:05 INFO     | SentimentSniper      |   Active trades: 4
2026-07-30 20:27:05 INFO     | SentimentSniper      |   Total PnL: $0.000000
2026-07-30 20:27:05 INFO     | SentimentSniper      | ==================================================
2026-07-30 20:27:05 INFO     | SentimentSniper      | ⏰ Sleeping 30s...
2026-07-30 20:27:37 INFO     | SentimentSniper      | ==================================================
2026-07-30 20:27:37 INFO     | SentimentSniper      |   📊 SENTIMENT SNIPER STATS
2026-07-30 20:27:37 INFO     | SentimentSniper      |   Tweets processed: 8
2026-07-30 20:27:37 INFO     | SentimentSniper      |   Trades executed: 4
2026-07-30 20:27:37 INFO     | SentimentSniper      |   Active trades: 4
2026-07-30 20:27:37 INFO     | SentimentSniper      |   Total PnL: $0.000000
2026-07-30 20:27:37 INFO     | SentimentSniper      | ==================================================
2026-07-30 20:27:37 INFO     | SentimentSniper      | ⏰ Sleeping 30s...
2026-07-30 20:28:08 INFO     | SentimentSniper      | ==================================================
2026-07-30 20:28:08 INFO     | SentimentSniper      |   📊 SENTIMENT SNIPER STATS
2026-07-30 20:28:08 INFO     | SentimentSniper      |   Tweets processed: 8
2026-07-30 20:28:08 INFO     | SentimentSniper      |   Trades executed: 4
2026-07-30 20:28:08 INFO     | SentimentSniper      |   Active trades: 4
2026-07-30 20:28:08 INFO     | SentimentSniper      |   Total PnL: $0.000000
2026-07-30 20:28:08 INFO     | SentimentSniper      | ==================================================
2026-07-30 20:28:08 INFO     | SentimentSniper      | ⏰ Sleeping 30s...
2026-07-30 20:28:39 INFO     | SentimentSniper      | ==================================================
2026-07-30 20:28:39 INFO     | SentimentSniper      |   📊 SENTIMENT SNIPER STATS
2026-07-30 20:28:39 INFO     | SentimentSniper      |   Tweets processed: 8
2026-07-30 20:28:39 INFO     | SentimentSniper      |   Trades executed: 4
2026-07-30 20:28:39 INFO     | SentimentSniper      |   Active trades: 4
2026-07-30 20:28:39 INFO     | SentimentSniper      |   Total PnL: $0.000000
2026-07-30 20:28:39 INFO     | SentimentSniper      | ==================================================
2026-07-30 20:28:39 INFO     | SentimentSniper      | ⏰ Sleeping 30s...
2026-07-30 20:29:11 INFO     | SentimentSniper      | ==================================================
2026-07-30 20:29:11 INFO     | SentimentSniper      |   📊 SENTIMENT SNIPER STATS
2026-07-30 20:29:11 INFO     | SentimentSniper      |   Tweets processed: 8
2026-07-30 20:29:11 INFO     | SentimentSniper      |   Trades executed: 4
2026-07-30 20:29:11 INFO     | SentimentSniper      |   Active trades: 4
2026-07-30 20:29:11 INFO     | SentimentSniper      |   Total PnL: $0.000000
2026-07-30 20:29:11 INFO     | SentimentSniper      | ==================================================
2026-07-30 20:29:11 INFO     | SentimentSniper      | ⏰ Sleeping 30s...
2026-07-30 20:29:42 INFO     | SentimentSniper      | ==================================================
2026-07-30 20:29:42 INFO     | SentimentSniper      |   📊 SENTIMENT SNIPER STATS
2026-07-30 20:29:42 INFO     | SentimentSniper      |   Tweets processed: 8
2026-07-30 20:29:42 INFO     | SentimentSniper      |   Trades executed: 4
2026-07-30 20:29:42 INFO     | SentimentSniper      |   Active trades: 4
2026-07-30 20:29:42 INFO     | SentimentSniper      |   Total PnL: $0.000000
2026-07-30 20:29:42 INFO     | SentimentSniper      | ==================================================
2026-07-30 20:29:42 INFO     | SentimentSniper      | ⏰ Sleeping 30s...
2026-07-30 20:30:13 INFO     | SentimentSniper      | ==================================================
2026-07-30 20:30:13 INFO     | SentimentSniper      |   📊 SENTIMENT SNIPER STATS
2026-07-30 20:30:13 INFO     | SentimentSniper      |   Tweets processed: 8
2026-07-30 20:30:13 INFO     | SentimentSniper      |   Trades executed: 4
2026-07-30 20:30:13 INFO     | SentimentSniper      |   Active trades: 4
2026-07-30 20:30:13 INFO     | SentimentSniper      |   Total PnL: $0.000000
2026-07-30 20:30:13 INFO     | SentimentSniper      | ==================================================
2026-07-30 20:30:13 INFO     | SentimentSniper      | ⏰ Sleeping 30s...
2026-07-30 20:30:44 INFO     | SentimentSniper      | ==================================================
2026-07-30 20:30:44 INFO     | SentimentSniper      |   📊 SENTIMENT SNIPER STATS
2026-07-30 20:30:44 INFO     | SentimentSniper      |   Tweets processed: 8
2026-07-30 20:30:44 INFO     | SentimentSniper      |   Trades executed: 4
2026-07-30 20:30:44 INFO     | SentimentSniper      |   Active trades: 4
2026-07-30 20:30:44 INFO     | SentimentSniper      |   Total PnL: $0.000000
2026-07-30 20:30:44 INFO     | SentimentSniper      | ==================================================
2026-07-30 20:30:44 INFO     | SentimentSniper      | ⏰ Sleeping 30s...
2026-07-30 20:31:16 INFO     | SentimentSniper      | ==================================================
2026-07-30 20:31:16 INFO     | SentimentSniper      |   📊 SENTIMENT SNIPER STATS
2026-07-30 20:31:16 INFO     | SentimentSniper      |   Tweets processed: 8
2026-07-30 20:31:16 INFO     | SentimentSniper      |   Trades executed: 4
2026-07-30 20:31:16 INFO     | SentimentSniper      |   Active trades: 4
2026-07-30 20:31:16 INFO     | SentimentSniper      |   Total PnL: $0.000000
2026-07-30 20:31:16 INFO     | SentimentSniper      | ==================================================
2026-07-30 20:31:16 INFO     | SentimentSniper      | ⏰ Sleeping 30s...
2026-07-30 20:31:47 INFO     | SentimentSniper      | ==================================================
2026-07-30 20:31:47 INFO     | SentimentSniper      |   📊 SENTIMENT SNIPER STATS
2026-07-30 20:31:47 INFO     | SentimentSniper      |   Tweets processed: 8
2026-07-30 20:31:47 INFO     | SentimentSniper      |   Trades executed: 4
2026-07-30 20:31:47 INFO     | SentimentSniper      |   Active trades: 4
2026-07-30 20:31:47 INFO     | SentimentSniper      |   Total PnL: $0.000000
2026-07-30 20:31:47 INFO     | SentimentSniper      | ==================================================
2026-07-30 20:31:47 INFO     | SentimentSniper      | ⏰ Sleeping 30s...
2026-07-30 20:32:18 INFO     | SentimentSniper      | ==================================================
2026-07-30 20:32:18 INFO     | SentimentSniper      |   📊 SENTIMENT SNIPER STATS
2026-07-30 20:32:18 INFO     | SentimentSniper      |   Tweets processed: 8
2026-07-30 20:32:18 INFO     | SentimentSniper      |   Trades executed: 4
2026-07-30 20:32:18 INFO     | SentimentSniper      |   Active trades: 4
2026-07-30 20:32:18 INFO     | SentimentSniper      |   Total PnL: $0.000000
2026-07-30 20:32:18 INFO     | SentimentSniper      | ==================================================
2026-07-30 20:32:18 INFO     | SentimentSniper      | ⏰ Sleeping 30s...
2026-07-30 20:32:49 INFO     | SentimentSniper      | ==================================================
2026-07-30 20:32:49 INFO     | SentimentSniper      |   📊 SENTIMENT SNIPER STATS
2026-07-30 20:32:49 INFO     | SentimentSniper      |   Tweets processed: 8
2026-07-30 20:32:49 INFO     | SentimentSniper      |   Trades executed: 4
2026-07-30 20:32:49 INFO     | SentimentSniper      |   Active trades: 4
2026-07-30 20:32:49 INFO     | SentimentSniper      |   Total PnL: $0.000000
2026-07-30 20:32:49 INFO     | SentimentSniper      | ==================================================
2026-07-30 20:32:49 INFO     | SentimentSniper      | ⏰ Sleeping 30s...
2026-07-30 20:33:20 INFO     | SentimentSniper      | 📝 PAPER TRADE: Market SELL 1415.828968 DOGE/USDT @ $0.070620
2026-07-30 20:33:20 INFO     | SentimentSniper      | 🔴 TRADE CLOSED: DOGE/USDT @ $0.070630 | PnL: +$0.000000 | Time limit reached (15 min)
2026-07-30 20:33:21 INFO     | SentimentSniper      | ==================================================
2026-07-30 20:33:21 INFO     | SentimentSniper      |   📊 SENTIMENT SNIPER STATS
2026-07-30 20:33:21 INFO     | SentimentSniper      |   Tweets processed: 8
2026-07-30 20:33:21 INFO     | SentimentSniper      |   Trades executed: 4
2026-07-30 20:33:21 INFO     | SentimentSniper      |   Active trades: 3
2026-07-30 20:33:21 INFO     | SentimentSniper      |   Total PnL: $0.000000
2026-07-30 20:33:21 INFO     | SentimentSniper      | ==================================================
2026-07-30 20:33:21 INFO     | SentimentSniper      | ⏰ Sleeping 30s...
2026-07-30 20:33:51 INFO     | SentimentSniper      | 📝 PAPER TRADE: Market SELL 1416.430595 DOGE/USDT @ $0.070640
2026-07-30 20:33:51 INFO     | SentimentSniper      | 🔴 TRADE CLOSED: DOGE/USDT @ $0.070650 | PnL: +$0.070822 | Time limit reached (15 min)
2026-07-30 20:33:52 INFO     | SentimentSniper      | 📝 PAPER TRADE: Market SELL 0.168554 BNB/USDT @ $593.28
2026-07-30 20:33:52 INFO     | SentimentSniper      | 🔴 TRADE CLOSED: BNB/USDT @ $593.29 | PnL: +$0.001686 | Time limit reached (15 min)
2026-07-30 20:33:53 INFO     | SentimentSniper      | 📝 PAPER TRADE: Market SELL 0.052127 ETH/USDT @ $1,921.52
2026-07-30 20:33:53 INFO     | SentimentSniper      | 🔴 TRADE CLOSED: ETH/USDT @ $1,921.53 | PnL: +$0.163157 | Time limit reached (15 min)
2026-07-30 20:33:53 INFO     | SentimentSniper      | ==================================================
2026-07-30 20:33:53 INFO     | SentimentSniper      |   📊 SENTIMENT SNIPER STATS
2026-07-30 20:33:53 INFO     | SentimentSniper      |   Tweets processed: 8
2026-07-30 20:33:53 INFO     | SentimentSniper      |   Trades executed: 4
2026-07-30 20:33:53 INFO     | SentimentSniper      |   Active trades: 0
2026-07-30 20:33:53 INFO     | SentimentSniper      |   Total PnL: $0.235664
2026-07-30 20:33:53 INFO     | SentimentSniper      | ==================================================
2026-07-30 20:33:53 INFO     | SentimentSniper      | ⏰ Sleeping 30s...
2026-07-30 20:34:23 INFO     | SentimentSniper      | ==================================================
2026-07-30 20:34:23 INFO     | SentimentSniper      |   📊 SENTIMENT SNIPER STATS
2026-07-30 20:34:23 INFO     | SentimentSniper      |   Tweets processed: 8
2026-07-30 20:34:23 INFO     | SentimentSniper      |   Trades executed: 4
2026-07-30 20:34:23 INFO     | SentimentSniper      |   Active trades: 0
2026-07-30 20:34:23 INFO     | SentimentSniper      |   Total PnL: $0.235664
2026-07-30 20:34:23 INFO     | SentimentSniper      | ==================================================
2026-07-30 20:34:23 INFO     | SentimentSniper      | ⏰ Sleeping 30s...
2026-07-30 20:34:53 INFO     | SentimentSniper      | ==================================================
2026-07-30 20:34:53 INFO     | SentimentSniper      |   📊 SENTIMENT SNIPER STATS
2026-07-30 20:34:53 INFO     | SentimentSniper      |   Tweets processed: 8
2026-07-30 20:34:53 INFO     | SentimentSniper      |   Trades executed: 4
2026-07-30 20:34:53 INFO     | SentimentSniper      |   Active trades: 0
2026-07-30 20:34:53 INFO     | SentimentSniper      |   Total PnL: $0.235664
2026-07-30 20:34:53 INFO     | SentimentSniper      | ==================================================
2026-07-30 20:34:53 INFO     | SentimentSniper      | ⏰ Sleeping 30s...
2026-07-30 20:35:23 INFO     | SentimentSniper      | ==================================================
2026-07-30 20:35:23 INFO     | SentimentSniper      |   📊 SENTIMENT SNIPER STATS
2026-07-30 20:35:23 INFO     | SentimentSniper      |   Tweets processed: 8
2026-07-30 20:35:23 INFO     | SentimentSniper      |   Trades executed: 4
2026-07-30 20:35:23 INFO     | SentimentSniper      |   Active trades: 0
2026-07-30 20:35:23 INFO     | SentimentSniper      |   Total PnL: $0.235664
2026-07-30 20:35:23 INFO     | SentimentSniper      | ==================================================
2026-07-30 20:35:23 INFO     | SentimentSniper      | ⏰ Sleeping 30s...
2026-07-30 20:35:53 INFO     | SentimentSniper      | ==================================================
2026-07-30 20:35:53 INFO     | SentimentSniper      |   📊 SENTIMENT SNIPER STATS
2026-07-30 20:35:53 INFO     | SentimentSniper      |   Tweets processed: 8
2026-07-30 20:35:53 INFO     | SentimentSniper      |   Trades executed: 4
2026-07-30 20:35:53 INFO     | SentimentSniper      |   Active trades: 0
2026-07-30 20:35:53 INFO     | SentimentSniper      |   Total PnL: $0.235664
2026-07-30 20:35:53 INFO     | SentimentSniper      | ==================================================
2026-07-30 20:35:53 INFO     | SentimentSniper      | ⏰ Sleeping 30s...
2026-07-30 20:36:23 INFO     | SentimentSniper      | ==================================================
2026-07-30 20:36:23 INFO     | SentimentSniper      |   📊 SENTIMENT SNIPER STATS
2026-07-30 20:36:23 INFO     | SentimentSniper      |   Tweets processed: 8
2026-07-30 20:36:23 INFO     | SentimentSniper      |   Trades executed: 4
2026-07-30 20:36:23 INFO     | SentimentSniper      |   Active trades: 0
2026-07-30 20:36:23 INFO     | SentimentSniper      |   Total PnL: $0.235664
2026-07-30 20:36:23 INFO     | SentimentSniper      | ==================================================
2026-07-30 20:36:23 INFO     | SentimentSniper      | ⏰ Sleeping 30s...
2026-07-30 20:36:53 INFO     | SentimentSniper      | ==================================================
2026-07-30 20:36:53 INFO     | SentimentSniper      |   📊 SENTIMENT SNIPER STATS
2026-07-30 20:36:53 INFO     | SentimentSniper      |   Tweets processed: 8
2026-07-30 20:36:53 INFO     | SentimentSniper      |   Trades executed: 4
2026-07-30 20:36:53 INFO     | SentimentSniper      |   Active trades: 0
2026-07-30 20:36:53 INFO     | SentimentSniper      |   Total PnL: $0.235664
2026-07-30 20:36:53 INFO     | SentimentSniper      | ==================================================
2026-07-30 20:36:53 INFO     | SentimentSniper      | ⏰ Sleeping 30s...
2026-07-30 20:37:23 INFO     | SentimentSniper      | ==================================================
2026-07-30 20:37:23 INFO     | SentimentSniper      |   📊 SENTIMENT SNIPER STATS
2026-07-30 20:37:23 INFO     | SentimentSniper      |   Tweets processed: 8
2026-07-30 20:37:23 INFO     | SentimentSniper      |   Trades executed: 4
2026-07-30 20:37:23 INFO     | SentimentSniper      |   Active trades: 0
2026-07-30 20:37:23 INFO     | SentimentSniper      |   Total PnL: $0.235664
2026-07-30 20:37:23 INFO     | SentimentSniper      | ==================================================
2026-07-30 20:37:23 INFO     | SentimentSniper      | ⏰ Sleeping 30s...
2026-07-30 20:37:53 INFO     | SentimentSniper      | ==================================================
2026-07-30 20:37:53 INFO     | SentimentSniper      |   📊 SENTIMENT SNIPER STATS
2026-07-30 20:37:53 INFO     | SentimentSniper      |   Tweets processed: 8
2026-07-30 20:37:53 INFO     | SentimentSniper      |   Trades executed: 4
2026-07-30 20:37:53 INFO     | SentimentSniper      |   Active trades: 0
2026-07-30 20:37:53 INFO     | SentimentSniper      |   Total PnL: $0.235664
2026-07-30 20:37:53 INFO     | SentimentSniper      | ==================================================
2026-07-30 20:37:53 INFO     | SentimentSniper      | ⏰ Sleeping 30s...
2026-07-30 20:38:23 INFO     | SentimentSniper      | ==================================================
2026-07-30 20:38:23 INFO     | SentimentSniper      |   📊 SENTIMENT SNIPER STATS
2026-07-30 20:38:23 INFO     | SentimentSniper      |   Tweets processed: 8
2026-07-30 20:38:23 INFO     | SentimentSniper      |   Trades executed: 4
2026-07-30 20:38:23 INFO     | SentimentSniper      |   Active trades: 0
2026-07-30 20:38:23 INFO     | SentimentSniper      |   Total PnL: $0.235664
2026-07-30 20:38:23 INFO     | SentimentSniper      | ==================================================
2026-07-30 20:38:23 INFO     | SentimentSniper      | ⏰ Sleeping 30s...
2026-07-30 20:38:53 INFO     | SentimentSniper      | ==================================================
2026-07-30 20:38:53 INFO     | SentimentSniper      |   📊 SENTIMENT SNIPER STATS
2026-07-30 20:38:53 INFO     | SentimentSniper      |   Tweets processed: 8
2026-07-30 20:38:53 INFO     | SentimentSniper      |   Trades executed: 4
2026-07-30 20:38:53 INFO     | SentimentSniper      |   Active trades: 0
2026-07-30 20:38:53 INFO     | SentimentSniper      |   Total PnL: $0.235664
2026-07-30 20:38:53 INFO     | SentimentSniper      | ==================================================
2026-07-30 20:38:53 INFO     | SentimentSniper      | ⏰ Sleeping 30s...
2026-07-30 20:39:23 INFO     | SentimentSniper      | ==================================================
2026-07-30 20:39:23 INFO     | SentimentSniper      |   📊 SENTIMENT SNIPER STATS
2026-07-30 20:39:23 INFO     | SentimentSniper      |   Tweets processed: 8
2026-07-30 20:39:23 INFO     | SentimentSniper      |   Trades executed: 4
2026-07-30 20:39:23 INFO     | SentimentSniper      |   Active trades: 0
2026-07-30 20:39:23 INFO     | SentimentSniper      |   Total PnL: $0.235664
2026-07-30 20:39:23 INFO     | SentimentSniper      | ==================================================
2026-07-30 20:39:23 INFO     | SentimentSniper      | ⏰ Sleeping 30s...
2026-07-30 20:39:53 INFO     | SentimentSniper      | ==================================================
2026-07-30 20:39:53 INFO     | SentimentSniper      |   📊 SENTIMENT SNIPER STATS
2026-07-30 20:39:53 INFO     | SentimentSniper      |   Tweets processed: 8
2026-07-30 20:39:53 INFO     | SentimentSniper      |   Trades executed: 4
2026-07-30 20:39:53 INFO     | SentimentSniper      |   Active trades: 0
2026-07-30 20:39:53 INFO     | SentimentSniper      |   Total PnL: $0.235664
2026-07-30 20:39:53 INFO     | SentimentSniper      | ==================================================
2026-07-30 20:39:53 INFO     | SentimentSniper      | ⏰ Sleeping 30s...
2026-07-30 20:40:23 INFO     | SentimentSniper      | ==================================================
2026-07-30 20:40:23 INFO     | SentimentSniper      |   📊 SENTIMENT SNIPER STATS
2026-07-30 20:40:23 INFO     | SentimentSniper      |   Tweets processed: 8
2026-07-30 20:40:23 INFO     | SentimentSniper      |   Trades executed: 4
2026-07-30 20:40:23 INFO     | SentimentSniper      |   Active trades: 0
2026-07-30 20:40:23 INFO     | SentimentSniper      |   Total PnL: $0.235664
2026-07-30 20:40:23 INFO     | SentimentSniper      | ==================================================
2026-07-30 20:40:23 INFO     | SentimentSniper      | ⏰ Sleeping 30s...
2026-07-30 20:40:53 INFO     | SentimentSniper      | ==================================================
2026-07-30 20:40:53 INFO     | SentimentSniper      |   📊 SENTIMENT SNIPER STATS
2026-07-30 20:40:53 INFO     | SentimentSniper      |   Tweets processed: 8
2026-07-30 20:40:53 INFO     | SentimentSniper      |   Trades executed: 4
2026-07-30 20:40:53 INFO     | SentimentSniper      |   Active trades: 0
2026-07-30 20:40:53 INFO     | SentimentSniper      |   Total PnL: $0.235664
2026-07-30 20:40:53 INFO     | SentimentSniper      | ==================================================
2026-07-30 20:40:53 INFO     | SentimentSniper      | ⏰ Sleeping 30s...
2026-07-30 20:41:23 INFO     | SentimentSniper      | ==================================================
2026-07-30 20:41:23 INFO     | SentimentSniper      |   📊 SENTIMENT SNIPER STATS
2026-07-30 20:41:23 INFO     | SentimentSniper      |   Tweets processed: 8
2026-07-30 20:41:23 INFO     | SentimentSniper      |   Trades executed: 4
2026-07-30 20:41:23 INFO     | SentimentSniper      |   Active trades: 0
2026-07-30 20:41:23 INFO     | SentimentSniper      |   Total PnL: $0.235664
2026-07-30 20:41:23 INFO     | SentimentSniper      | ==================================================
2026-07-30 20:41:23 INFO     | SentimentSniper      | ⏰ Sleeping 30s...
2026-07-30 20:41:23 INFO     | SentimentSniper      | ⏹️  Shutdown signal received.
2026-07-30 20:41:23 INFO     | SentimentSniper      | ==================================================
2026-07-30 20:41:23 INFO     | SentimentSniper      |   📊 SENTIMENT SNIPER STATS
2026-07-30 20:41:23 INFO     | SentimentSniper      |   Tweets processed: 8
2026-07-30 20:41:23 INFO     | SentimentSniper      |   Trades executed: 4
2026-07-30 20:41:23 INFO     | SentimentSniper      |   Active trades: 0
2026-07-30 20:41:23 INFO     | SentimentSniper      |   Total PnL: $0.235664
2026-07-30 20:41:23 INFO     | SentimentSniper      | ==================================================
2026-07-30 20:41:26 INFO     | SentimentSniper      | Exchange client: BINANCE (testnet)
2026-07-30 20:41:30 INFO     | SentimentSniper      | AI: RouterAI ready (complex: deepseek/deepseek-chat, fast: openai/gpt-4o-mini)
2026-07-30 20:41:30 INFO     | SentimentSniper      | =======================================================
2026-07-30 20:41:30 INFO     | SentimentSniper      | 🚀 Sentiment Sniper STARTED
2026-07-30 20:41:30 INFO     | SentimentSniper      |    Monitored tokens: BTC, ETH, DOGE, SOL, PEPE
2026-07-30 20:41:30 INFO     | SentimentSniper      |    Monitored accounts: elonmusk, cz_binance, VitalikButerin, SBF_FTX, cobie
2026-07-30 20:41:30 INFO     | SentimentSniper      |    Sentiment threshold: 0.8
2026-07-30 20:41:30 INFO     | SentimentSniper      |    Trade duration: 15min
2026-07-30 20:41:30 INFO     | SentimentSniper      |    TP: 5.00%
2026-07-30 20:41:30 INFO     | SentimentSniper      |    SL: 3.00%
2026-07-30 20:41:30 INFO     | SentimentSniper      | =======================================================
2026-07-30 20:41:33 INFO     | SentimentSniper      | ==================================================
2026-07-30 20:41:33 INFO     | SentimentSniper      |   📊 SENTIMENT SNIPER STATS
2026-07-30 20:41:33 INFO     | SentimentSniper      |   Tweets processed: 0
2026-07-30 20:41:33 INFO     | SentimentSniper      |   Trades executed: 0
2026-07-30 20:41:33 INFO     | SentimentSniper      |   Active trades: 0
2026-07-30 20:41:33 INFO     | SentimentSniper      |   Total PnL: $0.000000
2026-07-30 20:41:33 INFO     | SentimentSniper      | ==================================================
2026-07-30 20:41:33 INFO     | SentimentSniper      | ⏰ Sleeping 30s...
2026-07-30 20:42:09 INFO     | SentimentSniper      | ==================================================
2026-07-30 20:42:09 INFO     | SentimentSniper      |   📊 SENTIMENT SNIPER STATS
2026-07-30 20:42:09 INFO     | SentimentSniper      |   Tweets processed: 0
2026-07-30 20:42:09 INFO     | SentimentSniper      |   Trades executed: 0
2026-07-30 20:42:09 INFO     | SentimentSniper      |   Active trades: 0
2026-07-30 20:42:09 INFO     | SentimentSniper      |   Total PnL: $0.000000
2026-07-30 20:42:09 INFO     | SentimentSniper      | ==================================================
2026-07-30 20:42:09 INFO     | SentimentSniper      | ⏰ Sleeping 30s...
2026-07-30 20:42:42 INFO     | SentimentSniper      | ==================================================
2026-07-30 20:42:42 INFO     | SentimentSniper      |   📊 SENTIMENT SNIPER STATS
2026-07-30 20:42:42 INFO     | SentimentSniper      |   Tweets processed: 0
2026-07-30 20:42:42 INFO     | SentimentSniper      |   Trades executed: 0
2026-07-30 20:42:42 INFO     | SentimentSniper      |   Active trades: 0
2026-07-30 20:42:42 INFO     | SentimentSniper      |   Total PnL: $0.000000
2026-07-30 20:42:42 INFO     | SentimentSniper      | ==================================================
2026-07-30 20:42:42 INFO     | SentimentSniper      | ⏰ Sleeping 30s...
2026-07-30 20:43:16 INFO     | SentimentSniper      | ==================================================
2026-07-30 20:43:16 INFO     | SentimentSniper      |   📊 SENTIMENT SNIPER STATS
2026-07-30 20:43:16 INFO     | SentimentSniper      |   Tweets processed: 0
2026-07-30 20:43:16 INFO     | SentimentSniper      |   Trades executed: 0
2026-07-30 20:43:16 INFO     | SentimentSniper      |   Active trades: 0
2026-07-30 20:43:16 INFO     | SentimentSniper      |   Total PnL: $0.000000
2026-07-30 20:43:16 INFO     | SentimentSniper      | ==================================================
2026-07-30 20:43:16 INFO     | SentimentSniper      | ⏰ Sleeping 30s...
2026-07-30 20:43:51 INFO     | SentimentSniper      | ==================================================
2026-07-30 20:43:51 INFO     | SentimentSniper      |   📊 SENTIMENT SNIPER STATS
2026-07-30 20:43:51 INFO     | SentimentSniper      |   Tweets processed: 0
2026-07-30 20:43:51 INFO     | SentimentSniper      |   Trades executed: 0
2026-07-30 20:43:51 INFO     | SentimentSniper      |   Active trades: 0
2026-07-30 20:43:51 INFO     | SentimentSniper      |   Total PnL: $0.000000
2026-07-30 20:43:51 INFO     | SentimentSniper      | ==================================================
2026-07-30 20:43:51 INFO     | SentimentSniper      | ⏰ Sleeping 30s...
2026-07-30 20:44:24 INFO     | SentimentSniper      | ==================================================
2026-07-30 20:44:24 INFO     | SentimentSniper      |   📊 SENTIMENT SNIPER STATS
2026-07-30 20:44:24 INFO     | SentimentSniper      |   Tweets processed: 0
2026-07-30 20:44:24 INFO     | SentimentSniper      |   Trades executed: 0
2026-07-30 20:44:24 INFO     | SentimentSniper      |   Active trades: 0
2026-07-30 20:44:24 INFO     | SentimentSniper      |   Total PnL: $0.000000
2026-07-30 20:44:24 INFO     | SentimentSniper      | ==================================================
2026-07-30 20:44:24 INFO     | SentimentSniper      | ⏰ Sleeping 30s...
2026-07-30 20:44:57 INFO     | SentimentSniper      | ==================================================
2026-07-30 20:44:57 INFO     | SentimentSniper      |   📊 SENTIMENT SNIPER STATS
2026-07-30 20:44:57 INFO     | SentimentSniper      |   Tweets processed: 0
2026-07-30 20:44:57 INFO     | SentimentSniper      |   Trades executed: 0
2026-07-30 20:44:57 INFO     | SentimentSniper      |   Active trades: 0
2026-07-30 20:44:57 INFO     | SentimentSniper      |   Total PnL: $0.000000
2026-07-30 20:44:57 INFO     | SentimentSniper      | ==================================================
2026-07-30 20:44:57 INFO     | SentimentSniper      | ⏰ Sleeping 30s...
2026-07-30 20:45:31 INFO     | SentimentSniper      | ==================================================
2026-07-30 20:45:31 INFO     | SentimentSniper      |   📊 SENTIMENT SNIPER STATS
2026-07-30 20:45:31 INFO     | SentimentSniper      |   Tweets processed: 0
2026-07-30 20:45:31 INFO     | SentimentSniper      |   Trades executed: 0
2026-07-30 20:45:31 INFO     | SentimentSniper      |   Active trades: 0
2026-07-30 20:45:31 INFO     | SentimentSniper      |   Total PnL: $0.000000
2026-07-30 20:45:31 INFO     | SentimentSniper      | ==================================================
2026-07-30 20:45:31 INFO     | SentimentSniper      | ⏰ Sleeping 30s...
2026-07-30 20:46:04 INFO     | SentimentSniper      | ==================================================
2026-07-30 20:46:04 INFO     | SentimentSniper      |   📊 SENTIMENT SNIPER STATS
2026-07-30 20:46:04 INFO     | SentimentSniper      |   Tweets processed: 0
2026-07-30 20:46:04 INFO     | SentimentSniper      |   Trades executed: 0
2026-07-30 20:46:04 INFO     | SentimentSniper      |   Active trades: 0
2026-07-30 20:46:04 INFO     | SentimentSniper      |   Total PnL: $0.000000
2026-07-30 20:46:04 INFO     | SentimentSniper      | ==================================================
2026-07-30 20:46:04 INFO     | SentimentSniper      | ⏰ Sleeping 30s...
2026-07-30 20:46:39 INFO     | SentimentSniper      | ==================================================
2026-07-30 20:46:39 INFO     | SentimentSniper      |   📊 SENTIMENT SNIPER STATS
2026-07-30 20:46:39 INFO     | SentimentSniper      |   Tweets processed: 0
2026-07-30 20:46:39 INFO     | SentimentSniper      |   Trades executed: 0
2026-07-30 20:46:39 INFO     | SentimentSniper      |   Active trades: 0
2026-07-30 20:46:39 INFO     | SentimentSniper      |   Total PnL: $0.000000
2026-07-30 20:46:39 INFO     | SentimentSniper      | ==================================================
2026-07-30 20:46:39 INFO     | SentimentSniper      | ⏰ Sleeping 30s...
2026-07-30 20:47:13 INFO     | SentimentSniper      | ==================================================
2026-07-30 20:47:13 INFO     | SentimentSniper      |   📊 SENTIMENT SNIPER STATS
2026-07-30 20:47:13 INFO     | SentimentSniper      |   Tweets processed: 0
2026-07-30 20:47:13 INFO     | SentimentSniper      |   Trades executed: 0
2026-07-30 20:47:13 INFO     | SentimentSniper      |   Active trades: 0
2026-07-30 20:47:13 INFO     | SentimentSniper      |   Total PnL: $0.000000
2026-07-30 20:47:13 INFO     | SentimentSniper      | ==================================================
2026-07-30 20:47:13 INFO     | SentimentSniper      | ⏰ Sleeping 30s...
2026-07-30 20:47:46 INFO     | SentimentSniper      | ==================================================
2026-07-30 20:47:46 INFO     | SentimentSniper      |   📊 SENTIMENT SNIPER STATS
2026-07-30 20:47:46 INFO     | SentimentSniper      |   Tweets processed: 0
2026-07-30 20:47:46 INFO     | SentimentSniper      |   Trades executed: 0
2026-07-30 20:47:46 INFO     | SentimentSniper      |   Active trades: 0
2026-07-30 20:47:46 INFO     | SentimentSniper      |   Total PnL: $0.000000
2026-07-30 20:47:46 INFO     | SentimentSniper      | ==================================================
2026-07-30 20:47:46 INFO     | SentimentSniper      | ⏰ Sleeping 30s...
2026-07-30 20:48:20 INFO     | SentimentSniper      | ==================================================
2026-07-30 20:48:20 INFO     | SentimentSniper      |   📊 SENTIMENT SNIPER STATS
2026-07-30 20:48:20 INFO     | SentimentSniper      |   Tweets processed: 0
2026-07-30 20:48:20 INFO     | SentimentSniper      |   Trades executed: 0
2026-07-30 20:48:20 INFO     | SentimentSniper      |   Active trades: 0
2026-07-30 20:48:20 INFO     | SentimentSniper      |   Total PnL: $0.000000
2026-07-30 20:48:20 INFO     | SentimentSniper      | ==================================================
2026-07-30 20:48:20 INFO     | SentimentSniper      | ⏰ Sleeping 30s...
2026-07-30 20:49:00 ERROR    | SentimentSniper      | Twitter API error: HTTPSConnectionPool(host='api.twitter.com', port=443): Read timed out. (read timeout=10)
2026-07-30 20:49:00 INFO     | SentimentSniper      | ==================================================
2026-07-30 20:49:00 INFO     | SentimentSniper      |   📊 SENTIMENT SNIPER STATS
2026-07-30 20:49:00 INFO     | SentimentSniper      |   Tweets processed: 0
2026-07-30 20:49:00 INFO     | SentimentSniper      |   Trades executed: 0
2026-07-30 20:49:00 INFO     | SentimentSniper      |   Active trades: 0
2026-07-30 20:49:00 INFO     | SentimentSniper      |   Total PnL: $0.000000
2026-07-30 20:49:00 INFO     | SentimentSniper      | ==================================================
2026-07-30 20:49:00 INFO     | SentimentSniper      | ⏰ Sleeping 30s...
2026-07-30 20:49:41 ERROR    | SentimentSniper      | Twitter API error: HTTPSConnectionPool(host='api.twitter.com', port=443): Read timed out. (read timeout=10)
2026-07-30 20:49:41 INFO     | SentimentSniper      | ==================================================
2026-07-30 20:49:41 INFO     | SentimentSniper      |   📊 SENTIMENT SNIPER STATS
2026-07-30 20:49:42 INFO     | SentimentSniper      |   Tweets processed: 0
2026-07-30 20:49:42 INFO     | SentimentSniper      |   Trades executed: 0
2026-07-30 20:49:42 INFO     | SentimentSniper      |   Active trades: 0
2026-07-30 20:49:42 INFO     | SentimentSniper      |   Total PnL: $0.000000
2026-07-30 20:49:42 INFO     | SentimentSniper      | ==================================================
2026-07-30 20:49:42 INFO     | SentimentSniper      | ⏰ Sleeping 30s...
2026-07-30 20:50:22 ERROR    | SentimentSniper      | Twitter API error: HTTPSConnectionPool(host='api.twitter.com', port=443): Read timed out. (read timeout=10)
2026-07-30 20:50:22 INFO     | SentimentSniper      | ==================================================
2026-07-30 20:50:22 INFO     | SentimentSniper      |   📊 SENTIMENT SNIPER STATS
2026-07-30 20:50:22 INFO     | SentimentSniper      |   Tweets processed: 0
2026-07-30 20:50:22 INFO     | SentimentSniper      |   Trades executed: 0
2026-07-30 20:50:22 INFO     | SentimentSniper      |   Active trades: 0
2026-07-30 20:50:22 INFO     | SentimentSniper      |   Total PnL: $0.000000
2026-07-30 20:50:22 INFO     | SentimentSniper      | ==================================================
2026-07-30 20:50:22 INFO     | SentimentSniper      | ⏰ Sleeping 30s...
2026-07-30 20:51:03 ERROR    | SentimentSniper      | Twitter API error: HTTPSConnectionPool(host='api.twitter.com', port=443): Read timed out. (read timeout=10)
2026-07-30 20:51:03 INFO     | SentimentSniper      | ==================================================
2026-07-30 20:51:03 INFO     | SentimentSniper      |   📊 SENTIMENT SNIPER STATS
2026-07-30 20:51:03 INFO     | SentimentSniper      |   Tweets processed: 0
2026-07-30 20:51:03 INFO     | SentimentSniper      |   Trades executed: 0
2026-07-30 20:51:03 INFO     | SentimentSniper      |   Active trades: 0
2026-07-30 20:51:03 INFO     | SentimentSniper      |   Total PnL: $0.000000
2026-07-30 20:51:03 INFO     | SentimentSniper      | ==================================================
2026-07-30 20:51:03 INFO     | SentimentSniper      | ⏰ Sleeping 30s...
2026-07-30 20:51:43 ERROR    | SentimentSniper      | Twitter API error: HTTPSConnectionPool(host='api.twitter.com', port=443): Read timed out. (read timeout=10)
2026-07-30 20:51:43 INFO     | SentimentSniper      | ==================================================
2026-07-30 20:51:43 INFO     | SentimentSniper      |   📊 SENTIMENT SNIPER STATS
2026-07-30 20:51:43 INFO     | SentimentSniper      |   Tweets processed: 0
2026-07-30 20:51:43 INFO     | SentimentSniper      |   Trades executed: 0
2026-07-30 20:51:43 INFO     | SentimentSniper      |   Active trades: 0
2026-07-30 20:51:43 INFO     | SentimentSniper      |   Total PnL: $0.000000
2026-07-30 20:51:43 INFO     | SentimentSniper      | ==================================================
2026-07-30 20:51:43 INFO     | SentimentSniper      | ⏰ Sleeping 30s...
2026-07-30 20:52:24 ERROR    | SentimentSniper      | Twitter API error: HTTPSConnectionPool(host='api.twitter.com', port=443): Read timed out. (read timeout=10)
2026-07-30 20:52:24 INFO     | SentimentSniper      | ==================================================
2026-07-30 20:52:24 INFO     | SentimentSniper      |   📊 SENTIMENT SNIPER STATS
2026-07-30 20:52:24 INFO     | SentimentSniper      |   Tweets processed: 0
2026-07-30 20:52:24 INFO     | SentimentSniper      |   Trades executed: 0
2026-07-30 20:52:24 INFO     | SentimentSniper      |   Active trades: 0
2026-07-30 20:52:24 INFO     | SentimentSniper      |   Total PnL: $0.000000
2026-07-30 20:52:24 INFO     | SentimentSniper      | ==================================================
2026-07-30 20:52:24 INFO     | SentimentSniper      | ⏰ Sleeping 30s...
2026-07-30 20:53:04 ERROR    | SentimentSniper      | Twitter API error: HTTPSConnectionPool(host='api.twitter.com', port=443): Read timed out. (read timeout=10)
2026-07-30 20:53:04 INFO     | SentimentSniper      | ==================================================
2026-07-30 20:53:04 INFO     | SentimentSniper      |   📊 SENTIMENT SNIPER STATS
2026-07-30 20:53:04 INFO     | SentimentSniper      |   Tweets processed: 0
2026-07-30 20:53:04 INFO     | SentimentSniper      |   Trades executed: 0
2026-07-30 20:53:04 INFO     | SentimentSniper      |   Active trades: 0
2026-07-30 20:53:04 INFO     | SentimentSniper      |   Total PnL: $0.000000
2026-07-30 20:53:04 INFO     | SentimentSniper      | ==================================================
2026-07-30 20:53:04 INFO     | SentimentSniper      | ⏰ Sleeping 30s...
2026-07-30 20:53:44 ERROR    | SentimentSniper      | Twitter API error: HTTPSConnectionPool(host='api.twitter.com', port=443): Read timed out. (read timeout=10)
2026-07-30 20:53:44 INFO     | SentimentSniper      | ==================================================
2026-07-30 20:53:44 INFO     | SentimentSniper      |   📊 SENTIMENT SNIPER STATS
2026-07-30 20:53:44 INFO     | SentimentSniper      |   Tweets processed: 0
2026-07-30 20:53:44 INFO     | SentimentSniper      |   Trades executed: 0
2026-07-30 20:53:44 INFO     | SentimentSniper      |   Active trades: 0
2026-07-30 20:53:44 INFO     | SentimentSniper      |   Total PnL: $0.000000
2026-07-30 20:53:44 INFO     | SentimentSniper      | ==================================================
2026-07-30 20:53:44 INFO     | SentimentSniper      | ⏰ Sleeping 30s...
2026-07-30 20:54:25 ERROR    | SentimentSniper      | Twitter API error: HTTPSConnectionPool(host='api.twitter.com', port=443): Read timed out. (read timeout=10)
2026-07-30 20:54:25 INFO     | SentimentSniper      | ==================================================
2026-07-30 20:54:25 INFO     | SentimentSniper      |   📊 SENTIMENT SNIPER STATS
2026-07-30 20:54:25 INFO     | SentimentSniper      |   Tweets processed: 0
2026-07-30 20:54:25 INFO     | SentimentSniper      |   Trades executed: 0
2026-07-30 20:54:25 INFO     | SentimentSniper      |   Active trades: 0
2026-07-30 20:54:25 INFO     | SentimentSniper      |   Total PnL: $0.000000
2026-07-30 20:54:25 INFO     | SentimentSniper      | ==================================================
2026-07-30 20:54:25 INFO     | SentimentSniper      | ⏰ Sleeping 30s...
2026-07-30 20:55:05 ERROR    | SentimentSniper      | Twitter API error: HTTPSConnectionPool(host='api.twitter.com', port=443): Read timed out. (read timeout=10)
2026-07-30 20:55:05 INFO     | SentimentSniper      | ==================================================
2026-07-30 20:55:05 INFO     | SentimentSniper      |   📊 SENTIMENT SNIPER STATS
2026-07-30 20:55:05 INFO     | SentimentSniper      |   Tweets processed: 0
2026-07-30 20:55:05 INFO     | SentimentSniper      |   Trades executed: 0
2026-07-30 20:55:05 INFO     | SentimentSniper      |   Active trades: 0
2026-07-30 20:55:05 INFO     | SentimentSniper      |   Total PnL: $0.000000
2026-07-30 20:55:05 INFO     | SentimentSniper      | ==================================================
2026-07-30 20:55:05 INFO     | SentimentSniper      | ⏰ Sleeping 30s...
2026-07-30 20:55:46 ERROR    | SentimentSniper      | Twitter API error: HTTPSConnectionPool(host='api.twitter.com', port=443): Read timed out. (read timeout=10)
2026-07-30 20:55:46 INFO     | SentimentSniper      | ==================================================
2026-07-30 20:55:46 INFO     | SentimentSniper      |   📊 SENTIMENT SNIPER STATS
2026-07-30 20:55:46 INFO     | SentimentSniper      |   Tweets processed: 0
2026-07-30 20:55:46 INFO     | SentimentSniper      |   Trades executed: 0
2026-07-30 20:55:46 INFO     | SentimentSniper      |   Active trades: 0
2026-07-30 20:55:46 INFO     | SentimentSniper      |   Total PnL: $0.000000
2026-07-30 20:55:46 INFO     | SentimentSniper      | ==================================================
2026-07-30 20:55:46 INFO     | SentimentSniper      | ⏰ Sleeping 30s...
2026-07-30 20:56:26 ERROR    | SentimentSniper      | Twitter API error: HTTPSConnectionPool(host='api.twitter.com', port=443): Read timed out. (read timeout=10)
2026-07-30 20:56:26 INFO     | SentimentSniper      | ==================================================
2026-07-30 20:56:26 INFO     | SentimentSniper      |   📊 SENTIMENT SNIPER STATS
2026-07-30 20:56:26 INFO     | SentimentSniper      |   Tweets processed: 0
2026-07-30 20:56:26 INFO     | SentimentSniper      |   Trades executed: 0
2026-07-30 20:56:26 INFO     | SentimentSniper      |   Active trades: 0
2026-07-30 20:56:26 INFO     | SentimentSniper      |   Total PnL: $0.000000
2026-07-30 20:56:26 INFO     | SentimentSniper      | ==================================================
2026-07-30 20:56:26 INFO     | SentimentSniper      | ⏰ Sleeping 30s...
2026-07-30 20:57:07 ERROR    | SentimentSniper      | Twitter API error: HTTPSConnectionPool(host='api.twitter.com', port=443): Read timed out. (read timeout=10)
2026-07-30 20:57:07 INFO     | SentimentSniper      | ==================================================
2026-07-30 20:57:07 INFO     | SentimentSniper      |   📊 SENTIMENT SNIPER STATS
2026-07-30 20:57:07 INFO     | SentimentSniper      |   Tweets processed: 0
2026-07-30 20:57:07 INFO     | SentimentSniper      |   Trades executed: 0
2026-07-30 20:57:07 INFO     | SentimentSniper      |   Active trades: 0
2026-07-30 20:57:07 INFO     | SentimentSniper      |   Total PnL: $0.000000
2026-07-30 20:57:07 INFO     | SentimentSniper      | ==================================================
2026-07-30 20:57:07 INFO     | SentimentSniper      | ⏰ Sleeping 30s...
2026-07-30 20:57:47 ERROR    | SentimentSniper      | Twitter API error: HTTPSConnectionPool(host='api.twitter.com', port=443): Read timed out. (read timeout=10)
2026-07-30 20:57:47 INFO     | SentimentSniper      | ==================================================
2026-07-30 20:57:47 INFO     | SentimentSniper      |   📊 SENTIMENT SNIPER STATS
2026-07-30 20:57:47 INFO     | SentimentSniper      |   Tweets processed: 0
2026-07-30 20:57:47 INFO     | SentimentSniper      |   Trades executed: 0
2026-07-30 20:57:47 INFO     | SentimentSniper      |   Active trades: 0
2026-07-30 20:57:47 INFO     | SentimentSniper      |   Total PnL: $0.000000
2026-07-30 20:57:47 INFO     | SentimentSniper      | ==================================================
2026-07-30 20:57:47 INFO     | SentimentSniper      | ⏰ Sleeping 30s...
2026-07-30 20:58:27 ERROR    | SentimentSniper      | Twitter API error: HTTPSConnectionPool(host='api.twitter.com', port=443): Read timed out. (read timeout=10)
2026-07-30 20:58:27 INFO     | SentimentSniper      | ==================================================
2026-07-30 20:58:27 INFO     | SentimentSniper      |   📊 SENTIMENT SNIPER STATS
2026-07-30 20:58:27 INFO     | SentimentSniper      |   Tweets processed: 0
2026-07-30 20:58:27 INFO     | SentimentSniper      |   Trades executed: 0
2026-07-30 20:58:27 INFO     | SentimentSniper      |   Active trades: 0
2026-07-30 20:58:27 INFO     | SentimentSniper      |   Total PnL: $0.000000
2026-07-30 20:58:27 INFO     | SentimentSniper      | ==================================================
2026-07-30 20:58:27 INFO     | SentimentSniper      | ⏰ Sleeping 30s...
2026-07-30 20:59:08 ERROR    | SentimentSniper      | Twitter API error: HTTPSConnectionPool(host='api.twitter.com', port=443): Read timed out. (read timeout=10)
2026-07-30 20:59:08 INFO     | SentimentSniper      | ==================================================
2026-07-30 20:59:08 INFO     | SentimentSniper      |   📊 SENTIMENT SNIPER STATS
2026-07-30 20:59:08 INFO     | SentimentSniper      |   Tweets processed: 0
2026-07-30 20:59:08 INFO     | SentimentSniper      |   Trades executed: 0
2026-07-30 20:59:08 INFO     | SentimentSniper      |   Active trades: 0
2026-07-30 20:59:08 INFO     | SentimentSniper      |   Total PnL: $0.000000
2026-07-30 20:59:08 INFO     | SentimentSniper      | ==================================================
2026-07-30 20:59:08 INFO     | SentimentSniper      | ⏰ Sleeping 30s...
2026-07-30 20:59:48 ERROR    | SentimentSniper      | Twitter API error: HTTPSConnectionPool(host='api.twitter.com', port=443): Read timed out. (read timeout=10)
2026-07-30 20:59:48 INFO     | SentimentSniper      | ==================================================
2026-07-30 20:59:48 INFO     | SentimentSniper      |   📊 SENTIMENT SNIPER STATS
2026-07-30 20:59:48 INFO     | SentimentSniper      |   Tweets processed: 0
2026-07-30 20:59:48 INFO     | SentimentSniper      |   Trades executed: 0
2026-07-30 20:59:48 INFO     | SentimentSniper      |   Active trades: 0
2026-07-30 20:59:48 INFO     | SentimentSniper      |   Total PnL: $0.000000
2026-07-30 20:59:48 INFO     | SentimentSniper      | ==================================================
2026-07-30 20:59:48 INFO     | SentimentSniper      | ⏰ Sleeping 30s...
2026-07-30 21:00:29 ERROR    | SentimentSniper      | Twitter API error: HTTPSConnectionPool(host='api.twitter.com', port=443): Read timed out. (read timeout=10)
2026-07-30 21:00:29 INFO     | SentimentSniper      | ==================================================
2026-07-30 21:00:29 INFO     | SentimentSniper      |   📊 SENTIMENT SNIPER STATS
2026-07-30 21:00:29 INFO     | SentimentSniper      |   Tweets processed: 0
2026-07-30 21:00:29 INFO     | SentimentSniper      |   Trades executed: 0
2026-07-30 21:00:29 INFO     | SentimentSniper      |   Active trades: 0
2026-07-30 21:00:29 INFO     | SentimentSniper      |   Total PnL: $0.000000
2026-07-30 21:00:29 INFO     | SentimentSniper      | ==================================================
2026-07-30 21:00:29 INFO     | SentimentSniper      | ⏰ Sleeping 30s...
2026-07-30 21:01:09 ERROR    | SentimentSniper      | Twitter API error: HTTPSConnectionPool(host='api.twitter.com', port=443): Read timed out. (read timeout=10)
2026-07-30 21:01:09 INFO     | SentimentSniper      | ==================================================
2026-07-30 21:01:09 INFO     | SentimentSniper      |   📊 SENTIMENT SNIPER STATS
2026-07-30 21:01:09 INFO     | SentimentSniper      |   Tweets processed: 0
2026-07-30 21:01:09 INFO     | SentimentSniper      |   Trades executed: 0
2026-07-30 21:01:09 INFO     | SentimentSniper      |   Active trades: 0
2026-07-30 21:01:09 INFO     | SentimentSniper      |   Total PnL: $0.000000
2026-07-30 21:01:09 INFO     | SentimentSniper      | ==================================================
2026-07-30 21:01:09 INFO     | SentimentSniper      | ⏰ Sleeping 30s...
2026-07-30 21:01:50 ERROR    | SentimentSniper      | Twitter API error: HTTPSConnectionPool(host='api.twitter.com', port=443): Read timed out. (read timeout=10)
2026-07-30 21:01:50 INFO     | SentimentSniper      | ==================================================
2026-07-30 21:01:50 INFO     | SentimentSniper      |   📊 SENTIMENT SNIPER STATS
2026-07-30 21:01:50 INFO     | SentimentSniper      |   Tweets processed: 0
2026-07-30 21:01:50 INFO     | SentimentSniper      |   Trades executed: 0
2026-07-30 21:01:50 INFO     | SentimentSniper      |   Active trades: 0
2026-07-30 21:01:50 INFO     | SentimentSniper      |   Total PnL: $0.000000
2026-07-30 21:01:50 INFO     | SentimentSniper      | ==================================================
2026-07-30 21:01:50 INFO     | SentimentSniper      | ⏰ Sleeping 30s...
2026-07-30 21:02:30 ERROR    | SentimentSniper      | Twitter API error: HTTPSConnectionPool(host='api.twitter.com', port=443): Read timed out. (read timeout=10)
2026-07-30 21:02:30 INFO     | SentimentSniper      | ==================================================
2026-07-30 21:02:30 INFO     | SentimentSniper      |   📊 SENTIMENT SNIPER STATS
2026-07-30 21:02:30 INFO     | SentimentSniper      |   Tweets processed: 0
2026-07-30 21:02:30 INFO     | SentimentSniper      |   Trades executed: 0
2026-07-30 21:02:30 INFO     | SentimentSniper      |   Active trades: 0
2026-07-30 21:02:30 INFO     | SentimentSniper      |   Total PnL: $0.000000
2026-07-30 21:02:30 INFO     | SentimentSniper      | ==================================================
2026-07-30 21:02:30 INFO     | SentimentSniper      | ⏰ Sleeping 30s...
2026-07-30 21:03:11 ERROR    | SentimentSniper      | Twitter API error: HTTPSConnectionPool(host='api.twitter.com', port=443): Read timed out. (read timeout=10)
2026-07-30 21:03:11 INFO     | SentimentSniper      | ==================================================
2026-07-30 21:03:11 INFO     | SentimentSniper      |   📊 SENTIMENT SNIPER STATS
2026-07-30 21:03:11 INFO     | SentimentSniper      |   Tweets processed: 0
2026-07-30 21:03:11 INFO     | SentimentSniper      |   Trades executed: 0
2026-07-30 21:03:11 INFO     | SentimentSniper      |   Active trades: 0
2026-07-30 21:03:11 INFO     | SentimentSniper      |   Total PnL: $0.000000
2026-07-30 21:03:11 INFO     | SentimentSniper      | ==================================================
2026-07-30 21:03:11 INFO     | SentimentSniper      | ⏰ Sleeping 30s...
2026-07-30 21:03:51 ERROR    | SentimentSniper      | Twitter API error: HTTPSConnectionPool(host='api.twitter.com', port=443): Read timed out. (read timeout=10)
2026-07-30 21:03:51 INFO     | SentimentSniper      | ==================================================
2026-07-30 21:03:51 INFO     | SentimentSniper      |   📊 SENTIMENT SNIPER STATS
2026-07-30 21:03:51 INFO     | SentimentSniper      |   Tweets processed: 0
2026-07-30 21:03:51 INFO     | SentimentSniper      |   Trades executed: 0
2026-07-30 21:03:51 INFO     | SentimentSniper      |   Active trades: 0
2026-07-30 21:03:51 INFO     | SentimentSniper      |   Total PnL: $0.000000
2026-07-30 21:03:51 INFO     | SentimentSniper      | ==================================================
2026-07-30 21:03:51 INFO     | SentimentSniper      | ⏰ Sleeping 30s...
2026-07-30 21:04:31 ERROR    | SentimentSniper      | Twitter API error: HTTPSConnectionPool(host='api.twitter.com', port=443): Read timed out. (read timeout=10)
2026-07-30 21:04:31 INFO     | SentimentSniper      | ==================================================
2026-07-30 21:04:31 INFO     | SentimentSniper      |   📊 SENTIMENT SNIPER STATS
2026-07-30 21:04:31 INFO     | SentimentSniper      |   Tweets processed: 0
2026-07-30 21:04:31 INFO     | SentimentSniper      |   Trades executed: 0
2026-07-30 21:04:31 INFO     | SentimentSniper      |   Active trades: 0
2026-07-30 21:04:31 INFO     | SentimentSniper      |   Total PnL: $0.000000
2026-07-30 21:04:31 INFO     | SentimentSniper      | ==================================================
2026-07-30 21:04:31 INFO     | SentimentSniper      | ⏰ Sleeping 30s...
2026-07-30 21:05:12 ERROR    | SentimentSniper      | Twitter API error: HTTPSConnectionPool(host='api.twitter.com', port=443): Read timed out. (read timeout=10)
2026-07-30 21:05:12 INFO     | SentimentSniper      | ==================================================
2026-07-30 21:05:12 INFO     | SentimentSniper      |   📊 SENTIMENT SNIPER STATS
2026-07-30 21:05:12 INFO     | SentimentSniper      |   Tweets processed: 0
2026-07-30 21:05:12 INFO     | SentimentSniper      |   Trades executed: 0
2026-07-30 21:05:12 INFO     | SentimentSniper      |   Active trades: 0
2026-07-30 21:05:12 INFO     | SentimentSniper      |   Total PnL: $0.000000
2026-07-30 21:05:12 INFO     | SentimentSniper      | ==================================================
2026-07-30 21:05:12 INFO     | SentimentSniper      | ⏰ Sleeping 30s...
2026-07-30 21:05:52 ERROR    | SentimentSniper      | Twitter API error: HTTPSConnectionPool(host='api.twitter.com', port=443): Read timed out. (read timeout=10)
2026-07-30 21:05:52 INFO     | SentimentSniper      | ==================================================
2026-07-30 21:05:52 INFO     | SentimentSniper      |   📊 SENTIMENT SNIPER STATS
2026-07-30 21:05:52 INFO     | SentimentSniper      |   Tweets processed: 0
2026-07-30 21:05:52 INFO     | SentimentSniper      |   Trades executed: 0
2026-07-30 21:05:52 INFO     | SentimentSniper      |   Active trades: 0
2026-07-30 21:05:52 INFO     | SentimentSniper      |   Total PnL: $0.000000
2026-07-30 21:05:52 INFO     | SentimentSniper      | ==================================================
2026-07-30 21:05:52 INFO     | SentimentSniper      | ⏰ Sleeping 30s...
2026-07-30 21:06:33 ERROR    | SentimentSniper      | Twitter API error: HTTPSConnectionPool(host='api.twitter.com', port=443): Read timed out. (read timeout=10)
2026-07-30 21:06:33 INFO     | SentimentSniper      | ==================================================
2026-07-30 21:06:33 INFO     | SentimentSniper      |   📊 SENTIMENT SNIPER STATS
2026-07-30 21:06:33 INFO     | SentimentSniper      |   Tweets processed: 0
2026-07-30 21:06:33 INFO     | SentimentSniper      |   Trades executed: 0
2026-07-30 21:06:33 INFO     | SentimentSniper      |   Active trades: 0
2026-07-30 21:06:33 INFO     | SentimentSniper      |   Total PnL: $0.000000
2026-07-30 21:06:33 INFO     | SentimentSniper      | ==================================================
2026-07-30 21:06:33 INFO     | SentimentSniper      | ⏰ Sleeping 30s...
2026-07-30 21:07:13 ERROR    | SentimentSniper      | Twitter API error: HTTPSConnectionPool(host='api.twitter.com', port=443): Read timed out. (read timeout=10)
2026-07-30 21:07:13 INFO     | SentimentSniper      | ==================================================
2026-07-30 21:07:13 INFO     | SentimentSniper      |   📊 SENTIMENT SNIPER STATS
2026-07-30 21:07:13 INFO     | SentimentSniper      |   Tweets processed: 0
2026-07-30 21:07:13 INFO     | SentimentSniper      |   Trades executed: 0
2026-07-30 21:07:13 INFO     | SentimentSniper      |   Active trades: 0
2026-07-30 21:07:13 INFO     | SentimentSniper      |   Total PnL: $0.000000
2026-07-30 21:07:13 INFO     | SentimentSniper      | ==================================================
2026-07-30 21:07:13 INFO     | SentimentSniper      | ⏰ Sleeping 30s...
2026-07-30 21:07:54 ERROR    | SentimentSniper      | Twitter API error: HTTPSConnectionPool(host='api.twitter.com', port=443): Read timed out. (read timeout=10)
2026-07-30 21:07:54 INFO     | SentimentSniper      | ==================================================
2026-07-30 21:07:54 INFO     | SentimentSniper      |   📊 SENTIMENT SNIPER STATS
2026-07-30 21:07:54 INFO     | SentimentSniper      |   Tweets processed: 0
2026-07-30 21:07:54 INFO     | SentimentSniper      |   Trades executed: 0
2026-07-30 21:07:54 INFO     | SentimentSniper      |   Active trades: 0
2026-07-30 21:07:54 INFO     | SentimentSniper      |   Total PnL: $0.000000
2026-07-30 21:07:54 INFO     | SentimentSniper      | ==================================================
2026-07-30 21:07:54 INFO     | SentimentSniper      | ⏰ Sleeping 30s...
2026-07-30 21:08:34 ERROR    | SentimentSniper      | Twitter API error: HTTPSConnectionPool(host='api.twitter.com', port=443): Read timed out. (read timeout=10)
2026-07-30 21:08:34 INFO     | SentimentSniper      | ==================================================
2026-07-30 21:08:34 INFO     | SentimentSniper      |   📊 SENTIMENT SNIPER STATS
2026-07-30 21:08:34 INFO     | SentimentSniper      |   Tweets processed: 0
2026-07-30 21:08:34 INFO     | SentimentSniper      |   Trades executed: 0
2026-07-30 21:08:34 INFO     | SentimentSniper      |   Active trades: 0
2026-07-30 21:08:34 INFO     | SentimentSniper      |   Total PnL: $0.000000
2026-07-30 21:08:34 INFO     | SentimentSniper      | ==================================================
2026-07-30 21:08:34 INFO     | SentimentSniper      | ⏰ Sleeping 30s...
2026-07-30 21:09:15 ERROR    | SentimentSniper      | Twitter API error: HTTPSConnectionPool(host='api.twitter.com', port=443): Read timed out. (read timeout=10)
2026-07-30 21:09:15 INFO     | SentimentSniper      | ==================================================
2026-07-30 21:09:15 INFO     | SentimentSniper      |   📊 SENTIMENT SNIPER STATS
2026-07-30 21:09:15 INFO     | SentimentSniper      |   Tweets processed: 0
2026-07-30 21:09:15 INFO     | SentimentSniper      |   Trades executed: 0
2026-07-30 21:09:15 INFO     | SentimentSniper      |   Active trades: 0
2026-07-30 21:09:15 INFO     | SentimentSniper      |   Total PnL: $0.000000
2026-07-30 21:09:15 INFO     | SentimentSniper      | ==================================================
2026-07-30 21:09:15 INFO     | SentimentSniper      | ⏰ Sleeping 30s...
2026-07-30 21:09:55 ERROR    | SentimentSniper      | Twitter API error: HTTPSConnectionPool(host='api.twitter.com', port=443): Read timed out. (read timeout=10)
2026-07-30 21:09:55 INFO     | SentimentSniper      | ==================================================
2026-07-30 21:09:55 INFO     | SentimentSniper      |   📊 SENTIMENT SNIPER STATS
2026-07-30 21:09:55 INFO     | SentimentSniper      |   Tweets processed: 0
2026-07-30 21:09:55 INFO     | SentimentSniper      |   Trades executed: 0
2026-07-30 21:09:55 INFO     | SentimentSniper      |   Active trades: 0
2026-07-30 21:09:55 INFO     | SentimentSniper      |   Total PnL: $0.000000
2026-07-30 21:09:55 INFO     | SentimentSniper      | ==================================================
2026-07-30 21:09:55 INFO     | SentimentSniper      | ⏰ Sleeping 30s...
2026-07-30 21:10:35 ERROR    | SentimentSniper      | Twitter API error: HTTPSConnectionPool(host='api.twitter.com', port=443): Read timed out. (read timeout=10)
2026-07-30 21:10:35 INFO     | SentimentSniper      | ==================================================
2026-07-30 21:10:35 INFO     | SentimentSniper      |   📊 SENTIMENT SNIPER STATS
2026-07-30 21:10:35 INFO     | SentimentSniper      |   Tweets processed: 0
2026-07-30 21:10:35 INFO     | SentimentSniper      |   Trades executed: 0
2026-07-30 21:10:35 INFO     | SentimentSniper      |   Active trades: 0
2026-07-30 21:10:35 INFO     | SentimentSniper      |   Total PnL: $0.000000
2026-07-30 21:10:35 INFO     | SentimentSniper      | ==================================================
2026-07-30 21:10:35 INFO     | SentimentSniper      | ⏰ Sleeping 30s...
2026-07-30 21:11:16 ERROR    | SentimentSniper      | Twitter API error: HTTPSConnectionPool(host='api.twitter.com', port=443): Read timed out. (read timeout=10)
2026-07-30 21:11:16 INFO     | SentimentSniper      | ==================================================
2026-07-30 21:11:16 INFO     | SentimentSniper      |   📊 SENTIMENT SNIPER STATS
2026-07-30 21:11:16 INFO     | SentimentSniper      |   Tweets processed: 0
2026-07-30 21:11:16 INFO     | SentimentSniper      |   Trades executed: 0
2026-07-30 21:11:16 INFO     | SentimentSniper      |   Active trades: 0
2026-07-30 21:11:16 INFO     | SentimentSniper      |   Total PnL: $0.000000
2026-07-30 21:11:16 INFO     | SentimentSniper      | ==================================================
2026-07-30 21:11:16 INFO     | SentimentSniper      | ⏰ Sleeping 30s...
2026-07-30 21:11:56 ERROR    | SentimentSniper      | Twitter API error: HTTPSConnectionPool(host='api.twitter.com', port=443): Read timed out. (read timeout=10)
2026-07-30 21:11:56 INFO     | SentimentSniper      | ==================================================
2026-07-30 21:11:56 INFO     | SentimentSniper      |   📊 SENTIMENT SNIPER STATS
2026-07-30 21:11:56 INFO     | SentimentSniper      |   Tweets processed: 0
2026-07-30 21:11:56 INFO     | SentimentSniper      |   Trades executed: 0
2026-07-30 21:11:56 INFO     | SentimentSniper      |   Active trades: 0
2026-07-30 21:11:56 INFO     | SentimentSniper      |   Total PnL: $0.000000
2026-07-30 21:11:56 INFO     | SentimentSniper      | ==================================================
2026-07-30 21:11:56 INFO     | SentimentSniper      | ⏰ Sleeping 30s...
2026-07-30 21:12:37 ERROR    | SentimentSniper      | Twitter API error: HTTPSConnectionPool(host='api.twitter.com', port=443): Read timed out. (read timeout=10)
2026-07-30 21:12:37 INFO     | SentimentSniper      | ==================================================
2026-07-30 21:12:37 INFO     | SentimentSniper      |   📊 SENTIMENT SNIPER STATS
2026-07-30 21:12:37 INFO     | SentimentSniper      |   Tweets processed: 0
2026-07-30 21:12:37 INFO     | SentimentSniper      |   Trades executed: 0
2026-07-30 21:12:37 INFO     | SentimentSniper      |   Active trades: 0
2026-07-30 21:12:37 INFO     | SentimentSniper      |   Total PnL: $0.000000
2026-07-30 21:12:37 INFO     | SentimentSniper      | ==================================================
2026-07-30 21:12:37 INFO     | SentimentSniper      | ⏰ Sleeping 30s...
2026-07-30 21:13:17 ERROR    | SentimentSniper      | Twitter API error: HTTPSConnectionPool(host='api.twitter.com', port=443): Read timed out. (read timeout=10)
2026-07-30 21:13:17 INFO     | SentimentSniper      | ==================================================
2026-07-30 21:13:17 INFO     | SentimentSniper      |   📊 SENTIMENT SNIPER STATS
2026-07-30 21:13:17 INFO     | SentimentSniper      |   Tweets processed: 0
2026-07-30 21:13:17 INFO     | SentimentSniper      |   Trades executed: 0
2026-07-30 21:13:17 INFO     | SentimentSniper      |   Active trades: 0
2026-07-30 21:13:17 INFO     | SentimentSniper      |   Total PnL: $0.000000
2026-07-30 21:13:17 INFO     | SentimentSniper      | ==================================================
2026-07-30 21:13:17 INFO     | SentimentSniper      | ⏰ Sleeping 30s...
2026-07-30 21:13:57 ERROR    | SentimentSniper      | Twitter API error: HTTPSConnectionPool(host='api.twitter.com', port=443): Read timed out. (read timeout=10)
2026-07-30 21:13:57 INFO     | SentimentSniper      | ==================================================
2026-07-30 21:13:57 INFO     | SentimentSniper      |   📊 SENTIMENT SNIPER STATS
2026-07-30 21:13:57 INFO     | SentimentSniper      |   Tweets processed: 0
2026-07-30 21:13:57 INFO     | SentimentSniper      |   Trades executed: 0
2026-07-30 21:13:57 INFO     | SentimentSniper      |   Active trades: 0
2026-07-30 21:13:57 INFO     | SentimentSniper      |   Total PnL: $0.000000
2026-07-30 21:13:57 INFO     | SentimentSniper      | ==================================================
2026-07-30 21:13:57 INFO     | SentimentSniper      | ⏰ Sleeping 30s...
2026-07-30 21:14:38 ERROR    | SentimentSniper      | Twitter API error: HTTPSConnectionPool(host='api.twitter.com', port=443): Read timed out. (read timeout=10)
2026-07-30 21:14:38 INFO     | SentimentSniper      | ==================================================
2026-07-30 21:14:38 INFO     | SentimentSniper      |   📊 SENTIMENT SNIPER STATS
2026-07-30 21:14:38 INFO     | SentimentSniper      |   Tweets processed: 0
2026-07-30 21:14:38 INFO     | SentimentSniper      |   Trades executed: 0
2026-07-30 21:14:38 INFO     | SentimentSniper      |   Active trades: 0
2026-07-30 21:14:38 INFO     | SentimentSniper      |   Total PnL: $0.000000
2026-07-30 21:14:38 INFO     | SentimentSniper      | ==================================================
2026-07-30 21:14:38 INFO     | SentimentSniper      | ⏰ Sleeping 30s...
2026-07-30 21:15:18 ERROR    | SentimentSniper      | Twitter API error: HTTPSConnectionPool(host='api.twitter.com', port=443): Read timed out. (read timeout=10)
2026-07-30 21:15:18 INFO     | SentimentSniper      | ==================================================
2026-07-30 21:15:18 INFO     | SentimentSniper      |   📊 SENTIMENT SNIPER STATS
2026-07-30 21:15:18 INFO     | SentimentSniper      |   Tweets processed: 0
2026-07-30 21:15:18 INFO     | SentimentSniper      |   Trades executed: 0
2026-07-30 21:15:18 INFO     | SentimentSniper      |   Active trades: 0
2026-07-30 21:15:18 INFO     | SentimentSniper      |   Total PnL: $0.000000
2026-07-30 21:15:18 INFO     | SentimentSniper      | ==================================================
2026-07-30 21:15:18 INFO     | SentimentSniper      | ⏰ Sleeping 30s...
2026-07-30 21:15:59 ERROR    | SentimentSniper      | Twitter API error: HTTPSConnectionPool(host='api.twitter.com', port=443): Read timed out. (read timeout=10)
2026-07-30 21:15:59 INFO     | SentimentSniper      | ==================================================
2026-07-30 21:15:59 INFO     | SentimentSniper      |   📊 SENTIMENT SNIPER STATS
2026-07-30 21:15:59 INFO     | SentimentSniper      |   Tweets processed: 0
2026-07-30 21:15:59 INFO     | SentimentSniper      |   Trades executed: 0
2026-07-30 21:15:59 INFO     | SentimentSniper      |   Active trades: 0
2026-07-30 21:15:59 INFO     | SentimentSniper      |   Total PnL: $0.000000
2026-07-30 21:15:59 INFO     | SentimentSniper      | ==================================================
2026-07-30 21:15:59 INFO     | SentimentSniper      | ⏰ Sleeping 30s...
2026-07-30 21:16:39 ERROR    | SentimentSniper      | Twitter API error: HTTPSConnectionPool(host='api.twitter.com', port=443): Read timed out. (read timeout=10)
2026-07-30 21:16:39 INFO     | SentimentSniper      | ==================================================
2026-07-30 21:16:39 INFO     | SentimentSniper      |   📊 SENTIMENT SNIPER STATS
2026-07-30 21:16:39 INFO     | SentimentSniper      |   Tweets processed: 0
2026-07-30 21:16:39 INFO     | SentimentSniper      |   Trades executed: 0
2026-07-30 21:16:39 INFO     | SentimentSniper      |   Active trades: 0
2026-07-30 21:16:39 INFO     | SentimentSniper      |   Total PnL: $0.000000
2026-07-30 21:16:39 INFO     | SentimentSniper      | ==================================================
2026-07-30 21:16:39 INFO     | SentimentSniper      | ⏰ Sleeping 30s...
2026-07-30 21:17:20 ERROR    | SentimentSniper      | Twitter API error: HTTPSConnectionPool(host='api.twitter.com', port=443): Read timed out. (read timeout=10)
2026-07-30 21:17:20 INFO     | SentimentSniper      | ==================================================
2026-07-30 21:17:20 INFO     | SentimentSniper      |   📊 SENTIMENT SNIPER STATS
2026-07-30 21:17:20 INFO     | SentimentSniper      |   Tweets processed: 0
2026-07-30 21:17:20 INFO     | SentimentSniper      |   Trades executed: 0
2026-07-30 21:17:20 INFO     | SentimentSniper      |   Active trades: 0
2026-07-30 21:17:20 INFO     | SentimentSniper      |   Total PnL: $0.000000
2026-07-30 21:17:20 INFO     | SentimentSniper      | ==================================================
2026-07-30 21:17:20 INFO     | SentimentSniper      | ⏰ Sleeping 30s...
2026-07-30 21:18:00 ERROR    | SentimentSniper      | Twitter API error: HTTPSConnectionPool(host='api.twitter.com', port=443): Read timed out. (read timeout=10)
2026-07-30 21:18:00 INFO     | SentimentSniper      | ==================================================
2026-07-30 21:18:00 INFO     | SentimentSniper      |   📊 SENTIMENT SNIPER STATS
2026-07-30 21:18:00 INFO     | SentimentSniper      |   Tweets processed: 0
2026-07-30 21:18:00 INFO     | SentimentSniper      |   Trades executed: 0
2026-07-30 21:18:00 INFO     | SentimentSniper      |   Active trades: 0
2026-07-30 21:18:00 INFO     | SentimentSniper      |   Total PnL: $0.000000
2026-07-30 21:18:00 INFO     | SentimentSniper      | ==================================================
2026-07-30 21:18:00 INFO     | SentimentSniper      | ⏰ Sleeping 30s...
2026-07-30 21:18:40 ERROR    | SentimentSniper      | Twitter API error: HTTPSConnectionPool(host='api.twitter.com', port=443): Read timed out. (read timeout=10)
2026-07-30 21:18:40 INFO     | SentimentSniper      | ==================================================
2026-07-30 21:18:40 INFO     | SentimentSniper      |   📊 SENTIMENT SNIPER STATS
2026-07-30 21:18:40 INFO     | SentimentSniper      |   Tweets processed: 0
2026-07-30 21:18:40 INFO     | SentimentSniper      |   Trades executed: 0
2026-07-30 21:18:40 INFO     | SentimentSniper      |   Active trades: 0
2026-07-30 21:18:40 INFO     | SentimentSniper      |   Total PnL: $0.000000
2026-07-30 21:18:40 INFO     | SentimentSniper      | ==================================================
2026-07-30 21:18:40 INFO     | SentimentSniper      | ⏰ Sleeping 30s...
2026-07-30 21:19:21 ERROR    | SentimentSniper      | Twitter API error: HTTPSConnectionPool(host='api.twitter.com', port=443): Read timed out. (read timeout=10)
2026-07-30 21:19:21 INFO     | SentimentSniper      | ==================================================
2026-07-30 21:19:21 INFO     | SentimentSniper      |   📊 SENTIMENT SNIPER STATS
2026-07-30 21:19:21 INFO     | SentimentSniper      |   Tweets processed: 0
2026-07-30 21:19:21 INFO     | SentimentSniper      |   Trades executed: 0
2026-07-30 21:19:21 INFO     | SentimentSniper      |   Active trades: 0
2026-07-30 21:19:21 INFO     | SentimentSniper      |   Total PnL: $0.000000
2026-07-30 21:19:21 INFO     | SentimentSniper      | ==================================================
2026-07-30 21:19:21 INFO     | SentimentSniper      | ⏰ Sleeping 30s...
2026-07-30 21:20:01 ERROR    | SentimentSniper      | Twitter API error: HTTPSConnectionPool(host='api.twitter.com', port=443): Read timed out. (read timeout=10)
2026-07-30 21:20:01 INFO     | SentimentSniper      | ==================================================
2026-07-30 21:20:01 INFO     | SentimentSniper      |   📊 SENTIMENT SNIPER STATS
2026-07-30 21:20:01 INFO     | SentimentSniper      |   Tweets processed: 0
2026-07-30 21:20:01 INFO     | SentimentSniper      |   Trades executed: 0
2026-07-30 21:20:01 INFO     | SentimentSniper      |   Active trades: 0
2026-07-30 21:20:01 INFO     | SentimentSniper      |   Total PnL: $0.000000
2026-07-30 21:20:01 INFO     | SentimentSniper      | ==================================================
2026-07-30 21:20:01 INFO     | SentimentSniper      | ⏰ Sleeping 30s...
2026-07-30 21:20:42 ERROR    | SentimentSniper      | Twitter API error: HTTPSConnectionPool(host='api.twitter.com', port=443): Read timed out. (read timeout=10)
2026-07-30 21:20:42 INFO     | SentimentSniper      | ==================================================
2026-07-30 21:20:42 INFO     | SentimentSniper      |   📊 SENTIMENT SNIPER STATS
2026-07-30 21:20:42 INFO     | SentimentSniper      |   Tweets processed: 0
2026-07-30 21:20:42 INFO     | SentimentSniper      |   Trades executed: 0
2026-07-30 21:20:42 INFO     | SentimentSniper      |   Active trades: 0
2026-07-30 21:20:42 INFO     | SentimentSniper      |   Total PnL: $0.000000
2026-07-30 21:20:42 INFO     | SentimentSniper      | ==================================================
2026-07-30 21:20:42 INFO     | SentimentSniper      | ⏰ Sleeping 30s...
2026-07-30 21:21:22 ERROR    | SentimentSniper      | Twitter API error: HTTPSConnectionPool(host='api.twitter.com', port=443): Read timed out. (read timeout=10)
2026-07-30 21:21:22 INFO     | SentimentSniper      | ==================================================
2026-07-30 21:21:22 INFO     | SentimentSniper      |   📊 SENTIMENT SNIPER STATS
2026-07-30 21:21:22 INFO     | SentimentSniper      |   Tweets processed: 0
2026-07-30 21:21:22 INFO     | SentimentSniper      |   Trades executed: 0
2026-07-30 21:21:22 INFO     | SentimentSniper      |   Active trades: 0
2026-07-30 21:21:22 INFO     | SentimentSniper      |   Total PnL: $0.000000
2026-07-30 21:21:22 INFO     | SentimentSniper      | ==================================================
2026-07-30 21:21:22 INFO     | SentimentSniper      | ⏰ Sleeping 30s...
2026-07-30 21:22:03 ERROR    | SentimentSniper      | Twitter API error: HTTPSConnectionPool(host='api.twitter.com', port=443): Read timed out. (read timeout=10)
2026-07-30 21:22:03 INFO     | SentimentSniper      | ==================================================
2026-07-30 21:22:03 INFO     | SentimentSniper      |   📊 SENTIMENT SNIPER STATS
2026-07-30 21:22:03 INFO     | SentimentSniper      |   Tweets processed: 0
2026-07-30 21:22:03 INFO     | SentimentSniper      |   Trades executed: 0
2026-07-30 21:22:03 INFO     | SentimentSniper      |   Active trades: 0
2026-07-30 21:22:03 INFO     | SentimentSniper      |   Total PnL: $0.000000
2026-07-30 21:22:03 INFO     | SentimentSniper      | ==================================================
2026-07-30 21:22:03 INFO     | SentimentSniper      | ⏰ Sleeping 30s...
2026-07-30 21:22:43 ERROR    | SentimentSniper      | Twitter API error: HTTPSConnectionPool(host='api.twitter.com', port=443): Read timed out. (read timeout=10)
2026-07-30 21:22:43 INFO     | SentimentSniper      | ==================================================
2026-07-30 21:22:43 INFO     | SentimentSniper      |   📊 SENTIMENT SNIPER STATS
2026-07-30 21:22:43 INFO     | SentimentSniper      |   Tweets processed: 0
2026-07-30 21:22:43 INFO     | SentimentSniper      |   Trades executed: 0
2026-07-30 21:22:43 INFO     | SentimentSniper      |   Active trades: 0
2026-07-30 21:22:43 INFO     | SentimentSniper      |   Total PnL: $0.000000
2026-07-30 21:22:43 INFO     | SentimentSniper      | ==================================================
2026-07-30 21:22:43 INFO     | SentimentSniper      | ⏰ Sleeping 30s...
2026-07-30 21:23:23 ERROR    | SentimentSniper      | Twitter API error: HTTPSConnectionPool(host='api.twitter.com', port=443): Read timed out. (read timeout=10)
2026-07-30 21:23:23 INFO     | SentimentSniper      | ==================================================
2026-07-30 21:23:23 INFO     | SentimentSniper      |   📊 SENTIMENT SNIPER STATS
2026-07-30 21:23:23 INFO     | SentimentSniper      |   Tweets processed: 0
2026-07-30 21:23:23 INFO     | SentimentSniper      |   Trades executed: 0
2026-07-30 21:23:23 INFO     | SentimentSniper      |   Active trades: 0
2026-07-30 21:23:23 INFO     | SentimentSniper      |   Total PnL: $0.000000
2026-07-30 21:23:23 INFO     | SentimentSniper      | ==================================================
2026-07-30 21:23:23 INFO     | SentimentSniper      | ⏰ Sleeping 30s...
2026-07-30 21:24:04 ERROR    | SentimentSniper      | Twitter API error: HTTPSConnectionPool(host='api.twitter.com', port=443): Read timed out. (read timeout=10)
2026-07-30 21:24:04 INFO     | SentimentSniper      | ==================================================
2026-07-30 21:24:04 INFO     | SentimentSniper      |   📊 SENTIMENT SNIPER STATS
2026-07-30 21:24:04 INFO     | SentimentSniper      |   Tweets processed: 0
2026-07-30 21:24:04 INFO     | SentimentSniper      |   Trades executed: 0
2026-07-30 21:24:04 INFO     | SentimentSniper      |   Active trades: 0
2026-07-30 21:24:04 INFO     | SentimentSniper      |   Total PnL: $0.000000
2026-07-30 21:24:04 INFO     | SentimentSniper      | ==================================================
2026-07-30 21:24:04 INFO     | SentimentSniper      | ⏰ Sleeping 30s...
2026-07-30 21:24:44 ERROR    | SentimentSniper      | Twitter API error: HTTPSConnectionPool(host='api.twitter.com', port=443): Read timed out. (read timeout=10)
2026-07-30 21:24:44 INFO     | SentimentSniper      | ==================================================
2026-07-30 21:24:44 INFO     | SentimentSniper      |   📊 SENTIMENT SNIPER STATS
2026-07-30 21:24:44 INFO     | SentimentSniper      |   Tweets processed: 0
2026-07-30 21:24:44 INFO     | SentimentSniper      |   Trades executed: 0
2026-07-30 21:24:44 INFO     | SentimentSniper      |   Active trades: 0
2026-07-30 21:24:44 INFO     | SentimentSniper      |   Total PnL: $0.000000
2026-07-30 21:24:44 INFO     | SentimentSniper      | ==================================================
2026-07-30 21:24:44 INFO     | SentimentSniper      | ⏰ Sleeping 30s...
2026-07-30 21:25:25 ERROR    | SentimentSniper      | Twitter API error: HTTPSConnectionPool(host='api.twitter.com', port=443): Read timed out. (read timeout=10)
2026-07-30 21:25:25 INFO     | SentimentSniper      | ==================================================
2026-07-30 21:25:25 INFO     | SentimentSniper      |   📊 SENTIMENT SNIPER STATS
2026-07-30 21:25:25 INFO     | SentimentSniper      |   Tweets processed: 0
2026-07-30 21:25:25 INFO     | SentimentSniper      |   Trades executed: 0
2026-07-30 21:25:25 INFO     | SentimentSniper      |   Active trades: 0
2026-07-30 21:25:25 INFO     | SentimentSniper      |   Total PnL: $0.000000
2026-07-30 21:25:25 INFO     | SentimentSniper      | ==================================================
2026-07-30 21:25:25 INFO     | SentimentSniper      | ⏰ Sleeping 30s...
2026-07-30 21:26:05 ERROR    | SentimentSniper      | Twitter API error: HTTPSConnectionPool(host='api.twitter.com', port=443): Read timed out. (read timeout=10)
2026-07-30 21:26:05 INFO     | SentimentSniper      | ==================================================
2026-07-30 21:26:05 INFO     | SentimentSniper      |   📊 SENTIMENT SNIPER STATS
2026-07-30 21:26:05 INFO     | SentimentSniper      |   Tweets processed: 0
2026-07-30 21:26:05 INFO     | SentimentSniper      |   Trades executed: 0
2026-07-30 21:26:05 INFO     | SentimentSniper      |   Active trades: 0
2026-07-30 21:26:05 INFO     | SentimentSniper      |   Total PnL: $0.000000
2026-07-30 21:26:05 INFO     | SentimentSniper      | ==================================================
2026-07-30 21:26:05 INFO     | SentimentSniper      | ⏰ Sleeping 30s...
2026-07-30 21:26:45 ERROR    | SentimentSniper      | Twitter API error: HTTPSConnectionPool(host='api.twitter.com', port=443): Read timed out. (read timeout=10)
2026-07-30 21:26:45 INFO     | SentimentSniper      | ==================================================
2026-07-30 21:26:45 INFO     | SentimentSniper      |   📊 SENTIMENT SNIPER STATS
2026-07-30 21:26:45 INFO     | SentimentSniper      |   Tweets processed: 0
2026-07-30 21:26:45 INFO     | SentimentSniper      |   Trades executed: 0
2026-07-30 21:26:45 INFO     | SentimentSniper      |   Active trades: 0
2026-07-30 21:26:45 INFO     | SentimentSniper      |   Total PnL: $0.000000
2026-07-30 21:26:45 INFO     | SentimentSniper      | ==================================================
2026-07-30 21:26:45 INFO     | SentimentSniper      | ⏰ Sleeping 30s...
2026-07-30 21:27:26 ERROR    | SentimentSniper      | Twitter API error: HTTPSConnectionPool(host='api.twitter.com', port=443): Read timed out. (read timeout=10)
2026-07-30 21:27:26 INFO     | SentimentSniper      | ==================================================
2026-07-30 21:27:26 INFO     | SentimentSniper      |   📊 SENTIMENT SNIPER STATS
2026-07-30 21:27:26 INFO     | SentimentSniper      |   Tweets processed: 0
2026-07-30 21:27:26 INFO     | SentimentSniper      |   Trades executed: 0
2026-07-30 21:27:26 INFO     | SentimentSniper      |   Active trades: 0
2026-07-30 21:27:26 INFO     | SentimentSniper      |   Total PnL: $0.000000
2026-07-30 21:27:26 INFO     | SentimentSniper      | ==================================================
2026-07-30 21:27:26 INFO     | SentimentSniper      | ⏰ Sleeping 30s...
2026-07-30 21:28:06 ERROR    | SentimentSniper      | Twitter API error: HTTPSConnectionPool(host='api.twitter.com', port=443): Read timed out. (read timeout=10)
2026-07-30 21:28:06 INFO     | SentimentSniper      | ==================================================
2026-07-30 21:28:06 INFO     | SentimentSniper      |   📊 SENTIMENT SNIPER STATS
2026-07-30 21:28:06 INFO     | SentimentSniper      |   Tweets processed: 0
2026-07-30 21:28:06 INFO     | SentimentSniper      |   Trades executed: 0
2026-07-30 21:28:06 INFO     | SentimentSniper      |   Active trades: 0
2026-07-30 21:28:06 INFO     | SentimentSniper      |   Total PnL: $0.000000
2026-07-30 21:28:06 INFO     | SentimentSniper      | ==================================================
2026-07-30 21:28:06 INFO     | SentimentSniper      | ⏰ Sleeping 30s...
2026-07-30 21:28:47 ERROR    | SentimentSniper      | Twitter API error: HTTPSConnectionPool(host='api.twitter.com', port=443): Read timed out. (read timeout=10)
2026-07-30 21:28:47 INFO     | SentimentSniper      | ==================================================
2026-07-30 21:28:47 INFO     | SentimentSniper      |   📊 SENTIMENT SNIPER STATS
2026-07-30 21:28:47 INFO     | SentimentSniper      |   Tweets processed: 0
2026-07-30 21:28:47 INFO     | SentimentSniper      |   Trades executed: 0
2026-07-30 21:28:47 INFO     | SentimentSniper      |   Active trades: 0
2026-07-30 21:28:47 INFO     | SentimentSniper      |   Total PnL: $0.000000
2026-07-30 21:28:47 INFO     | SentimentSniper      | ==================================================
2026-07-30 21:28:47 INFO     | SentimentSniper      | ⏰ Sleeping 30s...
2026-07-30 21:29:27 ERROR    | SentimentSniper      | Twitter API error: HTTPSConnectionPool(host='api.twitter.com', port=443): Read timed out. (read timeout=10)
2026-07-30 21:29:27 INFO     | SentimentSniper      | ==================================================
2026-07-30 21:29:27 INFO     | SentimentSniper      |   📊 SENTIMENT SNIPER STATS
2026-07-30 21:29:27 INFO     | SentimentSniper      |   Tweets processed: 0
2026-07-30 21:29:27 INFO     | SentimentSniper      |   Trades executed: 0
2026-07-30 21:29:27 INFO     | SentimentSniper      |   Active trades: 0
2026-07-30 21:29:27 INFO     | SentimentSniper      |   Total PnL: $0.000000
2026-07-30 21:29:27 INFO     | SentimentSniper      | ==================================================
2026-07-30 21:29:27 INFO     | SentimentSniper      | ⏰ Sleeping 30s...
2026-07-30 21:30:08 ERROR    | SentimentSniper      | Twitter API error: HTTPSConnectionPool(host='api.twitter.com', port=443): Read timed out. (read timeout=10)
2026-07-30 21:30:08 INFO     | SentimentSniper      | ==================================================
2026-07-30 21:30:08 INFO     | SentimentSniper      |   📊 SENTIMENT SNIPER STATS
2026-07-30 21:30:08 INFO     | SentimentSniper      |   Tweets processed: 0
2026-07-30 21:30:08 INFO     | SentimentSniper      |   Trades executed: 0
2026-07-30 21:30:08 INFO     | SentimentSniper      |   Active trades: 0
2026-07-30 21:30:08 INFO     | SentimentSniper      |   Total PnL: $0.000000
2026-07-30 21:30:08 INFO     | SentimentSniper      | ==================================================
2026-07-30 21:30:08 INFO     | SentimentSniper      | ⏰ Sleeping 30s...
2026-07-30 21:30:48 ERROR    | SentimentSniper      | Twitter API error: HTTPSConnectionPool(host='api.twitter.com', port=443): Read timed out. (read timeout=10)
2026-07-30 21:30:48 INFO     | SentimentSniper      | ==================================================
2026-07-30 21:30:48 INFO     | SentimentSniper      |   📊 SENTIMENT SNIPER STATS
2026-07-30 21:30:48 INFO     | SentimentSniper      |   Tweets processed: 0
2026-07-30 21:30:48 INFO     | SentimentSniper      |   Trades executed: 0
2026-07-30 21:30:48 INFO     | SentimentSniper      |   Active trades: 0
2026-07-30 21:30:48 INFO     | SentimentSniper      |   Total PnL: $0.000000
2026-07-30 21:30:48 INFO     | SentimentSniper      | ==================================================
2026-07-30 21:30:48 INFO     | SentimentSniper      | ⏰ Sleeping 30s...
2026-07-30 21:31:28 ERROR    | SentimentSniper      | Twitter API error: HTTPSConnectionPool(host='api.twitter.com', port=443): Read timed out. (read timeout=10)
2026-07-30 21:31:28 INFO     | SentimentSniper      | ==================================================
2026-07-30 21:31:28 INFO     | SentimentSniper      |   📊 SENTIMENT SNIPER STATS
2026-07-30 21:31:28 INFO     | SentimentSniper      |   Tweets processed: 0
2026-07-30 21:31:28 INFO     | SentimentSniper      |   Trades executed: 0
2026-07-30 21:31:28 INFO     | SentimentSniper      |   Active trades: 0
2026-07-30 21:31:28 INFO     | SentimentSniper      |   Total PnL: $0.000000
2026-07-30 21:31:28 INFO     | SentimentSniper      | ==================================================
2026-07-30 21:31:28 INFO     | SentimentSniper      | ⏰ Sleeping 30s...
2026-07-30 21:32:09 ERROR    | SentimentSniper      | Twitter API error: HTTPSConnectionPool(host='api.twitter.com', port=443): Read timed out. (read timeout=10)
2026-07-30 21:32:09 INFO     | SentimentSniper      | ==================================================
2026-07-30 21:32:09 INFO     | SentimentSniper      |   📊 SENTIMENT SNIPER STATS
2026-07-30 21:32:09 INFO     | SentimentSniper      |   Tweets processed: 0
2026-07-30 21:32:09 INFO     | SentimentSniper      |   Trades executed: 0
2026-07-30 21:32:09 INFO     | SentimentSniper      |   Active trades: 0
2026-07-30 21:32:09 INFO     | SentimentSniper      |   Total PnL: $0.000000
2026-07-30 21:32:09 INFO     | SentimentSniper      | ==================================================
2026-07-30 21:32:09 INFO     | SentimentSniper      | ⏰ Sleeping 30s...
2026-07-30 21:32:49 ERROR    | SentimentSniper      | Twitter API error: HTTPSConnectionPool(host='api.twitter.com', port=443): Read timed out. (read timeout=10)
2026-07-30 21:32:49 INFO     | SentimentSniper      | ==================================================
2026-07-30 21:32:49 INFO     | SentimentSniper      |   📊 SENTIMENT SNIPER STATS
2026-07-30 21:32:49 INFO     | SentimentSniper      |   Tweets processed: 0
2026-07-30 21:32:49 INFO     | SentimentSniper      |   Trades executed: 0
2026-07-30 21:32:49 INFO     | SentimentSniper      |   Active trades: 0
2026-07-30 21:32:49 INFO     | SentimentSniper      |   Total PnL: $0.000000
2026-07-30 21:32:49 INFO     | SentimentSniper      | ==================================================
2026-07-30 21:32:49 INFO     | SentimentSniper      | ⏰ Sleeping 30s...
2026-07-30 21:33:30 ERROR    | SentimentSniper      | Twitter API error: HTTPSConnectionPool(host='api.twitter.com', port=443): Read timed out. (read timeout=10)
2026-07-30 21:33:30 INFO     | SentimentSniper      | ==================================================
2026-07-30 21:33:30 INFO     | SentimentSniper      |   📊 SENTIMENT SNIPER STATS
2026-07-30 21:33:30 INFO     | SentimentSniper      |   Tweets processed: 0
2026-07-30 21:33:30 INFO     | SentimentSniper      |   Trades executed: 0
2026-07-30 21:33:30 INFO     | SentimentSniper      |   Active trades: 0
2026-07-30 21:33:30 INFO     | SentimentSniper      |   Total PnL: $0.000000
2026-07-30 21:33:30 INFO     | SentimentSniper      | ==================================================
2026-07-30 21:33:30 INFO     | SentimentSniper      | ⏰ Sleeping 30s...
2026-07-30 21:34:10 ERROR    | SentimentSniper      | Twitter API error: HTTPSConnectionPool(host='api.twitter.com', port=443): Read timed out. (read timeout=10)
2026-07-30 21:34:10 INFO     | SentimentSniper      | ==================================================
2026-07-30 21:34:10 INFO     | SentimentSniper      |   📊 SENTIMENT SNIPER STATS
2026-07-30 21:34:10 INFO     | SentimentSniper      |   Tweets processed: 0
2026-07-30 21:34:10 INFO     | SentimentSniper      |   Trades executed: 0
2026-07-30 21:34:10 INFO     | SentimentSniper      |   Active trades: 0
2026-07-30 21:34:10 INFO     | SentimentSniper      |   Total PnL: $0.000000
2026-07-30 21:34:10 INFO     | SentimentSniper      | ==================================================
2026-07-30 21:34:10 INFO     | SentimentSniper      | ⏰ Sleeping 30s...
2026-07-30 21:34:51 ERROR    | SentimentSniper      | Twitter API error: HTTPSConnectionPool(host='api.twitter.com', port=443): Read timed out. (read timeout=10)
2026-07-30 21:34:51 INFO     | SentimentSniper      | ==================================================
2026-07-30 21:34:51 INFO     | SentimentSniper      |   📊 SENTIMENT SNIPER STATS
2026-07-30 21:34:51 INFO     | SentimentSniper      |   Tweets processed: 0
2026-07-30 21:34:51 INFO     | SentimentSniper      |   Trades executed: 0
2026-07-30 21:34:51 INFO     | SentimentSniper      |   Active trades: 0
2026-07-30 21:34:51 INFO     | SentimentSniper      |   Total PnL: $0.000000
2026-07-30 21:34:51 INFO     | SentimentSniper      | ==================================================
2026-07-30 21:34:51 INFO     | SentimentSniper      | ⏰ Sleeping 30s...
2026-07-30 21:35:31 ERROR    | SentimentSniper      | Twitter API error: HTTPSConnectionPool(host='api.twitter.com', port=443): Read timed out. (read timeout=10)
2026-07-30 21:35:31 INFO     | SentimentSniper      | ==================================================
2026-07-30 21:35:31 INFO     | SentimentSniper      |   📊 SENTIMENT SNIPER STATS
2026-07-30 21:35:31 INFO     | SentimentSniper      |   Tweets processed: 0
2026-07-30 21:35:31 INFO     | SentimentSniper      |   Trades executed: 0
2026-07-30 21:35:31 INFO     | SentimentSniper      |   Active trades: 0
2026-07-30 21:35:31 INFO     | SentimentSniper      |   Total PnL: $0.000000
2026-07-30 21:35:31 INFO     | SentimentSniper      | ==================================================
2026-07-30 21:35:31 INFO     | SentimentSniper      | ⏰ Sleeping 30s...
2026-07-30 21:36:11 ERROR    | SentimentSniper      | Twitter API error: HTTPSConnectionPool(host='api.twitter.com', port=443): Read timed out. (read timeout=10)
2026-07-30 21:36:11 INFO     | SentimentSniper      | ==================================================
2026-07-30 21:36:11 INFO     | SentimentSniper      |   📊 SENTIMENT SNIPER STATS
2026-07-30 21:36:11 INFO     | SentimentSniper      |   Tweets processed: 0
2026-07-30 21:36:11 INFO     | SentimentSniper      |   Trades executed: 0
2026-07-30 21:36:11 INFO     | SentimentSniper      |   Active trades: 0
2026-07-30 21:36:11 INFO     | SentimentSniper      |   Total PnL: $0.000000
2026-07-30 21:36:11 INFO     | SentimentSniper      | ==================================================
2026-07-30 21:36:11 INFO     | SentimentSniper      | ⏰ Sleeping 30s...
2026-07-30 21:36:52 ERROR    | SentimentSniper      | Twitter API error: HTTPSConnectionPool(host='api.twitter.com', port=443): Read timed out. (read timeout=10)
2026-07-30 21:36:52 INFO     | SentimentSniper      | ==================================================
2026-07-30 21:36:52 INFO     | SentimentSniper      |   📊 SENTIMENT SNIPER STATS
2026-07-30 21:36:52 INFO     | SentimentSniper      |   Tweets processed: 0
2026-07-30 21:36:52 INFO     | SentimentSniper      |   Trades executed: 0
2026-07-30 21:36:52 INFO     | SentimentSniper      |   Active trades: 0
2026-07-30 21:36:52 INFO     | SentimentSniper      |   Total PnL: $0.000000
2026-07-30 21:36:52 INFO     | SentimentSniper      | ==================================================
2026-07-30 21:36:52 INFO     | SentimentSniper      | ⏰ Sleeping 30s...
2026-07-30 21:37:32 ERROR    | SentimentSniper      | Twitter API error: HTTPSConnectionPool(host='api.twitter.com', port=443): Read timed out. (read timeout=10)
2026-07-30 21:37:32 INFO     | SentimentSniper      | ==================================================
2026-07-30 21:37:32 INFO     | SentimentSniper      |   📊 SENTIMENT SNIPER STATS
2026-07-30 21:37:32 INFO     | SentimentSniper      |   Tweets processed: 0
2026-07-30 21:37:32 INFO     | SentimentSniper      |   Trades executed: 0
2026-07-30 21:37:32 INFO     | SentimentSniper      |   Active trades: 0
2026-07-30 21:37:32 INFO     | SentimentSniper      |   Total PnL: $0.000000
2026-07-30 21:37:32 INFO     | SentimentSniper      | ==================================================
2026-07-30 21:37:32 INFO     | SentimentSniper      | ⏰ Sleeping 30s...
2026-07-30 21:38:13 ERROR    | SentimentSniper      | Twitter API error: HTTPSConnectionPool(host='api.twitter.com', port=443): Read timed out. (read timeout=10)
2026-07-30 21:38:13 INFO     | SentimentSniper      | ==================================================
2026-07-30 21:38:13 INFO     | SentimentSniper      |   📊 SENTIMENT SNIPER STATS
2026-07-30 21:38:13 INFO     | SentimentSniper      |   Tweets processed: 0
2026-07-30 21:38:13 INFO     | SentimentSniper      |   Trades executed: 0
2026-07-30 21:38:13 INFO     | SentimentSniper      |   Active trades: 0
2026-07-30 21:38:13 INFO     | SentimentSniper      |   Total PnL: $0.000000
2026-07-30 21:38:13 INFO     | SentimentSniper      | ==================================================
2026-07-30 21:38:13 INFO     | SentimentSniper      | ⏰ Sleeping 30s...
2026-07-30 21:38:53 ERROR    | SentimentSniper      | Twitter API error: HTTPSConnectionPool(host='api.twitter.com', port=443): Read timed out. (read timeout=10)
2026-07-30 21:38:53 INFO     | SentimentSniper      | ==================================================
2026-07-30 21:38:53 INFO     | SentimentSniper      |   📊 SENTIMENT SNIPER STATS
2026-07-30 21:38:53 INFO     | SentimentSniper      |   Tweets processed: 0
2026-07-30 21:38:53 INFO     | SentimentSniper      |   Trades executed: 0
2026-07-30 21:38:53 INFO     | SentimentSniper      |   Active trades: 0
2026-07-30 21:38:53 INFO     | SentimentSniper      |   Total PnL: $0.000000
2026-07-30 21:38:53 INFO     | SentimentSniper      | ==================================================
2026-07-30 21:38:53 INFO     | SentimentSniper      | ⏰ Sleeping 30s...
2026-07-30 21:39:33 ERROR    | SentimentSniper      | Twitter API error: HTTPSConnectionPool(host='api.twitter.com', port=443): Read timed out. (read timeout=10)
2026-07-30 21:39:33 INFO     | SentimentSniper      | ==================================================
2026-07-30 21:39:33 INFO     | SentimentSniper      |   📊 SENTIMENT SNIPER STATS
2026-07-30 21:39:33 INFO     | SentimentSniper      |   Tweets processed: 0
2026-07-30 21:39:33 INFO     | SentimentSniper      |   Trades executed: 0
2026-07-30 21:39:33 INFO     | SentimentSniper      |   Active trades: 0
2026-07-30 21:39:33 INFO     | SentimentSniper      |   Total PnL: $0.000000
2026-07-30 21:39:33 INFO     | SentimentSniper      | ==================================================
2026-07-30 21:39:33 INFO     | SentimentSniper      | ⏰ Sleeping 30s...
2026-07-30 21:40:14 ERROR    | SentimentSniper      | Twitter API error: HTTPSConnectionPool(host='api.twitter.com', port=443): Read timed out. (read timeout=10)
2026-07-30 21:40:14 INFO     | SentimentSniper      | ==================================================
2026-07-30 21:40:14 INFO     | SentimentSniper      |   📊 SENTIMENT SNIPER STATS
2026-07-30 21:40:14 INFO     | SentimentSniper      |   Tweets processed: 0
2026-07-30 21:40:14 INFO     | SentimentSniper      |   Trades executed: 0
2026-07-30 21:40:14 INFO     | SentimentSniper      |   Active trades: 0
2026-07-30 21:40:14 INFO     | SentimentSniper      |   Total PnL: $0.000000
2026-07-30 21:40:14 INFO     | SentimentSniper      | ==================================================
2026-07-30 21:40:14 INFO     | SentimentSniper      | ⏰ Sleeping 30s...
2026-07-30 21:40:54 ERROR    | SentimentSniper      | Twitter API error: HTTPSConnectionPool(host='api.twitter.com', port=443): Read timed out. (read timeout=10)
2026-07-30 21:40:54 INFO     | SentimentSniper      | ==================================================
2026-07-30 21:40:54 INFO     | SentimentSniper      |   📊 SENTIMENT SNIPER STATS
2026-07-30 21:40:54 INFO     | SentimentSniper      |   Tweets processed: 0
2026-07-30 21:40:54 INFO     | SentimentSniper      |   Trades executed: 0
2026-07-30 21:40:54 INFO     | SentimentSniper      |   Active trades: 0
2026-07-30 21:40:54 INFO     | SentimentSniper      |   Total PnL: $0.000000
2026-07-30 21:40:54 INFO     | SentimentSniper      | ==================================================
2026-07-30 21:40:54 INFO     | SentimentSniper      | ⏰ Sleeping 30s...
2026-07-30 21:41:35 ERROR    | SentimentSniper      | Twitter API error: HTTPSConnectionPool(host='api.twitter.com', port=443): Read timed out. (read timeout=10)
2026-07-30 21:41:35 INFO     | SentimentSniper      | ==================================================
2026-07-30 21:41:35 INFO     | SentimentSniper      |   📊 SENTIMENT SNIPER STATS
2026-07-30 21:41:35 INFO     | SentimentSniper      |   Tweets processed: 0
2026-07-30 21:41:35 INFO     | SentimentSniper      |   Trades executed: 0
2026-07-30 21:41:35 INFO     | SentimentSniper      |   Active trades: 0
2026-07-30 21:41:35 INFO     | SentimentSniper      |   Total PnL: $0.000000
2026-07-30 21:41:35 INFO     | SentimentSniper      | ==================================================
2026-07-30 21:41:35 INFO     | SentimentSniper      | ⏰ Sleeping 30s...
2026-07-30 21:42:15 ERROR    | SentimentSniper      | Twitter API error: HTTPSConnectionPool(host='api.twitter.com', port=443): Read timed out. (read timeout=10)
2026-07-30 21:42:15 INFO     | SentimentSniper      | ==================================================
2026-07-30 21:42:15 INFO     | SentimentSniper      |   📊 SENTIMENT SNIPER STATS
2026-07-30 21:42:15 INFO     | SentimentSniper      |   Tweets processed: 0
2026-07-30 21:42:15 INFO     | SentimentSniper      |   Trades executed: 0
2026-07-30 21:42:15 INFO     | SentimentSniper      |   Active trades: 0
2026-07-30 21:42:15 INFO     | SentimentSniper      |   Total PnL: $0.000000
2026-07-30 21:42:15 INFO     | SentimentSniper      | ==================================================
2026-07-30 21:42:15 INFO     | SentimentSniper      | ⏰ Sleeping 30s...
2026-07-30 21:42:55 ERROR    | SentimentSniper      | Twitter API error: HTTPSConnectionPool(host='api.twitter.com', port=443): Read timed out. (read timeout=10)
2026-07-30 21:42:55 INFO     | SentimentSniper      | ==================================================
2026-07-30 21:42:55 INFO     | SentimentSniper      |   📊 SENTIMENT SNIPER STATS
2026-07-30 21:42:55 INFO     | SentimentSniper      |   Tweets processed: 0
2026-07-30 21:42:55 INFO     | SentimentSniper      |   Trades executed: 0
2026-07-30 21:42:55 INFO     | SentimentSniper      |   Active trades: 0
2026-07-30 21:42:55 INFO     | SentimentSniper      |   Total PnL: $0.000000
2026-07-30 21:42:55 INFO     | SentimentSniper      | ==================================================
2026-07-30 21:42:55 INFO     | SentimentSniper      | ⏰ Sleeping 30s...
2026-07-30 21:43:36 ERROR    | SentimentSniper      | Twitter API error: HTTPSConnectionPool(host='api.twitter.com', port=443): Read timed out. (read timeout=10)
2026-07-30 21:43:36 INFO     | SentimentSniper      | ==================================================
2026-07-30 21:43:36 INFO     | SentimentSniper      |   📊 SENTIMENT SNIPER STATS
2026-07-30 21:43:36 INFO     | SentimentSniper      |   Tweets processed: 0
2026-07-30 21:43:36 INFO     | SentimentSniper      |   Trades executed: 0
2026-07-30 21:43:36 INFO     | SentimentSniper      |   Active trades: 0
2026-07-30 21:43:36 INFO     | SentimentSniper      |   Total PnL: $0.000000
2026-07-30 21:43:36 INFO     | SentimentSniper      | ==================================================
2026-07-30 21:43:36 INFO     | SentimentSniper      | ⏰ Sleeping 30s...
2026-07-30 21:44:16 ERROR    | SentimentSniper      | Twitter API error: HTTPSConnectionPool(host='api.twitter.com', port=443): Read timed out. (read timeout=10)
2026-07-30 21:44:16 INFO     | SentimentSniper      | ==================================================
2026-07-30 21:44:16 INFO     | SentimentSniper      |   📊 SENTIMENT SNIPER STATS
2026-07-30 21:44:16 INFO     | SentimentSniper      |   Tweets processed: 0
2026-07-30 21:44:16 INFO     | SentimentSniper      |   Trades executed: 0
2026-07-30 21:44:16 INFO     | SentimentSniper      |   Active trades: 0
2026-07-30 21:44:16 INFO     | SentimentSniper      |   Total PnL: $0.000000
2026-07-30 21:44:16 INFO     | SentimentSniper      | ==================================================
2026-07-30 21:44:16 INFO     | SentimentSniper      | ⏰ Sleeping 30s...
2026-07-30 21:44:57 ERROR    | SentimentSniper      | Twitter API error: HTTPSConnectionPool(host='api.twitter.com', port=443): Read timed out. (read timeout=10)
2026-07-30 21:44:57 INFO     | SentimentSniper      | ==================================================
2026-07-30 21:44:57 INFO     | SentimentSniper      |   📊 SENTIMENT SNIPER STATS
2026-07-30 21:44:57 INFO     | SentimentSniper      |   Tweets processed: 0
2026-07-30 21:44:57 INFO     | SentimentSniper      |   Trades executed: 0
2026-07-30 21:44:57 INFO     | SentimentSniper      |   Active trades: 0
2026-07-30 21:44:57 INFO     | SentimentSniper      |   Total PnL: $0.000000
2026-07-30 21:44:57 INFO     | SentimentSniper      | ==================================================
2026-07-30 21:44:57 INFO     | SentimentSniper      | ⏰ Sleeping 30s...
2026-07-30 21:45:37 ERROR    | SentimentSniper      | Twitter API error: HTTPSConnectionPool(host='api.twitter.com', port=443): Read timed out. (read timeout=10)
2026-07-30 21:45:37 INFO     | SentimentSniper      | ==================================================
2026-07-30 21:45:37 INFO     | SentimentSniper      |   📊 SENTIMENT SNIPER STATS
2026-07-30 21:45:37 INFO     | SentimentSniper      |   Tweets processed: 0
2026-07-30 21:45:37 INFO     | SentimentSniper      |   Trades executed: 0
2026-07-30 21:45:37 INFO     | SentimentSniper      |   Active trades: 0
2026-07-30 21:45:37 INFO     | SentimentSniper      |   Total PnL: $0.000000
2026-07-30 21:45:37 INFO     | SentimentSniper      | ==================================================
2026-07-30 21:45:37 INFO     | SentimentSniper      | ⏰ Sleeping 30s...
2026-07-30 21:46:18 ERROR    | SentimentSniper      | Twitter API error: HTTPSConnectionPool(host='api.twitter.com', port=443): Read timed out. (read timeout=10)
2026-07-30 21:46:18 INFO     | SentimentSniper      | ==================================================
2026-07-30 21:46:18 INFO     | SentimentSniper      |   📊 SENTIMENT SNIPER STATS
2026-07-30 21:46:18 INFO     | SentimentSniper      |   Tweets processed: 0
2026-07-30 21:46:18 INFO     | SentimentSniper      |   Trades executed: 0
2026-07-30 21:46:18 INFO     | SentimentSniper      |   Active trades: 0
2026-07-30 21:46:18 INFO     | SentimentSniper      |   Total PnL: $0.000000
2026-07-30 21:46:18 INFO     | SentimentSniper      | ==================================================
2026-07-30 21:46:18 INFO     | SentimentSniper      | ⏰ Sleeping 30s...
2026-07-30 21:46:52 INFO     | SentimentSniper      | ==================================================
2026-07-30 21:46:52 INFO     | SentimentSniper      |   📊 SENTIMENT SNIPER STATS
2026-07-30 21:46:52 INFO     | SentimentSniper      |   Tweets processed: 0
2026-07-30 21:46:52 INFO     | SentimentSniper      |   Trades executed: 0
2026-07-30 21:46:52 INFO     | SentimentSniper      |   Active trades: 0
2026-07-30 21:46:52 INFO     | SentimentSniper      |   Total PnL: $0.000000
2026-07-30 21:46:52 INFO     | SentimentSniper      | ==================================================
2026-07-30 21:46:52 INFO     | SentimentSniper      | ⏰ Sleeping 30s...
2026-07-30 21:47:25 INFO     | SentimentSniper      | ==================================================
2026-07-30 21:47:25 INFO     | SentimentSniper      |   📊 SENTIMENT SNIPER STATS
2026-07-30 21:47:25 INFO     | SentimentSniper      |   Tweets processed: 0
2026-07-30 21:47:25 INFO     | SentimentSniper      |   Trades executed: 0
2026-07-30 21:47:25 INFO     | SentimentSniper      |   Active trades: 0
2026-07-30 21:47:25 INFO     | SentimentSniper      |   Total PnL: $0.000000
2026-07-30 21:47:25 INFO     | SentimentSniper      | ==================================================
2026-07-30 21:47:25 INFO     | SentimentSniper      | ⏰ Sleeping 30s...
2026-07-30 21:47:59 INFO     | SentimentSniper      | ==================================================
2026-07-30 21:47:59 INFO     | SentimentSniper      |   📊 SENTIMENT SNIPER STATS
2026-07-30 21:47:59 INFO     | SentimentSniper      |   Tweets processed: 0
2026-07-30 21:47:59 INFO     | SentimentSniper      |   Trades executed: 0
2026-07-30 21:47:59 INFO     | SentimentSniper      |   Active trades: 0
2026-07-30 21:47:59 INFO     | SentimentSniper      |   Total PnL: $0.000000
2026-07-30 21:47:59 INFO     | SentimentSniper      | ==================================================
2026-07-30 21:47:59 INFO     | SentimentSniper      | ⏰ Sleeping 30s...
2026-07-30 21:48:36 INFO     | SentimentSniper      | ==================================================
2026-07-30 21:48:36 INFO     | SentimentSniper      |   📊 SENTIMENT SNIPER STATS
2026-07-30 21:48:36 INFO     | SentimentSniper      |   Tweets processed: 0
2026-07-30 21:48:36 INFO     | SentimentSniper      |   Trades executed: 0
2026-07-30 21:48:36 INFO     | SentimentSniper      |   Active trades: 0
2026-07-30 21:48:36 INFO     | SentimentSniper      |   Total PnL: $0.000000
2026-07-30 21:48:36 INFO     | SentimentSniper      | ==================================================
2026-07-30 21:48:36 INFO     | SentimentSniper      | ⏰ Sleeping 30s...
2026-07-30 21:49:09 INFO     | SentimentSniper      | ==================================================
2026-07-30 21:49:09 INFO     | SentimentSniper      |   📊 SENTIMENT SNIPER STATS
2026-07-30 21:49:09 INFO     | SentimentSniper      |   Tweets processed: 0
2026-07-30 21:49:09 INFO     | SentimentSniper      |   Trades executed: 0
2026-07-30 21:49:09 INFO     | SentimentSniper      |   Active trades: 0
2026-07-30 21:49:09 INFO     | SentimentSniper      |   Total PnL: $0.000000
2026-07-30 21:49:09 INFO     | SentimentSniper      | ==================================================
2026-07-30 21:49:09 INFO     | SentimentSniper      | ⏰ Sleeping 30s...
2026-07-30 21:49:43 INFO     | SentimentSniper      | ==================================================
2026-07-30 21:49:43 INFO     | SentimentSniper      |   📊 SENTIMENT SNIPER STATS
2026-07-30 21:49:43 INFO     | SentimentSniper      |   Tweets processed: 0
2026-07-30 21:49:43 INFO     | SentimentSniper      |   Trades executed: 0
2026-07-30 21:49:43 INFO     | SentimentSniper      |   Active trades: 0
2026-07-30 21:49:43 INFO     | SentimentSniper      |   Total PnL: $0.000000
2026-07-30 21:49:43 INFO     | SentimentSniper      | ==================================================
2026-07-30 21:49:43 INFO     | SentimentSniper      | ⏰ Sleeping 30s...
2026-07-30 21:50:17 INFO     | SentimentSniper      | ==================================================
2026-07-30 21:50:17 INFO     | SentimentSniper      |   📊 SENTIMENT SNIPER STATS
2026-07-30 21:50:17 INFO     | SentimentSniper      |   Tweets processed: 0
2026-07-30 21:50:17 INFO     | SentimentSniper      |   Trades executed: 0
2026-07-30 21:50:17 INFO     | SentimentSniper      |   Active trades: 0
2026-07-30 21:50:17 INFO     | SentimentSniper      |   Total PnL: $0.000000
2026-07-30 21:50:17 INFO     | SentimentSniper      | ==================================================
2026-07-30 21:50:17 INFO     | SentimentSniper      | ⏰ Sleeping 30s...
2026-07-30 21:50:52 INFO     | SentimentSniper      | ==================================================
2026-07-30 21:50:52 INFO     | SentimentSniper      |   📊 SENTIMENT SNIPER STATS
2026-07-30 21:50:52 INFO     | SentimentSniper      |   Tweets processed: 0
2026-07-30 21:50:52 INFO     | SentimentSniper      |   Trades executed: 0
2026-07-30 21:50:52 INFO     | SentimentSniper      |   Active trades: 0
2026-07-30 21:50:52 INFO     | SentimentSniper      |   Total PnL: $0.000000
2026-07-30 21:50:52 INFO     | SentimentSniper      | ==================================================
2026-07-30 21:50:52 INFO     | SentimentSniper      | ⏰ Sleeping 30s...
2026-07-30 21:51:29 INFO     | SentimentSniper      | ==================================================
2026-07-30 21:51:29 INFO     | SentimentSniper      |   📊 SENTIMENT SNIPER STATS
2026-07-30 21:51:29 INFO     | SentimentSniper      |   Tweets processed: 0
2026-07-30 21:51:29 INFO     | SentimentSniper      |   Trades executed: 0
2026-07-30 21:51:29 INFO     | SentimentSniper      |   Active trades: 0
2026-07-30 21:51:29 INFO     | SentimentSniper      |   Total PnL: $0.000000
2026-07-30 21:51:29 INFO     | SentimentSniper      | ==================================================
2026-07-30 21:51:29 INFO     | SentimentSniper      | ⏰ Sleeping 30s...
2026-07-30 21:52:03 INFO     | SentimentSniper      | ==================================================
2026-07-30 21:52:03 INFO     | SentimentSniper      |   📊 SENTIMENT SNIPER STATS
2026-07-30 21:52:03 INFO     | SentimentSniper      |   Tweets processed: 0
2026-07-30 21:52:03 INFO     | SentimentSniper      |   Trades executed: 0
2026-07-30 21:52:03 INFO     | SentimentSniper      |   Active trades: 0
2026-07-30 21:52:03 INFO     | SentimentSniper      |   Total PnL: $0.000000
2026-07-30 21:52:03 INFO     | SentimentSniper      | ==================================================
2026-07-30 21:52:03 INFO     | SentimentSniper      | ⏰ Sleeping 30s...
2026-07-30 21:52:37 INFO     | SentimentSniper      | ==================================================
2026-07-30 21:52:37 INFO     | SentimentSniper      |   📊 SENTIMENT SNIPER STATS
2026-07-30 21:52:37 INFO     | SentimentSniper      |   Tweets processed: 0
2026-07-30 21:52:37 INFO     | SentimentSniper      |   Trades executed: 0
2026-07-30 21:52:37 INFO     | SentimentSniper      |   Active trades: 0
2026-07-30 21:52:37 INFO     | SentimentSniper      |   Total PnL: $0.000000
2026-07-30 21:52:37 INFO     | SentimentSniper      | ==================================================
2026-07-30 21:52:37 INFO     | SentimentSniper      | ⏰ Sleeping 30s...
2026-07-30 21:53:11 INFO     | SentimentSniper      | ==================================================
2026-07-30 21:53:11 INFO     | SentimentSniper      |   📊 SENTIMENT SNIPER STATS
2026-07-30 21:53:11 INFO     | SentimentSniper      |   Tweets processed: 0
2026-07-30 21:53:11 INFO     | SentimentSniper      |   Trades executed: 0
2026-07-30 21:53:11 INFO     | SentimentSniper      |   Active trades: 0
2026-07-30 21:53:11 INFO     | SentimentSniper      |   Total PnL: $0.000000
2026-07-30 21:53:11 INFO     | SentimentSniper      | ==================================================
2026-07-30 21:53:11 INFO     | SentimentSniper      | ⏰ Sleeping 30s...
2026-07-30 21:53:46 INFO     | SentimentSniper      | ==================================================
2026-07-30 21:53:46 INFO     | SentimentSniper      |   📊 SENTIMENT SNIPER STATS
2026-07-30 21:53:46 INFO     | SentimentSniper      |   Tweets processed: 0
2026-07-30 21:53:46 INFO     | SentimentSniper      |   Trades executed: 0
2026-07-30 21:53:46 INFO     | SentimentSniper      |   Active trades: 0
2026-07-30 21:53:46 INFO     | SentimentSniper      |   Total PnL: $0.000000
2026-07-30 21:53:46 INFO     | SentimentSniper      | ==================================================
2026-07-30 21:53:46 INFO     | SentimentSniper      | ⏰ Sleeping 30s...
2026-07-30 21:54:19 INFO     | SentimentSniper      | ==================================================
2026-07-30 21:54:19 INFO     | SentimentSniper      |   📊 SENTIMENT SNIPER STATS
2026-07-30 21:54:19 INFO     | SentimentSniper      |   Tweets processed: 0
2026-07-30 21:54:19 INFO     | SentimentSniper      |   Trades executed: 0
2026-07-30 21:54:19 INFO     | SentimentSniper      |   Active trades: 0
2026-07-30 21:54:19 INFO     | SentimentSniper      |   Total PnL: $0.000000
2026-07-30 21:54:19 INFO     | SentimentSniper      | ==================================================
2026-07-30 21:54:19 INFO     | SentimentSniper      | ⏰ Sleeping 30s...
2026-07-30 21:54:54 INFO     | SentimentSniper      | ==================================================
2026-07-30 21:54:54 INFO     | SentimentSniper      |   📊 SENTIMENT SNIPER STATS
2026-07-30 21:54:54 INFO     | SentimentSniper      |   Tweets processed: 0
2026-07-30 21:54:54 INFO     | SentimentSniper      |   Trades executed: 0
2026-07-30 21:54:54 INFO     | SentimentSniper      |   Active trades: 0
2026-07-30 21:54:54 INFO     | SentimentSniper      |   Total PnL: $0.000000
2026-07-30 21:54:54 INFO     | SentimentSniper      | ==================================================
2026-07-30 21:54:54 INFO     | SentimentSniper      | ⏰ Sleeping 30s...
2026-07-30 21:55:29 INFO     | SentimentSniper      | ==================================================
2026-07-30 21:55:29 INFO     | SentimentSniper      |   📊 SENTIMENT SNIPER STATS
2026-07-30 21:55:29 INFO     | SentimentSniper      |   Tweets processed: 0
2026-07-30 21:55:29 INFO     | SentimentSniper      |   Trades executed: 0
2026-07-30 21:55:29 INFO     | SentimentSniper      |   Active trades: 0
2026-07-30 21:55:29 INFO     | SentimentSniper      |   Total PnL: $0.000000
2026-07-30 21:55:29 INFO     | SentimentSniper      | ==================================================
2026-07-30 21:55:29 INFO     | SentimentSniper      | ⏰ Sleeping 30s...
2026-07-30 21:56:03 INFO     | SentimentSniper      | ==================================================
2026-07-30 21:56:03 INFO     | SentimentSniper      |   📊 SENTIMENT SNIPER STATS
2026-07-30 21:56:03 INFO     | SentimentSniper      |   Tweets processed: 0
2026-07-30 21:56:03 INFO     | SentimentSniper      |   Trades executed: 0
2026-07-30 21:56:03 INFO     | SentimentSniper      |   Active trades: 0
2026-07-30 21:56:03 INFO     | SentimentSniper      |   Total PnL: $0.000000
2026-07-30 21:56:03 INFO     | SentimentSniper      | ==================================================
2026-07-30 21:56:03 INFO     | SentimentSniper      | ⏰ Sleeping 30s...
2026-07-30 21:56:36 INFO     | SentimentSniper      | ==================================================
2026-07-30 21:56:36 INFO     | SentimentSniper      |   📊 SENTIMENT SNIPER STATS
2026-07-30 21:56:36 INFO     | SentimentSniper      |   Tweets processed: 0
2026-07-30 21:56:36 INFO     | SentimentSniper      |   Trades executed: 0
2026-07-30 21:56:36 INFO     | SentimentSniper      |   Active trades: 0
2026-07-30 21:56:36 INFO     | SentimentSniper      |   Total PnL: $0.000000
2026-07-30 21:56:36 INFO     | SentimentSniper      | ==================================================
2026-07-30 21:56:36 INFO     | SentimentSniper      | ⏰ Sleeping 30s...
2026-07-30 21:57:11 INFO     | SentimentSniper      | ==================================================
2026-07-30 21:57:11 INFO     | SentimentSniper      |   📊 SENTIMENT SNIPER STATS
2026-07-30 21:57:11 INFO     | SentimentSniper      |   Tweets processed: 0
2026-07-30 21:57:11 INFO     | SentimentSniper      |   Trades executed: 0
2026-07-30 21:57:11 INFO     | SentimentSniper      |   Active trades: 0
2026-07-30 21:57:11 INFO     | SentimentSniper      |   Total PnL: $0.000000
2026-07-30 21:57:11 INFO     | SentimentSniper      | ==================================================
2026-07-30 21:57:11 INFO     | SentimentSniper      | ⏰ Sleeping 30s...
2026-07-30 21:57:44 INFO     | SentimentSniper      | ==================================================
2026-07-30 21:57:44 INFO     | SentimentSniper      |   📊 SENTIMENT SNIPER STATS
2026-07-30 21:57:44 INFO     | SentimentSniper      |   Tweets processed: 0
2026-07-30 21:57:44 INFO     | SentimentSniper      |   Trades executed: 0
2026-07-30 21:57:44 INFO     | SentimentSniper      |   Active trades: 0
2026-07-30 21:57:44 INFO     | SentimentSniper      |   Total PnL: $0.000000
2026-07-30 21:57:44 INFO     | SentimentSniper      | ==================================================
2026-07-30 21:57:44 INFO     | SentimentSniper      | ⏰ Sleeping 30s...
2026-07-30 21:58:19 INFO     | SentimentSniper      | ==================================================
2026-07-30 21:58:19 INFO     | SentimentSniper      |   📊 SENTIMENT SNIPER STATS
2026-07-30 21:58:19 INFO     | SentimentSniper      |   Tweets processed: 0
2026-07-30 21:58:19 INFO     | SentimentSniper      |   Trades executed: 0
2026-07-30 21:58:19 INFO     | SentimentSniper      |   Active trades: 0
2026-07-30 21:58:19 INFO     | SentimentSniper      |   Total PnL: $0.000000
2026-07-30 21:58:19 INFO     | SentimentSniper      | ==================================================
2026-07-30 21:58:19 INFO     | SentimentSniper      | ⏰ Sleeping 30s...
2026-07-30 21:58:55 INFO     | SentimentSniper      | ==================================================
2026-07-30 21:58:55 INFO     | SentimentSniper      |   📊 SENTIMENT SNIPER STATS
2026-07-30 21:58:55 INFO     | SentimentSniper      |   Tweets processed: 0
2026-07-30 21:58:55 INFO     | SentimentSniper      |   Trades executed: 0
2026-07-30 21:58:55 INFO     | SentimentSniper      |   Active trades: 0
2026-07-30 21:58:55 INFO     | SentimentSniper      |   Total PnL: $0.000000
2026-07-30 21:58:55 INFO     | SentimentSniper      | ==================================================
2026-07-30 21:58:55 INFO     | SentimentSniper      | ⏰ Sleeping 30s...
2026-07-30 21:59:29 INFO     | SentimentSniper      | ==================================================
2026-07-30 21:59:29 INFO     | SentimentSniper      |   📊 SENTIMENT SNIPER STATS
2026-07-30 21:59:29 INFO     | SentimentSniper      |   Tweets processed: 0
2026-07-30 21:59:29 INFO     | SentimentSniper      |   Trades executed: 0
2026-07-30 21:59:29 INFO     | SentimentSniper      |   Active trades: 0
2026-07-30 21:59:29 INFO     | SentimentSniper      |   Total PnL: $0.000000
2026-07-30 21:59:29 INFO     | SentimentSniper      | ==================================================
2026-07-30 21:59:29 INFO     | SentimentSniper      | ⏰ Sleeping 30s...
2026-07-30 22:00:03 INFO     | SentimentSniper      | ==================================================
2026-07-30 22:00:03 INFO     | SentimentSniper      |   📊 SENTIMENT SNIPER STATS
2026-07-30 22:00:03 INFO     | SentimentSniper      |   Tweets processed: 0
2026-07-30 22:00:03 INFO     | SentimentSniper      |   Trades executed: 0
2026-07-30 22:00:03 INFO     | SentimentSniper      |   Active trades: 0
2026-07-30 22:00:03 INFO     | SentimentSniper      |   Total PnL: $0.000000
2026-07-30 22:00:03 INFO     | SentimentSniper      | ==================================================
2026-07-30 22:00:03 INFO     | SentimentSniper      | ⏰ Sleeping 30s...
2026-07-30 22:00:37 INFO     | SentimentSniper      | ==================================================
2026-07-30 22:00:37 INFO     | SentimentSniper      |   📊 SENTIMENT SNIPER STATS
2026-07-30 22:00:37 INFO     | SentimentSniper      |   Tweets processed: 0
2026-07-30 22:00:37 INFO     | SentimentSniper      |   Trades executed: 0
2026-07-30 22:00:37 INFO     | SentimentSniper      |   Active trades: 0
2026-07-30 22:00:37 INFO     | SentimentSniper      |   Total PnL: $0.000000
2026-07-30 22:00:37 INFO     | SentimentSniper      | ==================================================
2026-07-30 22:00:37 INFO     | SentimentSniper      | ⏰ Sleeping 30s...
2026-07-30 22:00:40 INFO     | SentimentSniper      | Exchange client: BINANCE (testnet)
2026-07-30 22:00:42 INFO     | SentimentSniper      | AI: RouterAI ready (complex: deepseek/deepseek-chat, fast: openai/gpt-4o-mini)
2026-07-30 22:00:42 INFO     | SentimentSniper      | AI: Ollama ready (model: llama3.2)
2026-07-30 22:00:42 INFO     | SentimentSniper      | =======================================================
2026-07-30 22:00:42 INFO     | SentimentSniper      | 🚀 Sentiment Sniper STARTED
2026-07-30 22:00:42 INFO     | SentimentSniper      |    Monitored tokens: BTC, ETH, DOGE, SOL, PEPE
2026-07-30 22:00:42 INFO     | SentimentSniper      |    Monitored accounts: elonmusk, cz_binance, VitalikButerin, SBF_FTX, cobie
2026-07-30 22:00:42 INFO     | SentimentSniper      |    Sentiment threshold: 0.8
2026-07-30 22:00:42 INFO     | SentimentSniper      |    Trade duration: 15min
2026-07-30 22:00:42 INFO     | SentimentSniper      |    TP: 5.00%
2026-07-30 22:00:42 INFO     | SentimentSniper      |    SL: 3.00%
2026-07-30 22:00:42 INFO     | SentimentSniper      | =======================================================
2026-07-30 22:00:47 INFO     | SentimentSniper      | ==================================================
2026-07-30 22:00:47 INFO     | SentimentSniper      |   📊 SENTIMENT SNIPER STATS
2026-07-30 22:00:47 INFO     | SentimentSniper      |   Tweets processed: 0
2026-07-30 22:00:47 INFO     | SentimentSniper      |   Trades executed: 0
2026-07-30 22:00:47 INFO     | SentimentSniper      |   Active trades: 0
2026-07-30 22:00:47 INFO     | SentimentSniper      |   Total PnL: $0.000000
2026-07-30 22:00:47 INFO     | SentimentSniper      | ==================================================
2026-07-30 22:00:47 INFO     | SentimentSniper      | ⏰ Sleeping 30s...
2026-07-30 22:01:11 INFO     | SentimentSniper      | ==================================================
2026-07-30 22:01:11 INFO     | SentimentSniper      |   📊 SENTIMENT SNIPER STATS
2026-07-30 22:01:11 INFO     | SentimentSniper      |   Tweets processed: 0
2026-07-30 22:01:11 INFO     | SentimentSniper      |   Trades executed: 0
2026-07-30 22:01:11 INFO     | SentimentSniper      |   Active trades: 0
2026-07-30 22:01:11 INFO     | SentimentSniper      |   Total PnL: $0.000000
2026-07-30 22:01:11 INFO     | SentimentSniper      | ==================================================
2026-07-30 22:01:11 INFO     | SentimentSniper      | ⏰ Sleeping 30s...
2026-07-30 22:01:23 INFO     | SentimentSniper      | ==================================================
2026-07-30 22:01:23 INFO     | SentimentSniper      |   📊 SENTIMENT SNIPER STATS
2026-07-30 22:01:23 INFO     | SentimentSniper      |   Tweets processed: 0
2026-07-30 22:01:23 INFO     | SentimentSniper      |   Trades executed: 0
2026-07-30 22:01:23 INFO     | SentimentSniper      |   Active trades: 0
2026-07-30 22:01:23 INFO     | SentimentSniper      |   Total PnL: $0.000000
2026-07-30 22:01:23 INFO     | SentimentSniper      | ==================================================
2026-07-30 22:01:23 INFO     | SentimentSniper      | ⏰ Sleeping 30s...
2026-07-30 22:01:44 INFO     | SentimentSniper      | ==================================================
2026-07-30 22:01:44 INFO     | SentimentSniper      |   📊 SENTIMENT SNIPER STATS
2026-07-30 22:01:44 INFO     | SentimentSniper      |   Tweets processed: 0
2026-07-30 22:01:44 INFO     | SentimentSniper      |   Trades executed: 0
2026-07-30 22:01:44 INFO     | SentimentSniper      |   Active trades: 0
2026-07-30 22:01:44 INFO     | SentimentSniper      |   Total PnL: $0.000000
2026-07-30 22:01:44 INFO     | SentimentSniper      | ==================================================
2026-07-30 22:01:44 INFO     | SentimentSniper      | ⏰ Sleeping 30s...
2026-07-30 22:02:04 ERROR    | SentimentSniper      | Twitter API error: HTTPSConnectionPool(host='api.twitter.com', port=443): Read timed out. (read timeout=10)
2026-07-30 22:02:04 INFO     | SentimentSniper      | ==================================================
2026-07-30 22:02:04 INFO     | SentimentSniper      |   📊 SENTIMENT SNIPER STATS
2026-07-30 22:02:04 INFO     | SentimentSniper      |   Tweets processed: 0
2026-07-30 22:02:04 INFO     | SentimentSniper      |   Trades executed: 0
2026-07-30 22:02:04 INFO     | SentimentSniper      |   Active trades: 0
2026-07-30 22:02:04 INFO     | SentimentSniper      |   Total PnL: $0.000000
2026-07-30 22:02:04 INFO     | SentimentSniper      | ==================================================
2026-07-30 22:02:04 INFO     | SentimentSniper      | ⏰ Sleeping 30s...
2026-07-30 22:02:25 ERROR    | SentimentSniper      | Twitter API error: HTTPSConnectionPool(host='api.twitter.com', port=443): Read timed out. (read timeout=10)
2026-07-30 22:02:25 INFO     | SentimentSniper      | ==================================================
2026-07-30 22:02:25 INFO     | SentimentSniper      |   📊 SENTIMENT SNIPER STATS
2026-07-30 22:02:25 INFO     | SentimentSniper      |   Tweets processed: 0
2026-07-30 22:02:25 INFO     | SentimentSniper      |   Trades executed: 0
2026-07-30 22:02:25 INFO     | SentimentSniper      |   Active trades: 0
2026-07-30 22:02:25 INFO     | SentimentSniper      |   Total PnL: $0.000000
2026-07-30 22:02:25 INFO     | SentimentSniper      | ==================================================
2026-07-30 22:02:25 INFO     | SentimentSniper      | ⏰ Sleeping 30s...
2026-07-30 22:02:44 ERROR    | SentimentSniper      | Twitter API error: HTTPSConnectionPool(host='api.twitter.com', port=443): Read timed out. (read timeout=10)
2026-07-30 22:02:44 INFO     | SentimentSniper      | ==================================================
2026-07-30 22:02:44 INFO     | SentimentSniper      |   📊 SENTIMENT SNIPER STATS
2026-07-30 22:02:44 INFO     | SentimentSniper      |   Tweets processed: 0
2026-07-30 22:02:44 INFO     | SentimentSniper      |   Trades executed: 0
2026-07-30 22:02:44 INFO     | SentimentSniper      |   Active trades: 0
2026-07-30 22:02:44 INFO     | SentimentSniper      |   Total PnL: $0.000000
2026-07-30 22:02:44 INFO     | SentimentSniper      | ==================================================
2026-07-30 22:02:44 INFO     | SentimentSniper      | ⏰ Sleeping 30s...
2026-07-30 22:03:05 ERROR    | SentimentSniper      | Twitter API error: HTTPSConnectionPool(host='api.twitter.com', port=443): Read timed out. (read timeout=10)
2026-07-30 22:03:05 INFO     | SentimentSniper      | ==================================================
2026-07-30 22:03:05 INFO     | SentimentSniper      |   📊 SENTIMENT SNIPER STATS
2026-07-30 22:03:05 INFO     | SentimentSniper      |   Tweets processed: 0
2026-07-30 22:03:05 INFO     | SentimentSniper      |   Trades executed: 0
2026-07-30 22:03:05 INFO     | SentimentSniper      |   Active trades: 0
2026-07-30 22:03:05 INFO     | SentimentSniper      |   Total PnL: $0.000000
2026-07-30 22:03:05 INFO     | SentimentSniper      | ==================================================
2026-07-30 22:03:05 INFO     | SentimentSniper      | ⏰ Sleeping 30s...
2026-07-30 22:03:24 ERROR    | SentimentSniper      | Twitter API error: HTTPSConnectionPool(host='api.twitter.com', port=443): Read timed out. (read timeout=10)
2026-07-30 22:03:24 INFO     | SentimentSniper      | ==================================================
2026-07-30 22:03:24 INFO     | SentimentSniper      |   📊 SENTIMENT SNIPER STATS
2026-07-30 22:03:24 INFO     | SentimentSniper      |   Tweets processed: 0
2026-07-30 22:03:24 INFO     | SentimentSniper      |   Trades executed: 0
2026-07-30 22:03:24 INFO     | SentimentSniper      |   Active trades: 0
2026-07-30 22:03:24 INFO     | SentimentSniper      |   Total PnL: $0.000000
2026-07-30 22:03:24 INFO     | SentimentSniper      | ==================================================
2026-07-30 22:03:24 INFO     | SentimentSniper      | ⏰ Sleeping 30s...
2026-07-30 22:03:46 ERROR    | SentimentSniper      | Twitter API error: HTTPSConnectionPool(host='api.twitter.com', port=443): Read timed out. (read timeout=10)
2026-07-30 22:03:46 INFO     | SentimentSniper      | ==================================================
2026-07-30 22:03:46 INFO     | SentimentSniper      |   📊 SENTIMENT SNIPER STATS
2026-07-30 22:03:46 INFO     | SentimentSniper      |   Tweets processed: 0
2026-07-30 22:03:46 INFO     | SentimentSniper      |   Trades executed: 0
2026-07-30 22:03:46 INFO     | SentimentSniper      |   Active trades: 0
2026-07-30 22:03:46 INFO     | SentimentSniper      |   Total PnL: $0.000000
2026-07-30 22:03:46 INFO     | SentimentSniper      | ==================================================
2026-07-30 22:03:46 INFO     | SentimentSniper      | ⏰ Sleeping 30s...
2026-07-30 22:03:59 INFO     | SentimentSniper      | ==================================================
2026-07-30 22:03:59 INFO     | SentimentSniper      |   📊 SENTIMENT SNIPER STATS
2026-07-30 22:03:59 INFO     | SentimentSniper      |   Tweets processed: 0
2026-07-30 22:03:59 INFO     | SentimentSniper      |   Trades executed: 0
2026-07-30 22:03:59 INFO     | SentimentSniper      |   Active trades: 0
2026-07-30 22:03:59 INFO     | SentimentSniper      |   Total PnL: $0.000000
2026-07-30 22:03:59 INFO     | SentimentSniper      | ==================================================
2026-07-30 22:03:59 INFO     | SentimentSniper      | ⏰ Sleeping 30s...
2026-07-30 22:04:20 INFO     | SentimentSniper      | ==================================================
2026-07-30 22:04:20 INFO     | SentimentSniper      |   📊 SENTIMENT SNIPER STATS
2026-07-30 22:04:20 INFO     | SentimentSniper      |   Tweets processed: 0
2026-07-30 22:04:20 INFO     | SentimentSniper      |   Trades executed: 0
2026-07-30 22:04:20 INFO     | SentimentSniper      |   Active trades: 0
2026-07-30 22:04:20 INFO     | SentimentSniper      |   Total PnL: $0.000000
2026-07-30 22:04:20 INFO     | SentimentSniper      | ==================================================
2026-07-30 22:04:20 INFO     | SentimentSniper      | ⏰ Sleeping 30s...
2026-07-30 22:04:33 INFO     | SentimentSniper      | ==================================================
2026-07-30 22:04:33 INFO     | SentimentSniper      |   📊 SENTIMENT SNIPER STATS
2026-07-30 22:04:33 INFO     | SentimentSniper      |   Tweets processed: 0
2026-07-30 22:04:33 INFO     | SentimentSniper      |   Trades executed: 0
2026-07-30 22:04:33 INFO     | SentimentSniper      |   Active trades: 0
2026-07-30 22:04:33 INFO     | SentimentSniper      |   Total PnL: $0.000000
2026-07-30 22:04:33 INFO     | SentimentSniper      | ==================================================
2026-07-30 22:04:33 INFO     | SentimentSniper      | ⏰ Sleeping 30s...
2026-07-30 22:04:53 INFO     | SentimentSniper      | ==================================================
2026-07-30 22:04:53 INFO     | SentimentSniper      |   📊 SENTIMENT SNIPER STATS
2026-07-30 22:04:53 INFO     | SentimentSniper      |   Tweets processed: 0
2026-07-30 22:04:53 INFO     | SentimentSniper      |   Trades executed: 0
2026-07-30 22:04:53 INFO     | SentimentSniper      |   Active trades: 0
2026-07-30 22:04:53 INFO     | SentimentSniper      |   Total PnL: $0.000000
2026-07-30 22:04:53 INFO     | SentimentSniper      | ==================================================
2026-07-30 22:04:53 INFO     | SentimentSniper      | ⏰ Sleeping 30s...
2026-07-30 22:05:07 INFO     | SentimentSniper      | ==================================================
2026-07-30 22:05:07 INFO     | SentimentSniper      |   📊 SENTIMENT SNIPER STATS
2026-07-30 22:05:07 INFO     | SentimentSniper      |   Tweets processed: 0
2026-07-30 22:05:07 INFO     | SentimentSniper      |   Trades executed: 0
2026-07-30 22:05:07 INFO     | SentimentSniper      |   Active trades: 0
2026-07-30 22:05:07 INFO     | SentimentSniper      |   Total PnL: $0.000000
2026-07-30 22:05:07 INFO     | SentimentSniper      | ==================================================
2026-07-30 22:05:07 INFO     | SentimentSniper      | ⏰ Sleeping 30s...
2026-07-30 22:05:27 INFO     | SentimentSniper      | ==================================================
2026-07-30 22:05:27 INFO     | SentimentSniper      |   📊 SENTIMENT SNIPER STATS
2026-07-30 22:05:27 INFO     | SentimentSniper      |   Tweets processed: 0
2026-07-30 22:05:27 INFO     | SentimentSniper      |   Trades executed: 0
2026-07-30 22:05:27 INFO     | SentimentSniper      |   Active trades: 0
2026-07-30 22:05:27 INFO     | SentimentSniper      |   Total PnL: $0.000000
2026-07-30 22:05:27 INFO     | SentimentSniper      | ==================================================
2026-07-30 22:05:27 INFO     | SentimentSniper      | ⏰ Sleeping 30s...
2026-07-30 22:05:40 INFO     | SentimentSniper      | ==================================================
2026-07-30 22:05:40 INFO     | SentimentSniper      |   📊 SENTIMENT SNIPER STATS
2026-07-30 22:05:40 INFO     | SentimentSniper      |   Tweets processed: 0
2026-07-30 22:05:40 INFO     | SentimentSniper      |   Trades executed: 0
2026-07-30 22:05:40 INFO     | SentimentSniper      |   Active trades: 0
2026-07-30 22:05:40 INFO     | SentimentSniper      |   Total PnL: $0.000000
2026-07-30 22:05:40 INFO     | SentimentSniper      | ==================================================
2026-07-30 22:05:40 INFO     | SentimentSniper      | ⏰ Sleeping 30s...
2026-07-30 22:06:00 INFO     | SentimentSniper      | ==================================================
2026-07-30 22:06:00 INFO     | SentimentSniper      |   📊 SENTIMENT SNIPER STATS
2026-07-30 22:06:00 INFO     | SentimentSniper      |   Tweets processed: 0
2026-07-30 22:06:00 INFO     | SentimentSniper      |   Trades executed: 0
2026-07-30 22:06:00 INFO     | SentimentSniper      |   Active trades: 0
2026-07-30 22:06:00 INFO     | SentimentSniper      |   Total PnL: $0.000000
2026-07-30 22:06:00 INFO     | SentimentSniper      | ==================================================
2026-07-30 22:06:00 INFO     | SentimentSniper      | ⏰ Sleeping 30s...
2026-07-30 22:06:14 INFO     | SentimentSniper      | ==================================================
2026-07-30 22:06:14 INFO     | SentimentSniper      |   📊 SENTIMENT SNIPER STATS
2026-07-30 22:06:14 INFO     | SentimentSniper      |   Tweets processed: 0
2026-07-30 22:06:14 INFO     | SentimentSniper      |   Trades executed: 0
2026-07-30 22:06:14 INFO     | SentimentSniper      |   Active trades: 0
2026-07-30 22:06:14 INFO     | SentimentSniper      |   Total PnL: $0.000000
2026-07-30 22:06:14 INFO     | SentimentSniper      | ==================================================
2026-07-30 22:06:14 INFO     | SentimentSniper      | ⏰ Sleeping 30s...
2026-07-30 22:06:35 INFO     | SentimentSniper      | ==================================================
2026-07-30 22:06:35 INFO     | SentimentSniper      |   📊 SENTIMENT SNIPER STATS
2026-07-30 22:06:35 INFO     | SentimentSniper      |   Tweets processed: 0
2026-07-30 22:06:35 INFO     | SentimentSniper      |   Trades executed: 0
2026-07-30 22:06:35 INFO     | SentimentSniper      |   Active trades: 0
2026-07-30 22:06:35 INFO     | SentimentSniper      |   Total PnL: $0.000000
2026-07-30 22:06:35 INFO     | SentimentSniper      | ==================================================
2026-07-30 22:06:35 INFO     | SentimentSniper      | ⏰ Sleeping 30s...
2026-07-30 22:06:49 INFO     | SentimentSniper      | ==================================================
2026-07-30 22:06:49 INFO     | SentimentSniper      |   📊 SENTIMENT SNIPER STATS
2026-07-30 22:06:49 INFO     | SentimentSniper      |   Tweets processed: 0
2026-07-30 22:06:49 INFO     | SentimentSniper      |   Trades executed: 0
2026-07-30 22:06:49 INFO     | SentimentSniper      |   Active trades: 0
2026-07-30 22:06:49 INFO     | SentimentSniper      |   Total PnL: $0.000000
2026-07-30 22:06:49 INFO     | SentimentSniper      | ==================================================
2026-07-30 22:06:49 INFO     | SentimentSniper      | ⏰ Sleeping 30s...
2026-07-30 22:07:09 INFO     | SentimentSniper      | ==================================================
2026-07-30 22:07:09 INFO     | SentimentSniper      |   📊 SENTIMENT SNIPER STATS
2026-07-30 22:07:09 INFO     | SentimentSniper      |   Tweets processed: 0
2026-07-30 22:07:09 INFO     | SentimentSniper      |   Trades executed: 0
2026-07-30 22:07:09 INFO     | SentimentSniper      |   Active trades: 0
2026-07-30 22:07:09 INFO     | SentimentSniper      |   Total PnL: $0.000000
2026-07-30 22:07:09 INFO     | SentimentSniper      | ==================================================
2026-07-30 22:07:09 INFO     | SentimentSniper      | ⏰ Sleeping 30s...
2026-07-30 22:07:23 INFO     | SentimentSniper      | ==================================================
2026-07-30 22:07:23 INFO     | SentimentSniper      |   📊 SENTIMENT SNIPER STATS
2026-07-30 22:07:23 INFO     | SentimentSniper      |   Tweets processed: 0
2026-07-30 22:07:23 INFO     | SentimentSniper      |   Trades executed: 0
2026-07-30 22:07:23 INFO     | SentimentSniper      |   Active trades: 0
2026-07-30 22:07:23 INFO     | SentimentSniper      |   Total PnL: $0.000000
2026-07-30 22:07:23 INFO     | SentimentSniper      | ==================================================
2026-07-30 22:07:23 INFO     | SentimentSniper      | ⏰ Sleeping 30s...
2026-07-30 22:07:44 INFO     | SentimentSniper      | ==================================================
2026-07-30 22:07:44 INFO     | SentimentSniper      |   📊 SENTIMENT SNIPER STATS
2026-07-30 22:07:44 INFO     | SentimentSniper      |   Tweets processed: 0
2026-07-30 22:07:44 INFO     | SentimentSniper      |   Trades executed: 0
2026-07-30 22:07:44 INFO     | SentimentSniper      |   Active trades: 0
2026-07-30 22:07:44 INFO     | SentimentSniper      |   Total PnL: $0.000000
2026-07-30 22:07:44 INFO     | SentimentSniper      | ==================================================
2026-07-30 22:07:44 INFO     | SentimentSniper      | ⏰ Sleeping 30s...
2026-07-30 22:07:59 INFO     | SentimentSniper      | ==================================================
2026-07-30 22:07:59 INFO     | SentimentSniper      |   📊 SENTIMENT SNIPER STATS
2026-07-30 22:07:59 INFO     | SentimentSniper      |   Tweets processed: 0
2026-07-30 22:07:59 INFO     | SentimentSniper      |   Trades executed: 0
2026-07-30 22:07:59 INFO     | SentimentSniper      |   Active trades: 0
2026-07-30 22:07:59 INFO     | SentimentSniper      |   Total PnL: $0.000000
2026-07-30 22:07:59 INFO     | SentimentSniper      | ==================================================
2026-07-30 22:07:59 INFO     | SentimentSniper      | ⏰ Sleeping 30s...
2026-07-30 22:08:21 INFO     | SentimentSniper      | ==================================================
2026-07-30 22:08:21 INFO     | SentimentSniper      |   📊 SENTIMENT SNIPER STATS
2026-07-30 22:08:21 INFO     | SentimentSniper      |   Tweets processed: 0
2026-07-30 22:08:21 INFO     | SentimentSniper      |   Trades executed: 0
2026-07-30 22:08:21 INFO     | SentimentSniper      |   Active trades: 0
2026-07-30 22:08:21 INFO     | SentimentSniper      |   Total PnL: $0.000000
2026-07-30 22:08:21 INFO     | SentimentSniper      | ==================================================
2026-07-30 22:08:21 INFO     | SentimentSniper      | ⏰ Sleeping 30s...
2026-07-30 22:08:35 INFO     | SentimentSniper      | ==================================================
2026-07-30 22:08:35 INFO     | SentimentSniper      |   📊 SENTIMENT SNIPER STATS
2026-07-30 22:08:35 INFO     | SentimentSniper      |   Tweets processed: 0
2026-07-30 22:08:35 INFO     | SentimentSniper      |   Trades executed: 0
2026-07-30 22:08:35 INFO     | SentimentSniper      |   Active trades: 0
2026-07-30 22:08:35 INFO     | SentimentSniper      |   Total PnL: $0.000000
2026-07-30 22:08:35 INFO     | SentimentSniper      | ==================================================
2026-07-30 22:08:35 INFO     | SentimentSniper      | ⏰ Sleeping 30s...
2026-07-30 22:08:54 INFO     | SentimentSniper      | ==================================================
2026-07-30 22:08:54 INFO     | SentimentSniper      |   📊 SENTIMENT SNIPER STATS
2026-07-30 22:08:54 INFO     | SentimentSniper      |   Tweets processed: 0
2026-07-30 22:08:54 INFO     | SentimentSniper      |   Trades executed: 0
2026-07-30 22:08:54 INFO     | SentimentSniper      |   Active trades: 0
2026-07-30 22:08:54 INFO     | SentimentSniper      |   Total PnL: $0.000000
2026-07-30 22:08:54 INFO     | SentimentSniper      | ==================================================
2026-07-30 22:08:54 INFO     | SentimentSniper      | ⏰ Sleeping 30s...
2026-07-30 22:09:08 INFO     | SentimentSniper      | ==================================================
2026-07-30 22:09:08 INFO     | SentimentSniper      |   📊 SENTIMENT SNIPER STATS
2026-07-30 22:09:08 INFO     | SentimentSniper      |   Tweets processed: 0
2026-07-30 22:09:08 INFO     | SentimentSniper      |   Trades executed: 0
2026-07-30 22:09:08 INFO     | SentimentSniper      |   Active trades: 0
2026-07-30 22:09:08 INFO     | SentimentSniper      |   Total PnL: $0.000000
2026-07-30 22:09:08 INFO     | SentimentSniper      | ==================================================
2026-07-30 22:09:08 INFO     | SentimentSniper      | ⏰ Sleeping 30s...
2026-07-30 22:09:28 INFO     | SentimentSniper      | ==================================================
2026-07-30 22:09:28 INFO     | SentimentSniper      |   📊 SENTIMENT SNIPER STATS
2026-07-30 22:09:28 INFO     | SentimentSniper      |   Tweets processed: 0
2026-07-30 22:09:28 INFO     | SentimentSniper      |   Trades executed: 0
2026-07-30 22:09:28 INFO     | SentimentSniper      |   Active trades: 0
2026-07-30 22:09:28 INFO     | SentimentSniper      |   Total PnL: $0.000000
2026-07-30 22:09:28 INFO     | SentimentSniper      | ==================================================
2026-07-30 22:09:28 INFO     | SentimentSniper      | ⏰ Sleeping 30s...
2026-07-30 22:09:42 INFO     | SentimentSniper      | ==================================================
2026-07-30 22:09:42 INFO     | SentimentSniper      |   📊 SENTIMENT SNIPER STATS
2026-07-30 22:09:42 INFO     | SentimentSniper      |   Tweets processed: 0
2026-07-30 22:09:42 INFO     | SentimentSniper      |   Trades executed: 0
2026-07-30 22:09:42 INFO     | SentimentSniper      |   Active trades: 0
2026-07-30 22:09:42 INFO     | SentimentSniper      |   Total PnL: $0.000000
2026-07-30 22:09:42 INFO     | SentimentSniper      | ==================================================
2026-07-30 22:09:42 INFO     | SentimentSniper      | ⏰ Sleeping 30s...
2026-07-30 22:10:05 INFO     | SentimentSniper      | ==================================================
2026-07-30 22:10:05 INFO     | SentimentSniper      |   📊 SENTIMENT SNIPER STATS
2026-07-30 22:10:05 INFO     | SentimentSniper      |   Tweets processed: 0
2026-07-30 22:10:05 INFO     | SentimentSniper      |   Trades executed: 0
2026-07-30 22:10:05 INFO     | SentimentSniper      |   Active trades: 0
2026-07-30 22:10:05 INFO     | SentimentSniper      |   Total PnL: $0.000000
2026-07-30 22:10:05 INFO     | SentimentSniper      | ==================================================
2026-07-30 22:10:05 INFO     | SentimentSniper      | ⏰ Sleeping 30s...
2026-07-30 22:10:19 INFO     | SentimentSniper      | ==================================================
2026-07-30 22:10:19 INFO     | SentimentSniper      |   📊 SENTIMENT SNIPER STATS
2026-07-30 22:10:19 INFO     | SentimentSniper      |   Tweets processed: 0
2026-07-30 22:10:19 INFO     | SentimentSniper      |   Trades executed: 0
2026-07-30 22:10:19 INFO     | SentimentSniper      |   Active trades: 0
2026-07-30 22:10:19 INFO     | SentimentSniper      |   Total PnL: $0.000000
2026-07-30 22:10:19 INFO     | SentimentSniper      | ==================================================
2026-07-30 22:10:19 INFO     | SentimentSniper      | ⏰ Sleeping 30s...
2026-07-30 22:10:39 INFO     | SentimentSniper      | ==================================================
2026-07-30 22:10:39 INFO     | SentimentSniper      |   📊 SENTIMENT SNIPER STATS
2026-07-30 22:10:39 INFO     | SentimentSniper      |   Tweets processed: 0
2026-07-30 22:10:39 INFO     | SentimentSniper      |   Trades executed: 0
2026-07-30 22:10:39 INFO     | SentimentSniper      |   Active trades: 0
2026-07-30 22:10:39 INFO     | SentimentSniper      |   Total PnL: $0.000000
2026-07-30 22:10:39 INFO     | SentimentSniper      | ==================================================
2026-07-30 22:10:39 INFO     | SentimentSniper      | ⏰ Sleeping 30s...
2026-07-30 22:10:54 INFO     | SentimentSniper      | ==================================================
2026-07-30 22:10:54 INFO     | SentimentSniper      |   📊 SENTIMENT SNIPER STATS
2026-07-30 22:10:54 INFO     | SentimentSniper      |   Tweets processed: 0
2026-07-30 22:10:54 INFO     | SentimentSniper      |   Trades executed: 0
2026-07-30 22:10:54 INFO     | SentimentSniper      |   Active trades: 0
2026-07-30 22:10:54 INFO     | SentimentSniper      |   Total PnL: $0.000000
2026-07-30 22:10:54 INFO     | SentimentSniper      | ==================================================
2026-07-30 22:10:54 INFO     | SentimentSniper      | ⏰ Sleeping 30s...
2026-07-30 22:11:17 INFO     | SentimentSniper      | ==================================================
2026-07-30 22:11:17 INFO     | SentimentSniper      |   📊 SENTIMENT SNIPER STATS
2026-07-30 22:11:17 INFO     | SentimentSniper      |   Tweets processed: 0
2026-07-30 22:11:17 INFO     | SentimentSniper      |   Trades executed: 0
2026-07-30 22:11:17 INFO     | SentimentSniper      |   Active trades: 0
2026-07-30 22:11:17 INFO     | SentimentSniper      |   Total PnL: $0.000000
2026-07-30 22:11:17 INFO     | SentimentSniper      | ==================================================
2026-07-30 22:11:17 INFO     | SentimentSniper      | ⏰ Sleeping 30s...
2026-07-30 22:11:29 INFO     | SentimentSniper      | ==================================================
2026-07-30 22:11:29 INFO     | SentimentSniper      |   📊 SENTIMENT SNIPER STATS
2026-07-30 22:11:29 INFO     | SentimentSniper      |   Tweets processed: 0
2026-07-30 22:11:29 INFO     | SentimentSniper      |   Trades executed: 0
2026-07-30 22:11:29 INFO     | SentimentSniper      |   Active trades: 0
2026-07-30 22:11:29 INFO     | SentimentSniper      |   Total PnL: $0.000000
2026-07-30 22:11:29 INFO     | SentimentSniper      | ==================================================
2026-07-30 22:11:29 INFO     | SentimentSniper      | ⏰ Sleeping 30s...
2026-07-30 22:11:52 INFO     | SentimentSniper      | ==================================================
2026-07-30 22:11:52 INFO     | SentimentSniper      |   📊 SENTIMENT SNIPER STATS
2026-07-30 22:11:52 INFO     | SentimentSniper      |   Tweets processed: 0
2026-07-30 22:11:52 INFO     | SentimentSniper      |   Trades executed: 0
2026-07-30 22:11:52 INFO     | SentimentSniper      |   Active trades: 0
2026-07-30 22:11:52 INFO     | SentimentSniper      |   Total PnL: $0.000000
2026-07-30 22:11:52 INFO     | SentimentSniper      | ==================================================
2026-07-30 22:11:52 INFO     | SentimentSniper      | ⏰ Sleeping 30s...
2026-07-30 22:12:03 INFO     | SentimentSniper      | ==================================================
2026-07-30 22:12:03 INFO     | SentimentSniper      |   📊 SENTIMENT SNIPER STATS
2026-07-30 22:12:03 INFO     | SentimentSniper      |   Tweets processed: 0
2026-07-30 22:12:03 INFO     | SentimentSniper      |   Trades executed: 0
2026-07-30 22:12:03 INFO     | SentimentSniper      |   Active trades: 0
2026-07-30 22:12:03 INFO     | SentimentSniper      |   Total PnL: $0.000000
2026-07-30 22:12:03 INFO     | SentimentSniper      | ==================================================
2026-07-30 22:12:03 INFO     | SentimentSniper      | ⏰ Sleeping 30s...
2026-07-30 22:12:26 INFO     | SentimentSniper      | ==================================================
2026-07-30 22:12:26 INFO     | SentimentSniper      |   📊 SENTIMENT SNIPER STATS
2026-07-30 22:12:26 INFO     | SentimentSniper      |   Tweets processed: 0
2026-07-30 22:12:26 INFO     | SentimentSniper      |   Trades executed: 0
2026-07-30 22:12:26 INFO     | SentimentSniper      |   Active trades: 0
2026-07-30 22:12:26 INFO     | SentimentSniper      |   Total PnL: $0.000000
2026-07-30 22:12:26 INFO     | SentimentSniper      | ==================================================
2026-07-30 22:12:26 INFO     | SentimentSniper      | ⏰ Sleeping 30s...
2026-07-30 22:12:38 INFO     | SentimentSniper      | ==================================================
2026-07-30 22:12:38 INFO     | SentimentSniper      |   📊 SENTIMENT SNIPER STATS
2026-07-30 22:12:38 INFO     | SentimentSniper      |   Tweets processed: 0
2026-07-30 22:12:38 INFO     | SentimentSniper      |   Trades executed: 0
2026-07-30 22:12:38 INFO     | SentimentSniper      |   Active trades: 0
2026-07-30 22:12:38 INFO     | SentimentSniper      |   Total PnL: $0.000000
2026-07-30 22:12:38 INFO     | SentimentSniper      | ==================================================
2026-07-30 22:12:38 INFO     | SentimentSniper      | ⏰ Sleeping 30s...
2026-07-30 22:13:00 INFO     | SentimentSniper      | ==================================================
2026-07-30 22:13:00 INFO     | SentimentSniper      |   📊 SENTIMENT SNIPER STATS
2026-07-30 22:13:00 INFO     | SentimentSniper      |   Tweets processed: 0
2026-07-30 22:13:00 INFO     | SentimentSniper      |   Trades executed: 0
2026-07-30 22:13:00 INFO     | SentimentSniper      |   Active trades: 0
2026-07-30 22:13:00 INFO     | SentimentSniper      |   Total PnL: $0.000000
2026-07-30 22:13:00 INFO     | SentimentSniper      | ==================================================
2026-07-30 22:13:00 INFO     | SentimentSniper      | ⏰ Sleeping 30s...
2026-07-30 22:13:12 INFO     | SentimentSniper      | ==================================================
2026-07-30 22:13:12 INFO     | SentimentSniper      |   📊 SENTIMENT SNIPER STATS
2026-07-30 22:13:12 INFO     | SentimentSniper      |   Tweets processed: 0
2026-07-30 22:13:12 INFO     | SentimentSniper      |   Trades executed: 0
2026-07-30 22:13:12 INFO     | SentimentSniper      |   Active trades: 0
2026-07-30 22:13:12 INFO     | SentimentSniper      |   Total PnL: $0.000000
2026-07-30 22:13:12 INFO     | SentimentSniper      | ==================================================
2026-07-30 22:13:12 INFO     | SentimentSniper      | ⏰ Sleeping 30s...
2026-07-30 22:13:34 INFO     | SentimentSniper      | ==================================================
2026-07-30 22:13:34 INFO     | SentimentSniper      |   📊 SENTIMENT SNIPER STATS
2026-07-30 22:13:34 INFO     | SentimentSniper      |   Tweets processed: 0
2026-07-30 22:13:34 INFO     | SentimentSniper      |   Trades executed: 0
2026-07-30 22:13:34 INFO     | SentimentSniper      |   Active trades: 0
2026-07-30 22:13:34 INFO     | SentimentSniper      |   Total PnL: $0.000000
2026-07-30 22:13:34 INFO     | SentimentSniper      | ==================================================
2026-07-30 22:13:34 INFO     | SentimentSniper      | ⏰ Sleeping 30s...
2026-07-30 22:13:47 INFO     | SentimentSniper      | ==================================================
2026-07-30 22:13:47 INFO     | SentimentSniper      |   📊 SENTIMENT SNIPER STATS
2026-07-30 22:13:47 INFO     | SentimentSniper      |   Tweets processed: 0
2026-07-30 22:13:47 INFO     | SentimentSniper      |   Trades executed: 0
2026-07-30 22:13:47 INFO     | SentimentSniper      |   Active trades: 0
2026-07-30 22:13:47 INFO     | SentimentSniper      |   Total PnL: $0.000000
2026-07-30 22:13:47 INFO     | SentimentSniper      | ==================================================
2026-07-30 22:13:47 INFO     | SentimentSniper      | ⏰ Sleeping 30s...
2026-07-30 22:13:55 INFO     | SentimentSniper      | ⏹️  Shutdown signal received.
2026-07-30 22:13:55 INFO     | SentimentSniper      | ==================================================
2026-07-30 22:13:55 INFO     | SentimentSniper      |   📊 SENTIMENT SNIPER STATS
2026-07-30 22:13:55 INFO     | SentimentSniper      |   Tweets processed: 0
2026-07-30 22:13:55 INFO     | SentimentSniper      |   Trades executed: 0
2026-07-30 22:13:55 INFO     | SentimentSniper      |   Active trades: 0
2026-07-30 22:13:55 INFO     | SentimentSniper      |   Total PnL: $0.000000
2026-07-30 22:13:55 INFO     | SentimentSniper      | ==================================================
2026-07-30 22:14:09 INFO     | SentimentSniper      | Exchange client: BINANCE (testnet)
2026-07-30 22:14:12 INFO     | SentimentSniper      | AI: RouterAI ready (complex: deepseek/deepseek-chat, fast: openai/gpt-4o-mini)
2026-07-30 22:14:12 INFO     | SentimentSniper      | AI: Ollama ready (model: llama3.2)
2026-07-30 22:14:12 INFO     | SentimentSniper      | =======================================================
2026-07-30 22:14:12 INFO     | SentimentSniper      | 🚀 Sentiment Sniper STARTED
2026-07-30 22:14:12 INFO     | SentimentSniper      |    Monitored tokens: BTC, ETH, DOGE, SOL, PEPE
2026-07-30 22:14:12 INFO     | SentimentSniper      |    Monitored accounts: elonmusk, cz_binance, VitalikButerin, SBF_FTX, cobie
2026-07-30 22:14:12 INFO     | SentimentSniper      |    Sentiment threshold: 0.8
2026-07-30 22:14:12 INFO     | SentimentSniper      |    Trade duration: 15min
2026-07-30 22:14:12 INFO     | SentimentSniper      |    TP: 5.00%
2026-07-30 22:14:12 INFO     | SentimentSniper      |    SL: 3.00%
2026-07-30 22:14:12 INFO     | SentimentSniper      | =======================================================
2026-07-30 22:14:16 INFO     | SentimentSniper      | ==================================================
2026-07-30 22:14:16 INFO     | SentimentSniper      |   📊 SENTIMENT SNIPER STATS
2026-07-30 22:14:16 INFO     | SentimentSniper      |   Tweets processed: 0
2026-07-30 22:14:16 INFO     | SentimentSniper      |   Trades executed: 0
2026-07-30 22:14:16 INFO     | SentimentSniper      |   Active trades: 0
2026-07-30 22:14:16 INFO     | SentimentSniper      |   Total PnL: $0.000000
2026-07-30 22:14:16 INFO     | SentimentSniper      | ==================================================
2026-07-30 22:14:16 INFO     | SentimentSniper      | ⏰ Sleeping 30s...
2026-07-30 22:14:21 INFO     | SentimentSniper      | ==================================================
2026-07-30 22:14:21 INFO     | SentimentSniper      |   📊 SENTIMENT SNIPER STATS
2026-07-30 22:14:21 INFO     | SentimentSniper      |   Tweets processed: 0
2026-07-30 22:14:21 INFO     | SentimentSniper      |   Trades executed: 0
2026-07-30 22:14:21 INFO     | SentimentSniper      |   Active trades: 0
2026-07-30 22:14:21 INFO     | SentimentSniper      |   Total PnL: $0.000000
2026-07-30 22:14:21 INFO     | SentimentSniper      | ==================================================
2026-07-30 22:14:21 INFO     | SentimentSniper      | ⏰ Sleeping 30s...
2026-07-30 22:14:51 INFO     | SentimentSniper      | ==================================================
2026-07-30 22:14:51 INFO     | SentimentSniper      |   📊 SENTIMENT SNIPER STATS
2026-07-30 22:14:51 INFO     | SentimentSniper      |   Tweets processed: 0
2026-07-30 22:14:51 INFO     | SentimentSniper      |   Trades executed: 0
2026-07-30 22:14:51 INFO     | SentimentSniper      |   Active trades: 0
2026-07-30 22:14:51 INFO     | SentimentSniper      |   Total PnL: $0.000000
2026-07-30 22:14:51 INFO     | SentimentSniper      | ==================================================
2026-07-30 22:14:51 INFO     | SentimentSniper      | ⏰ Sleeping 30s...
2026-07-30 22:14:55 INFO     | SentimentSniper      | ==================================================
2026-07-30 22:14:55 INFO     | SentimentSniper      |   📊 SENTIMENT SNIPER STATS
2026-07-30 22:14:55 INFO     | SentimentSniper      |   Tweets processed: 0
2026-07-30 22:14:55 INFO     | SentimentSniper      |   Trades executed: 0
2026-07-30 22:14:55 INFO     | SentimentSniper      |   Active trades: 0
2026-07-30 22:14:55 INFO     | SentimentSniper      |   Total PnL: $0.000000
2026-07-30 22:14:55 INFO     | SentimentSniper      | ==================================================
2026-07-30 22:14:55 INFO     | SentimentSniper      | ⏰ Sleeping 30s...
2026-07-30 22:15:27 INFO     | SentimentSniper      | ==================================================
2026-07-30 22:15:27 INFO     | SentimentSniper      |   📊 SENTIMENT SNIPER STATS
2026-07-30 22:15:27 INFO     | SentimentSniper      |   Tweets processed: 0
2026-07-30 22:15:27 INFO     | SentimentSniper      |   Trades executed: 0
2026-07-30 22:15:27 INFO     | SentimentSniper      |   Active trades: 0
2026-07-30 22:15:27 INFO     | SentimentSniper      |   Total PnL: $0.000000
2026-07-30 22:15:27 INFO     | SentimentSniper      | ==================================================
2026-07-30 22:15:27 INFO     | SentimentSniper      | ⏰ Sleeping 30s...
2026-07-30 22:15:31 INFO     | SentimentSniper      | ==================================================
2026-07-30 22:15:31 INFO     | SentimentSniper      |   📊 SENTIMENT SNIPER STATS
2026-07-30 22:15:31 INFO     | SentimentSniper      |   Tweets processed: 0
2026-07-30 22:15:31 INFO     | SentimentSniper      |   Trades executed: 0
2026-07-30 22:15:31 INFO     | SentimentSniper      |   Active trades: 0
2026-07-30 22:15:31 INFO     | SentimentSniper      |   Total PnL: $0.000000
2026-07-30 22:15:31 INFO     | SentimentSniper      | ==================================================
2026-07-30 22:15:31 INFO     | SentimentSniper      | ⏰ Sleeping 30s...
2026-07-30 22:15:41 INFO     | SentimentSniper      | ⏹️  Shutdown signal received.
2026-07-30 22:15:41 INFO     | SentimentSniper      | ==================================================
2026-07-30 22:15:41 INFO     | SentimentSniper      |   📊 SENTIMENT SNIPER STATS
2026-07-30 22:15:41 INFO     | SentimentSniper      |   Tweets processed: 0
2026-07-30 22:15:41 INFO     | SentimentSniper      |   Trades executed: 0
2026-07-30 22:15:41 INFO     | SentimentSniper      |   Active trades: 0
2026-07-30 22:15:41 INFO     | SentimentSniper      |   Total PnL: $0.000000
2026-07-30 22:15:41 INFO     | SentimentSniper      | ==================================================
2026-07-30 22:16:01 INFO     | SentimentSniper      | ==================================================
2026-07-30 22:16:01 INFO     | SentimentSniper      |   📊 SENTIMENT SNIPER STATS
2026-07-30 22:16:01 INFO     | SentimentSniper      |   Tweets processed: 0
2026-07-30 22:16:01 INFO     | SentimentSniper      |   Trades executed: 0
2026-07-30 22:16:01 INFO     | SentimentSniper      |   Active trades: 0
2026-07-30 22:16:01 INFO     | SentimentSniper      |   Total PnL: $0.000000
2026-07-30 22:16:01 INFO     | SentimentSniper      | ==================================================
2026-07-30 22:16:01 INFO     | SentimentSniper      | ⏰ Sleeping 30s...
2026-07-30 22:16:35 INFO     | SentimentSniper      | ==================================================
2026-07-30 22:16:35 INFO     | SentimentSniper      |   📊 SENTIMENT SNIPER STATS
2026-07-30 22:16:35 INFO     | SentimentSniper      |   Tweets processed: 0
2026-07-30 22:16:35 INFO     | SentimentSniper      |   Trades executed: 0
2026-07-30 22:16:35 INFO     | SentimentSniper      |   Active trades: 0
2026-07-30 22:16:35 INFO     | SentimentSniper      |   Total PnL: $0.000000
2026-07-30 22:16:35 INFO     | SentimentSniper      | ==================================================
2026-07-30 22:16:35 INFO     | SentimentSniper      | ⏰ Sleeping 30s...
2026-07-30 22:17:10 INFO     | SentimentSniper      | ==================================================
2026-07-30 22:17:10 INFO     | SentimentSniper      |   📊 SENTIMENT SNIPER STATS
2026-07-30 22:17:10 INFO     | SentimentSniper      |   Tweets processed: 0
2026-07-30 22:17:10 INFO     | SentimentSniper      |   Trades executed: 0
2026-07-30 22:17:10 INFO     | SentimentSniper      |   Active trades: 0
2026-07-30 22:17:10 INFO     | SentimentSniper      |   Total PnL: $0.000000
2026-07-30 22:17:10 INFO     | SentimentSniper      | ==================================================
2026-07-30 22:17:10 INFO     | SentimentSniper      | ⏰ Sleeping 30s...
2026-07-30 22:17:43 INFO     | SentimentSniper      | ==================================================
2026-07-30 22:17:43 INFO     | SentimentSniper      |   📊 SENTIMENT SNIPER STATS
2026-07-30 22:17:43 INFO     | SentimentSniper      |   Tweets processed: 0
2026-07-30 22:17:43 INFO     | SentimentSniper      |   Trades executed: 0
2026-07-30 22:17:43 INFO     | SentimentSniper      |   Active trades: 0
2026-07-30 22:17:43 INFO     | SentimentSniper      |   Total PnL: $0.000000
2026-07-30 22:17:43 INFO     | SentimentSniper      | ==================================================
2026-07-30 22:17:43 INFO     | SentimentSniper      | ⏰ Sleeping 30s...
2026-07-30 22:18:17 INFO     | SentimentSniper      | ==================================================
2026-07-30 22:18:17 INFO     | SentimentSniper      |   📊 SENTIMENT SNIPER STATS
2026-07-30 22:18:17 INFO     | SentimentSniper      |   Tweets processed: 0
2026-07-30 22:18:17 INFO     | SentimentSniper      |   Trades executed: 0
2026-07-30 22:18:17 INFO     | SentimentSniper      |   Active trades: 0
2026-07-30 22:18:17 INFO     | SentimentSniper      |   Total PnL: $0.000000
2026-07-30 22:18:17 INFO     | SentimentSniper      | ==================================================
2026-07-30 22:18:17 INFO     | SentimentSniper      | ⏰ Sleeping 30s...
2026-07-30 22:18:53 INFO     | SentimentSniper      | ==================================================
2026-07-30 22:18:53 INFO     | SentimentSniper      |   📊 SENTIMENT SNIPER STATS
2026-07-30 22:18:53 INFO     | SentimentSniper      |   Tweets processed: 0
2026-07-30 22:18:53 INFO     | SentimentSniper      |   Trades executed: 0
2026-07-30 22:18:53 INFO     | SentimentSniper      |   Active trades: 0
2026-07-30 22:18:53 INFO     | SentimentSniper      |   Total PnL: $0.000000
2026-07-30 22:18:53 INFO     | SentimentSniper      | ==================================================
2026-07-30 22:18:53 INFO     | SentimentSniper      | ⏰ Sleeping 30s...
2026-07-30 22:19:28 INFO     | SentimentSniper      | ==================================================
2026-07-30 22:19:28 INFO     | SentimentSniper      |   📊 SENTIMENT SNIPER STATS
2026-07-30 22:19:28 INFO     | SentimentSniper      |   Tweets processed: 0
2026-07-30 22:19:28 INFO     | SentimentSniper      |   Trades executed: 0
2026-07-30 22:19:28 INFO     | SentimentSniper      |   Active trades: 0
2026-07-30 22:19:28 INFO     | SentimentSniper      |   Total PnL: $0.000000
2026-07-30 22:19:28 INFO     | SentimentSniper      | ==================================================
2026-07-30 22:19:28 INFO     | SentimentSniper      | ⏰ Sleeping 30s...
2026-07-30 22:20:03 INFO     | SentimentSniper      | ==================================================
2026-07-30 22:20:03 INFO     | SentimentSniper      |   📊 SENTIMENT SNIPER STATS
2026-07-30 22:20:03 INFO     | SentimentSniper      |   Tweets processed: 0
2026-07-30 22:20:03 INFO     | SentimentSniper      |   Trades executed: 0
2026-07-30 22:20:03 INFO     | SentimentSniper      |   Active trades: 0
2026-07-30 22:20:03 INFO     | SentimentSniper      |   Total PnL: $0.000000
2026-07-30 22:20:03 INFO     | SentimentSniper      | ==================================================
2026-07-30 22:20:03 INFO     | SentimentSniper      | ⏰ Sleeping 30s...
2026-07-30 22:20:37 INFO     | SentimentSniper      | ==================================================
2026-07-30 22:20:37 INFO     | SentimentSniper      |   📊 SENTIMENT SNIPER STATS
2026-07-30 22:20:37 INFO     | SentimentSniper      |   Tweets processed: 0
2026-07-30 22:20:37 INFO     | SentimentSniper      |   Trades executed: 0
2026-07-30 22:20:37 INFO     | SentimentSniper      |   Active trades: 0
2026-07-30 22:20:37 INFO     | SentimentSniper      |   Total PnL: $0.000000
2026-07-30 22:20:37 INFO     | SentimentSniper      | ==================================================
2026-07-30 22:20:37 INFO     | SentimentSniper      | ⏰ Sleeping 30s...
2026-07-30 22:21:11 INFO     | SentimentSniper      | ==================================================
2026-07-30 22:21:11 INFO     | SentimentSniper      |   📊 SENTIMENT SNIPER STATS
2026-07-30 22:21:11 INFO     | SentimentSniper      |   Tweets processed: 0
2026-07-30 22:21:11 INFO     | SentimentSniper      |   Trades executed: 0
2026-07-30 22:21:11 INFO     | SentimentSniper      |   Active trades: 0
2026-07-30 22:21:11 INFO     | SentimentSniper      |   Total PnL: $0.000000
2026-07-30 22:21:11 INFO     | SentimentSniper      | ==================================================
2026-07-30 22:21:11 INFO     | SentimentSniper      | ⏰ Sleeping 30s...
2026-07-30 22:21:46 INFO     | SentimentSniper      | ==================================================
2026-07-30 22:21:46 INFO     | SentimentSniper      |   📊 SENTIMENT SNIPER STATS
2026-07-30 22:21:46 INFO     | SentimentSniper      |   Tweets processed: 0
2026-07-30 22:21:46 INFO     | SentimentSniper      |   Trades executed: 0
2026-07-30 22:21:46 INFO     | SentimentSniper      |   Active trades: 0
2026-07-30 22:21:46 INFO     | SentimentSniper      |   Total PnL: $0.000000
2026-07-30 22:21:46 INFO     | SentimentSniper      | ==================================================
2026-07-30 22:21:46 INFO     | SentimentSniper      | ⏰ Sleeping 30s...
2026-07-30 22:22:20 INFO     | SentimentSniper      | ==================================================
2026-07-30 22:22:20 INFO     | SentimentSniper      |   📊 SENTIMENT SNIPER STATS
2026-07-30 22:22:20 INFO     | SentimentSniper      |   Tweets processed: 0
2026-07-30 22:22:20 INFO     | SentimentSniper      |   Trades executed: 0
2026-07-30 22:22:20 INFO     | SentimentSniper      |   Active trades: 0
2026-07-30 22:22:20 INFO     | SentimentSniper      |   Total PnL: $0.000000
2026-07-30 22:22:20 INFO     | SentimentSniper      | ==================================================
2026-07-30 22:22:20 INFO     | SentimentSniper      | ⏰ Sleeping 30s...
2026-07-30 22:22:55 INFO     | SentimentSniper      | ==================================================
2026-07-30 22:22:55 INFO     | SentimentSniper      |   📊 SENTIMENT SNIPER STATS
2026-07-30 22:22:55 INFO     | SentimentSniper      |   Tweets processed: 0
2026-07-30 22:22:55 INFO     | SentimentSniper      |   Trades executed: 0
2026-07-30 22:22:55 INFO     | SentimentSniper      |   Active trades: 0
2026-07-30 22:22:55 INFO     | SentimentSniper      |   Total PnL: $0.000000
2026-07-30 22:22:55 INFO     | SentimentSniper      | ==================================================
2026-07-30 22:22:55 INFO     | SentimentSniper      | ⏰ Sleeping 30s...
2026-07-30 22:23:32 INFO     | SentimentSniper      | ==================================================
2026-07-30 22:23:32 INFO     | SentimentSniper      |   📊 SENTIMENT SNIPER STATS
2026-07-30 22:23:32 INFO     | SentimentSniper      |   Tweets processed: 0
2026-07-30 22:23:32 INFO     | SentimentSniper      |   Trades executed: 0
2026-07-30 22:23:32 INFO     | SentimentSniper      |   Active trades: 0
2026-07-30 22:23:32 INFO     | SentimentSniper      |   Total PnL: $0.000000
2026-07-30 22:23:32 INFO     | SentimentSniper      | ==================================================
2026-07-30 22:23:32 INFO     | SentimentSniper      | ⏰ Sleeping 30s...
2026-07-30 22:24:11 INFO     | SentimentSniper      | ==================================================
2026-07-30 22:24:11 INFO     | SentimentSniper      |   📊 SENTIMENT SNIPER STATS
2026-07-30 22:24:11 INFO     | SentimentSniper      |   Tweets processed: 0
2026-07-30 22:24:11 INFO     | SentimentSniper      |   Trades executed: 0
2026-07-30 22:24:11 INFO     | SentimentSniper      |   Active trades: 0
2026-07-30 22:24:11 INFO     | SentimentSniper      |   Total PnL: $0.000000
2026-07-30 22:24:11 INFO     | SentimentSniper      | ==================================================
2026-07-30 22:24:11 INFO     | SentimentSniper      | ⏰ Sleeping 30s...
2026-07-30 22:24:46 INFO     | SentimentSniper      | ==================================================
2026-07-30 22:24:46 INFO     | SentimentSniper      |   📊 SENTIMENT SNIPER STATS
2026-07-30 22:24:46 INFO     | SentimentSniper      |   Tweets processed: 0
2026-07-30 22:24:46 INFO     | SentimentSniper      |   Trades executed: 0
2026-07-30 22:24:46 INFO     | SentimentSniper      |   Active trades: 0
2026-07-30 22:24:46 INFO     | SentimentSniper      |   Total PnL: $0.000000
2026-07-30 22:24:46 INFO     | SentimentSniper      | ==================================================
2026-07-30 22:24:46 INFO     | SentimentSniper      | ⏰ Sleeping 30s...
2026-07-30 22:25:20 INFO     | SentimentSniper      | ==================================================
2026-07-30 22:25:20 INFO     | SentimentSniper      |   📊 SENTIMENT SNIPER STATS
2026-07-30 22:25:20 INFO     | SentimentSniper      |   Tweets processed: 0
2026-07-30 22:25:20 INFO     | SentimentSniper      |   Trades executed: 0
2026-07-30 22:25:20 INFO     | SentimentSniper      |   Active trades: 0
2026-07-30 22:25:20 INFO     | SentimentSniper      |   Total PnL: $0.000000
2026-07-30 22:25:20 INFO     | SentimentSniper      | ==================================================
2026-07-30 22:25:20 INFO     | SentimentSniper      | ⏰ Sleeping 30s...
2026-07-30 22:25:54 INFO     | SentimentSniper      | ==================================================
2026-07-30 22:25:54 INFO     | SentimentSniper      |   📊 SENTIMENT SNIPER STATS
2026-07-30 22:25:54 INFO     | SentimentSniper      |   Tweets processed: 0
2026-07-30 22:25:54 INFO     | SentimentSniper      |   Trades executed: 0
2026-07-30 22:25:54 INFO     | SentimentSniper      |   Active trades: 0
2026-07-30 22:25:54 INFO     | SentimentSniper      |   Total PnL: $0.000000
2026-07-30 22:25:54 INFO     | SentimentSniper      | ==================================================
2026-07-30 22:25:54 INFO     | SentimentSniper      | ⏰ Sleeping 30s...
2026-07-30 22:26:30 INFO     | SentimentSniper      | ==================================================
2026-07-30 22:26:30 INFO     | SentimentSniper      |   📊 SENTIMENT SNIPER STATS
2026-07-30 22:26:30 INFO     | SentimentSniper      |   Tweets processed: 0
2026-07-30 22:26:30 INFO     | SentimentSniper      |   Trades executed: 0
2026-07-30 22:26:30 INFO     | SentimentSniper      |   Active trades: 0
2026-07-30 22:26:30 INFO     | SentimentSniper      |   Total PnL: $0.000000
2026-07-30 22:26:30 INFO     | SentimentSniper      | ==================================================
2026-07-30 22:26:30 INFO     | SentimentSniper      | ⏰ Sleeping 30s...
2026-07-30 22:27:03 INFO     | SentimentSniper      | ==================================================
2026-07-30 22:27:03 INFO     | SentimentSniper      |   📊 SENTIMENT SNIPER STATS
2026-07-30 22:27:03 INFO     | SentimentSniper      |   Tweets processed: 0
2026-07-30 22:27:03 INFO     | SentimentSniper      |   Trades executed: 0
2026-07-30 22:27:03 INFO     | SentimentSniper      |   Active trades: 0
2026-07-30 22:27:03 INFO     | SentimentSniper      |   Total PnL: $0.000000
2026-07-30 22:27:03 INFO     | SentimentSniper      | ==================================================
2026-07-30 22:27:03 INFO     | SentimentSniper      | ⏰ Sleeping 30s...
2026-07-30 22:27:38 INFO     | SentimentSniper      | ==================================================
2026-07-30 22:27:38 INFO     | SentimentSniper      |   📊 SENTIMENT SNIPER STATS
2026-07-30 22:27:38 INFO     | SentimentSniper      |   Tweets processed: 0
2026-07-30 22:27:38 INFO     | SentimentSniper      |   Trades executed: 0
2026-07-30 22:27:38 INFO     | SentimentSniper      |   Active trades: 0
2026-07-30 22:27:38 INFO     | SentimentSniper      |   Total PnL: $0.000000
2026-07-30 22:27:38 INFO     | SentimentSniper      | ==================================================
2026-07-30 22:27:38 INFO     | SentimentSniper      | ⏰ Sleeping 30s...
2026-07-30 22:28:12 INFO     | SentimentSniper      | ==================================================
2026-07-30 22:28:12 INFO     | SentimentSniper      |   📊 SENTIMENT SNIPER STATS
2026-07-30 22:28:12 INFO     | SentimentSniper      |   Tweets processed: 0
2026-07-30 22:28:12 INFO     | SentimentSniper      |   Trades executed: 0
2026-07-30 22:28:12 INFO     | SentimentSniper      |   Active trades: 0
2026-07-30 22:28:12 INFO     | SentimentSniper      |   Total PnL: $0.000000
2026-07-30 22:28:12 INFO     | SentimentSniper      | ==================================================
2026-07-30 22:28:12 INFO     | SentimentSniper      | ⏰ Sleeping 30s...
2026-07-30 22:28:46 INFO     | SentimentSniper      | ==================================================
2026-07-30 22:28:46 INFO     | SentimentSniper      |   📊 SENTIMENT SNIPER STATS
2026-07-30 22:28:46 INFO     | SentimentSniper      |   Tweets processed: 0
2026-07-30 22:28:46 INFO     | SentimentSniper      |   Trades executed: 0
2026-07-30 22:28:46 INFO     | SentimentSniper      |   Active trades: 0
2026-07-30 22:28:46 INFO     | SentimentSniper      |   Total PnL: $0.000000
2026-07-30 22:28:46 INFO     | SentimentSniper      | ==================================================
2026-07-30 22:28:46 INFO     | SentimentSniper      | ⏰ Sleeping 30s...
2026-07-30 22:29:20 INFO     | SentimentSniper      | ==================================================
2026-07-30 22:29:20 INFO     | SentimentSniper      |   📊 SENTIMENT SNIPER STATS
2026-07-30 22:29:20 INFO     | SentimentSniper      |   Tweets processed: 0
2026-07-30 22:29:20 INFO     | SentimentSniper      |   Trades executed: 0
2026-07-30 22:29:20 INFO     | SentimentSniper      |   Active trades: 0
2026-07-30 22:29:20 INFO     | SentimentSniper      |   Total PnL: $0.000000
2026-07-30 22:29:20 INFO     | SentimentSniper      | ==================================================
2026-07-30 22:29:20 INFO     | SentimentSniper      | ⏰ Sleeping 30s...
2026-07-30 22:29:53 INFO     | SentimentSniper      | ==================================================
2026-07-30 22:29:53 INFO     | SentimentSniper      |   📊 SENTIMENT SNIPER STATS
2026-07-30 22:29:53 INFO     | SentimentSniper      |   Tweets processed: 0
2026-07-30 22:29:53 INFO     | SentimentSniper      |   Trades executed: 0
2026-07-30 22:29:53 INFO     | SentimentSniper      |   Active trades: 0
2026-07-30 22:29:53 INFO     | SentimentSniper      |   Total PnL: $0.000000
2026-07-30 22:29:53 INFO     | SentimentSniper      | ==================================================
2026-07-30 22:29:53 INFO     | SentimentSniper      | ⏰ Sleeping 30s...
2026-07-30 22:30:27 INFO     | SentimentSniper      | ==================================================
2026-07-30 22:30:27 INFO     | SentimentSniper      |   📊 SENTIMENT SNIPER STATS
2026-07-30 22:30:27 INFO     | SentimentSniper      |   Tweets processed: 0
2026-07-30 22:30:27 INFO     | SentimentSniper      |   Trades executed: 0
2026-07-30 22:30:27 INFO     | SentimentSniper      |   Active trades: 0
2026-07-30 22:30:27 INFO     | SentimentSniper      |   Total PnL: $0.000000
2026-07-30 22:30:27 INFO     | SentimentSniper      | ==================================================
2026-07-30 22:30:27 INFO     | SentimentSniper      | ⏰ Sleeping 30s...
2026-07-30 22:31:00 INFO     | SentimentSniper      | ==================================================
2026-07-30 22:31:00 INFO     | SentimentSniper      |   📊 SENTIMENT SNIPER STATS
2026-07-30 22:31:00 INFO     | SentimentSniper      |   Tweets processed: 0
2026-07-30 22:31:00 INFO     | SentimentSniper      |   Trades executed: 0
2026-07-30 22:31:00 INFO     | SentimentSniper      |   Active trades: 0
2026-07-30 22:31:00 INFO     | SentimentSniper      |   Total PnL: $0.000000
2026-07-30 22:31:00 INFO     | SentimentSniper      | ==================================================
2026-07-30 22:31:00 INFO     | SentimentSniper      | ⏰ Sleeping 30s...
2026-07-30 22:31:34 INFO     | SentimentSniper      | ==================================================
2026-07-30 22:31:34 INFO     | SentimentSniper      |   📊 SENTIMENT SNIPER STATS
2026-07-30 22:31:34 INFO     | SentimentSniper      |   Tweets processed: 0
2026-07-30 22:31:34 INFO     | SentimentSniper      |   Trades executed: 0
2026-07-30 22:31:34 INFO     | SentimentSniper      |   Active trades: 0
2026-07-30 22:31:34 INFO     | SentimentSniper      |   Total PnL: $0.000000
2026-07-30 22:31:34 INFO     | SentimentSniper      | ==================================================
2026-07-30 22:31:34 INFO     | SentimentSniper      | ⏰ Sleeping 30s...
2026-07-30 22:32:07 INFO     | SentimentSniper      | ==================================================
2026-07-30 22:32:07 INFO     | SentimentSniper      |   📊 SENTIMENT SNIPER STATS
2026-07-30 22:32:07 INFO     | SentimentSniper      |   Tweets processed: 0
2026-07-30 22:32:07 INFO     | SentimentSniper      |   Trades executed: 0
2026-07-30 22:32:07 INFO     | SentimentSniper      |   Active trades: 0
2026-07-30 22:32:07 INFO     | SentimentSniper      |   Total PnL: $0.000000
2026-07-30 22:32:07 INFO     | SentimentSniper      | ==================================================
2026-07-30 22:32:07 INFO     | SentimentSniper      | ⏰ Sleeping 30s...
2026-07-30 22:32:41 INFO     | SentimentSniper      | ==================================================
2026-07-30 22:32:41 INFO     | SentimentSniper      |   📊 SENTIMENT SNIPER STATS
2026-07-30 22:32:41 INFO     | SentimentSniper      |   Tweets processed: 0
2026-07-30 22:32:41 INFO     | SentimentSniper      |   Trades executed: 0
2026-07-30 22:32:41 INFO     | SentimentSniper      |   Active trades: 0
2026-07-30 22:32:41 INFO     | SentimentSniper      |   Total PnL: $0.000000
2026-07-30 22:32:41 INFO     | SentimentSniper      | ==================================================
2026-07-30 22:32:41 INFO     | SentimentSniper      | ⏰ Sleeping 30s...
2026-07-30 22:33:15 INFO     | SentimentSniper      | ==================================================
2026-07-30 22:33:15 INFO     | SentimentSniper      |   📊 SENTIMENT SNIPER STATS
2026-07-30 22:33:15 INFO     | SentimentSniper      |   Tweets processed: 0
2026-07-30 22:33:15 INFO     | SentimentSniper      |   Trades executed: 0
2026-07-30 22:33:15 INFO     | SentimentSniper      |   Active trades: 0
2026-07-30 22:33:15 INFO     | SentimentSniper      |   Total PnL: $0.000000
2026-07-30 22:33:15 INFO     | SentimentSniper      | ==================================================
2026-07-30 22:33:15 INFO     | SentimentSniper      | ⏰ Sleeping 30s...
2026-07-30 22:33:46 ERROR    | SentimentSniper      | Twitter API error: ('Connection aborted.', ConnectionResetError(10054, 'Удаленный хост принудительно разорвал существующее подключение', None, 10054, None))
2026-07-30 22:33:46 INFO     | SentimentSniper      | ==================================================
2026-07-30 22:33:46 INFO     | SentimentSniper      |   📊 SENTIMENT SNIPER STATS
2026-07-30 22:33:46 INFO     | SentimentSniper      |   Tweets processed: 0
2026-07-30 22:33:46 INFO     | SentimentSniper      |   Trades executed: 0
2026-07-30 22:33:46 INFO     | SentimentSniper      |   Active trades: 0
2026-07-30 22:33:46 INFO     | SentimentSniper      |   Total PnL: $0.000000
2026-07-30 22:33:46 INFO     | SentimentSniper      | ==================================================
2026-07-30 22:33:46 INFO     | SentimentSniper      | ⏰ Sleeping 30s...
2026-07-30 22:34:26 ERROR    | SentimentSniper      | Twitter API error: HTTPSConnectionPool(host='api.twitter.com', port=443): Read timed out. (read timeout=10)
2026-07-30 22:34:26 INFO     | SentimentSniper      | ==================================================
2026-07-30 22:34:26 INFO     | SentimentSniper      |   📊 SENTIMENT SNIPER STATS
2026-07-30 22:34:26 INFO     | SentimentSniper      |   Tweets processed: 0
2026-07-30 22:34:26 INFO     | SentimentSniper      |   Trades executed: 0
2026-07-30 22:34:26 INFO     | SentimentSniper      |   Active trades: 0
2026-07-30 22:34:26 INFO     | SentimentSniper      |   Total PnL: $0.000000
2026-07-30 22:34:26 INFO     | SentimentSniper      | ==================================================
2026-07-30 22:34:26 INFO     | SentimentSniper      | ⏰ Sleeping 30s...
2026-07-30 22:35:07 ERROR    | SentimentSniper      | Twitter API error: HTTPSConnectionPool(host='api.twitter.com', port=443): Read timed out. (read timeout=10)
2026-07-30 22:35:07 INFO     | SentimentSniper      | ==================================================
2026-07-30 22:35:07 INFO     | SentimentSniper      |   📊 SENTIMENT SNIPER STATS
2026-07-30 22:35:07 INFO     | SentimentSniper      |   Tweets processed: 0
2026-07-30 22:35:07 INFO     | SentimentSniper      |   Trades executed: 0
2026-07-30 22:35:07 INFO     | SentimentSniper      |   Active trades: 0
2026-07-30 22:35:07 INFO     | SentimentSniper      |   Total PnL: $0.000000
2026-07-30 22:35:07 INFO     | SentimentSniper      | ==================================================
2026-07-30 22:35:07 INFO     | SentimentSniper      | ⏰ Sleeping 30s...
2026-07-30 22:35:47 ERROR    | SentimentSniper      | Twitter API error: HTTPSConnectionPool(host='api.twitter.com', port=443): Read timed out. (read timeout=10)
2026-07-30 22:35:47 INFO     | SentimentSniper      | ==================================================
2026-07-30 22:35:47 INFO     | SentimentSniper      |   📊 SENTIMENT SNIPER STATS
2026-07-30 22:35:47 INFO     | SentimentSniper      |   Tweets processed: 0
2026-07-30 22:35:47 INFO     | SentimentSniper      |   Trades executed: 0
2026-07-30 22:35:47 INFO     | SentimentSniper      |   Active trades: 0
2026-07-30 22:35:47 INFO     | SentimentSniper      |   Total PnL: $0.000000
2026-07-30 22:35:47 INFO     | SentimentSniper      | ==================================================
2026-07-30 22:35:47 INFO     | SentimentSniper      | ⏰ Sleeping 30s...
2026-07-30 22:36:27 ERROR    | SentimentSniper      | Twitter API error: HTTPSConnectionPool(host='api.twitter.com', port=443): Read timed out. (read timeout=10)
2026-07-30 22:36:27 INFO     | SentimentSniper      | ==================================================
2026-07-30 22:36:27 INFO     | SentimentSniper      |   📊 SENTIMENT SNIPER STATS
2026-07-30 22:36:27 INFO     | SentimentSniper      |   Tweets processed: 0
2026-07-30 22:36:27 INFO     | SentimentSniper      |   Trades executed: 0
2026-07-30 22:36:27 INFO     | SentimentSniper      |   Active trades: 0
2026-07-30 22:36:27 INFO     | SentimentSniper      |   Total PnL: $0.000000
2026-07-30 22:36:27 INFO     | SentimentSniper      | ==================================================
2026-07-30 22:36:27 INFO     | SentimentSniper      | ⏰ Sleeping 30s...
2026-07-30 22:37:08 ERROR    | SentimentSniper      | Twitter API error: HTTPSConnectionPool(host='api.twitter.com', port=443): Read timed out. (read timeout=10)
2026-07-30 22:37:08 INFO     | SentimentSniper      | ==================================================
2026-07-30 22:37:08 INFO     | SentimentSniper      |   📊 SENTIMENT SNIPER STATS
2026-07-30 22:37:08 INFO     | SentimentSniper      |   Tweets processed: 0
2026-07-30 22:37:08 INFO     | SentimentSniper      |   Trades executed: 0
2026-07-30 22:37:08 INFO     | SentimentSniper      |   Active trades: 0
2026-07-30 22:37:08 INFO     | SentimentSniper      |   Total PnL: $0.000000
2026-07-30 22:37:08 INFO     | SentimentSniper      | ==================================================
2026-07-30 22:37:08 INFO     | SentimentSniper      | ⏰ Sleeping 30s...
2026-07-30 22:37:48 ERROR    | SentimentSniper      | Twitter API error: HTTPSConnectionPool(host='api.twitter.com', port=443): Read timed out. (read timeout=10)
2026-07-30 22:37:48 INFO     | SentimentSniper      | ==================================================
2026-07-30 22:37:48 INFO     | SentimentSniper      |   📊 SENTIMENT SNIPER STATS
2026-07-30 22:37:48 INFO     | SentimentSniper      |   Tweets processed: 0
2026-07-30 22:37:48 INFO     | SentimentSniper      |   Trades executed: 0
2026-07-30 22:37:48 INFO     | SentimentSniper      |   Active trades: 0
2026-07-30 22:37:48 INFO     | SentimentSniper      |   Total PnL: $0.000000
2026-07-30 22:37:48 INFO     | SentimentSniper      | ==================================================
2026-07-30 22:37:48 INFO     | SentimentSniper      | ⏰ Sleeping 30s...
2026-07-30 22:38:29 ERROR    | SentimentSniper      | Twitter API error: HTTPSConnectionPool(host='api.twitter.com', port=443): Read timed out. (read timeout=10)
2026-07-30 22:38:29 INFO     | SentimentSniper      | ==================================================
2026-07-30 22:38:29 INFO     | SentimentSniper      |   📊 SENTIMENT SNIPER STATS
2026-07-30 22:38:29 INFO     | SentimentSniper      |   Tweets processed: 0
2026-07-30 22:38:29 INFO     | SentimentSniper      |   Trades executed: 0
2026-07-30 22:38:29 INFO     | SentimentSniper      |   Active trades: 0
2026-07-30 22:38:29 INFO     | SentimentSniper      |   Total PnL: $0.000000
2026-07-30 22:38:29 INFO     | SentimentSniper      | ==================================================
2026-07-30 22:38:29 INFO     | SentimentSniper      | ⏰ Sleeping 30s...
2026-07-30 22:39:09 ERROR    | SentimentSniper      | Twitter API error: HTTPSConnectionPool(host='api.twitter.com', port=443): Read timed out. (read timeout=10)
2026-07-30 22:39:09 INFO     | SentimentSniper      | ==================================================
2026-07-30 22:39:09 INFO     | SentimentSniper      |   📊 SENTIMENT SNIPER STATS
2026-07-30 22:39:09 INFO     | SentimentSniper      |   Tweets processed: 0
2026-07-30 22:39:09 INFO     | SentimentSniper      |   Trades executed: 0
2026-07-30 22:39:09 INFO     | SentimentSniper      |   Active trades: 0
2026-07-30 22:39:09 INFO     | SentimentSniper      |   Total PnL: $0.000000
2026-07-30 22:39:09 INFO     | SentimentSniper      | ==================================================
2026-07-30 22:39:09 INFO     | SentimentSniper      | ⏰ Sleeping 30s...
2026-07-30 22:39:49 ERROR    | SentimentSniper      | Twitter API error: HTTPSConnectionPool(host='api.twitter.com', port=443): Read timed out. (read timeout=10)
2026-07-30 22:39:49 INFO     | SentimentSniper      | ==================================================
2026-07-30 22:39:49 INFO     | SentimentSniper      |   📊 SENTIMENT SNIPER STATS
2026-07-30 22:39:49 INFO     | SentimentSniper      |   Tweets processed: 0
2026-07-30 22:39:49 INFO     | SentimentSniper      |   Trades executed: 0
2026-07-30 22:39:49 INFO     | SentimentSniper      |   Active trades: 0
2026-07-30 22:39:49 INFO     | SentimentSniper      |   Total PnL: $0.000000
2026-07-30 22:39:49 INFO     | SentimentSniper      | ==================================================
2026-07-30 22:39:49 INFO     | SentimentSniper      | ⏰ Sleeping 30s...
2026-07-30 22:40:30 ERROR    | SentimentSniper      | Twitter API error: HTTPSConnectionPool(host='api.twitter.com', port=443): Read timed out. (read timeout=10)
2026-07-30 22:40:30 INFO     | SentimentSniper      | ==================================================
2026-07-30 22:40:30 INFO     | SentimentSniper      |   📊 SENTIMENT SNIPER STATS
2026-07-30 22:40:30 INFO     | SentimentSniper      |   Tweets processed: 0
2026-07-30 22:40:30 INFO     | SentimentSniper      |   Trades executed: 0
2026-07-30 22:40:30 INFO     | SentimentSniper      |   Active trades: 0
2026-07-30 22:40:30 INFO     | SentimentSniper      |   Total PnL: $0.000000
2026-07-30 22:40:30 INFO     | SentimentSniper      | ==================================================
2026-07-30 22:40:30 INFO     | SentimentSniper      | ⏰ Sleeping 30s...
2026-07-30 22:41:10 ERROR    | SentimentSniper      | Twitter API error: HTTPSConnectionPool(host='api.twitter.com', port=443): Read timed out. (read timeout=10)
2026-07-30 22:41:10 INFO     | SentimentSniper      | ==================================================
2026-07-30 22:41:10 INFO     | SentimentSniper      |   📊 SENTIMENT SNIPER STATS
2026-07-30 22:41:10 INFO     | SentimentSniper      |   Tweets processed: 0
2026-07-30 22:41:10 INFO     | SentimentSniper      |   Trades executed: 0
2026-07-30 22:41:10 INFO     | SentimentSniper      |   Active trades: 0
2026-07-30 22:41:10 INFO     | SentimentSniper      |   Total PnL: $0.000000
2026-07-30 22:41:10 INFO     | SentimentSniper      | ==================================================
2026-07-30 22:41:10 INFO     | SentimentSniper      | ⏰ Sleeping 30s...
2026-07-30 22:41:51 ERROR    | SentimentSniper      | Twitter API error: HTTPSConnectionPool(host='api.twitter.com', port=443): Read timed out. (read timeout=10)
2026-07-30 22:41:51 INFO     | SentimentSniper      | ==================================================
2026-07-30 22:41:51 INFO     | SentimentSniper      |   📊 SENTIMENT SNIPER STATS
2026-07-30 22:41:51 INFO     | SentimentSniper      |   Tweets processed: 0
2026-07-30 22:41:51 INFO     | SentimentSniper      |   Trades executed: 0
2026-07-30 22:41:51 INFO     | SentimentSniper      |   Active trades: 0
2026-07-30 22:41:51 INFO     | SentimentSniper      |   Total PnL: $0.000000
2026-07-30 22:41:51 INFO     | SentimentSniper      | ==================================================
2026-07-30 22:41:51 INFO     | SentimentSniper      | ⏰ Sleeping 30s...
2026-07-30 22:42:31 ERROR    | SentimentSniper      | Twitter API error: HTTPSConnectionPool(host='api.twitter.com', port=443): Read timed out. (read timeout=10)
2026-07-30 22:42:31 INFO     | SentimentSniper      | ==================================================
2026-07-30 22:42:31 INFO     | SentimentSniper      |   📊 SENTIMENT SNIPER STATS
2026-07-30 22:42:31 INFO     | SentimentSniper      |   Tweets processed: 0
2026-07-30 22:42:31 INFO     | SentimentSniper      |   Trades executed: 0
2026-07-30 22:42:31 INFO     | SentimentSniper      |   Active trades: 0
2026-07-30 22:42:31 INFO     | SentimentSniper      |   Total PnL: $0.000000
2026-07-30 22:42:31 INFO     | SentimentSniper      | ==================================================
2026-07-30 22:42:31 INFO     | SentimentSniper      | ⏰ Sleeping 30s...
2026-07-30 22:43:12 ERROR    | SentimentSniper      | Twitter API error: HTTPSConnectionPool(host='api.twitter.com', port=443): Read timed out. (read timeout=10)
2026-07-30 22:43:12 INFO     | SentimentSniper      | ==================================================
2026-07-30 22:43:12 INFO     | SentimentSniper      |   📊 SENTIMENT SNIPER STATS
2026-07-30 22:43:12 INFO     | SentimentSniper      |   Tweets processed: 0
2026-07-30 22:43:12 INFO     | SentimentSniper      |   Trades executed: 0
2026-07-30 22:43:12 INFO     | SentimentSniper      |   Active trades: 0
2026-07-30 22:43:12 INFO     | SentimentSniper      |   Total PnL: $0.000000
2026-07-30 22:43:12 INFO     | SentimentSniper      | ==================================================
2026-07-30 22:43:12 INFO     | SentimentSniper      | ⏰ Sleeping 30s...
2026-07-30 22:43:52 ERROR    | SentimentSniper      | Twitter API error: HTTPSConnectionPool(host='api.twitter.com', port=443): Read timed out. (read timeout=10)
2026-07-30 22:43:52 INFO     | SentimentSniper      | ==================================================
2026-07-30 22:43:52 INFO     | SentimentSniper      |   📊 SENTIMENT SNIPER STATS
2026-07-30 22:43:52 INFO     | SentimentSniper      |   Tweets processed: 0
2026-07-30 22:43:52 INFO     | SentimentSniper      |   Trades executed: 0
2026-07-30 22:43:52 INFO     | SentimentSniper      |   Active trades: 0
2026-07-30 22:43:52 INFO     | SentimentSniper      |   Total PnL: $0.000000
2026-07-30 22:43:52 INFO     | SentimentSniper      | ==================================================
2026-07-30 22:43:52 INFO     | SentimentSniper      | ⏰ Sleeping 30s...
2026-07-30 22:44:32 ERROR    | SentimentSniper      | Twitter API error: HTTPSConnectionPool(host='api.twitter.com', port=443): Read timed out. (read timeout=10)
2026-07-30 22:44:32 INFO     | SentimentSniper      | ==================================================
2026-07-30 22:44:32 INFO     | SentimentSniper      |   📊 SENTIMENT SNIPER STATS
2026-07-30 22:44:32 INFO     | SentimentSniper      |   Tweets processed: 0
2026-07-30 22:44:32 INFO     | SentimentSniper      |   Trades executed: 0
2026-07-30 22:44:32 INFO     | SentimentSniper      |   Active trades: 0
2026-07-30 22:44:32 INFO     | SentimentSniper      |   Total PnL: $0.000000
2026-07-30 22:44:32 INFO     | SentimentSniper      | ==================================================
2026-07-30 22:44:32 INFO     | SentimentSniper      | ⏰ Sleeping 30s...
2026-07-30 22:45:13 ERROR    | SentimentSniper      | Twitter API error: HTTPSConnectionPool(host='api.twitter.com', port=443): Read timed out. (read timeout=10)
2026-07-30 22:45:13 INFO     | SentimentSniper      | ==================================================
2026-07-30 22:45:13 INFO     | SentimentSniper      |   📊 SENTIMENT SNIPER STATS
2026-07-30 22:45:13 INFO     | SentimentSniper      |   Tweets processed: 0
2026-07-30 22:45:13 INFO     | SentimentSniper      |   Trades executed: 0
2026-07-30 22:45:13 INFO     | SentimentSniper      |   Active trades: 0
2026-07-30 22:45:13 INFO     | SentimentSniper      |   Total PnL: $0.000000
2026-07-30 22:45:13 INFO     | SentimentSniper      | ==================================================
2026-07-30 22:45:13 INFO     | SentimentSniper      | ⏰ Sleeping 30s...
2026-07-30 22:45:53 ERROR    | SentimentSniper      | Twitter API error: HTTPSConnectionPool(host='api.twitter.com', port=443): Read timed out. (read timeout=10)
2026-07-30 22:45:53 INFO     | SentimentSniper      | ==================================================
2026-07-30 22:45:53 INFO     | SentimentSniper      |   📊 SENTIMENT SNIPER STATS
2026-07-30 22:45:53 INFO     | SentimentSniper      |   Tweets processed: 0
2026-07-30 22:45:53 INFO     | SentimentSniper      |   Trades executed: 0
2026-07-30 22:45:53 INFO     | SentimentSniper      |   Active trades: 0
2026-07-30 22:45:53 INFO     | SentimentSniper      |   Total PnL: $0.000000
2026-07-30 22:45:53 INFO     | SentimentSniper      | ==================================================
2026-07-30 22:45:53 INFO     | SentimentSniper      | ⏰ Sleeping 30s...
2026-07-30 22:46:34 ERROR    | SentimentSniper      | Twitter API error: HTTPSConnectionPool(host='api.twitter.com', port=443): Read timed out. (read timeout=10)
2026-07-30 22:46:34 INFO     | SentimentSniper      | ==================================================
2026-07-30 22:46:34 INFO     | SentimentSniper      |   📊 SENTIMENT SNIPER STATS
2026-07-30 22:46:34 INFO     | SentimentSniper      |   Tweets processed: 0
2026-07-30 22:46:34 INFO     | SentimentSniper      |   Trades executed: 0
2026-07-30 22:46:34 INFO     | SentimentSniper      |   Active trades: 0
2026-07-30 22:46:34 INFO     | SentimentSniper      |   Total PnL: $0.000000
2026-07-30 22:46:34 INFO     | SentimentSniper      | ==================================================
2026-07-30 22:46:34 INFO     | SentimentSniper      | ⏰ Sleeping 30s...
2026-07-30 22:47:14 ERROR    | SentimentSniper      | Twitter API error: HTTPSConnectionPool(host='api.twitter.com', port=443): Read timed out. (read timeout=10)
2026-07-30 22:47:14 INFO     | SentimentSniper      | ==================================================
2026-07-30 22:47:14 INFO     | SentimentSniper      |   📊 SENTIMENT SNIPER STATS
2026-07-30 22:47:14 INFO     | SentimentSniper      |   Tweets processed: 0
2026-07-30 22:47:14 INFO     | SentimentSniper      |   Trades executed: 0
2026-07-30 22:47:14 INFO     | SentimentSniper      |   Active trades: 0
2026-07-30 22:47:14 INFO     | SentimentSniper      |   Total PnL: $0.000000
2026-07-30 22:47:14 INFO     | SentimentSniper      | ==================================================
2026-07-30 22:47:14 INFO     | SentimentSniper      | ⏰ Sleeping 30s...
2026-07-30 22:47:54 ERROR    | SentimentSniper      | Twitter API error: HTTPSConnectionPool(host='api.twitter.com', port=443): Read timed out. (read timeout=10)
2026-07-30 22:47:54 INFO     | SentimentSniper      | ==================================================
2026-07-30 22:47:54 INFO     | SentimentSniper      |   📊 SENTIMENT SNIPER STATS
2026-07-30 22:47:54 INFO     | SentimentSniper      |   Tweets processed: 0
2026-07-30 22:47:54 INFO     | SentimentSniper      |   Trades executed: 0
2026-07-30 22:47:54 INFO     | SentimentSniper      |   Active trades: 0
2026-07-30 22:47:54 INFO     | SentimentSniper      |   Total PnL: $0.000000
2026-07-30 22:47:54 INFO     | SentimentSniper      | ==================================================
2026-07-30 22:47:54 INFO     | SentimentSniper      | ⏰ Sleeping 30s...
2026-07-30 22:48:35 ERROR    | SentimentSniper      | Twitter API error: HTTPSConnectionPool(host='api.twitter.com', port=443): Read timed out. (read timeout=10)
2026-07-30 22:48:35 INFO     | SentimentSniper      | ==================================================
2026-07-30 22:48:35 INFO     | SentimentSniper      |   📊 SENTIMENT SNIPER STATS
2026-07-30 22:48:35 INFO     | SentimentSniper      |   Tweets processed: 0
2026-07-30 22:48:35 INFO     | SentimentSniper      |   Trades executed: 0
2026-07-30 22:48:35 INFO     | SentimentSniper      |   Active trades: 0
2026-07-30 22:48:35 INFO     | SentimentSniper      |   Total PnL: $0.000000
2026-07-30 22:48:35 INFO     | SentimentSniper      | ==================================================
2026-07-30 22:48:35 INFO     | SentimentSniper      | ⏰ Sleeping 30s...
2026-07-30 22:49:15 ERROR    | SentimentSniper      | Twitter API error: HTTPSConnectionPool(host='api.twitter.com', port=443): Read timed out. (read timeout=10)
2026-07-30 22:49:15 INFO     | SentimentSniper      | ==================================================
2026-07-30 22:49:15 INFO     | SentimentSniper      |   📊 SENTIMENT SNIPER STATS
2026-07-30 22:49:15 INFO     | SentimentSniper      |   Tweets processed: 0
2026-07-30 22:49:15 INFO     | SentimentSniper      |   Trades executed: 0
2026-07-30 22:49:15 INFO     | SentimentSniper      |   Active trades: 0
2026-07-30 22:49:15 INFO     | SentimentSniper      |   Total PnL: $0.000000
2026-07-30 22:49:15 INFO     | SentimentSniper      | ==================================================
2026-07-30 22:49:15 INFO     | SentimentSniper      | ⏰ Sleeping 30s...
2026-07-30 22:49:56 ERROR    | SentimentSniper      | Twitter API error: HTTPSConnectionPool(host='api.twitter.com', port=443): Read timed out. (read timeout=10)
2026-07-30 22:49:56 INFO     | SentimentSniper      | ==================================================
2026-07-30 22:49:56 INFO     | SentimentSniper      |   📊 SENTIMENT SNIPER STATS
2026-07-30 22:49:56 INFO     | SentimentSniper      |   Tweets processed: 0
2026-07-30 22:49:56 INFO     | SentimentSniper      |   Trades executed: 0
2026-07-30 22:49:56 INFO     | SentimentSniper      |   Active trades: 0
2026-07-30 22:49:56 INFO     | SentimentSniper      |   Total PnL: $0.000000
2026-07-30 22:49:56 INFO     | SentimentSniper      | ==================================================
2026-07-30 22:49:56 INFO     | SentimentSniper      | ⏰ Sleeping 30s...
2026-07-30 22:50:36 ERROR    | SentimentSniper      | Twitter API error: HTTPSConnectionPool(host='api.twitter.com', port=443): Read timed out. (read timeout=10)
2026-07-30 22:50:36 INFO     | SentimentSniper      | ==================================================
2026-07-30 22:50:36 INFO     | SentimentSniper      |   📊 SENTIMENT SNIPER STATS
2026-07-30 22:50:36 INFO     | SentimentSniper      |   Tweets processed: 0
2026-07-30 22:50:36 INFO     | SentimentSniper      |   Trades executed: 0
2026-07-30 22:50:36 INFO     | SentimentSniper      |   Active trades: 0
2026-07-30 22:50:36 INFO     | SentimentSniper      |   Total PnL: $0.000000
2026-07-30 22:50:36 INFO     | SentimentSniper      | ==================================================
2026-07-30 22:50:36 INFO     | SentimentSniper      | ⏰ Sleeping 30s...
2026-07-30 22:51:16 ERROR    | SentimentSniper      | Twitter API error: HTTPSConnectionPool(host='api.twitter.com', port=443): Read timed out. (read timeout=10)
2026-07-30 22:51:16 INFO     | SentimentSniper      | ==================================================
2026-07-30 22:51:16 INFO     | SentimentSniper      |   📊 SENTIMENT SNIPER STATS
2026-07-30 22:51:16 INFO     | SentimentSniper      |   Tweets processed: 0
2026-07-30 22:51:16 INFO     | SentimentSniper      |   Trades executed: 0
2026-07-30 22:51:16 INFO     | SentimentSniper      |   Active trades: 0
2026-07-30 22:51:16 INFO     | SentimentSniper      |   Total PnL: $0.000000
2026-07-30 22:51:16 INFO     | SentimentSniper      | ==================================================
2026-07-30 22:51:16 INFO     | SentimentSniper      | ⏰ Sleeping 30s...
2026-07-30 22:51:57 ERROR    | SentimentSniper      | Twitter API error: HTTPSConnectionPool(host='api.twitter.com', port=443): Read timed out. (read timeout=10)
2026-07-30 22:51:57 INFO     | SentimentSniper      | ==================================================
2026-07-30 22:51:57 INFO     | SentimentSniper      |   📊 SENTIMENT SNIPER STATS
2026-07-30 22:51:57 INFO     | SentimentSniper      |   Tweets processed: 0
2026-07-30 22:51:57 INFO     | SentimentSniper      |   Trades executed: 0
2026-07-30 22:51:57 INFO     | SentimentSniper      |   Active trades: 0
2026-07-30 22:51:57 INFO     | SentimentSniper      |   Total PnL: $0.000000
2026-07-30 22:51:57 INFO     | SentimentSniper      | ==================================================
2026-07-30 22:51:57 INFO     | SentimentSniper      | ⏰ Sleeping 30s...
2026-07-30 22:52:37 ERROR    | SentimentSniper      | Twitter API error: HTTPSConnectionPool(host='api.twitter.com', port=443): Read timed out. (read timeout=10)
2026-07-30 22:52:37 INFO     | SentimentSniper      | ==================================================
2026-07-30 22:52:37 INFO     | SentimentSniper      |   📊 SENTIMENT SNIPER STATS
2026-07-30 22:52:37 INFO     | SentimentSniper      |   Tweets processed: 0
2026-07-30 22:52:37 INFO     | SentimentSniper      |   Trades executed: 0
2026-07-30 22:52:37 INFO     | SentimentSniper      |   Active trades: 0
2026-07-30 22:52:37 INFO     | SentimentSniper      |   Total PnL: $0.000000
2026-07-30 22:52:37 INFO     | SentimentSniper      | ==================================================
2026-07-30 22:52:37 INFO     | SentimentSniper      | ⏰ Sleeping 30s...
2026-07-30 22:53:18 ERROR    | SentimentSniper      | Twitter API error: HTTPSConnectionPool(host='api.twitter.com', port=443): Read timed out. (read timeout=10)
2026-07-30 22:53:18 INFO     | SentimentSniper      | ==================================================
2026-07-30 22:53:18 INFO     | SentimentSniper      |   📊 SENTIMENT SNIPER STATS
2026-07-30 22:53:18 INFO     | SentimentSniper      |   Tweets processed: 0
2026-07-30 22:53:18 INFO     | SentimentSniper      |   Trades executed: 0
2026-07-30 22:53:18 INFO     | SentimentSniper      |   Active trades: 0
2026-07-30 22:53:18 INFO     | SentimentSniper      |   Total PnL: $0.000000
2026-07-30 22:53:18 INFO     | SentimentSniper      | ==================================================
2026-07-30 22:53:18 INFO     | SentimentSniper      | ⏰ Sleeping 30s...
2026-07-30 22:53:58 ERROR    | SentimentSniper      | Twitter API error: HTTPSConnectionPool(host='api.twitter.com', port=443): Read timed out. (read timeout=10)
2026-07-30 22:53:58 INFO     | SentimentSniper      | ==================================================
2026-07-30 22:53:58 INFO     | SentimentSniper      |   📊 SENTIMENT SNIPER STATS
2026-07-30 22:53:58 INFO     | SentimentSniper      |   Tweets processed: 0
2026-07-30 22:53:58 INFO     | SentimentSniper      |   Trades executed: 0
2026-07-30 22:53:58 INFO     | SentimentSniper      |   Active trades: 0
2026-07-30 22:53:58 INFO     | SentimentSniper      |   Total PnL: $0.000000
2026-07-30 22:53:58 INFO     | SentimentSniper      | ==================================================
2026-07-30 22:53:58 INFO     | SentimentSniper      | ⏰ Sleeping 30s...
2026-07-30 22:54:38 ERROR    | SentimentSniper      | Twitter API error: HTTPSConnectionPool(host='api.twitter.com', port=443): Read timed out. (read timeout=10)
2026-07-30 22:54:38 INFO     | SentimentSniper      | ==================================================
2026-07-30 22:54:38 INFO     | SentimentSniper      |   📊 SENTIMENT SNIPER STATS
2026-07-30 22:54:38 INFO     | SentimentSniper      |   Tweets processed: 0
2026-07-30 22:54:38 INFO     | SentimentSniper      |   Trades executed: 0
2026-07-30 22:54:38 INFO     | SentimentSniper      |   Active trades: 0
2026-07-30 22:54:38 INFO     | SentimentSniper      |   Total PnL: $0.000000
2026-07-30 22:54:38 INFO     | SentimentSniper      | ==================================================
2026-07-30 22:54:38 INFO     | SentimentSniper      | ⏰ Sleeping 30s...
2026-07-30 22:55:19 ERROR    | SentimentSniper      | Twitter API error: HTTPSConnectionPool(host='api.twitter.com', port=443): Read timed out. (read timeout=10)
2026-07-30 22:55:19 INFO     | SentimentSniper      | ==================================================
2026-07-30 22:55:19 INFO     | SentimentSniper      |   📊 SENTIMENT SNIPER STATS
2026-07-30 22:55:19 INFO     | SentimentSniper      |   Tweets processed: 0
2026-07-30 22:55:19 INFO     | SentimentSniper      |   Trades executed: 0
2026-07-30 22:55:19 INFO     | SentimentSniper      |   Active trades: 0
2026-07-30 22:55:19 INFO     | SentimentSniper      |   Total PnL: $0.000000
2026-07-30 22:55:19 INFO     | SentimentSniper      | ==================================================
2026-07-30 22:55:19 INFO     | SentimentSniper      | ⏰ Sleeping 30s...
2026-07-30 22:55:59 ERROR    | SentimentSniper      | Twitter API error: HTTPSConnectionPool(host='api.twitter.com', port=443): Read timed out. (read timeout=10)
2026-07-30 22:55:59 INFO     | SentimentSniper      | ==================================================
2026-07-30 22:55:59 INFO     | SentimentSniper      |   📊 SENTIMENT SNIPER STATS
2026-07-30 22:55:59 INFO     | SentimentSniper      |   Tweets processed: 0
2026-07-30 22:55:59 INFO     | SentimentSniper      |   Trades executed: 0
2026-07-30 22:55:59 INFO     | SentimentSniper      |   Active trades: 0
2026-07-30 22:55:59 INFO     | SentimentSniper      |   Total PnL: $0.000000
2026-07-30 22:55:59 INFO     | SentimentSniper      | ==================================================
2026-07-30 22:55:59 INFO     | SentimentSniper      | ⏰ Sleeping 30s...
2026-07-30 22:56:40 ERROR    | SentimentSniper      | Twitter API error: HTTPSConnectionPool(host='api.twitter.com', port=443): Read timed out. (read timeout=10)
2026-07-30 22:56:40 INFO     | SentimentSniper      | ==================================================
2026-07-30 22:56:40 INFO     | SentimentSniper      |   📊 SENTIMENT SNIPER STATS
2026-07-30 22:56:40 INFO     | SentimentSniper      |   Tweets processed: 0
2026-07-30 22:56:40 INFO     | SentimentSniper      |   Trades executed: 0
2026-07-30 22:56:40 INFO     | SentimentSniper      |   Active trades: 0
2026-07-30 22:56:40 INFO     | SentimentSniper      |   Total PnL: $0.000000
2026-07-30 22:56:40 INFO     | SentimentSniper      | ==================================================
2026-07-30 22:56:40 INFO     | SentimentSniper      | ⏰ Sleeping 30s...
2026-07-30 22:57:20 ERROR    | SentimentSniper      | Twitter API error: HTTPSConnectionPool(host='api.twitter.com', port=443): Read timed out. (read timeout=10)
2026-07-30 22:57:20 INFO     | SentimentSniper      | ==================================================
2026-07-30 22:57:20 INFO     | SentimentSniper      |   📊 SENTIMENT SNIPER STATS
2026-07-30 22:57:20 INFO     | SentimentSniper      |   Tweets processed: 0
2026-07-30 22:57:20 INFO     | SentimentSniper      |   Trades executed: 0
2026-07-30 22:57:20 INFO     | SentimentSniper      |   Active trades: 0
2026-07-30 22:57:20 INFO     | SentimentSniper      |   Total PnL: $0.000000
2026-07-30 22:57:20 INFO     | SentimentSniper      | ==================================================
2026-07-30 22:57:20 INFO     | SentimentSniper      | ⏰ Sleeping 30s...
2026-07-30 22:58:00 ERROR    | SentimentSniper      | Twitter API error: HTTPSConnectionPool(host='api.twitter.com', port=443): Read timed out. (read timeout=10)
2026-07-30 22:58:00 INFO     | SentimentSniper      | ==================================================
2026-07-30 22:58:00 INFO     | SentimentSniper      |   📊 SENTIMENT SNIPER STATS
2026-07-30 22:58:00 INFO     | SentimentSniper      |   Tweets processed: 0
2026-07-30 22:58:00 INFO     | SentimentSniper      |   Trades executed: 0
2026-07-30 22:58:00 INFO     | SentimentSniper      |   Active trades: 0
2026-07-30 22:58:00 INFO     | SentimentSniper      |   Total PnL: $0.000000
2026-07-30 22:58:00 INFO     | SentimentSniper      | ==================================================
2026-07-30 22:58:00 INFO     | SentimentSniper      | ⏰ Sleeping 30s...
2026-07-30 22:58:41 ERROR    | SentimentSniper      | Twitter API error: HTTPSConnectionPool(host='api.twitter.com', port=443): Read timed out. (read timeout=10)
2026-07-30 22:58:41 INFO     | SentimentSniper      | ==================================================
2026-07-30 22:58:41 INFO     | SentimentSniper      |   📊 SENTIMENT SNIPER STATS
2026-07-30 22:58:41 INFO     | SentimentSniper      |   Tweets processed: 0
2026-07-30 22:58:41 INFO     | SentimentSniper      |   Trades executed: 0
2026-07-30 22:58:41 INFO     | SentimentSniper      |   Active trades: 0
2026-07-30 22:58:41 INFO     | SentimentSniper      |   Total PnL: $0.000000
2026-07-30 22:58:41 INFO     | SentimentSniper      | ==================================================
2026-07-30 22:58:41 INFO     | SentimentSniper      | ⏰ Sleeping 30s...
2026-07-30 22:59:21 ERROR    | SentimentSniper      | Twitter API error: HTTPSConnectionPool(host='api.twitter.com', port=443): Read timed out. (read timeout=10)
2026-07-30 22:59:21 INFO     | SentimentSniper      | ==================================================
2026-07-30 22:59:21 INFO     | SentimentSniper      |   📊 SENTIMENT SNIPER STATS
2026-07-30 22:59:21 INFO     | SentimentSniper      |   Tweets processed: 0
2026-07-30 22:59:21 INFO     | SentimentSniper      |   Trades executed: 0
2026-07-30 22:59:21 INFO     | SentimentSniper      |   Active trades: 0
2026-07-30 22:59:21 INFO     | SentimentSniper      |   Total PnL: $0.000000
2026-07-30 22:59:21 INFO     | SentimentSniper      | ==================================================
2026-07-30 22:59:21 INFO     | SentimentSniper      | ⏰ Sleeping 30s...
2026-07-30 23:00:02 ERROR    | SentimentSniper      | Twitter API error: HTTPSConnectionPool(host='api.twitter.com', port=443): Read timed out. (read timeout=10)
2026-07-30 23:00:02 INFO     | SentimentSniper      | ==================================================
2026-07-30 23:00:02 INFO     | SentimentSniper      |   📊 SENTIMENT SNIPER STATS
2026-07-30 23:00:02 INFO     | SentimentSniper      |   Tweets processed: 0
2026-07-30 23:00:02 INFO     | SentimentSniper      |   Trades executed: 0
2026-07-30 23:00:02 INFO     | SentimentSniper      |   Active trades: 0
2026-07-30 23:00:02 INFO     | SentimentSniper      |   Total PnL: $0.000000
2026-07-30 23:00:02 INFO     | SentimentSniper      | ==================================================
2026-07-30 23:00:02 INFO     | SentimentSniper      | ⏰ Sleeping 30s...
2026-07-30 23:00:42 ERROR    | SentimentSniper      | Twitter API error: HTTPSConnectionPool(host='api.twitter.com', port=443): Read timed out. (read timeout=10)
2026-07-30 23:00:42 INFO     | SentimentSniper      | ==================================================
2026-07-30 23:00:42 INFO     | SentimentSniper      |   📊 SENTIMENT SNIPER STATS
2026-07-30 23:00:42 INFO     | SentimentSniper      |   Tweets processed: 0
2026-07-30 23:00:42 INFO     | SentimentSniper      |   Trades executed: 0
2026-07-30 23:00:42 INFO     | SentimentSniper      |   Active trades: 0
2026-07-30 23:00:42 INFO     | SentimentSniper      |   Total PnL: $0.000000
2026-07-30 23:00:42 INFO     | SentimentSniper      | ==================================================
2026-07-30 23:00:42 INFO     | SentimentSniper      | ⏰ Sleeping 30s...
2026-07-30 23:01:23 ERROR    | SentimentSniper      | Twitter API error: HTTPSConnectionPool(host='api.twitter.com', port=443): Read timed out. (read timeout=10)
2026-07-30 23:01:23 INFO     | SentimentSniper      | ==================================================
2026-07-30 23:01:23 INFO     | SentimentSniper      |   📊 SENTIMENT SNIPER STATS
2026-07-30 23:01:23 INFO     | SentimentSniper      |   Tweets processed: 0
2026-07-30 23:01:23 INFO     | SentimentSniper      |   Trades executed: 0
2026-07-30 23:01:23 INFO     | SentimentSniper      |   Active trades: 0
2026-07-30 23:01:23 INFO     | SentimentSniper      |   Total PnL: $0.000000
2026-07-30 23:01:23 INFO     | SentimentSniper      | ==================================================
2026-07-30 23:01:23 INFO     | SentimentSniper      | ⏰ Sleeping 30s...
2026-07-30 23:02:03 ERROR    | SentimentSniper      | Twitter API error: HTTPSConnectionPool(host='api.twitter.com', port=443): Read timed out. (read timeout=10)
2026-07-30 23:02:03 INFO     | SentimentSniper      | ==================================================
2026-07-30 23:02:03 INFO     | SentimentSniper      |   📊 SENTIMENT SNIPER STATS
2026-07-30 23:02:03 INFO     | SentimentSniper      |   Tweets processed: 0
2026-07-30 23:02:03 INFO     | SentimentSniper      |   Trades executed: 0
2026-07-30 23:02:03 INFO     | SentimentSniper      |   Active trades: 0
2026-07-30 23:02:03 INFO     | SentimentSniper      |   Total PnL: $0.000000
2026-07-30 23:02:03 INFO     | SentimentSniper      | ==================================================
2026-07-30 23:02:03 INFO     | SentimentSniper      | ⏰ Sleeping 30s...
2026-07-30 23:02:43 ERROR    | SentimentSniper      | Twitter API error: HTTPSConnectionPool(host='api.twitter.com', port=443): Read timed out. (read timeout=10)
2026-07-30 23:02:43 INFO     | SentimentSniper      | ==================================================
2026-07-30 23:02:43 INFO     | SentimentSniper      |   📊 SENTIMENT SNIPER STATS
2026-07-30 23:02:43 INFO     | SentimentSniper      |   Tweets processed: 0
2026-07-30 23:02:43 INFO     | SentimentSniper      |   Trades executed: 0
2026-07-30 23:02:43 INFO     | SentimentSniper      |   Active trades: 0
2026-07-30 23:02:43 INFO     | SentimentSniper      |   Total PnL: $0.000000
2026-07-30 23:02:43 INFO     | SentimentSniper      | ==================================================
2026-07-30 23:02:43 INFO     | SentimentSniper      | ⏰ Sleeping 30s...
2026-07-30 23:03:24 ERROR    | SentimentSniper      | Twitter API error: HTTPSConnectionPool(host='api.twitter.com', port=443): Read timed out. (read timeout=10)
2026-07-30 23:03:24 INFO     | SentimentSniper      | ==================================================
2026-07-30 23:03:24 INFO     | SentimentSniper      |   📊 SENTIMENT SNIPER STATS
2026-07-30 23:03:24 INFO     | SentimentSniper      |   Tweets processed: 0
2026-07-30 23:03:24 INFO     | SentimentSniper      |   Trades executed: 0
2026-07-30 23:03:24 INFO     | SentimentSniper      |   Active trades: 0
2026-07-30 23:03:24 INFO     | SentimentSniper      |   Total PnL: $0.000000
2026-07-30 23:03:24 INFO     | SentimentSniper      | ==================================================
2026-07-30 23:03:24 INFO     | SentimentSniper      | ⏰ Sleeping 30s...
2026-07-30 23:04:04 ERROR    | SentimentSniper      | Twitter API error: HTTPSConnectionPool(host='api.twitter.com', port=443): Read timed out. (read timeout=10)
2026-07-30 23:04:04 INFO     | SentimentSniper      | ==================================================
2026-07-30 23:04:04 INFO     | SentimentSniper      |   📊 SENTIMENT SNIPER STATS
2026-07-30 23:04:04 INFO     | SentimentSniper      |   Tweets processed: 0
2026-07-30 23:04:04 INFO     | SentimentSniper      |   Trades executed: 0
2026-07-30 23:04:04 INFO     | SentimentSniper      |   Active trades: 0
2026-07-30 23:04:04 INFO     | SentimentSniper      |   Total PnL: $0.000000
2026-07-30 23:04:04 INFO     | SentimentSniper      | ==================================================
2026-07-30 23:04:04 INFO     | SentimentSniper      | ⏰ Sleeping 30s...
2026-07-30 23:04:45 ERROR    | SentimentSniper      | Twitter API error: HTTPSConnectionPool(host='api.twitter.com', port=443): Read timed out. (read timeout=10)
2026-07-30 23:04:45 INFO     | SentimentSniper      | ==================================================
2026-07-30 23:04:45 INFO     | SentimentSniper      |   📊 SENTIMENT SNIPER STATS
2026-07-30 23:04:45 INFO     | SentimentSniper      |   Tweets processed: 0
2026-07-30 23:04:45 INFO     | SentimentSniper      |   Trades executed: 0
2026-07-30 23:04:45 INFO     | SentimentSniper      |   Active trades: 0
2026-07-30 23:04:45 INFO     | SentimentSniper      |   Total PnL: $0.000000
2026-07-30 23:04:45 INFO     | SentimentSniper      | ==================================================
2026-07-30 23:04:45 INFO     | SentimentSniper      | ⏰ Sleeping 30s...
2026-07-30 23:05:25 ERROR    | SentimentSniper      | Twitter API error: HTTPSConnectionPool(host='api.twitter.com', port=443): Read timed out. (read timeout=10)
2026-07-30 23:05:25 INFO     | SentimentSniper      | ==================================================
2026-07-30 23:05:25 INFO     | SentimentSniper      |   📊 SENTIMENT SNIPER STATS
2026-07-30 23:05:25 INFO     | SentimentSniper      |   Tweets processed: 0
2026-07-30 23:05:25 INFO     | SentimentSniper      |   Trades executed: 0
2026-07-30 23:05:25 INFO     | SentimentSniper      |   Active trades: 0
2026-07-30 23:05:25 INFO     | SentimentSniper      |   Total PnL: $0.000000
2026-07-30 23:05:25 INFO     | SentimentSniper      | ==================================================
2026-07-30 23:05:25 INFO     | SentimentSniper      | ⏰ Sleeping 30s...
2026-07-30 23:06:05 ERROR    | SentimentSniper      | Twitter API error: HTTPSConnectionPool(host='api.twitter.com', port=443): Read timed out. (read timeout=10)
2026-07-30 23:06:05 INFO     | SentimentSniper      | ==================================================
2026-07-30 23:06:05 INFO     | SentimentSniper      |   📊 SENTIMENT SNIPER STATS
2026-07-30 23:06:05 INFO     | SentimentSniper      |   Tweets processed: 0
2026-07-30 23:06:05 INFO     | SentimentSniper      |   Trades executed: 0
2026-07-30 23:06:05 INFO     | SentimentSniper      |   Active trades: 0
2026-07-30 23:06:05 INFO     | SentimentSniper      |   Total PnL: $0.000000
2026-07-30 23:06:05 INFO     | SentimentSniper      | ==================================================
2026-07-30 23:06:05 INFO     | SentimentSniper      | ⏰ Sleeping 30s...
2026-07-30 23:06:46 ERROR    | SentimentSniper      | Twitter API error: HTTPSConnectionPool(host='api.twitter.com', port=443): Read timed out. (read timeout=10)
2026-07-30 23:06:46 INFO     | SentimentSniper      | ==================================================
2026-07-30 23:06:46 INFO     | SentimentSniper      |   📊 SENTIMENT SNIPER STATS
2026-07-30 23:06:46 INFO     | SentimentSniper      |   Tweets processed: 0
2026-07-30 23:06:46 INFO     | SentimentSniper      |   Trades executed: 0
2026-07-30 23:06:46 INFO     | SentimentSniper      |   Active trades: 0
2026-07-30 23:06:46 INFO     | SentimentSniper      |   Total PnL: $0.000000
2026-07-30 23:06:46 INFO     | SentimentSniper      | ==================================================
2026-07-30 23:06:46 INFO     | SentimentSniper      | ⏰ Sleeping 30s...
2026-07-30 23:07:26 ERROR    | SentimentSniper      | Twitter API error: HTTPSConnectionPool(host='api.twitter.com', port=443): Read timed out. (read timeout=10)
2026-07-30 23:07:26 INFO     | SentimentSniper      | ==================================================
2026-07-30 23:07:26 INFO     | SentimentSniper      |   📊 SENTIMENT SNIPER STATS
2026-07-30 23:07:26 INFO     | SentimentSniper      |   Tweets processed: 0
2026-07-30 23:07:26 INFO     | SentimentSniper      |   Trades executed: 0
2026-07-30 23:07:26 INFO     | SentimentSniper      |   Active trades: 0
2026-07-30 23:07:26 INFO     | SentimentSniper      |   Total PnL: $0.000000
2026-07-30 23:07:26 INFO     | SentimentSniper      | ==================================================
2026-07-30 23:07:26 INFO     | SentimentSniper      | ⏰ Sleeping 30s...
2026-07-30 23:08:07 ERROR    | SentimentSniper      | Twitter API error: HTTPSConnectionPool(host='api.twitter.com', port=443): Read timed out. (read timeout=10)
2026-07-30 23:08:07 INFO     | SentimentSniper      | ==================================================
2026-07-30 23:08:07 INFO     | SentimentSniper      |   📊 SENTIMENT SNIPER STATS
2026-07-30 23:08:07 INFO     | SentimentSniper      |   Tweets processed: 0
2026-07-30 23:08:07 INFO     | SentimentSniper      |   Trades executed: 0
2026-07-30 23:08:07 INFO     | SentimentSniper      |   Active trades: 0
2026-07-30 23:08:07 INFO     | SentimentSniper      |   Total PnL: $0.000000
2026-07-30 23:08:07 INFO     | SentimentSniper      | ==================================================
2026-07-30 23:08:07 INFO     | SentimentSniper      | ⏰ Sleeping 30s...
2026-07-30 23:08:47 ERROR    | SentimentSniper      | Twitter API error: HTTPSConnectionPool(host='api.twitter.com', port=443): Read timed out. (read timeout=10)
2026-07-30 23:08:47 INFO     | SentimentSniper      | ==================================================
2026-07-30 23:08:47 INFO     | SentimentSniper      |   📊 SENTIMENT SNIPER STATS
2026-07-30 23:08:47 INFO     | SentimentSniper      |   Tweets processed: 0
2026-07-30 23:08:47 INFO     | SentimentSniper      |   Trades executed: 0
2026-07-30 23:08:47 INFO     | SentimentSniper      |   Active trades: 0
2026-07-30 23:08:47 INFO     | SentimentSniper      |   Total PnL: $0.000000
2026-07-30 23:08:47 INFO     | SentimentSniper      | ==================================================
2026-07-30 23:08:47 INFO     | SentimentSniper      | ⏰ Sleeping 30s...
2026-07-30 23:09:28 ERROR    | SentimentSniper      | Twitter API error: HTTPSConnectionPool(host='api.twitter.com', port=443): Read timed out. (read timeout=10)
2026-07-30 23:09:28 INFO     | SentimentSniper      | ==================================================
2026-07-30 23:09:28 INFO     | SentimentSniper      |   📊 SENTIMENT SNIPER STATS
2026-07-30 23:09:28 INFO     | SentimentSniper      |   Tweets processed: 0
2026-07-30 23:09:28 INFO     | SentimentSniper      |   Trades executed: 0
2026-07-30 23:09:28 INFO     | SentimentSniper      |   Active trades: 0
2026-07-30 23:09:28 INFO     | SentimentSniper      |   Total PnL: $0.000000
2026-07-30 23:09:28 INFO     | SentimentSniper      | ==================================================
2026-07-30 23:09:28 INFO     | SentimentSniper      | ⏰ Sleeping 30s...
2026-07-30 23:10:08 ERROR    | SentimentSniper      | Twitter API error: HTTPSConnectionPool(host='api.twitter.com', port=443): Read timed out. (read timeout=10)
2026-07-30 23:10:08 INFO     | SentimentSniper      | ==================================================
2026-07-30 23:10:08 INFO     | SentimentSniper      |   📊 SENTIMENT SNIPER STATS
2026-07-30 23:10:08 INFO     | SentimentSniper      |   Tweets processed: 0
2026-07-30 23:10:08 INFO     | SentimentSniper      |   Trades executed: 0
2026-07-30 23:10:08 INFO     | SentimentSniper      |   Active trades: 0
2026-07-30 23:10:08 INFO     | SentimentSniper      |   Total PnL: $0.000000
2026-07-30 23:10:08 INFO     | SentimentSniper      | ==================================================
2026-07-30 23:10:08 INFO     | SentimentSniper      | ⏰ Sleeping 30s...
2026-07-30 23:10:48 ERROR    | SentimentSniper      | Twitter API error: HTTPSConnectionPool(host='api.twitter.com', port=443): Read timed out. (read timeout=10)
2026-07-30 23:10:48 INFO     | SentimentSniper      | ==================================================
2026-07-30 23:10:48 INFO     | SentimentSniper      |   📊 SENTIMENT SNIPER STATS
2026-07-30 23:10:48 INFO     | SentimentSniper      |   Tweets processed: 0
2026-07-30 23:10:48 INFO     | SentimentSniper      |   Trades executed: 0
2026-07-30 23:10:48 INFO     | SentimentSniper      |   Active trades: 0
2026-07-30 23:10:48 INFO     | SentimentSniper      |   Total PnL: $0.000000
2026-07-30 23:10:48 INFO     | SentimentSniper      | ==================================================
2026-07-30 23:10:48 INFO     | SentimentSniper      | ⏰ Sleeping 30s...
2026-07-30 23:11:29 ERROR    | SentimentSniper      | Twitter API error: HTTPSConnectionPool(host='api.twitter.com', port=443): Read timed out. (read timeout=10)
2026-07-30 23:11:29 INFO     | SentimentSniper      | ==================================================
2026-07-30 23:11:29 INFO     | SentimentSniper      |   📊 SENTIMENT SNIPER STATS
2026-07-30 23:11:29 INFO     | SentimentSniper      |   Tweets processed: 0
2026-07-30 23:11:29 INFO     | SentimentSniper      |   Trades executed: 0
2026-07-30 23:11:29 INFO     | SentimentSniper      |   Active trades: 0
2026-07-30 23:11:29 INFO     | SentimentSniper      |   Total PnL: $0.000000
2026-07-30 23:11:29 INFO     | SentimentSniper      | ==================================================
2026-07-30 23:11:29 INFO     | SentimentSniper      | ⏰ Sleeping 30s...
2026-07-30 23:12:09 ERROR    | SentimentSniper      | Twitter API error: HTTPSConnectionPool(host='api.twitter.com', port=443): Read timed out. (read timeout=10)
2026-07-30 23:12:09 INFO     | SentimentSniper      | ==================================================
2026-07-30 23:12:09 INFO     | SentimentSniper      |   📊 SENTIMENT SNIPER STATS
2026-07-30 23:12:09 INFO     | SentimentSniper      |   Tweets processed: 0
2026-07-30 23:12:09 INFO     | SentimentSniper      |   Trades executed: 0
2026-07-30 23:12:09 INFO     | SentimentSniper      |   Active trades: 0
2026-07-30 23:12:09 INFO     | SentimentSniper      |   Total PnL: $0.000000
2026-07-30 23:12:09 INFO     | SentimentSniper      | ==================================================
2026-07-30 23:12:09 INFO     | SentimentSniper      | ⏰ Sleeping 30s...
2026-07-30 23:12:49 ERROR    | SentimentSniper      | Twitter API error: HTTPSConnectionPool(host='api.twitter.com', port=443): Read timed out. (read timeout=10)
2026-07-30 23:12:49 INFO     | SentimentSniper      | ==================================================
2026-07-30 23:12:49 INFO     | SentimentSniper      |   📊 SENTIMENT SNIPER STATS
2026-07-30 23:12:49 INFO     | SentimentSniper      |   Tweets processed: 0
2026-07-30 23:12:49 INFO     | SentimentSniper      |   Trades executed: 0
2026-07-30 23:12:49 INFO     | SentimentSniper      |   Active trades: 0
2026-07-30 23:12:49 INFO     | SentimentSniper      |   Total PnL: $0.000000
2026-07-30 23:12:49 INFO     | SentimentSniper      | ==================================================
2026-07-30 23:12:49 INFO     | SentimentSniper      | ⏰ Sleeping 30s...
2026-07-30 23:13:30 ERROR    | SentimentSniper      | Twitter API error: HTTPSConnectionPool(host='api.twitter.com', port=443): Read timed out. (read timeout=10)
2026-07-30 23:13:30 INFO     | SentimentSniper      | ==================================================
2026-07-30 23:13:30 INFO     | SentimentSniper      |   📊 SENTIMENT SNIPER STATS
2026-07-30 23:13:30 INFO     | SentimentSniper      |   Tweets processed: 0
2026-07-30 23:13:30 INFO     | SentimentSniper      |   Trades executed: 0
2026-07-30 23:13:30 INFO     | SentimentSniper      |   Active trades: 0
2026-07-30 23:13:30 INFO     | SentimentSniper      |   Total PnL: $0.000000
2026-07-30 23:13:30 INFO     | SentimentSniper      | ==================================================
2026-07-30 23:13:30 INFO     | SentimentSniper      | ⏰ Sleeping 30s...
2026-07-30 23:14:10 ERROR    | SentimentSniper      | Twitter API error: HTTPSConnectionPool(host='api.twitter.com', port=443): Read timed out. (read timeout=10)
2026-07-30 23:14:10 INFO     | SentimentSniper      | ==================================================
2026-07-30 23:14:10 INFO     | SentimentSniper      |   📊 SENTIMENT SNIPER STATS
2026-07-30 23:14:10 INFO     | SentimentSniper      |   Tweets processed: 0
2026-07-30 23:14:10 INFO     | SentimentSniper      |   Trades executed: 0
2026-07-30 23:14:10 INFO     | SentimentSniper      |   Active trades: 0
2026-07-30 23:14:10 INFO     | SentimentSniper      |   Total PnL: $0.000000
2026-07-30 23:14:10 INFO     | SentimentSniper      | ==================================================
2026-07-30 23:14:10 INFO     | SentimentSniper      | ⏰ Sleeping 30s...
2026-07-30 23:14:51 ERROR    | SentimentSniper      | Twitter API error: HTTPSConnectionPool(host='api.twitter.com', port=443): Read timed out. (read timeout=10)
2026-07-30 23:14:51 INFO     | SentimentSniper      | ==================================================
2026-07-30 23:14:51 INFO     | SentimentSniper      |   📊 SENTIMENT SNIPER STATS
2026-07-30 23:14:51 INFO     | SentimentSniper      |   Tweets processed: 0
2026-07-30 23:14:51 INFO     | SentimentSniper      |   Trades executed: 0
2026-07-30 23:14:51 INFO     | SentimentSniper      |   Active trades: 0
2026-07-30 23:14:51 INFO     | SentimentSniper      |   Total PnL: $0.000000
2026-07-30 23:14:51 INFO     | SentimentSniper      | ==================================================
2026-07-30 23:14:51 INFO     | SentimentSniper      | ⏰ Sleeping 30s...
2026-07-30 23:15:31 ERROR    | SentimentSniper      | Twitter API error: HTTPSConnectionPool(host='api.twitter.com', port=443): Read timed out. (read timeout=10)
2026-07-30 23:15:31 INFO     | SentimentSniper      | ==================================================
2026-07-30 23:15:31 INFO     | SentimentSniper      |   📊 SENTIMENT SNIPER STATS
2026-07-30 23:15:31 INFO     | SentimentSniper      |   Tweets processed: 0
2026-07-30 23:15:31 INFO     | SentimentSniper      |   Trades executed: 0
2026-07-30 23:15:31 INFO     | SentimentSniper      |   Active trades: 0
2026-07-30 23:15:31 INFO     | SentimentSniper      |   Total PnL: $0.000000
2026-07-30 23:15:31 INFO     | SentimentSniper      | ==================================================
2026-07-30 23:15:31 INFO     | SentimentSniper      | ⏰ Sleeping 30s...
2026-07-30 23:16:12 ERROR    | SentimentSniper      | Twitter API error: HTTPSConnectionPool(host='api.twitter.com', port=443): Read timed out. (read timeout=10)
2026-07-30 23:16:12 INFO     | SentimentSniper      | ==================================================
2026-07-30 23:16:12 INFO     | SentimentSniper      |   📊 SENTIMENT SNIPER STATS
2026-07-30 23:16:12 INFO     | SentimentSniper      |   Tweets processed: 0
2026-07-30 23:16:12 INFO     | SentimentSniper      |   Trades executed: 0
2026-07-30 23:16:12 INFO     | SentimentSniper      |   Active trades: 0
2026-07-30 23:16:12 INFO     | SentimentSniper      |   Total PnL: $0.000000
2026-07-30 23:16:12 INFO     | SentimentSniper      | ==================================================
2026-07-30 23:16:12 INFO     | SentimentSniper      | ⏰ Sleeping 30s...
2026-07-30 23:16:52 ERROR    | SentimentSniper      | Twitter API error: HTTPSConnectionPool(host='api.twitter.com', port=443): Read timed out. (read timeout=10)
2026-07-30 23:16:52 INFO     | SentimentSniper      | ==================================================
2026-07-30 23:16:52 INFO     | SentimentSniper      |   📊 SENTIMENT SNIPER STATS
2026-07-30 23:16:52 INFO     | SentimentSniper      |   Tweets processed: 0
2026-07-30 23:16:52 INFO     | SentimentSniper      |   Trades executed: 0
2026-07-30 23:16:52 INFO     | SentimentSniper      |   Active trades: 0
2026-07-30 23:16:52 INFO     | SentimentSniper      |   Total PnL: $0.000000
2026-07-30 23:16:52 INFO     | SentimentSniper      | ==================================================
2026-07-30 23:16:52 INFO     | SentimentSniper      | ⏰ Sleeping 30s...
2026-07-30 23:17:32 ERROR    | SentimentSniper      | Twitter API error: HTTPSConnectionPool(host='api.twitter.com', port=443): Read timed out. (read timeout=10)
2026-07-30 23:17:32 INFO     | SentimentSniper      | ==================================================
2026-07-30 23:17:32 INFO     | SentimentSniper      |   📊 SENTIMENT SNIPER STATS
2026-07-30 23:17:32 INFO     | SentimentSniper      |   Tweets processed: 0
2026-07-30 23:17:32 INFO     | SentimentSniper      |   Trades executed: 0
2026-07-30 23:17:32 INFO     | SentimentSniper      |   Active trades: 0
2026-07-30 23:17:32 INFO     | SentimentSniper      |   Total PnL: $0.000000
2026-07-30 23:17:32 INFO     | SentimentSniper      | ==================================================
2026-07-30 23:17:32 INFO     | SentimentSniper      | ⏰ Sleeping 30s...
2026-07-30 23:18:13 ERROR    | SentimentSniper      | Twitter API error: HTTPSConnectionPool(host='api.twitter.com', port=443): Read timed out. (read timeout=10)
2026-07-30 23:18:13 INFO     | SentimentSniper      | ==================================================
2026-07-30 23:18:13 INFO     | SentimentSniper      |   📊 SENTIMENT SNIPER STATS
2026-07-30 23:18:13 INFO     | SentimentSniper      |   Tweets processed: 0
2026-07-30 23:18:13 INFO     | SentimentSniper      |   Trades executed: 0
2026-07-30 23:18:13 INFO     | SentimentSniper      |   Active trades: 0
2026-07-30 23:18:13 INFO     | SentimentSniper      |   Total PnL: $0.000000
2026-07-30 23:18:13 INFO     | SentimentSniper      | ==================================================
2026-07-30 23:18:13 INFO     | SentimentSniper      | ⏰ Sleeping 30s...
2026-07-30 23:18:53 ERROR    | SentimentSniper      | Twitter API error: HTTPSConnectionPool(host='api.twitter.com', port=443): Read timed out. (read timeout=10)
2026-07-30 23:18:53 INFO     | SentimentSniper      | ==================================================
2026-07-30 23:18:53 INFO     | SentimentSniper      |   📊 SENTIMENT SNIPER STATS
2026-07-30 23:18:53 INFO     | SentimentSniper      |   Tweets processed: 0
2026-07-30 23:18:53 INFO     | SentimentSniper      |   Trades executed: 0
2026-07-30 23:18:53 INFO     | SentimentSniper      |   Active trades: 0
2026-07-30 23:18:53 INFO     | SentimentSniper      |   Total PnL: $0.000000
2026-07-30 23:18:53 INFO     | SentimentSniper      | ==================================================
2026-07-30 23:18:53 INFO     | SentimentSniper      | ⏰ Sleeping 30s...
2026-07-30 23:19:34 ERROR    | SentimentSniper      | Twitter API error: HTTPSConnectionPool(host='api.twitter.com', port=443): Read timed out. (read timeout=10)
2026-07-30 23:19:34 INFO     | SentimentSniper      | ==================================================
2026-07-30 23:19:34 INFO     | SentimentSniper      |   📊 SENTIMENT SNIPER STATS
2026-07-30 23:19:34 INFO     | SentimentSniper      |   Tweets processed: 0
2026-07-30 23:19:34 INFO     | SentimentSniper      |   Trades executed: 0
2026-07-30 23:19:34 INFO     | SentimentSniper      |   Active trades: 0
2026-07-30 23:19:34 INFO     | SentimentSniper      |   Total PnL: $0.000000
2026-07-30 23:19:34 INFO     | SentimentSniper      | ==================================================
2026-07-30 23:19:34 INFO     | SentimentSniper      | ⏰ Sleeping 30s...
2026-07-30 23:20:14 ERROR    | SentimentSniper      | Twitter API error: HTTPSConnectionPool(host='api.twitter.com', port=443): Read timed out. (read timeout=10)
2026-07-30 23:20:14 INFO     | SentimentSniper      | ==================================================
2026-07-30 23:20:14 INFO     | SentimentSniper      |   📊 SENTIMENT SNIPER STATS
2026-07-30 23:20:14 INFO     | SentimentSniper      |   Tweets processed: 0
2026-07-30 23:20:14 INFO     | SentimentSniper      |   Trades executed: 0
2026-07-30 23:20:14 INFO     | SentimentSniper      |   Active trades: 0
2026-07-30 23:20:14 INFO     | SentimentSniper      |   Total PnL: $0.000000
2026-07-30 23:20:14 INFO     | SentimentSniper      | ==================================================
2026-07-30 23:20:14 INFO     | SentimentSniper      | ⏰ Sleeping 30s...
2026-07-30 23:20:54 ERROR    | SentimentSniper      | Twitter API error: HTTPSConnectionPool(host='api.twitter.com', port=443): Read timed out. (read timeout=10)
2026-07-30 23:20:54 INFO     | SentimentSniper      | ==================================================
2026-07-30 23:20:54 INFO     | SentimentSniper      |   📊 SENTIMENT SNIPER STATS
2026-07-30 23:20:54 INFO     | SentimentSniper      |   Tweets processed: 0
2026-07-30 23:20:54 INFO     | SentimentSniper      |   Trades executed: 0
2026-07-30 23:20:54 INFO     | SentimentSniper      |   Active trades: 0
2026-07-30 23:20:54 INFO     | SentimentSniper      |   Total PnL: $0.000000
2026-07-30 23:20:54 INFO     | SentimentSniper      | ==================================================
2026-07-30 23:20:54 INFO     | SentimentSniper      | ⏰ Sleeping 30s...
2026-07-30 23:21:35 ERROR    | SentimentSniper      | Twitter API error: HTTPSConnectionPool(host='api.twitter.com', port=443): Read timed out. (read timeout=10)
2026-07-30 23:21:35 INFO     | SentimentSniper      | ==================================================
2026-07-30 23:21:35 INFO     | SentimentSniper      |   📊 SENTIMENT SNIPER STATS
2026-07-30 23:21:35 INFO     | SentimentSniper      |   Tweets processed: 0
2026-07-30 23:21:35 INFO     | SentimentSniper      |   Trades executed: 0
2026-07-30 23:21:35 INFO     | SentimentSniper      |   Active trades: 0
2026-07-30 23:21:35 INFO     | SentimentSniper      |   Total PnL: $0.000000
2026-07-30 23:21:35 INFO     | SentimentSniper      | ==================================================
2026-07-30 23:21:35 INFO     | SentimentSniper      | ⏰ Sleeping 30s...
2026-07-30 23:22:15 ERROR    | SentimentSniper      | Twitter API error: HTTPSConnectionPool(host='api.twitter.com', port=443): Read timed out. (read timeout=10)
2026-07-30 23:22:15 INFO     | SentimentSniper      | ==================================================
2026-07-30 23:22:15 INFO     | SentimentSniper      |   📊 SENTIMENT SNIPER STATS
2026-07-30 23:22:15 INFO     | SentimentSniper      |   Tweets processed: 0
2026-07-30 23:22:15 INFO     | SentimentSniper      |   Trades executed: 0
2026-07-30 23:22:15 INFO     | SentimentSniper      |   Active trades: 0
2026-07-30 23:22:15 INFO     | SentimentSniper      |   Total PnL: $0.000000
2026-07-30 23:22:15 INFO     | SentimentSniper      | ==================================================
2026-07-30 23:22:15 INFO     | SentimentSniper      | ⏰ Sleeping 30s...
2026-07-30 23:22:56 ERROR    | SentimentSniper      | Twitter API error: HTTPSConnectionPool(host='api.twitter.com', port=443): Read timed out. (read timeout=10)
2026-07-30 23:22:56 INFO     | SentimentSniper      | ==================================================
2026-07-30 23:22:56 INFO     | SentimentSniper      |   📊 SENTIMENT SNIPER STATS
2026-07-30 23:22:56 INFO     | SentimentSniper      |   Tweets processed: 0
2026-07-30 23:22:56 INFO     | SentimentSniper      |   Trades executed: 0
2026-07-30 23:22:56 INFO     | SentimentSniper      |   Active trades: 0
2026-07-30 23:22:56 INFO     | SentimentSniper      |   Total PnL: $0.000000
2026-07-30 23:22:56 INFO     | SentimentSniper      | ==================================================
2026-07-30 23:22:56 INFO     | SentimentSniper      | ⏰ Sleeping 30s...
2026-07-30 23:23:36 ERROR    | SentimentSniper      | Twitter API error: HTTPSConnectionPool(host='api.twitter.com', port=443): Read timed out. (read timeout=10)
2026-07-30 23:23:36 INFO     | SentimentSniper      | ==================================================
2026-07-30 23:23:36 INFO     | SentimentSniper      |   📊 SENTIMENT SNIPER STATS
2026-07-30 23:23:36 INFO     | SentimentSniper      |   Tweets processed: 0
2026-07-30 23:23:36 INFO     | SentimentSniper      |   Trades executed: 0
2026-07-30 23:23:36 INFO     | SentimentSniper      |   Active trades: 0
2026-07-30 23:23:36 INFO     | SentimentSniper      |   Total PnL: $0.000000
2026-07-30 23:23:36 INFO     | SentimentSniper      | ==================================================
2026-07-30 23:23:36 INFO     | SentimentSniper      | ⏰ Sleeping 30s...
2026-07-30 23:24:16 ERROR    | SentimentSniper      | Twitter API error: HTTPSConnectionPool(host='api.twitter.com', port=443): Read timed out. (read timeout=10)
2026-07-30 23:24:16 INFO     | SentimentSniper      | ==================================================
2026-07-30 23:24:16 INFO     | SentimentSniper      |   📊 SENTIMENT SNIPER STATS
2026-07-30 23:24:16 INFO     | SentimentSniper      |   Tweets processed: 0
2026-07-30 23:24:16 INFO     | SentimentSniper      |   Trades executed: 0
2026-07-30 23:24:16 INFO     | SentimentSniper      |   Active trades: 0
2026-07-30 23:24:16 INFO     | SentimentSniper      |   Total PnL: $0.000000
2026-07-30 23:24:16 INFO     | SentimentSniper      | ==================================================
2026-07-30 23:24:16 INFO     | SentimentSniper      | ⏰ Sleeping 30s...
2026-07-30 23:24:57 ERROR    | SentimentSniper      | Twitter API error: HTTPSConnectionPool(host='api.twitter.com', port=443): Read timed out. (read timeout=10)
2026-07-30 23:24:57 INFO     | SentimentSniper      | ==================================================
2026-07-30 23:24:57 INFO     | SentimentSniper      |   📊 SENTIMENT SNIPER STATS
2026-07-30 23:24:57 INFO     | SentimentSniper      |   Tweets processed: 0
2026-07-30 23:24:57 INFO     | SentimentSniper      |   Trades executed: 0
2026-07-30 23:24:57 INFO     | SentimentSniper      |   Active trades: 0
2026-07-30 23:24:57 INFO     | SentimentSniper      |   Total PnL: $0.000000
2026-07-30 23:24:57 INFO     | SentimentSniper      | ==================================================
2026-07-30 23:24:57 INFO     | SentimentSniper      | ⏰ Sleeping 30s...
2026-07-30 23:25:37 ERROR    | SentimentSniper      | Twitter API error: HTTPSConnectionPool(host='api.twitter.com', port=443): Read timed out. (read timeout=10)
2026-07-30 23:25:37 INFO     | SentimentSniper      | ==================================================
2026-07-30 23:25:37 INFO     | SentimentSniper      |   📊 SENTIMENT SNIPER STATS
2026-07-30 23:25:37 INFO     | SentimentSniper      |   Tweets processed: 0
2026-07-30 23:25:37 INFO     | SentimentSniper      |   Trades executed: 0
2026-07-30 23:25:37 INFO     | SentimentSniper      |   Active trades: 0
2026-07-30 23:25:37 INFO     | SentimentSniper      |   Total PnL: $0.000000
2026-07-30 23:25:37 INFO     | SentimentSniper      | ==================================================
2026-07-30 23:25:37 INFO     | SentimentSniper      | ⏰ Sleeping 30s...
2026-07-30 23:26:18 ERROR    | SentimentSniper      | Twitter API error: HTTPSConnectionPool(host='api.twitter.com', port=443): Read timed out. (read timeout=10)
2026-07-30 23:26:18 INFO     | SentimentSniper      | ==================================================
2026-07-30 23:26:18 INFO     | SentimentSniper      |   📊 SENTIMENT SNIPER STATS
2026-07-30 23:26:18 INFO     | SentimentSniper      |   Tweets processed: 0
2026-07-30 23:26:18 INFO     | SentimentSniper      |   Trades executed: 0
2026-07-30 23:26:18 INFO     | SentimentSniper      |   Active trades: 0
2026-07-30 23:26:18 INFO     | SentimentSniper      |   Total PnL: $0.000000
2026-07-30 23:26:18 INFO     | SentimentSniper      | ==================================================
2026-07-30 23:26:18 INFO     | SentimentSniper      | ⏰ Sleeping 30s...
2026-07-30 23:26:58 ERROR    | SentimentSniper      | Twitter API error: HTTPSConnectionPool(host='api.twitter.com', port=443): Read timed out. (read timeout=10)
2026-07-30 23:26:58 INFO     | SentimentSniper      | ==================================================
2026-07-30 23:26:58 INFO     | SentimentSniper      |   📊 SENTIMENT SNIPER STATS
2026-07-30 23:26:58 INFO     | SentimentSniper      |   Tweets processed: 0
2026-07-30 23:26:58 INFO     | SentimentSniper      |   Trades executed: 0
2026-07-30 23:26:58 INFO     | SentimentSniper      |   Active trades: 0
2026-07-30 23:26:58 INFO     | SentimentSniper      |   Total PnL: $0.000000
2026-07-30 23:26:58 INFO     | SentimentSniper      | ==================================================
2026-07-30 23:26:58 INFO     | SentimentSniper      | ⏰ Sleeping 30s...
2026-07-30 23:27:39 ERROR    | SentimentSniper      | Twitter API error: HTTPSConnectionPool(host='api.twitter.com', port=443): Read timed out. (read timeout=10)
2026-07-30 23:27:39 INFO     | SentimentSniper      | ==================================================
2026-07-30 23:27:39 INFO     | SentimentSniper      |   📊 SENTIMENT SNIPER STATS
2026-07-30 23:27:39 INFO     | SentimentSniper      |   Tweets processed: 0
2026-07-30 23:27:39 INFO     | SentimentSniper      |   Trades executed: 0
2026-07-30 23:27:39 INFO     | SentimentSniper      |   Active trades: 0
2026-07-30 23:27:39 INFO     | SentimentSniper      |   Total PnL: $0.000000
2026-07-30 23:27:39 INFO     | SentimentSniper      | ==================================================
2026-07-30 23:27:39 INFO     | SentimentSniper      | ⏰ Sleeping 30s...
2026-07-30 23:28:19 ERROR    | SentimentSniper      | Twitter API error: HTTPSConnectionPool(host='api.twitter.com', port=443): Read timed out. (read timeout=10)
2026-07-30 23:28:19 INFO     | SentimentSniper      | ==================================================
2026-07-30 23:28:19 INFO     | SentimentSniper      |   📊 SENTIMENT SNIPER STATS
2026-07-30 23:28:19 INFO     | SentimentSniper      |   Tweets processed: 0
2026-07-30 23:28:19 INFO     | SentimentSniper      |   Trades executed: 0
2026-07-30 23:28:19 INFO     | SentimentSniper      |   Active trades: 0
2026-07-30 23:28:19 INFO     | SentimentSniper      |   Total PnL: $0.000000
2026-07-30 23:28:19 INFO     | SentimentSniper      | ==================================================
2026-07-30 23:28:19 INFO     | SentimentSniper      | ⏰ Sleeping 30s...
2026-07-30 23:28:53 INFO     | SentimentSniper      | ==================================================
2026-07-30 23:28:53 INFO     | SentimentSniper      |   📊 SENTIMENT SNIPER STATS
2026-07-30 23:28:53 INFO     | SentimentSniper      |   Tweets processed: 0
2026-07-30 23:28:53 INFO     | SentimentSniper      |   Trades executed: 0
2026-07-30 23:28:53 INFO     | SentimentSniper      |   Active trades: 0
2026-07-30 23:28:53 INFO     | SentimentSniper      |   Total PnL: $0.000000
2026-07-30 23:28:53 INFO     | SentimentSniper      | ==================================================
2026-07-30 23:28:53 INFO     | SentimentSniper      | ⏰ Sleeping 30s...
2026-07-30 23:29:26 INFO     | SentimentSniper      | ==================================================
2026-07-30 23:29:26 INFO     | SentimentSniper      |   📊 SENTIMENT SNIPER STATS
2026-07-30 23:29:26 INFO     | SentimentSniper      |   Tweets processed: 0
2026-07-30 23:29:26 INFO     | SentimentSniper      |   Trades executed: 0
2026-07-30 23:29:26 INFO     | SentimentSniper      |   Active trades: 0
2026-07-30 23:29:26 INFO     | SentimentSniper      |   Total PnL: $0.000000
2026-07-30 23:29:26 INFO     | SentimentSniper      | ==================================================
2026-07-30 23:29:26 INFO     | SentimentSniper      | ⏰ Sleeping 30s...
2026-07-30 23:30:07 ERROR    | SentimentSniper      | Twitter API error: HTTPSConnectionPool(host='api.twitter.com', port=443): Read timed out. (read timeout=10)
2026-07-30 23:30:07 INFO     | SentimentSniper      | ==================================================
2026-07-30 23:30:07 INFO     | SentimentSniper      |   📊 SENTIMENT SNIPER STATS
2026-07-30 23:30:07 INFO     | SentimentSniper      |   Tweets processed: 0
2026-07-30 23:30:07 INFO     | SentimentSniper      |   Trades executed: 0
2026-07-30 23:30:07 INFO     | SentimentSniper      |   Active trades: 0
2026-07-30 23:30:07 INFO     | SentimentSniper      |   Total PnL: $0.000000
2026-07-30 23:30:07 INFO     | SentimentSniper      | ==================================================
2026-07-30 23:30:07 INFO     | SentimentSniper      | ⏰ Sleeping 30s...
2026-07-30 23:30:47 ERROR    | SentimentSniper      | Twitter API error: HTTPSConnectionPool(host='api.twitter.com', port=443): Read timed out. (read timeout=10)
2026-07-30 23:30:47 INFO     | SentimentSniper      | ==================================================
2026-07-30 23:30:47 INFO     | SentimentSniper      |   📊 SENTIMENT SNIPER STATS
2026-07-30 23:30:47 INFO     | SentimentSniper      |   Tweets processed: 0
2026-07-30 23:30:47 INFO     | SentimentSniper      |   Trades executed: 0
2026-07-30 23:30:47 INFO     | SentimentSniper      |   Active trades: 0
2026-07-30 23:30:47 INFO     | SentimentSniper      |   Total PnL: $0.000000
2026-07-30 23:30:47 INFO     | SentimentSniper      | ==================================================
2026-07-30 23:30:47 INFO     | SentimentSniper      | ⏰ Sleeping 30s...
2026-07-30 23:31:27 ERROR    | SentimentSniper      | Twitter API error: HTTPSConnectionPool(host='api.twitter.com', port=443): Read timed out. (read timeout=10)
2026-07-30 23:31:27 INFO     | SentimentSniper      | ==================================================
2026-07-30 23:31:27 INFO     | SentimentSniper      |   📊 SENTIMENT SNIPER STATS
2026-07-30 23:31:27 INFO     | SentimentSniper      |   Tweets processed: 0
2026-07-30 23:31:27 INFO     | SentimentSniper      |   Trades executed: 0
2026-07-30 23:31:27 INFO     | SentimentSniper      |   Active trades: 0
2026-07-30 23:31:27 INFO     | SentimentSniper      |   Total PnL: $0.000000
2026-07-30 23:31:27 INFO     | SentimentSniper      | ==================================================
2026-07-30 23:31:27 INFO     | SentimentSniper      | ⏰ Sleeping 30s...
2026-07-30 23:32:08 ERROR    | SentimentSniper      | Twitter API error: HTTPSConnectionPool(host='api.twitter.com', port=443): Read timed out. (read timeout=10)
2026-07-30 23:32:08 INFO     | SentimentSniper      | ==================================================
2026-07-30 23:32:08 INFO     | SentimentSniper      |   📊 SENTIMENT SNIPER STATS
2026-07-30 23:32:08 INFO     | SentimentSniper      |   Tweets processed: 0
2026-07-30 23:32:08 INFO     | SentimentSniper      |   Trades executed: 0
2026-07-30 23:32:08 INFO     | SentimentSniper      |   Active trades: 0
2026-07-30 23:32:08 INFO     | SentimentSniper      |   Total PnL: $0.000000
2026-07-30 23:32:08 INFO     | SentimentSniper      | ==================================================
2026-07-30 23:32:08 INFO     | SentimentSniper      | ⏰ Sleeping 30s...
2026-07-30 23:32:48 ERROR    | SentimentSniper      | Twitter API error: HTTPSConnectionPool(host='api.twitter.com', port=443): Read timed out. (read timeout=10)
2026-07-30 23:32:48 INFO     | SentimentSniper      | ==================================================
2026-07-30 23:32:48 INFO     | SentimentSniper      |   📊 SENTIMENT SNIPER STATS
2026-07-30 23:32:48 INFO     | SentimentSniper      |   Tweets processed: 0
2026-07-30 23:32:48 INFO     | SentimentSniper      |   Trades executed: 0
2026-07-30 23:32:48 INFO     | SentimentSniper      |   Active trades: 0
2026-07-30 23:32:48 INFO     | SentimentSniper      |   Total PnL: $0.000000
2026-07-30 23:32:48 INFO     | SentimentSniper      | ==================================================
2026-07-30 23:32:48 INFO     | SentimentSniper      | ⏰ Sleeping 30s...
2026-07-30 23:33:29 ERROR    | SentimentSniper      | Twitter API error: HTTPSConnectionPool(host='api.twitter.com', port=443): Read timed out. (read timeout=10)
2026-07-30 23:33:29 INFO     | SentimentSniper      | ==================================================
2026-07-30 23:33:29 INFO     | SentimentSniper      |   📊 SENTIMENT SNIPER STATS
2026-07-30 23:33:29 INFO     | SentimentSniper      |   Tweets processed: 0
2026-07-30 23:33:29 INFO     | SentimentSniper      |   Trades executed: 0
2026-07-30 23:33:29 INFO     | SentimentSniper      |   Active trades: 0
2026-07-30 23:33:29 INFO     | SentimentSniper      |   Total PnL: $0.000000
2026-07-30 23:33:29 INFO     | SentimentSniper      | ==================================================
2026-07-30 23:33:29 INFO     | SentimentSniper      | ⏰ Sleeping 30s...
2026-07-30 23:34:09 ERROR    | SentimentSniper      | Twitter API error: HTTPSConnectionPool(host='api.twitter.com', port=443): Read timed out. (read timeout=10)
2026-07-30 23:34:09 INFO     | SentimentSniper      | ==================================================
2026-07-30 23:34:09 INFO     | SentimentSniper      |   📊 SENTIMENT SNIPER STATS
2026-07-30 23:34:09 INFO     | SentimentSniper      |   Tweets processed: 0
2026-07-30 23:34:09 INFO     | SentimentSniper      |   Trades executed: 0
2026-07-30 23:34:09 INFO     | SentimentSniper      |   Active trades: 0
2026-07-30 23:34:09 INFO     | SentimentSniper      |   Total PnL: $0.000000
2026-07-30 23:34:09 INFO     | SentimentSniper      | ==================================================
2026-07-30 23:34:09 INFO     | SentimentSniper      | ⏰ Sleeping 30s...
2026-07-30 23:34:49 ERROR    | SentimentSniper      | Twitter API error: HTTPSConnectionPool(host='api.twitter.com', port=443): Read timed out. (read timeout=10)
2026-07-30 23:34:49 INFO     | SentimentSniper      | ==================================================
2026-07-30 23:34:49 INFO     | SentimentSniper      |   📊 SENTIMENT SNIPER STATS
2026-07-30 23:34:49 INFO     | SentimentSniper      |   Tweets processed: 0
2026-07-30 23:34:49 INFO     | SentimentSniper      |   Trades executed: 0
2026-07-30 23:34:49 INFO     | SentimentSniper      |   Active trades: 0
2026-07-30 23:34:49 INFO     | SentimentSniper      |   Total PnL: $0.000000
2026-07-30 23:34:49 INFO     | SentimentSniper      | ==================================================
2026-07-30 23:34:49 INFO     | SentimentSniper      | ⏰ Sleeping 30s...
2026-07-30 23:35:30 ERROR    | SentimentSniper      | Twitter API error: HTTPSConnectionPool(host='api.twitter.com', port=443): Read timed out. (read timeout=10)
2026-07-30 23:35:30 INFO     | SentimentSniper      | ==================================================
2026-07-30 23:35:30 INFO     | SentimentSniper      |   📊 SENTIMENT SNIPER STATS
2026-07-30 23:35:30 INFO     | SentimentSniper      |   Tweets processed: 0
2026-07-30 23:35:30 INFO     | SentimentSniper      |   Trades executed: 0
2026-07-30 23:35:30 INFO     | SentimentSniper      |   Active trades: 0
2026-07-30 23:35:30 INFO     | SentimentSniper      |   Total PnL: $0.000000
2026-07-30 23:35:30 INFO     | SentimentSniper      | ==================================================
2026-07-30 23:35:30 INFO     | SentimentSniper      | ⏰ Sleeping 30s...
2026-07-30 23:36:10 ERROR    | SentimentSniper      | Twitter API error: HTTPSConnectionPool(host='api.twitter.com', port=443): Read timed out. (read timeout=10)
2026-07-30 23:36:10 INFO     | SentimentSniper      | ==================================================
2026-07-30 23:36:10 INFO     | SentimentSniper      |   📊 SENTIMENT SNIPER STATS
2026-07-30 23:36:10 INFO     | SentimentSniper      |   Tweets processed: 0
2026-07-30 23:36:10 INFO     | SentimentSniper      |   Trades executed: 0
2026-07-30 23:36:10 INFO     | SentimentSniper      |   Active trades: 0
2026-07-30 23:36:10 INFO     | SentimentSniper      |   Total PnL: $0.000000
2026-07-30 23:36:10 INFO     | SentimentSniper      | ==================================================
2026-07-30 23:36:10 INFO     | SentimentSniper      | ⏰ Sleeping 30s...
2026-07-30 23:36:51 ERROR    | SentimentSniper      | Twitter API error: HTTPSConnectionPool(host='api.twitter.com', port=443): Read timed out. (read timeout=10)
2026-07-30 23:36:51 INFO     | SentimentSniper      | ==================================================
2026-07-30 23:36:51 INFO     | SentimentSniper      |   📊 SENTIMENT SNIPER STATS
2026-07-30 23:36:51 INFO     | SentimentSniper      |   Tweets processed: 0
2026-07-30 23:36:51 INFO     | SentimentSniper      |   Trades executed: 0
2026-07-30 23:36:51 INFO     | SentimentSniper      |   Active trades: 0
2026-07-30 23:36:51 INFO     | SentimentSniper      |   Total PnL: $0.000000
2026-07-30 23:36:51 INFO     | SentimentSniper      | ==================================================
2026-07-30 23:36:51 INFO     | SentimentSniper      | ⏰ Sleeping 30s...
2026-07-30 23:37:32 ERROR    | SentimentSniper      | Twitter API error: HTTPSConnectionPool(host='api.twitter.com', port=443): Read timed out. (read timeout=10)
2026-07-30 23:37:32 INFO     | SentimentSniper      | ==================================================
2026-07-30 23:37:32 INFO     | SentimentSniper      |   📊 SENTIMENT SNIPER STATS
2026-07-30 23:37:32 INFO     | SentimentSniper      |   Tweets processed: 0
2026-07-30 23:37:32 INFO     | SentimentSniper      |   Trades executed: 0
2026-07-30 23:37:32 INFO     | SentimentSniper      |   Active trades: 0
2026-07-30 23:37:32 INFO     | SentimentSniper      |   Total PnL: $0.000000
2026-07-30 23:37:32 INFO     | SentimentSniper      | ==================================================
2026-07-30 23:37:32 INFO     | SentimentSniper      | ⏰ Sleeping 30s...
2026-07-30 23:38:12 ERROR    | SentimentSniper      | Twitter API error: HTTPSConnectionPool(host='api.twitter.com', port=443): Read timed out. (read timeout=10)
2026-07-30 23:38:12 INFO     | SentimentSniper      | ==================================================
2026-07-30 23:38:12 INFO     | SentimentSniper      |   📊 SENTIMENT SNIPER STATS
2026-07-30 23:38:12 INFO     | SentimentSniper      |   Tweets processed: 0
2026-07-30 23:38:12 INFO     | SentimentSniper      |   Trades executed: 0
2026-07-30 23:38:12 INFO     | SentimentSniper      |   Active trades: 0
2026-07-30 23:38:12 INFO     | SentimentSniper      |   Total PnL: $0.000000
2026-07-30 23:38:12 INFO     | SentimentSniper      | ==================================================
2026-07-30 23:38:12 INFO     | SentimentSniper      | ⏰ Sleeping 30s...
2026-07-30 23:38:53 ERROR    | SentimentSniper      | Twitter API error: HTTPSConnectionPool(host='api.twitter.com', port=443): Read timed out. (read timeout=10)
2026-07-30 23:38:53 INFO     | SentimentSniper      | ==================================================
2026-07-30 23:38:53 INFO     | SentimentSniper      |   📊 SENTIMENT SNIPER STATS
2026-07-30 23:38:53 INFO     | SentimentSniper      |   Tweets processed: 0
2026-07-30 23:38:53 INFO     | SentimentSniper      |   Trades executed: 0
2026-07-30 23:38:53 INFO     | SentimentSniper      |   Active trades: 0
2026-07-30 23:38:53 INFO     | SentimentSniper      |   Total PnL: $0.000000
2026-07-30 23:38:53 INFO     | SentimentSniper      | ==================================================
2026-07-30 23:38:53 INFO     | SentimentSniper      | ⏰ Sleeping 30s...
2026-07-30 23:39:33 ERROR    | SentimentSniper      | Twitter API error: HTTPSConnectionPool(host='api.twitter.com', port=443): Read timed out. (read timeout=10)
2026-07-30 23:39:33 INFO     | SentimentSniper      | ==================================================
2026-07-30 23:39:33 INFO     | SentimentSniper      |   📊 SENTIMENT SNIPER STATS
2026-07-30 23:39:33 INFO     | SentimentSniper      |   Tweets processed: 0
2026-07-30 23:39:33 INFO     | SentimentSniper      |   Trades executed: 0
2026-07-30 23:39:33 INFO     | SentimentSniper      |   Active trades: 0
2026-07-30 23:39:33 INFO     | SentimentSniper      |   Total PnL: $0.000000
2026-07-30 23:39:33 INFO     | SentimentSniper      | ==================================================
2026-07-30 23:39:33 INFO     | SentimentSniper      | ⏰ Sleeping 30s...
2026-07-30 23:40:13 ERROR    | SentimentSniper      | Twitter API error: HTTPSConnectionPool(host='api.twitter.com', port=443): Read timed out. (read timeout=10)
2026-07-30 23:40:13 INFO     | SentimentSniper      | ==================================================
2026-07-30 23:40:13 INFO     | SentimentSniper      |   📊 SENTIMENT SNIPER STATS
2026-07-30 23:40:13 INFO     | SentimentSniper      |   Tweets processed: 0
2026-07-30 23:40:13 INFO     | SentimentSniper      |   Trades executed: 0
2026-07-30 23:40:13 INFO     | SentimentSniper      |   Active trades: 0
2026-07-30 23:40:13 INFO     | SentimentSniper      |   Total PnL: $0.000000
2026-07-30 23:40:13 INFO     | SentimentSniper      | ==================================================
2026-07-30 23:40:13 INFO     | SentimentSniper      | ⏰ Sleeping 30s...
2026-07-30 23:40:54 ERROR    | SentimentSniper      | Twitter API error: HTTPSConnectionPool(host='api.twitter.com', port=443): Read timed out. (read timeout=10)
2026-07-30 23:40:54 INFO     | SentimentSniper      | ==================================================
2026-07-30 23:40:54 INFO     | SentimentSniper      |   📊 SENTIMENT SNIPER STATS
2026-07-30 23:40:54 INFO     | SentimentSniper      |   Tweets processed: 0
2026-07-30 23:40:54 INFO     | SentimentSniper      |   Trades executed: 0
2026-07-30 23:40:54 INFO     | SentimentSniper      |   Active trades: 0
2026-07-30 23:40:54 INFO     | SentimentSniper      |   Total PnL: $0.000000
2026-07-30 23:40:54 INFO     | SentimentSniper      | ==================================================
2026-07-30 23:40:54 INFO     | SentimentSniper      | ⏰ Sleeping 30s...
2026-07-30 23:41:34 ERROR    | SentimentSniper      | Twitter API error: HTTPSConnectionPool(host='api.twitter.com', port=443): Read timed out. (read timeout=10)
2026-07-30 23:41:34 INFO     | SentimentSniper      | ==================================================
2026-07-30 23:41:34 INFO     | SentimentSniper      |   📊 SENTIMENT SNIPER STATS
2026-07-30 23:41:34 INFO     | SentimentSniper      |   Tweets processed: 0
2026-07-30 23:41:34 INFO     | SentimentSniper      |   Trades executed: 0
2026-07-30 23:41:34 INFO     | SentimentSniper      |   Active trades: 0
2026-07-30 23:41:34 INFO     | SentimentSniper      |   Total PnL: $0.000000
2026-07-30 23:41:34 INFO     | SentimentSniper      | ==================================================
2026-07-30 23:41:34 INFO     | SentimentSniper      | ⏰ Sleeping 30s...
2026-07-30 23:42:15 ERROR    | SentimentSniper      | Twitter API error: HTTPSConnectionPool(host='api.twitter.com', port=443): Read timed out. (read timeout=10)
2026-07-30 23:42:15 INFO     | SentimentSniper      | ==================================================
2026-07-30 23:42:15 INFO     | SentimentSniper      |   📊 SENTIMENT SNIPER STATS
2026-07-30 23:42:15 INFO     | SentimentSniper      |   Tweets processed: 0
2026-07-30 23:42:15 INFO     | SentimentSniper      |   Trades executed: 0
2026-07-30 23:42:15 INFO     | SentimentSniper      |   Active trades: 0
2026-07-30 23:42:15 INFO     | SentimentSniper      |   Total PnL: $0.000000
2026-07-30 23:42:15 INFO     | SentimentSniper      | ==================================================
2026-07-30 23:42:15 INFO     | SentimentSniper      | ⏰ Sleeping 30s...
2026-07-30 23:42:55 ERROR    | SentimentSniper      | Twitter API error: HTTPSConnectionPool(host='api.twitter.com', port=443): Read timed out. (read timeout=10)
2026-07-30 23:42:55 INFO     | SentimentSniper      | ==================================================
2026-07-30 23:42:55 INFO     | SentimentSniper      |   📊 SENTIMENT SNIPER STATS
2026-07-30 23:42:55 INFO     | SentimentSniper      |   Tweets processed: 0
2026-07-30 23:42:55 INFO     | SentimentSniper      |   Trades executed: 0
2026-07-30 23:42:55 INFO     | SentimentSniper      |   Active trades: 0
2026-07-30 23:42:55 INFO     | SentimentSniper      |   Total PnL: $0.000000
2026-07-30 23:42:55 INFO     | SentimentSniper      | ==================================================
2026-07-30 23:42:55 INFO     | SentimentSniper      | ⏰ Sleeping 30s...
2026-07-30 23:43:35 ERROR    | SentimentSniper      | Twitter API error: HTTPSConnectionPool(host='api.twitter.com', port=443): Read timed out. (read timeout=10)
2026-07-30 23:43:35 INFO     | SentimentSniper      | ==================================================
2026-07-30 23:43:35 INFO     | SentimentSniper      |   📊 SENTIMENT SNIPER STATS
2026-07-30 23:43:35 INFO     | SentimentSniper      |   Tweets processed: 0
2026-07-30 23:43:35 INFO     | SentimentSniper      |   Trades executed: 0
2026-07-30 23:43:35 INFO     | SentimentSniper      |   Active trades: 0
2026-07-30 23:43:35 INFO     | SentimentSniper      |   Total PnL: $0.000000
2026-07-30 23:43:35 INFO     | SentimentSniper      | ==================================================
2026-07-30 23:43:35 INFO     | SentimentSniper      | ⏰ Sleeping 30s...
2026-07-30 23:44:16 ERROR    | SentimentSniper      | Twitter API error: HTTPSConnectionPool(host='api.twitter.com', port=443): Read timed out. (read timeout=10)
2026-07-30 23:44:16 INFO     | SentimentSniper      | ==================================================
2026-07-30 23:44:16 INFO     | SentimentSniper      |   📊 SENTIMENT SNIPER STATS
2026-07-30 23:44:16 INFO     | SentimentSniper      |   Tweets processed: 0
2026-07-30 23:44:16 INFO     | SentimentSniper      |   Trades executed: 0
2026-07-30 23:44:16 INFO     | SentimentSniper      |   Active trades: 0
2026-07-30 23:44:16 INFO     | SentimentSniper      |   Total PnL: $0.000000
2026-07-30 23:44:16 INFO     | SentimentSniper      | ==================================================
2026-07-30 23:44:16 INFO     | SentimentSniper      | ⏰ Sleeping 30s...
2026-07-30 23:44:56 ERROR    | SentimentSniper      | Twitter API error: HTTPSConnectionPool(host='api.twitter.com', port=443): Read timed out. (read timeout=10)
2026-07-30 23:44:56 INFO     | SentimentSniper      | ==================================================
2026-07-30 23:44:56 INFO     | SentimentSniper      |   📊 SENTIMENT SNIPER STATS
2026-07-30 23:44:56 INFO     | SentimentSniper      |   Tweets processed: 0
2026-07-30 23:44:56 INFO     | SentimentSniper      |   Trades executed: 0
2026-07-30 23:44:56 INFO     | SentimentSniper      |   Active trades: 0
2026-07-30 23:44:56 INFO     | SentimentSniper      |   Total PnL: $0.000000
2026-07-30 23:44:56 INFO     | SentimentSniper      | ==================================================
2026-07-30 23:44:56 INFO     | SentimentSniper      | ⏰ Sleeping 30s...
2026-07-30 23:45:37 ERROR    | SentimentSniper      | Twitter API error: HTTPSConnectionPool(host='api.twitter.com', port=443): Read timed out. (read timeout=10)
2026-07-30 23:45:37 INFO     | SentimentSniper      | ==================================================
2026-07-30 23:45:37 INFO     | SentimentSniper      |   📊 SENTIMENT SNIPER STATS
2026-07-30 23:45:37 INFO     | SentimentSniper      |   Tweets processed: 0
2026-07-30 23:45:37 INFO     | SentimentSniper      |   Trades executed: 0
2026-07-30 23:45:37 INFO     | SentimentSniper      |   Active trades: 0
2026-07-30 23:45:37 INFO     | SentimentSniper      |   Total PnL: $0.000000
2026-07-30 23:45:37 INFO     | SentimentSniper      | ==================================================
2026-07-30 23:45:37 INFO     | SentimentSniper      | ⏰ Sleeping 30s...
2026-07-30 23:46:17 ERROR    | SentimentSniper      | Twitter API error: HTTPSConnectionPool(host='api.twitter.com', port=443): Read timed out. (read timeout=10)
2026-07-30 23:46:17 INFO     | SentimentSniper      | ==================================================
2026-07-30 23:46:17 INFO     | SentimentSniper      |   📊 SENTIMENT SNIPER STATS
2026-07-30 23:46:17 INFO     | SentimentSniper      |   Tweets processed: 0
2026-07-30 23:46:17 INFO     | SentimentSniper      |   Trades executed: 0
2026-07-30 23:46:17 INFO     | SentimentSniper      |   Active trades: 0
2026-07-30 23:46:17 INFO     | SentimentSniper      |   Total PnL: $0.000000
2026-07-30 23:46:17 INFO     | SentimentSniper      | ==================================================
2026-07-30 23:46:17 INFO     | SentimentSniper      | ⏰ Sleeping 30s...
2026-07-30 23:46:58 ERROR    | SentimentSniper      | Twitter API error: HTTPSConnectionPool(host='api.twitter.com', port=443): Read timed out. (read timeout=10)
2026-07-30 23:46:58 INFO     | SentimentSniper      | ==================================================
2026-07-30 23:46:58 INFO     | SentimentSniper      |   📊 SENTIMENT SNIPER STATS
2026-07-30 23:46:58 INFO     | SentimentSniper      |   Tweets processed: 0
2026-07-30 23:46:58 INFO     | SentimentSniper      |   Trades executed: 0
2026-07-30 23:46:58 INFO     | SentimentSniper      |   Active trades: 0
2026-07-30 23:46:58 INFO     | SentimentSniper      |   Total PnL: $0.000000
2026-07-30 23:46:58 INFO     | SentimentSniper      | ==================================================
2026-07-30 23:46:58 INFO     | SentimentSniper      | ⏰ Sleeping 30s...
2026-07-30 23:47:38 ERROR    | SentimentSniper      | Twitter API error: HTTPSConnectionPool(host='api.twitter.com', port=443): Read timed out. (read timeout=10)
2026-07-30 23:47:38 INFO     | SentimentSniper      | ==================================================
2026-07-30 23:47:38 INFO     | SentimentSniper      |   📊 SENTIMENT SNIPER STATS
2026-07-30 23:47:38 INFO     | SentimentSniper      |   Tweets processed: 0
2026-07-30 23:47:38 INFO     | SentimentSniper      |   Trades executed: 0
2026-07-30 23:47:38 INFO     | SentimentSniper      |   Active trades: 0
2026-07-30 23:47:38 INFO     | SentimentSniper      |   Total PnL: $0.000000
2026-07-30 23:47:38 INFO     | SentimentSniper      | ==================================================
2026-07-30 23:47:38 INFO     | SentimentSniper      | ⏰ Sleeping 30s...
2026-07-30 23:48:18 ERROR    | SentimentSniper      | Twitter API error: HTTPSConnectionPool(host='api.twitter.com', port=443): Read timed out. (read timeout=10)
2026-07-30 23:48:18 INFO     | SentimentSniper      | ==================================================
2026-07-30 23:48:18 INFO     | SentimentSniper      |   📊 SENTIMENT SNIPER STATS
2026-07-30 23:48:18 INFO     | SentimentSniper      |   Tweets processed: 0
2026-07-30 23:48:18 INFO     | SentimentSniper      |   Trades executed: 0
2026-07-30 23:48:18 INFO     | SentimentSniper      |   Active trades: 0
2026-07-30 23:48:18 INFO     | SentimentSniper      |   Total PnL: $0.000000
2026-07-30 23:48:18 INFO     | SentimentSniper      | ==================================================
2026-07-30 23:48:18 INFO     | SentimentSniper      | ⏰ Sleeping 30s...
2026-07-30 23:48:59 ERROR    | SentimentSniper      | Twitter API error: HTTPSConnectionPool(host='api.twitter.com', port=443): Read timed out. (read timeout=10)
2026-07-30 23:48:59 INFO     | SentimentSniper      | ==================================================
2026-07-30 23:48:59 INFO     | SentimentSniper      |   📊 SENTIMENT SNIPER STATS
2026-07-30 23:48:59 INFO     | SentimentSniper      |   Tweets processed: 0
2026-07-30 23:48:59 INFO     | SentimentSniper      |   Trades executed: 0
2026-07-30 23:48:59 INFO     | SentimentSniper      |   Active trades: 0
2026-07-30 23:48:59 INFO     | SentimentSniper      |   Total PnL: $0.000000
2026-07-30 23:48:59 INFO     | SentimentSniper      | ==================================================
2026-07-30 23:48:59 INFO     | SentimentSniper      | ⏰ Sleeping 30s...
2026-07-30 23:49:39 ERROR    | SentimentSniper      | Twitter API error: HTTPSConnectionPool(host='api.twitter.com', port=443): Read timed out. (read timeout=10)
2026-07-30 23:49:39 INFO     | SentimentSniper      | ==================================================
2026-07-30 23:49:39 INFO     | SentimentSniper      |   📊 SENTIMENT SNIPER STATS
2026-07-30 23:49:39 INFO     | SentimentSniper      |   Tweets processed: 0
2026-07-30 23:49:39 INFO     | SentimentSniper      |   Trades executed: 0
2026-07-30 23:49:39 INFO     | SentimentSniper      |   Active trades: 0
2026-07-30 23:49:39 INFO     | SentimentSniper      |   Total PnL: $0.000000
2026-07-30 23:49:39 INFO     | SentimentSniper      | ==================================================
2026-07-30 23:49:39 INFO     | SentimentSniper      | ⏰ Sleeping 30s...
2026-07-30 23:50:20 ERROR    | SentimentSniper      | Twitter API error: HTTPSConnectionPool(host='api.twitter.com', port=443): Read timed out. (read timeout=10)
2026-07-30 23:50:20 INFO     | SentimentSniper      | ==================================================
2026-07-30 23:50:20 INFO     | SentimentSniper      |   📊 SENTIMENT SNIPER STATS
2026-07-30 23:50:20 INFO     | SentimentSniper      |   Tweets processed: 0
2026-07-30 23:50:20 INFO     | SentimentSniper      |   Trades executed: 0
2026-07-30 23:50:20 INFO     | SentimentSniper      |   Active trades: 0
2026-07-30 23:50:20 INFO     | SentimentSniper      |   Total PnL: $0.000000
2026-07-30 23:50:20 INFO     | SentimentSniper      | ==================================================
2026-07-30 23:50:20 INFO     | SentimentSniper      | ⏰ Sleeping 30s...
2026-07-30 23:51:00 ERROR    | SentimentSniper      | Twitter API error: HTTPSConnectionPool(host='api.twitter.com', port=443): Read timed out. (read timeout=10)
2026-07-30 23:51:00 INFO     | SentimentSniper      | ==================================================
2026-07-30 23:51:00 INFO     | SentimentSniper      |   📊 SENTIMENT SNIPER STATS
2026-07-30 23:51:00 INFO     | SentimentSniper      |   Tweets processed: 0
2026-07-30 23:51:00 INFO     | SentimentSniper      |   Trades executed: 0
2026-07-30 23:51:00 INFO     | SentimentSniper      |   Active trades: 0
2026-07-30 23:51:00 INFO     | SentimentSniper      |   Total PnL: $0.000000
2026-07-30 23:51:00 INFO     | SentimentSniper      | ==================================================
2026-07-30 23:51:00 INFO     | SentimentSniper      | ⏰ Sleeping 30s...
2026-07-30 23:51:40 ERROR    | SentimentSniper      | Twitter API error: HTTPSConnectionPool(host='api.twitter.com', port=443): Read timed out. (read timeout=10)
2026-07-30 23:51:40 INFO     | SentimentSniper      | ==================================================
2026-07-30 23:51:40 INFO     | SentimentSniper      |   📊 SENTIMENT SNIPER STATS
2026-07-30 23:51:40 INFO     | SentimentSniper      |   Tweets processed: 0
2026-07-30 23:51:40 INFO     | SentimentSniper      |   Trades executed: 0
2026-07-30 23:51:40 INFO     | SentimentSniper      |   Active trades: 0
2026-07-30 23:51:40 INFO     | SentimentSniper      |   Total PnL: $0.000000
2026-07-30 23:51:40 INFO     | SentimentSniper      | ==================================================
2026-07-30 23:51:40 INFO     | SentimentSniper      | ⏰ Sleeping 30s...
2026-07-30 23:52:21 ERROR    | SentimentSniper      | Twitter API error: HTTPSConnectionPool(host='api.twitter.com', port=443): Read timed out. (read timeout=10)
2026-07-30 23:52:21 INFO     | SentimentSniper      | ==================================================
2026-07-30 23:52:21 INFO     | SentimentSniper      |   📊 SENTIMENT SNIPER STATS
2026-07-30 23:52:21 INFO     | SentimentSniper      |   Tweets processed: 0
2026-07-30 23:52:21 INFO     | SentimentSniper      |   Trades executed: 0
2026-07-30 23:52:21 INFO     | SentimentSniper      |   Active trades: 0
2026-07-30 23:52:21 INFO     | SentimentSniper      |   Total PnL: $0.000000
2026-07-30 23:52:21 INFO     | SentimentSniper      | ==================================================
2026-07-30 23:52:21 INFO     | SentimentSniper      | ⏰ Sleeping 30s...
2026-07-30 23:53:01 ERROR    | SentimentSniper      | Twitter API error: HTTPSConnectionPool(host='api.twitter.com', port=443): Read timed out. (read timeout=10)
2026-07-30 23:53:01 INFO     | SentimentSniper      | ==================================================
2026-07-30 23:53:01 INFO     | SentimentSniper      |   📊 SENTIMENT SNIPER STATS
2026-07-30 23:53:01 INFO     | SentimentSniper      |   Tweets processed: 0
2026-07-30 23:53:01 INFO     | SentimentSniper      |   Trades executed: 0
2026-07-30 23:53:01 INFO     | SentimentSniper      |   Active trades: 0
2026-07-30 23:53:01 INFO     | SentimentSniper      |   Total PnL: $0.000000
2026-07-30 23:53:01 INFO     | SentimentSniper      | ==================================================
2026-07-30 23:53:01 INFO     | SentimentSniper      | ⏰ Sleeping 30s...
2026-07-30 23:53:42 ERROR    | SentimentSniper      | Twitter API error: HTTPSConnectionPool(host='api.twitter.com', port=443): Read timed out. (read timeout=10)
2026-07-30 23:53:42 INFO     | SentimentSniper      | ==================================================
2026-07-30 23:53:42 INFO     | SentimentSniper      |   📊 SENTIMENT SNIPER STATS
2026-07-30 23:53:42 INFO     | SentimentSniper      |   Tweets processed: 0
2026-07-30 23:53:42 INFO     | SentimentSniper      |   Trades executed: 0
2026-07-30 23:53:42 INFO     | SentimentSniper      |   Active trades: 0
2026-07-30 23:53:42 INFO     | SentimentSniper      |   Total PnL: $0.000000
2026-07-30 23:53:42 INFO     | SentimentSniper      | ==================================================
2026-07-30 23:53:42 INFO     | SentimentSniper      | ⏰ Sleeping 30s...
2026-07-30 23:54:22 ERROR    | SentimentSniper      | Twitter API error: HTTPSConnectionPool(host='api.twitter.com', port=443): Read timed out. (read timeout=10)
2026-07-30 23:54:22 INFO     | SentimentSniper      | ==================================================
2026-07-30 23:54:22 INFO     | SentimentSniper      |   📊 SENTIMENT SNIPER STATS
2026-07-30 23:54:22 INFO     | SentimentSniper      |   Tweets processed: 0
2026-07-30 23:54:22 INFO     | SentimentSniper      |   Trades executed: 0
2026-07-30 23:54:22 INFO     | SentimentSniper      |   Active trades: 0
2026-07-30 23:54:22 INFO     | SentimentSniper      |   Total PnL: $0.000000
2026-07-30 23:54:22 INFO     | SentimentSniper      | ==================================================
2026-07-30 23:54:22 INFO     | SentimentSniper      | ⏰ Sleeping 30s...
2026-07-30 23:55:03 ERROR    | SentimentSniper      | Twitter API error: HTTPSConnectionPool(host='api.twitter.com', port=443): Read timed out. (read timeout=10)
2026-07-30 23:55:03 INFO     | SentimentSniper      | ==================================================
2026-07-30 23:55:03 INFO     | SentimentSniper      |   📊 SENTIMENT SNIPER STATS
2026-07-30 23:55:03 INFO     | SentimentSniper      |   Tweets processed: 0
2026-07-30 23:55:03 INFO     | SentimentSniper      |   Trades executed: 0
2026-07-30 23:55:03 INFO     | SentimentSniper      |   Active trades: 0
2026-07-30 23:55:03 INFO     | SentimentSniper      |   Total PnL: $0.000000
2026-07-30 23:55:03 INFO     | SentimentSniper      | ==================================================
2026-07-30 23:55:03 INFO     | SentimentSniper      | ⏰ Sleeping 30s...
2026-07-30 23:55:43 ERROR    | SentimentSniper      | Twitter API error: HTTPSConnectionPool(host='api.twitter.com', port=443): Read timed out. (read timeout=10)
2026-07-30 23:55:43 INFO     | SentimentSniper      | ==================================================
2026-07-30 23:55:43 INFO     | SentimentSniper      |   📊 SENTIMENT SNIPER STATS
2026-07-30 23:55:43 INFO     | SentimentSniper      |   Tweets processed: 0
2026-07-30 23:55:43 INFO     | SentimentSniper      |   Trades executed: 0
2026-07-30 23:55:43 INFO     | SentimentSniper      |   Active trades: 0
2026-07-30 23:55:43 INFO     | SentimentSniper      |   Total PnL: $0.000000
2026-07-30 23:55:43 INFO     | SentimentSniper      | ==================================================
2026-07-30 23:55:43 INFO     | SentimentSniper      | ⏰ Sleeping 30s...
2026-07-30 23:56:23 ERROR    | SentimentSniper      | Twitter API error: HTTPSConnectionPool(host='api.twitter.com', port=443): Read timed out. (read timeout=10)
2026-07-30 23:56:23 INFO     | SentimentSniper      | ==================================================
2026-07-30 23:56:23 INFO     | SentimentSniper      |   📊 SENTIMENT SNIPER STATS
2026-07-30 23:56:23 INFO     | SentimentSniper      |   Tweets processed: 0
2026-07-30 23:56:23 INFO     | SentimentSniper      |   Trades executed: 0
2026-07-30 23:56:23 INFO     | SentimentSniper      |   Active trades: 0
2026-07-30 23:56:23 INFO     | SentimentSniper      |   Total PnL: $0.000000
2026-07-30 23:56:23 INFO     | SentimentSniper      | ==================================================
2026-07-30 23:56:23 INFO     | SentimentSniper      | ⏰ Sleeping 30s...
2026-07-30 23:57:04 ERROR    | SentimentSniper      | Twitter API error: HTTPSConnectionPool(host='api.twitter.com', port=443): Read timed out. (read timeout=10)
2026-07-30 23:57:04 INFO     | SentimentSniper      | ==================================================
2026-07-30 23:57:04 INFO     | SentimentSniper      |   📊 SENTIMENT SNIPER STATS
2026-07-30 23:57:04 INFO     | SentimentSniper      |   Tweets processed: 0
2026-07-30 23:57:04 INFO     | SentimentSniper      |   Trades executed: 0
2026-07-30 23:57:04 INFO     | SentimentSniper      |   Active trades: 0
2026-07-30 23:57:04 INFO     | SentimentSniper      |   Total PnL: $0.000000
2026-07-30 23:57:04 INFO     | SentimentSniper      | ==================================================
2026-07-30 23:57:04 INFO     | SentimentSniper      | ⏰ Sleeping 30s...
2026-07-30 23:57:44 ERROR    | SentimentSniper      | Twitter API error: HTTPSConnectionPool(host='api.twitter.com', port=443): Read timed out. (read timeout=10)
2026-07-30 23:57:44 INFO     | SentimentSniper      | ==================================================
2026-07-30 23:57:44 INFO     | SentimentSniper      |   📊 SENTIMENT SNIPER STATS
2026-07-30 23:57:44 INFO     | SentimentSniper      |   Tweets processed: 0
2026-07-30 23:57:44 INFO     | SentimentSniper      |   Trades executed: 0
2026-07-30 23:57:44 INFO     | SentimentSniper      |   Active trades: 0
2026-07-30 23:57:44 INFO     | SentimentSniper      |   Total PnL: $0.000000
2026-07-30 23:57:44 INFO     | SentimentSniper      | ==================================================
2026-07-30 23:57:44 INFO     | SentimentSniper      | ⏰ Sleeping 30s...
2026-07-30 23:58:25 ERROR    | SentimentSniper      | Twitter API error: HTTPSConnectionPool(host='api.twitter.com', port=443): Read timed out. (read timeout=10)
2026-07-30 23:58:25 INFO     | SentimentSniper      | ==================================================
2026-07-30 23:58:25 INFO     | SentimentSniper      |   📊 SENTIMENT SNIPER STATS
2026-07-30 23:58:25 INFO     | SentimentSniper      |   Tweets processed: 0
2026-07-30 23:58:25 INFO     | SentimentSniper      |   Trades executed: 0
2026-07-30 23:58:25 INFO     | SentimentSniper      |   Active trades: 0
2026-07-30 23:58:25 INFO     | SentimentSniper      |   Total PnL: $0.000000
2026-07-30 23:58:25 INFO     | SentimentSniper      | ==================================================
2026-07-30 23:58:25 INFO     | SentimentSniper      | ⏰ Sleeping 30s...
2026-07-30 23:59:05 ERROR    | SentimentSniper      | Twitter API error: HTTPSConnectionPool(host='api.twitter.com', port=443): Read timed out. (read timeout=10)
2026-07-30 23:59:05 INFO     | SentimentSniper      | ==================================================
2026-07-30 23:59:05 INFO     | SentimentSniper      |   📊 SENTIMENT SNIPER STATS
2026-07-30 23:59:05 INFO     | SentimentSniper      |   Tweets processed: 0
2026-07-30 23:59:05 INFO     | SentimentSniper      |   Trades executed: 0
2026-07-30 23:59:05 INFO     | SentimentSniper      |   Active trades: 0
2026-07-30 23:59:05 INFO     | SentimentSniper      |   Total PnL: $0.000000
2026-07-30 23:59:05 INFO     | SentimentSniper      | ==================================================
2026-07-30 23:59:05 INFO     | SentimentSniper      | ⏰ Sleeping 30s...
2026-07-30 23:59:47 ERROR    | SentimentSniper      | Twitter API error: HTTPSConnectionPool(host='api.twitter.com', port=443): Read timed out. (read timeout=10)
2026-07-30 23:59:47 INFO     | SentimentSniper      | ==================================================
2026-07-30 23:59:47 INFO     | SentimentSniper      |   📊 SENTIMENT SNIPER STATS
2026-07-30 23:59:47 INFO     | SentimentSniper      |   Tweets processed: 0
2026-07-30 23:59:47 INFO     | SentimentSniper      |   Trades executed: 0
2026-07-30 23:59:47 INFO     | SentimentSniper      |   Active trades: 0
2026-07-30 23:59:47 INFO     | SentimentSniper      |   Total PnL: $0.000000
2026-07-30 23:59:47 INFO     | SentimentSniper      | ==================================================
2026-07-30 23:59:47 INFO     | SentimentSniper      | ⏰ Sleeping 30s...
2026-07-31 00:00:27 ERROR    | SentimentSniper      | Twitter API error: HTTPSConnectionPool(host='api.twitter.com', port=443): Read timed out. (read timeout=10)
2026-07-31 00:00:27 INFO     | SentimentSniper      | ==================================================
2026-07-31 00:00:27 INFO     | SentimentSniper      |   📊 SENTIMENT SNIPER STATS
2026-07-31 00:00:27 INFO     | SentimentSniper      |   Tweets processed: 0
2026-07-31 00:00:27 INFO     | SentimentSniper      |   Trades executed: 0
2026-07-31 00:00:27 INFO     | SentimentSniper      |   Active trades: 0
2026-07-31 00:00:27 INFO     | SentimentSniper      |   Total PnL: $0.000000
2026-07-31 00:00:27 INFO     | SentimentSniper      | ==================================================
2026-07-31 00:00:27 INFO     | SentimentSniper      | ⏰ Sleeping 30s...
2026-07-31 00:01:08 ERROR    | SentimentSniper      | Twitter API error: HTTPSConnectionPool(host='api.twitter.com', port=443): Read timed out. (read timeout=10)
2026-07-31 00:01:08 INFO     | SentimentSniper      | ==================================================
2026-07-31 00:01:08 INFO     | SentimentSniper      |   📊 SENTIMENT SNIPER STATS
2026-07-31 00:01:08 INFO     | SentimentSniper      |   Tweets processed: 0
2026-07-31 00:01:08 INFO     | SentimentSniper      |   Trades executed: 0
2026-07-31 00:01:08 INFO     | SentimentSniper      |   Active trades: 0
2026-07-31 00:01:08 INFO     | SentimentSniper      |   Total PnL: $0.000000
2026-07-31 00:01:08 INFO     | SentimentSniper      | ==================================================
2026-07-31 00:01:08 INFO     | SentimentSniper      | ⏰ Sleeping 30s...
2026-07-31 00:01:48 ERROR    | SentimentSniper      | Twitter API error: HTTPSConnectionPool(host='api.twitter.com', port=443): Read timed out. (read timeout=10)
2026-07-31 00:01:48 INFO     | SentimentSniper      | ==================================================
2026-07-31 00:01:48 INFO     | SentimentSniper      |   📊 SENTIMENT SNIPER STATS
2026-07-31 00:01:48 INFO     | SentimentSniper      |   Tweets processed: 0
2026-07-31 00:01:48 INFO     | SentimentSniper      |   Trades executed: 0
2026-07-31 00:01:48 INFO     | SentimentSniper      |   Active trades: 0
2026-07-31 00:01:48 INFO     | SentimentSniper      |   Total PnL: $0.000000
2026-07-31 00:01:48 INFO     | SentimentSniper      | ==================================================
2026-07-31 00:01:48 INFO     | SentimentSniper      | ⏰ Sleeping 30s...
2026-07-31 00:02:29 ERROR    | SentimentSniper      | Twitter API error: HTTPSConnectionPool(host='api.twitter.com', port=443): Read timed out. (read timeout=10)
2026-07-31 00:02:29 INFO     | SentimentSniper      | ==================================================
2026-07-31 00:02:29 INFO     | SentimentSniper      |   📊 SENTIMENT SNIPER STATS
2026-07-31 00:02:29 INFO     | SentimentSniper      |   Tweets processed: 0
2026-07-31 00:02:29 INFO     | SentimentSniper      |   Trades executed: 0
2026-07-31 00:02:29 INFO     | SentimentSniper      |   Active trades: 0
2026-07-31 00:02:29 INFO     | SentimentSniper      |   Total PnL: $0.000000
2026-07-31 00:02:29 INFO     | SentimentSniper      | ==================================================
2026-07-31 00:02:29 INFO     | SentimentSniper      | ⏰ Sleeping 30s...
2026-07-31 00:03:09 ERROR    | SentimentSniper      | Twitter API error: HTTPSConnectionPool(host='api.twitter.com', port=443): Read timed out. (read timeout=10)
2026-07-31 00:03:09 INFO     | SentimentSniper      | ==================================================
2026-07-31 00:03:09 INFO     | SentimentSniper      |   📊 SENTIMENT SNIPER STATS
2026-07-31 00:03:09 INFO     | SentimentSniper      |   Tweets processed: 0
2026-07-31 00:03:09 INFO     | SentimentSniper      |   Trades executed: 0
2026-07-31 00:03:09 INFO     | SentimentSniper      |   Active trades: 0
2026-07-31 00:03:09 INFO     | SentimentSniper      |   Total PnL: $0.000000
2026-07-31 00:03:09 INFO     | SentimentSniper      | ==================================================
2026-07-31 00:03:09 INFO     | SentimentSniper      | ⏰ Sleeping 30s...
2026-07-31 00:03:50 ERROR    | SentimentSniper      | Twitter API error: HTTPSConnectionPool(host='api.twitter.com', port=443): Read timed out. (read timeout=10)
2026-07-31 00:03:50 INFO     | SentimentSniper      | ==================================================
2026-07-31 00:03:50 INFO     | SentimentSniper      |   📊 SENTIMENT SNIPER STATS
2026-07-31 00:03:50 INFO     | SentimentSniper      |   Tweets processed: 0
2026-07-31 00:03:50 INFO     | SentimentSniper      |   Trades executed: 0
2026-07-31 00:03:50 INFO     | SentimentSniper      |   Active trades: 0
2026-07-31 00:03:50 INFO     | SentimentSniper      |   Total PnL: $0.000000
2026-07-31 00:03:50 INFO     | SentimentSniper      | ==================================================
2026-07-31 00:03:50 INFO     | SentimentSniper      | ⏰ Sleeping 30s...
2026-07-31 00:04:30 ERROR    | SentimentSniper      | Twitter API error: HTTPSConnectionPool(host='api.twitter.com', port=443): Read timed out. (read timeout=10)
2026-07-31 00:04:30 INFO     | SentimentSniper      | ==================================================
2026-07-31 00:04:30 INFO     | SentimentSniper      |   📊 SENTIMENT SNIPER STATS
2026-07-31 00:04:30 INFO     | SentimentSniper      |   Tweets processed: 0
2026-07-31 00:04:30 INFO     | SentimentSniper      |   Trades executed: 0
2026-07-31 00:04:30 INFO     | SentimentSniper      |   Active trades: 0
2026-07-31 00:04:30 INFO     | SentimentSniper      |   Total PnL: $0.000000
2026-07-31 00:04:30 INFO     | SentimentSniper      | ==================================================
2026-07-31 00:04:30 INFO     | SentimentSniper      | ⏰ Sleeping 30s...
2026-07-31 00:05:11 ERROR    | SentimentSniper      | Twitter API error: HTTPSConnectionPool(host='api.twitter.com', port=443): Read timed out. (read timeout=10)
2026-07-31 00:05:11 INFO     | SentimentSniper      | ==================================================
2026-07-31 00:05:11 INFO     | SentimentSniper      |   📊 SENTIMENT SNIPER STATS
2026-07-31 00:05:11 INFO     | SentimentSniper      |   Tweets processed: 0
2026-07-31 00:05:11 INFO     | SentimentSniper      |   Trades executed: 0
2026-07-31 00:05:11 INFO     | SentimentSniper      |   Active trades: 0
2026-07-31 00:05:11 INFO     | SentimentSniper      |   Total PnL: $0.000000
2026-07-31 00:05:11 INFO     | SentimentSniper      | ==================================================
2026-07-31 00:05:11 INFO     | SentimentSniper      | ⏰ Sleeping 30s...
2026-07-31 00:05:51 ERROR    | SentimentSniper      | Twitter API error: HTTPSConnectionPool(host='api.twitter.com', port=443): Read timed out. (read timeout=10)
2026-07-31 00:05:51 INFO     | SentimentSniper      | ==================================================
2026-07-31 00:05:51 INFO     | SentimentSniper      |   📊 SENTIMENT SNIPER STATS
2026-07-31 00:05:51 INFO     | SentimentSniper      |   Tweets processed: 0
2026-07-31 00:05:51 INFO     | SentimentSniper      |   Trades executed: 0
2026-07-31 00:05:51 INFO     | SentimentSniper      |   Active trades: 0
2026-07-31 00:05:51 INFO     | SentimentSniper      |   Total PnL: $0.000000
2026-07-31 00:05:51 INFO     | SentimentSniper      | ==================================================
2026-07-31 00:05:51 INFO     | SentimentSniper      | ⏰ Sleeping 30s...
2026-07-31 00:06:31 ERROR    | SentimentSniper      | Twitter API error: HTTPSConnectionPool(host='api.twitter.com', port=443): Read timed out. (read timeout=10)
2026-07-31 00:06:31 INFO     | SentimentSniper      | ==================================================
2026-07-31 00:06:31 INFO     | SentimentSniper      |   📊 SENTIMENT SNIPER STATS
2026-07-31 00:06:31 INFO     | SentimentSniper      |   Tweets processed: 0
2026-07-31 00:06:31 INFO     | SentimentSniper      |   Trades executed: 0
2026-07-31 00:06:31 INFO     | SentimentSniper      |   Active trades: 0
2026-07-31 00:06:31 INFO     | SentimentSniper      |   Total PnL: $0.000000
2026-07-31 00:06:31 INFO     | SentimentSniper      | ==================================================
2026-07-31 00:06:31 INFO     | SentimentSniper      | ⏰ Sleeping 30s...
2026-07-31 00:07:12 ERROR    | SentimentSniper      | Twitter API error: HTTPSConnectionPool(host='api.twitter.com', port=443): Read timed out. (read timeout=10)
2026-07-31 00:07:12 INFO     | SentimentSniper      | ==================================================
2026-07-31 00:07:12 INFO     | SentimentSniper      |   📊 SENTIMENT SNIPER STATS
2026-07-31 00:07:12 INFO     | SentimentSniper      |   Tweets processed: 0
2026-07-31 00:07:12 INFO     | SentimentSniper      |   Trades executed: 0
2026-07-31 00:07:12 INFO     | SentimentSniper      |   Active trades: 0
2026-07-31 00:07:12 INFO     | SentimentSniper      |   Total PnL: $0.000000
2026-07-31 00:07:12 INFO     | SentimentSniper      | ==================================================
2026-07-31 00:07:12 INFO     | SentimentSniper      | ⏰ Sleeping 30s...
2026-07-31 00:07:52 ERROR    | SentimentSniper      | Twitter API error: HTTPSConnectionPool(host='api.twitter.com', port=443): Read timed out. (read timeout=10)
2026-07-31 00:07:52 INFO     | SentimentSniper      | ==================================================
2026-07-31 00:07:52 INFO     | SentimentSniper      |   📊 SENTIMENT SNIPER STATS
2026-07-31 00:07:52 INFO     | SentimentSniper      |   Tweets processed: 0
2026-07-31 00:07:52 INFO     | SentimentSniper      |   Trades executed: 0
2026-07-31 00:07:52 INFO     | SentimentSniper      |   Active trades: 0
2026-07-31 00:07:52 INFO     | SentimentSniper      |   Total PnL: $0.000000
2026-07-31 00:07:52 INFO     | SentimentSniper      | ==================================================
2026-07-31 00:07:52 INFO     | SentimentSniper      | ⏰ Sleeping 30s...
2026-07-31 00:08:33 ERROR    | SentimentSniper      | Twitter API error: HTTPSConnectionPool(host='api.twitter.com', port=443): Read timed out. (read timeout=10)
2026-07-31 00:08:33 INFO     | SentimentSniper      | ==================================================
2026-07-31 00:08:33 INFO     | SentimentSniper      |   📊 SENTIMENT SNIPER STATS
2026-07-31 00:08:33 INFO     | SentimentSniper      |   Tweets processed: 0
2026-07-31 00:08:33 INFO     | SentimentSniper      |   Trades executed: 0
2026-07-31 00:08:33 INFO     | SentimentSniper      |   Active trades: 0
2026-07-31 00:08:33 INFO     | SentimentSniper      |   Total PnL: $0.000000
2026-07-31 00:08:33 INFO     | SentimentSniper      | ==================================================
2026-07-31 00:08:33 INFO     | SentimentSniper      | ⏰ Sleeping 30s...
2026-07-31 00:09:13 ERROR    | SentimentSniper      | Twitter API error: HTTPSConnectionPool(host='api.twitter.com', port=443): Read timed out. (read timeout=10)
2026-07-31 00:09:13 INFO     | SentimentSniper      | ==================================================
2026-07-31 00:09:13 INFO     | SentimentSniper      |   📊 SENTIMENT SNIPER STATS
2026-07-31 00:09:13 INFO     | SentimentSniper      |   Tweets processed: 0
2026-07-31 00:09:13 INFO     | SentimentSniper      |   Trades executed: 0
2026-07-31 00:09:13 INFO     | SentimentSniper      |   Active trades: 0
2026-07-31 00:09:13 INFO     | SentimentSniper      |   Total PnL: $0.000000
2026-07-31 00:09:13 INFO     | SentimentSniper      | ==================================================
2026-07-31 00:09:13 INFO     | SentimentSniper      | ⏰ Sleeping 30s...
2026-07-31 00:09:53 ERROR    | SentimentSniper      | Twitter API error: HTTPSConnectionPool(host='api.twitter.com', port=443): Read timed out. (read timeout=10)
2026-07-31 00:09:53 INFO     | SentimentSniper      | ==================================================
2026-07-31 00:09:53 INFO     | SentimentSniper      |   📊 SENTIMENT SNIPER STATS
2026-07-31 00:09:53 INFO     | SentimentSniper      |   Tweets processed: 0
2026-07-31 00:09:53 INFO     | SentimentSniper      |   Trades executed: 0
2026-07-31 00:09:53 INFO     | SentimentSniper      |   Active trades: 0
2026-07-31 00:09:53 INFO     | SentimentSniper      |   Total PnL: $0.000000
2026-07-31 00:09:53 INFO     | SentimentSniper      | ==================================================
2026-07-31 00:09:53 INFO     | SentimentSniper      | ⏰ Sleeping 30s...
2026-07-31 00:10:34 ERROR    | SentimentSniper      | Twitter API error: HTTPSConnectionPool(host='api.twitter.com', port=443): Read timed out. (read timeout=10)
2026-07-31 00:10:34 INFO     | SentimentSniper      | ==================================================
2026-07-31 00:10:34 INFO     | SentimentSniper      |   📊 SENTIMENT SNIPER STATS
2026-07-31 00:10:34 INFO     | SentimentSniper      |   Tweets processed: 0
2026-07-31 00:10:34 INFO     | SentimentSniper      |   Trades executed: 0
2026-07-31 00:10:34 INFO     | SentimentSniper      |   Active trades: 0
2026-07-31 00:10:34 INFO     | SentimentSniper      |   Total PnL: $0.000000
2026-07-31 00:10:34 INFO     | SentimentSniper      | ==================================================
2026-07-31 00:10:34 INFO     | SentimentSniper      | ⏰ Sleeping 30s...
2026-07-31 00:11:14 ERROR    | SentimentSniper      | Twitter API error: HTTPSConnectionPool(host='api.twitter.com', port=443): Read timed out. (read timeout=10)
2026-07-31 00:11:14 INFO     | SentimentSniper      | ==================================================
2026-07-31 00:11:14 INFO     | SentimentSniper      |   📊 SENTIMENT SNIPER STATS
2026-07-31 00:11:14 INFO     | SentimentSniper      |   Tweets processed: 0
2026-07-31 00:11:14 INFO     | SentimentSniper      |   Trades executed: 0
2026-07-31 00:11:14 INFO     | SentimentSniper      |   Active trades: 0
2026-07-31 00:11:14 INFO     | SentimentSniper      |   Total PnL: $0.000000
2026-07-31 00:11:14 INFO     | SentimentSniper      | ==================================================
2026-07-31 00:11:14 INFO     | SentimentSniper      | ⏰ Sleeping 30s...
2026-07-31 00:11:55 ERROR    | SentimentSniper      | Twitter API error: HTTPSConnectionPool(host='api.twitter.com', port=443): Read timed out. (read timeout=10)
2026-07-31 00:11:55 INFO     | SentimentSniper      | ==================================================
2026-07-31 00:11:55 INFO     | SentimentSniper      |   📊 SENTIMENT SNIPER STATS
2026-07-31 00:11:55 INFO     | SentimentSniper      |   Tweets processed: 0
2026-07-31 00:11:55 INFO     | SentimentSniper      |   Trades executed: 0
2026-07-31 00:11:55 INFO     | SentimentSniper      |   Active trades: 0
2026-07-31 00:11:55 INFO     | SentimentSniper      |   Total PnL: $0.000000
2026-07-31 00:11:55 INFO     | SentimentSniper      | ==================================================
2026-07-31 00:11:55 INFO     | SentimentSniper      | ⏰ Sleeping 30s...
2026-07-31 00:12:35 ERROR    | SentimentSniper      | Twitter API error: HTTPSConnectionPool(host='api.twitter.com', port=443): Read timed out. (read timeout=10)
2026-07-31 00:12:35 INFO     | SentimentSniper      | ==================================================
2026-07-31 00:12:35 INFO     | SentimentSniper      |   📊 SENTIMENT SNIPER STATS
2026-07-31 00:12:35 INFO     | SentimentSniper      |   Tweets processed: 0
2026-07-31 00:12:35 INFO     | SentimentSniper      |   Trades executed: 0
2026-07-31 00:12:35 INFO     | SentimentSniper      |   Active trades: 0
2026-07-31 00:12:35 INFO     | SentimentSniper      |   Total PnL: $0.000000
2026-07-31 00:12:35 INFO     | SentimentSniper      | ==================================================
2026-07-31 00:12:35 INFO     | SentimentSniper      | ⏰ Sleeping 30s...
2026-07-31 00:13:16 ERROR    | SentimentSniper      | Twitter API error: HTTPSConnectionPool(host='api.twitter.com', port=443): Read timed out. (read timeout=10)
2026-07-31 00:13:16 INFO     | SentimentSniper      | ==================================================
2026-07-31 00:13:16 INFO     | SentimentSniper      |   📊 SENTIMENT SNIPER STATS
2026-07-31 00:13:16 INFO     | SentimentSniper      |   Tweets processed: 0
2026-07-31 00:13:16 INFO     | SentimentSniper      |   Trades executed: 0
2026-07-31 00:13:16 INFO     | SentimentSniper      |   Active trades: 0
2026-07-31 00:13:16 INFO     | SentimentSniper      |   Total PnL: $0.000000
2026-07-31 00:13:16 INFO     | SentimentSniper      | ==================================================
2026-07-31 00:13:16 INFO     | SentimentSniper      | ⏰ Sleeping 30s...
2026-07-31 00:13:49 INFO     | SentimentSniper      | ==================================================
2026-07-31 00:13:49 INFO     | SentimentSniper      |   📊 SENTIMENT SNIPER STATS
2026-07-31 00:13:49 INFO     | SentimentSniper      |   Tweets processed: 0
2026-07-31 00:13:49 INFO     | SentimentSniper      |   Trades executed: 0
2026-07-31 00:13:49 INFO     | SentimentSniper      |   Active trades: 0
2026-07-31 00:13:49 INFO     | SentimentSniper      |   Total PnL: $0.000000
2026-07-31 00:13:49 INFO     | SentimentSniper      | ==================================================
2026-07-31 00:13:49 INFO     | SentimentSniper      | ⏰ Sleeping 30s...
2026-07-31 00:14:22 INFO     | SentimentSniper      | ==================================================
2026-07-31 00:14:22 INFO     | SentimentSniper      |   📊 SENTIMENT SNIPER STATS
2026-07-31 00:14:22 INFO     | SentimentSniper      |   Tweets processed: 0
2026-07-31 00:14:22 INFO     | SentimentSniper      |   Trades executed: 0
2026-07-31 00:14:22 INFO     | SentimentSniper      |   Active trades: 0
2026-07-31 00:14:22 INFO     | SentimentSniper      |   Total PnL: $0.000000
2026-07-31 00:14:22 INFO     | SentimentSniper      | ==================================================
2026-07-31 00:14:22 INFO     | SentimentSniper      | ⏰ Sleeping 30s...
2026-07-31 00:14:56 INFO     | SentimentSniper      | ==================================================
2026-07-31 00:14:56 INFO     | SentimentSniper      |   📊 SENTIMENT SNIPER STATS
2026-07-31 00:14:56 INFO     | SentimentSniper      |   Tweets processed: 0
2026-07-31 00:14:56 INFO     | SentimentSniper      |   Trades executed: 0
2026-07-31 00:14:56 INFO     | SentimentSniper      |   Active trades: 0
2026-07-31 00:14:56 INFO     | SentimentSniper      |   Total PnL: $0.000000
2026-07-31 00:14:56 INFO     | SentimentSniper      | ==================================================
2026-07-31 00:14:56 INFO     | SentimentSniper      | ⏰ Sleeping 30s...
2026-07-31 00:15:29 INFO     | SentimentSniper      | ==================================================
2026-07-31 00:15:29 INFO     | SentimentSniper      |   📊 SENTIMENT SNIPER STATS
2026-07-31 00:15:29 INFO     | SentimentSniper      |   Tweets processed: 0
2026-07-31 00:15:29 INFO     | SentimentSniper      |   Trades executed: 0
2026-07-31 00:15:29 INFO     | SentimentSniper      |   Active trades: 0
2026-07-31 00:15:29 INFO     | SentimentSniper      |   Total PnL: $0.000000
2026-07-31 00:15:29 INFO     | SentimentSniper      | ==================================================
2026-07-31 00:15:29 INFO     | SentimentSniper      | ⏰ Sleeping 30s...
2026-07-31 00:16:03 INFO     | SentimentSniper      | ==================================================
2026-07-31 00:16:03 INFO     | SentimentSniper      |   📊 SENTIMENT SNIPER STATS
2026-07-31 00:16:03 INFO     | SentimentSniper      |   Tweets processed: 0
2026-07-31 00:16:03 INFO     | SentimentSniper      |   Trades executed: 0
2026-07-31 00:16:03 INFO     | SentimentSniper      |   Active trades: 0
2026-07-31 00:16:03 INFO     | SentimentSniper      |   Total PnL: $0.000000
2026-07-31 00:16:03 INFO     | SentimentSniper      | ==================================================
2026-07-31 00:16:03 INFO     | SentimentSniper      | ⏰ Sleeping 30s...
2026-07-31 00:16:36 INFO     | SentimentSniper      | ==================================================
2026-07-31 00:16:36 INFO     | SentimentSniper      |   📊 SENTIMENT SNIPER STATS
2026-07-31 00:16:36 INFO     | SentimentSniper      |   Tweets processed: 0
2026-07-31 00:16:36 INFO     | SentimentSniper      |   Trades executed: 0
2026-07-31 00:16:36 INFO     | SentimentSniper      |   Active trades: 0
2026-07-31 00:16:36 INFO     | SentimentSniper      |   Total PnL: $0.000000
2026-07-31 00:16:36 INFO     | SentimentSniper      | ==================================================
2026-07-31 00:16:36 INFO     | SentimentSniper      | ⏰ Sleeping 30s...
2026-07-31 00:17:10 INFO     | SentimentSniper      | ==================================================
2026-07-31 00:17:10 INFO     | SentimentSniper      |   📊 SENTIMENT SNIPER STATS
2026-07-31 00:17:10 INFO     | SentimentSniper      |   Tweets processed: 0
2026-07-31 00:17:10 INFO     | SentimentSniper      |   Trades executed: 0
2026-07-31 00:17:10 INFO     | SentimentSniper      |   Active trades: 0
2026-07-31 00:17:10 INFO     | SentimentSniper      |   Total PnL: $0.000000
2026-07-31 00:17:10 INFO     | SentimentSniper      | ==================================================
2026-07-31 00:17:10 INFO     | SentimentSniper      | ⏰ Sleeping 30s...
2026-07-31 00:17:43 INFO     | SentimentSniper      | ==================================================
2026-07-31 00:17:43 INFO     | SentimentSniper      |   📊 SENTIMENT SNIPER STATS
2026-07-31 00:17:43 INFO     | SentimentSniper      |   Tweets processed: 0
2026-07-31 00:17:43 INFO     | SentimentSniper      |   Trades executed: 0
2026-07-31 00:17:43 INFO     | SentimentSniper      |   Active trades: 0
2026-07-31 00:17:43 INFO     | SentimentSniper      |   Total PnL: $0.000000
2026-07-31 00:17:43 INFO     | SentimentSniper      | ==================================================
2026-07-31 00:17:43 INFO     | SentimentSniper      | ⏰ Sleeping 30s...
2026-07-31 00:18:16 INFO     | SentimentSniper      | ==================================================
2026-07-31 00:18:16 INFO     | SentimentSniper      |   📊 SENTIMENT SNIPER STATS
2026-07-31 00:18:16 INFO     | SentimentSniper      |   Tweets processed: 0
2026-07-31 00:18:16 INFO     | SentimentSniper      |   Trades executed: 0
2026-07-31 00:18:16 INFO     | SentimentSniper      |   Active trades: 0
2026-07-31 00:18:16 INFO     | SentimentSniper      |   Total PnL: $0.000000
2026-07-31 00:18:16 INFO     | SentimentSniper      | ==================================================
2026-07-31 00:18:16 INFO     | SentimentSniper      | ⏰ Sleeping 30s...
2026-07-31 00:18:50 INFO     | SentimentSniper      | ==================================================
2026-07-31 00:18:50 INFO     | SentimentSniper      |   📊 SENTIMENT SNIPER STATS
2026-07-31 00:18:50 INFO     | SentimentSniper      |   Tweets processed: 0
2026-07-31 00:18:50 INFO     | SentimentSniper      |   Trades executed: 0
2026-07-31 00:18:50 INFO     | SentimentSniper      |   Active trades: 0
2026-07-31 00:18:50 INFO     | SentimentSniper      |   Total PnL: $0.000000
2026-07-31 00:18:50 INFO     | SentimentSniper      | ==================================================
2026-07-31 00:18:50 INFO     | SentimentSniper      | ⏰ Sleeping 30s...
2026-07-31 00:19:23 INFO     | SentimentSniper      | ==================================================
2026-07-31 00:19:23 INFO     | SentimentSniper      |   📊 SENTIMENT SNIPER STATS
2026-07-31 00:19:23 INFO     | SentimentSniper      |   Tweets processed: 0
2026-07-31 00:19:23 INFO     | SentimentSniper      |   Trades executed: 0
2026-07-31 00:19:23 INFO     | SentimentSniper      |   Active trades: 0
2026-07-31 00:19:23 INFO     | SentimentSniper      |   Total PnL: $0.000000
2026-07-31 00:19:23 INFO     | SentimentSniper      | ==================================================
2026-07-31 00:19:23 INFO     | SentimentSniper      | ⏰ Sleeping 30s...
2026-07-31 00:19:57 INFO     | SentimentSniper      | ==================================================
2026-07-31 00:19:57 INFO     | SentimentSniper      |   📊 SENTIMENT SNIPER STATS
2026-07-31 00:19:57 INFO     | SentimentSniper      |   Tweets processed: 0
2026-07-31 00:19:57 INFO     | SentimentSniper      |   Trades executed: 0
2026-07-31 00:19:57 INFO     | SentimentSniper      |   Active trades: 0
2026-07-31 00:19:57 INFO     | SentimentSniper      |   Total PnL: $0.000000
2026-07-31 00:19:57 INFO     | SentimentSniper      | ==================================================
2026-07-31 00:19:57 INFO     | SentimentSniper      | ⏰ Sleeping 30s...
2026-07-31 00:20:30 INFO     | SentimentSniper      | ==================================================
2026-07-31 00:20:30 INFO     | SentimentSniper      |   📊 SENTIMENT SNIPER STATS
2026-07-31 00:20:30 INFO     | SentimentSniper      |   Tweets processed: 0
2026-07-31 00:20:30 INFO     | SentimentSniper      |   Trades executed: 0
2026-07-31 00:20:30 INFO     | SentimentSniper      |   Active trades: 0
2026-07-31 00:20:30 INFO     | SentimentSniper      |   Total PnL: $0.000000
2026-07-31 00:20:30 INFO     | SentimentSniper      | ==================================================
2026-07-31 00:20:30 INFO     | SentimentSniper      | ⏰ Sleeping 30s...
2026-07-31 00:21:03 INFO     | SentimentSniper      | ==================================================
2026-07-31 00:21:03 INFO     | SentimentSniper      |   📊 SENTIMENT SNIPER STATS
2026-07-31 00:21:03 INFO     | SentimentSniper      |   Tweets processed: 0
2026-07-31 00:21:03 INFO     | SentimentSniper      |   Trades executed: 0
2026-07-31 00:21:03 INFO     | SentimentSniper      |   Active trades: 0
2026-07-31 00:21:03 INFO     | SentimentSniper      |   Total PnL: $0.000000
2026-07-31 00:21:03 INFO     | SentimentSniper      | ==================================================
2026-07-31 00:21:03 INFO     | SentimentSniper      | ⏰ Sleeping 30s...
2026-07-31 00:21:37 INFO     | SentimentSniper      | ==================================================
2026-07-31 00:21:37 INFO     | SentimentSniper      |   📊 SENTIMENT SNIPER STATS
2026-07-31 00:21:37 INFO     | SentimentSniper      |   Tweets processed: 0
2026-07-31 00:21:37 INFO     | SentimentSniper      |   Trades executed: 0
2026-07-31 00:21:37 INFO     | SentimentSniper      |   Active trades: 0
2026-07-31 00:21:37 INFO     | SentimentSniper      |   Total PnL: $0.000000
2026-07-31 00:21:37 INFO     | SentimentSniper      | ==================================================
2026-07-31 00:21:37 INFO     | SentimentSniper      | ⏰ Sleeping 30s...
2026-07-31 00:22:10 INFO     | SentimentSniper      | ==================================================
2026-07-31 00:22:10 INFO     | SentimentSniper      |   📊 SENTIMENT SNIPER STATS
2026-07-31 00:22:10 INFO     | SentimentSniper      |   Tweets processed: 0
2026-07-31 00:22:10 INFO     | SentimentSniper      |   Trades executed: 0
2026-07-31 00:22:10 INFO     | SentimentSniper      |   Active trades: 0
2026-07-31 00:22:10 INFO     | SentimentSniper      |   Total PnL: $0.000000
2026-07-31 00:22:10 INFO     | SentimentSniper      | ==================================================
2026-07-31 00:22:10 INFO     | SentimentSniper      | ⏰ Sleeping 30s...
2026-07-31 00:22:43 INFO     | SentimentSniper      | ==================================================
2026-07-31 00:22:43 INFO     | SentimentSniper      |   📊 SENTIMENT SNIPER STATS
2026-07-31 00:22:43 INFO     | SentimentSniper      |   Tweets processed: 0
2026-07-31 00:22:43 INFO     | SentimentSniper      |   Trades executed: 0
2026-07-31 00:22:43 INFO     | SentimentSniper      |   Active trades: 0
2026-07-31 00:22:43 INFO     | SentimentSniper      |   Total PnL: $0.000000
2026-07-31 00:22:43 INFO     | SentimentSniper      | ==================================================
2026-07-31 00:22:43 INFO     | SentimentSniper      | ⏰ Sleeping 30s...
2026-07-31 00:23:17 INFO     | SentimentSniper      | ==================================================
2026-07-31 00:23:17 INFO     | SentimentSniper      |   📊 SENTIMENT SNIPER STATS
2026-07-31 00:23:17 INFO     | SentimentSniper      |   Tweets processed: 0
2026-07-31 00:23:17 INFO     | SentimentSniper      |   Trades executed: 0
2026-07-31 00:23:17 INFO     | SentimentSniper      |   Active trades: 0
2026-07-31 00:23:17 INFO     | SentimentSniper      |   Total PnL: $0.000000
2026-07-31 00:23:17 INFO     | SentimentSniper      | ==================================================
2026-07-31 00:23:17 INFO     | SentimentSniper      | ⏰ Sleeping 30s...
2026-07-31 00:23:54 INFO     | SentimentSniper      | ==================================================
2026-07-31 00:23:54 INFO     | SentimentSniper      |   📊 SENTIMENT SNIPER STATS
2026-07-31 00:23:54 INFO     | SentimentSniper      |   Tweets processed: 0
2026-07-31 00:23:54 INFO     | SentimentSniper      |   Trades executed: 0
2026-07-31 00:23:54 INFO     | SentimentSniper      |   Active trades: 0
2026-07-31 00:23:54 INFO     | SentimentSniper      |   Total PnL: $0.000000
2026-07-31 00:23:54 INFO     | SentimentSniper      | ==================================================
2026-07-31 00:23:54 INFO     | SentimentSniper      | ⏰ Sleeping 30s...
2026-07-31 00:24:27 INFO     | SentimentSniper      | ==================================================
2026-07-31 00:24:27 INFO     | SentimentSniper      |   📊 SENTIMENT SNIPER STATS
2026-07-31 00:24:27 INFO     | SentimentSniper      |   Tweets processed: 0
2026-07-31 00:24:27 INFO     | SentimentSniper      |   Trades executed: 0
2026-07-31 00:24:27 INFO     | SentimentSniper      |   Active trades: 0
2026-07-31 00:24:27 INFO     | SentimentSniper      |   Total PnL: $0.000000
2026-07-31 00:24:27 INFO     | SentimentSniper      | ==================================================
2026-07-31 00:24:27 INFO     | SentimentSniper      | ⏰ Sleeping 30s...
2026-07-31 00:25:01 INFO     | SentimentSniper      | ==================================================
2026-07-31 00:25:01 INFO     | SentimentSniper      |   📊 SENTIMENT SNIPER STATS
2026-07-31 00:25:01 INFO     | SentimentSniper      |   Tweets processed: 0
2026-07-31 00:25:01 INFO     | SentimentSniper      |   Trades executed: 0
2026-07-31 00:25:01 INFO     | SentimentSniper      |   Active trades: 0
2026-07-31 00:25:01 INFO     | SentimentSniper      |   Total PnL: $0.000000
2026-07-31 00:25:01 INFO     | SentimentSniper      | ==================================================
2026-07-31 00:25:01 INFO     | SentimentSniper      | ⏰ Sleeping 30s...
2026-07-31 00:25:36 INFO     | SentimentSniper      | ==================================================
2026-07-31 00:25:36 INFO     | SentimentSniper      |   📊 SENTIMENT SNIPER STATS
2026-07-31 00:25:36 INFO     | SentimentSniper      |   Tweets processed: 0
2026-07-31 00:25:36 INFO     | SentimentSniper      |   Trades executed: 0
2026-07-31 00:25:36 INFO     | SentimentSniper      |   Active trades: 0
2026-07-31 00:25:36 INFO     | SentimentSniper      |   Total PnL: $0.000000
2026-07-31 00:25:36 INFO     | SentimentSniper      | ==================================================
2026-07-31 00:25:36 INFO     | SentimentSniper      | ⏰ Sleeping 30s...
2026-07-31 00:26:10 INFO     | SentimentSniper      | ==================================================
2026-07-31 00:26:10 INFO     | SentimentSniper      |   📊 SENTIMENT SNIPER STATS
2026-07-31 00:26:10 INFO     | SentimentSniper      |   Tweets processed: 0
2026-07-31 00:26:10 INFO     | SentimentSniper      |   Trades executed: 0
2026-07-31 00:26:10 INFO     | SentimentSniper      |   Active trades: 0
2026-07-31 00:26:10 INFO     | SentimentSniper      |   Total PnL: $0.000000
2026-07-31 00:26:10 INFO     | SentimentSniper      | ==================================================
2026-07-31 00:26:10 INFO     | SentimentSniper      | ⏰ Sleeping 30s...
2026-07-31 00:26:44 INFO     | SentimentSniper      | ==================================================
2026-07-31 00:26:44 INFO     | SentimentSniper      |   📊 SENTIMENT SNIPER STATS
2026-07-31 00:26:44 INFO     | SentimentSniper      |   Tweets processed: 0
2026-07-31 00:26:44 INFO     | SentimentSniper      |   Trades executed: 0
2026-07-31 00:26:44 INFO     | SentimentSniper      |   Active trades: 0
2026-07-31 00:26:44 INFO     | SentimentSniper      |   Total PnL: $0.000000
2026-07-31 00:26:44 INFO     | SentimentSniper      | ==================================================
2026-07-31 00:26:44 INFO     | SentimentSniper      | ⏰ Sleeping 30s...
2026-07-31 00:27:18 INFO     | SentimentSniper      | ==================================================
2026-07-31 00:27:18 INFO     | SentimentSniper      |   📊 SENTIMENT SNIPER STATS
2026-07-31 00:27:18 INFO     | SentimentSniper      |   Tweets processed: 0
2026-07-31 00:27:18 INFO     | SentimentSniper      |   Trades executed: 0
2026-07-31 00:27:18 INFO     | SentimentSniper      |   Active trades: 0
2026-07-31 00:27:18 INFO     | SentimentSniper      |   Total PnL: $0.000000
2026-07-31 00:27:18 INFO     | SentimentSniper      | ==================================================
2026-07-31 00:27:18 INFO     | SentimentSniper      | ⏰ Sleeping 30s...
2026-07-31 00:27:52 INFO     | SentimentSniper      | ==================================================
2026-07-31 00:27:52 INFO     | SentimentSniper      |   📊 SENTIMENT SNIPER STATS
2026-07-31 00:27:52 INFO     | SentimentSniper      |   Tweets processed: 0
2026-07-31 00:27:52 INFO     | SentimentSniper      |   Trades executed: 0
2026-07-31 00:27:52 INFO     | SentimentSniper      |   Active trades: 0
2026-07-31 00:27:52 INFO     | SentimentSniper      |   Total PnL: $0.000000
2026-07-31 00:27:52 INFO     | SentimentSniper      | ==================================================
2026-07-31 00:27:52 INFO     | SentimentSniper      | ⏰ Sleeping 30s...
2026-07-31 00:28:26 INFO     | SentimentSniper      | ==================================================
2026-07-31 00:28:26 INFO     | SentimentSniper      |   📊 SENTIMENT SNIPER STATS
2026-07-31 00:28:26 INFO     | SentimentSniper      |   Tweets processed: 0
2026-07-31 00:28:26 INFO     | SentimentSniper      |   Trades executed: 0
2026-07-31 00:28:26 INFO     | SentimentSniper      |   Active trades: 0
2026-07-31 00:28:26 INFO     | SentimentSniper      |   Total PnL: $0.000000
2026-07-31 00:28:26 INFO     | SentimentSniper      | ==================================================
2026-07-31 00:28:26 INFO     | SentimentSniper      | ⏰ Sleeping 30s...
2026-07-31 00:28:59 INFO     | SentimentSniper      | ==================================================
2026-07-31 00:28:59 INFO     | SentimentSniper      |   📊 SENTIMENT SNIPER STATS
2026-07-31 00:28:59 INFO     | SentimentSniper      |   Tweets processed: 0
2026-07-31 00:28:59 INFO     | SentimentSniper      |   Trades executed: 0
2026-07-31 00:28:59 INFO     | SentimentSniper      |   Active trades: 0
2026-07-31 00:28:59 INFO     | SentimentSniper      |   Total PnL: $0.000000
2026-07-31 00:28:59 INFO     | SentimentSniper      | ==================================================
2026-07-31 00:28:59 INFO     | SentimentSniper      | ⏰ Sleeping 30s...
2026-07-31 00:29:33 INFO     | SentimentSniper      | ==================================================
2026-07-31 00:29:33 INFO     | SentimentSniper      |   📊 SENTIMENT SNIPER STATS
2026-07-31 00:29:33 INFO     | SentimentSniper      |   Tweets processed: 0
2026-07-31 00:29:33 INFO     | SentimentSniper      |   Trades executed: 0
2026-07-31 00:29:33 INFO     | SentimentSniper      |   Active trades: 0
2026-07-31 00:29:33 INFO     | SentimentSniper      |   Total PnL: $0.000000
2026-07-31 00:29:33 INFO     | SentimentSniper      | ==================================================
2026-07-31 00:29:33 INFO     | SentimentSniper      | ⏰ Sleeping 30s...
2026-07-31 00:30:06 INFO     | SentimentSniper      | ==================================================
2026-07-31 00:30:06 INFO     | SentimentSniper      |   📊 SENTIMENT SNIPER STATS
2026-07-31 00:30:06 INFO     | SentimentSniper      |   Tweets processed: 0
2026-07-31 00:30:06 INFO     | SentimentSniper      |   Trades executed: 0
2026-07-31 00:30:06 INFO     | SentimentSniper      |   Active trades: 0
2026-07-31 00:30:06 INFO     | SentimentSniper      |   Total PnL: $0.000000
2026-07-31 00:30:06 INFO     | SentimentSniper      | ==================================================
2026-07-31 00:30:06 INFO     | SentimentSniper      | ⏰ Sleeping 30s...
2026-07-31 00:30:40 INFO     | SentimentSniper      | ==================================================
2026-07-31 00:30:40 INFO     | SentimentSniper      |   📊 SENTIMENT SNIPER STATS
2026-07-31 00:30:40 INFO     | SentimentSniper      |   Tweets processed: 0
2026-07-31 00:30:40 INFO     | SentimentSniper      |   Trades executed: 0
2026-07-31 00:30:40 INFO     | SentimentSniper      |   Active trades: 0
2026-07-31 00:30:40 INFO     | SentimentSniper      |   Total PnL: $0.000000
2026-07-31 00:30:40 INFO     | SentimentSniper      | ==================================================
2026-07-31 00:30:40 INFO     | SentimentSniper      | ⏰ Sleeping 30s...
2026-07-31 00:31:13 INFO     | SentimentSniper      | ==================================================
2026-07-31 00:31:13 INFO     | SentimentSniper      |   📊 SENTIMENT SNIPER STATS
2026-07-31 00:31:13 INFO     | SentimentSniper      |   Tweets processed: 0
2026-07-31 00:31:13 INFO     | SentimentSniper      |   Trades executed: 0
2026-07-31 00:31:13 INFO     | SentimentSniper      |   Active trades: 0
2026-07-31 00:31:13 INFO     | SentimentSniper      |   Total PnL: $0.000000
2026-07-31 00:31:13 INFO     | SentimentSniper      | ==================================================
2026-07-31 00:31:13 INFO     | SentimentSniper      | ⏰ Sleeping 30s...
2026-07-31 00:31:47 INFO     | SentimentSniper      | ==================================================
2026-07-31 00:31:47 INFO     | SentimentSniper      |   📊 SENTIMENT SNIPER STATS
2026-07-31 00:31:47 INFO     | SentimentSniper      |   Tweets processed: 0
2026-07-31 00:31:47 INFO     | SentimentSniper      |   Trades executed: 0
2026-07-31 00:31:47 INFO     | SentimentSniper      |   Active trades: 0
2026-07-31 00:31:47 INFO     | SentimentSniper      |   Total PnL: $0.000000
2026-07-31 00:31:47 INFO     | SentimentSniper      | ==================================================
2026-07-31 00:31:47 INFO     | SentimentSniper      | ⏰ Sleeping 30s...
2026-07-31 00:32:20 INFO     | SentimentSniper      | ==================================================
2026-07-31 00:32:20 INFO     | SentimentSniper      |   📊 SENTIMENT SNIPER STATS
2026-07-31 00:32:20 INFO     | SentimentSniper      |   Tweets processed: 0
2026-07-31 00:32:20 INFO     | SentimentSniper      |   Trades executed: 0
2026-07-31 00:32:20 INFO     | SentimentSniper      |   Active trades: 0
2026-07-31 00:32:20 INFO     | SentimentSniper      |   Total PnL: $0.000000
2026-07-31 00:32:20 INFO     | SentimentSniper      | ==================================================
2026-07-31 00:32:20 INFO     | SentimentSniper      | ⏰ Sleeping 30s...
2026-07-31 00:32:55 INFO     | SentimentSniper      | ==================================================
2026-07-31 00:32:55 INFO     | SentimentSniper      |   📊 SENTIMENT SNIPER STATS
2026-07-31 00:32:55 INFO     | SentimentSniper      |   Tweets processed: 0
2026-07-31 00:32:55 INFO     | SentimentSniper      |   Trades executed: 0
2026-07-31 00:32:55 INFO     | SentimentSniper      |   Active trades: 0
2026-07-31 00:32:55 INFO     | SentimentSniper      |   Total PnL: $0.000000
2026-07-31 00:32:55 INFO     | SentimentSniper      | ==================================================
2026-07-31 00:32:55 INFO     | SentimentSniper      | ⏰ Sleeping 30s...
2026-07-31 00:33:29 INFO     | SentimentSniper      | ==================================================
2026-07-31 00:33:29 INFO     | SentimentSniper      |   📊 SENTIMENT SNIPER STATS
2026-07-31 00:33:29 INFO     | SentimentSniper      |   Tweets processed: 0
2026-07-31 00:33:29 INFO     | SentimentSniper      |   Trades executed: 0
2026-07-31 00:33:29 INFO     | SentimentSniper      |   Active trades: 0
2026-07-31 00:33:29 INFO     | SentimentSniper      |   Total PnL: $0.000000
2026-07-31 00:33:29 INFO     | SentimentSniper      | ==================================================
2026-07-31 00:33:29 INFO     | SentimentSniper      | ⏰ Sleeping 30s...
2026-07-31 00:34:02 INFO     | SentimentSniper      | ==================================================
2026-07-31 00:34:02 INFO     | SentimentSniper      |   📊 SENTIMENT SNIPER STATS
2026-07-31 00:34:02 INFO     | SentimentSniper      |   Tweets processed: 0
2026-07-31 00:34:02 INFO     | SentimentSniper      |   Trades executed: 0
2026-07-31 00:34:02 INFO     | SentimentSniper      |   Active trades: 0
2026-07-31 00:34:02 INFO     | SentimentSniper      |   Total PnL: $0.000000
2026-07-31 00:34:02 INFO     | SentimentSniper      | ==================================================
2026-07-31 00:34:02 INFO     | SentimentSniper      | ⏰ Sleeping 30s...
2026-07-31 00:34:36 INFO     | SentimentSniper      | ==================================================
2026-07-31 00:34:36 INFO     | SentimentSniper      |   📊 SENTIMENT SNIPER STATS
2026-07-31 00:34:36 INFO     | SentimentSniper      |   Tweets processed: 0
2026-07-31 00:34:36 INFO     | SentimentSniper      |   Trades executed: 0
2026-07-31 00:34:36 INFO     | SentimentSniper      |   Active trades: 0
2026-07-31 00:34:36 INFO     | SentimentSniper      |   Total PnL: $0.000000
2026-07-31 00:34:36 INFO     | SentimentSniper      | ==================================================
2026-07-31 00:34:36 INFO     | SentimentSniper      | ⏰ Sleeping 30s...
2026-07-31 00:35:11 INFO     | SentimentSniper      | ==================================================
2026-07-31 00:35:11 INFO     | SentimentSniper      |   📊 SENTIMENT SNIPER STATS
2026-07-31 00:35:11 INFO     | SentimentSniper      |   Tweets processed: 0
2026-07-31 00:35:11 INFO     | SentimentSniper      |   Trades executed: 0
2026-07-31 00:35:11 INFO     | SentimentSniper      |   Active trades: 0
2026-07-31 00:35:11 INFO     | SentimentSniper      |   Total PnL: $0.000000
2026-07-31 00:35:11 INFO     | SentimentSniper      | ==================================================
2026-07-31 00:35:11 INFO     | SentimentSniper      | ⏰ Sleeping 30s...
2026-07-31 00:35:44 INFO     | SentimentSniper      | ==================================================
2026-07-31 00:35:44 INFO     | SentimentSniper      |   📊 SENTIMENT SNIPER STATS
2026-07-31 00:35:44 INFO     | SentimentSniper      |   Tweets processed: 0
2026-07-31 00:35:44 INFO     | SentimentSniper      |   Trades executed: 0
2026-07-31 00:35:44 INFO     | SentimentSniper      |   Active trades: 0
2026-07-31 00:35:44 INFO     | SentimentSniper      |   Total PnL: $0.000000
2026-07-31 00:35:44 INFO     | SentimentSniper      | ==================================================
2026-07-31 00:35:44 INFO     | SentimentSniper      | ⏰ Sleeping 30s...
2026-07-31 00:36:18 INFO     | SentimentSniper      | ==================================================
2026-07-31 00:36:18 INFO     | SentimentSniper      |   📊 SENTIMENT SNIPER STATS
2026-07-31 00:36:18 INFO     | SentimentSniper      |   Tweets processed: 0
2026-07-31 00:36:18 INFO     | SentimentSniper      |   Trades executed: 0
2026-07-31 00:36:18 INFO     | SentimentSniper      |   Active trades: 0
2026-07-31 00:36:18 INFO     | SentimentSniper      |   Total PnL: $0.000000
2026-07-31 00:36:18 INFO     | SentimentSniper      | ==================================================
2026-07-31 00:36:18 INFO     | SentimentSniper      | ⏰ Sleeping 30s...
2026-07-31 00:36:52 INFO     | SentimentSniper      | ==================================================
2026-07-31 00:36:52 INFO     | SentimentSniper      |   📊 SENTIMENT SNIPER STATS
2026-07-31 00:36:52 INFO     | SentimentSniper      |   Tweets processed: 0
2026-07-31 00:36:52 INFO     | SentimentSniper      |   Trades executed: 0
2026-07-31 00:36:52 INFO     | SentimentSniper      |   Active trades: 0
2026-07-31 00:36:52 INFO     | SentimentSniper      |   Total PnL: $0.000000
2026-07-31 00:36:52 INFO     | SentimentSniper      | ==================================================
2026-07-31 00:36:52 INFO     | SentimentSniper      | ⏰ Sleeping 30s...
2026-07-31 00:37:25 INFO     | SentimentSniper      | ==================================================
2026-07-31 00:37:25 INFO     | SentimentSniper      |   📊 SENTIMENT SNIPER STATS
2026-07-31 00:37:25 INFO     | SentimentSniper      |   Tweets processed: 0
2026-07-31 00:37:25 INFO     | SentimentSniper      |   Trades executed: 0
2026-07-31 00:37:25 INFO     | SentimentSniper      |   Active trades: 0
2026-07-31 00:37:25 INFO     | SentimentSniper      |   Total PnL: $0.000000
2026-07-31 00:37:25 INFO     | SentimentSniper      | ==================================================
2026-07-31 00:37:25 INFO     | SentimentSniper      | ⏰ Sleeping 30s...
2026-07-31 00:37:59 INFO     | SentimentSniper      | ==================================================
2026-07-31 00:37:59 INFO     | SentimentSniper      |   📊 SENTIMENT SNIPER STATS
2026-07-31 00:37:59 INFO     | SentimentSniper      |   Tweets processed: 0
2026-07-31 00:37:59 INFO     | SentimentSniper      |   Trades executed: 0
2026-07-31 00:37:59 INFO     | SentimentSniper      |   Active trades: 0
2026-07-31 00:37:59 INFO     | SentimentSniper      |   Total PnL: $0.000000
2026-07-31 00:37:59 INFO     | SentimentSniper      | ==================================================
2026-07-31 00:37:59 INFO     | SentimentSniper      | ⏰ Sleeping 30s...
2026-07-31 00:38:33 INFO     | SentimentSniper      | ==================================================
2026-07-31 00:38:33 INFO     | SentimentSniper      |   📊 SENTIMENT SNIPER STATS
2026-07-31 00:38:33 INFO     | SentimentSniper      |   Tweets processed: 0
2026-07-31 00:38:33 INFO     | SentimentSniper      |   Trades executed: 0
2026-07-31 00:38:33 INFO     | SentimentSniper      |   Active trades: 0
2026-07-31 00:38:33 INFO     | SentimentSniper      |   Total PnL: $0.000000
2026-07-31 00:38:33 INFO     | SentimentSniper      | ==================================================
2026-07-31 00:38:33 INFO     | SentimentSniper      | ⏰ Sleeping 30s...
2026-07-31 00:39:07 INFO     | SentimentSniper      | ==================================================
2026-07-31 00:39:07 INFO     | SentimentSniper      |   📊 SENTIMENT SNIPER STATS
2026-07-31 00:39:07 INFO     | SentimentSniper      |   Tweets processed: 0
2026-07-31 00:39:07 INFO     | SentimentSniper      |   Trades executed: 0
2026-07-31 00:39:07 INFO     | SentimentSniper      |   Active trades: 0
2026-07-31 00:39:07 INFO     | SentimentSniper      |   Total PnL: $0.000000
2026-07-31 00:39:07 INFO     | SentimentSniper      | ==================================================
2026-07-31 00:39:07 INFO     | SentimentSniper      | ⏰ Sleeping 30s...
2026-07-31 00:39:45 INFO     | SentimentSniper      | ==================================================
2026-07-31 00:39:45 INFO     | SentimentSniper      |   📊 SENTIMENT SNIPER STATS
2026-07-31 00:39:45 INFO     | SentimentSniper      |   Tweets processed: 0
2026-07-31 00:39:45 INFO     | SentimentSniper      |   Trades executed: 0
2026-07-31 00:39:45 INFO     | SentimentSniper      |   Active trades: 0
2026-07-31 00:39:45 INFO     | SentimentSniper      |   Total PnL: $0.000000
2026-07-31 00:39:45 INFO     | SentimentSniper      | ==================================================
2026-07-31 00:39:45 INFO     | SentimentSniper      | ⏰ Sleeping 30s...
2026-07-31 00:40:19 INFO     | SentimentSniper      | ==================================================
2026-07-31 00:40:19 INFO     | SentimentSniper      |   📊 SENTIMENT SNIPER STATS
2026-07-31 00:40:19 INFO     | SentimentSniper      |   Tweets processed: 0
2026-07-31 00:40:19 INFO     | SentimentSniper      |   Trades executed: 0
2026-07-31 00:40:19 INFO     | SentimentSniper      |   Active trades: 0
2026-07-31 00:40:19 INFO     | SentimentSniper      |   Total PnL: $0.000000
2026-07-31 00:40:19 INFO     | SentimentSniper      | ==================================================
2026-07-31 00:40:19 INFO     | SentimentSniper      | ⏰ Sleeping 30s...
2026-07-31 00:40:52 INFO     | SentimentSniper      | ==================================================
2026-07-31 00:40:52 INFO     | SentimentSniper      |   📊 SENTIMENT SNIPER STATS
2026-07-31 00:40:52 INFO     | SentimentSniper      |   Tweets processed: 0
2026-07-31 00:40:52 INFO     | SentimentSniper      |   Trades executed: 0
2026-07-31 00:40:52 INFO     | SentimentSniper      |   Active trades: 0
2026-07-31 00:40:52 INFO     | SentimentSniper      |   Total PnL: $0.000000
2026-07-31 00:40:52 INFO     | SentimentSniper      | ==================================================
2026-07-31 00:40:52 INFO     | SentimentSniper      | ⏰ Sleeping 30s...
2026-07-31 00:41:25 INFO     | SentimentSniper      | ==================================================
2026-07-31 00:41:25 INFO     | SentimentSniper      |   📊 SENTIMENT SNIPER STATS
2026-07-31 00:41:25 INFO     | SentimentSniper      |   Tweets processed: 0
2026-07-31 00:41:25 INFO     | SentimentSniper      |   Trades executed: 0
2026-07-31 00:41:25 INFO     | SentimentSniper      |   Active trades: 0
2026-07-31 00:41:25 INFO     | SentimentSniper      |   Total PnL: $0.000000
2026-07-31 00:41:25 INFO     | SentimentSniper      | ==================================================
2026-07-31 00:41:25 INFO     | SentimentSniper      | ⏰ Sleeping 30s...
2026-07-31 00:42:00 INFO     | SentimentSniper      | ==================================================
2026-07-31 00:42:00 INFO     | SentimentSniper      |   📊 SENTIMENT SNIPER STATS
2026-07-31 00:42:00 INFO     | SentimentSniper      |   Tweets processed: 0
2026-07-31 00:42:00 INFO     | SentimentSniper      |   Trades executed: 0
2026-07-31 00:42:00 INFO     | SentimentSniper      |   Active trades: 0
2026-07-31 00:42:00 INFO     | SentimentSniper      |   Total PnL: $0.000000
2026-07-31 00:42:00 INFO     | SentimentSniper      | ==================================================
2026-07-31 00:42:00 INFO     | SentimentSniper      | ⏰ Sleeping 30s...
2026-07-31 00:42:34 INFO     | SentimentSniper      | ==================================================
2026-07-31 00:42:34 INFO     | SentimentSniper      |   📊 SENTIMENT SNIPER STATS
2026-07-31 00:42:34 INFO     | SentimentSniper      |   Tweets processed: 0
2026-07-31 00:42:34 INFO     | SentimentSniper      |   Trades executed: 0
2026-07-31 00:42:34 INFO     | SentimentSniper      |   Active trades: 0
2026-07-31 00:42:34 INFO     | SentimentSniper      |   Total PnL: $0.000000
2026-07-31 00:42:34 INFO     | SentimentSniper      | ==================================================
2026-07-31 00:42:34 INFO     | SentimentSniper      | ⏰ Sleeping 30s...
2026-07-31 00:43:07 INFO     | SentimentSniper      | ==================================================
2026-07-31 00:43:07 INFO     | SentimentSniper      |   📊 SENTIMENT SNIPER STATS
2026-07-31 00:43:07 INFO     | SentimentSniper      |   Tweets processed: 0
2026-07-31 00:43:07 INFO     | SentimentSniper      |   Trades executed: 0
2026-07-31 00:43:07 INFO     | SentimentSniper      |   Active trades: 0
2026-07-31 00:43:07 INFO     | SentimentSniper      |   Total PnL: $0.000000
2026-07-31 00:43:07 INFO     | SentimentSniper      | ==================================================
2026-07-31 00:43:07 INFO     | SentimentSniper      | ⏰ Sleeping 30s...
2026-07-31 00:43:41 INFO     | SentimentSniper      | ==================================================
2026-07-31 00:43:41 INFO     | SentimentSniper      |   📊 SENTIMENT SNIPER STATS
2026-07-31 00:43:41 INFO     | SentimentSniper      |   Tweets processed: 0
2026-07-31 00:43:41 INFO     | SentimentSniper      |   Trades executed: 0
2026-07-31 00:43:41 INFO     | SentimentSniper      |   Active trades: 0
2026-07-31 00:43:41 INFO     | SentimentSniper      |   Total PnL: $0.000000
2026-07-31 00:43:41 INFO     | SentimentSniper      | ==================================================
2026-07-31 00:43:41 INFO     | SentimentSniper      | ⏰ Sleeping 30s...
2026-07-31 00:44:14 INFO     | SentimentSniper      | ==================================================
2026-07-31 00:44:14 INFO     | SentimentSniper      |   📊 SENTIMENT SNIPER STATS
2026-07-31 00:44:14 INFO     | SentimentSniper      |   Tweets processed: 0
2026-07-31 00:44:14 INFO     | SentimentSniper      |   Trades executed: 0
2026-07-31 00:44:14 INFO     | SentimentSniper      |   Active trades: 0
2026-07-31 00:44:14 INFO     | SentimentSniper      |   Total PnL: $0.000000
2026-07-31 00:44:14 INFO     | SentimentSniper      | ==================================================
2026-07-31 00:44:14 INFO     | SentimentSniper      | ⏰ Sleeping 30s...
2026-07-31 00:44:48 INFO     | SentimentSniper      | ==================================================
2026-07-31 00:44:48 INFO     | SentimentSniper      |   📊 SENTIMENT SNIPER STATS
2026-07-31 00:44:48 INFO     | SentimentSniper      |   Tweets processed: 0
2026-07-31 00:44:48 INFO     | SentimentSniper      |   Trades executed: 0
2026-07-31 00:44:48 INFO     | SentimentSniper      |   Active trades: 0
2026-07-31 00:44:48 INFO     | SentimentSniper      |   Total PnL: $0.000000
2026-07-31 00:44:48 INFO     | SentimentSniper      | ==================================================
2026-07-31 00:44:48 INFO     | SentimentSniper      | ⏰ Sleeping 30s...
2026-07-31 00:45:21 INFO     | SentimentSniper      | ==================================================
2026-07-31 00:45:21 INFO     | SentimentSniper      |   📊 SENTIMENT SNIPER STATS
2026-07-31 00:45:21 INFO     | SentimentSniper      |   Tweets processed: 0
2026-07-31 00:45:21 INFO     | SentimentSniper      |   Trades executed: 0
2026-07-31 00:45:21 INFO     | SentimentSniper      |   Active trades: 0
2026-07-31 00:45:21 INFO     | SentimentSniper      |   Total PnL: $0.000000
2026-07-31 00:45:21 INFO     | SentimentSniper      | ==================================================
2026-07-31 00:45:21 INFO     | SentimentSniper      | ⏰ Sleeping 30s...
2026-07-31 00:45:54 INFO     | SentimentSniper      | ==================================================
2026-07-31 00:45:54 INFO     | SentimentSniper      |   📊 SENTIMENT SNIPER STATS
2026-07-31 00:45:54 INFO     | SentimentSniper      |   Tweets processed: 0
2026-07-31 00:45:54 INFO     | SentimentSniper      |   Trades executed: 0
2026-07-31 00:45:54 INFO     | SentimentSniper      |   Active trades: 0
2026-07-31 00:45:54 INFO     | SentimentSniper      |   Total PnL: $0.000000
2026-07-31 00:45:54 INFO     | SentimentSniper      | ==================================================
2026-07-31 00:45:54 INFO     | SentimentSniper      | ⏰ Sleeping 30s...
2026-07-31 00:46:28 INFO     | SentimentSniper      | ==================================================
2026-07-31 00:46:28 INFO     | SentimentSniper      |   📊 SENTIMENT SNIPER STATS
2026-07-31 00:46:28 INFO     | SentimentSniper      |   Tweets processed: 0
2026-07-31 00:46:28 INFO     | SentimentSniper      |   Trades executed: 0
2026-07-31 00:46:28 INFO     | SentimentSniper      |   Active trades: 0
2026-07-31 00:46:28 INFO     | SentimentSniper      |   Total PnL: $0.000000
2026-07-31 00:46:28 INFO     | SentimentSniper      | ==================================================
2026-07-31 00:46:28 INFO     | SentimentSniper      | ⏰ Sleeping 30s...
2026-07-31 00:47:01 INFO     | SentimentSniper      | ==================================================
2026-07-31 00:47:01 INFO     | SentimentSniper      |   📊 SENTIMENT SNIPER STATS
2026-07-31 00:47:01 INFO     | SentimentSniper      |   Tweets processed: 0
2026-07-31 00:47:01 INFO     | SentimentSniper      |   Trades executed: 0
2026-07-31 00:47:01 INFO     | SentimentSniper      |   Active trades: 0
2026-07-31 00:47:01 INFO     | SentimentSniper      |   Total PnL: $0.000000
2026-07-31 00:47:01 INFO     | SentimentSniper      | ==================================================
2026-07-31 00:47:01 INFO     | SentimentSniper      | ⏰ Sleeping 30s...
2026-07-31 00:47:34 INFO     | SentimentSniper      | ==================================================
2026-07-31 00:47:34 INFO     | SentimentSniper      |   📊 SENTIMENT SNIPER STATS
2026-07-31 00:47:34 INFO     | SentimentSniper      |   Tweets processed: 0
2026-07-31 00:47:34 INFO     | SentimentSniper      |   Trades executed: 0
2026-07-31 00:47:34 INFO     | SentimentSniper      |   Active trades: 0
2026-07-31 00:47:34 INFO     | SentimentSniper      |   Total PnL: $0.000000
2026-07-31 00:47:34 INFO     | SentimentSniper      | ==================================================
2026-07-31 00:47:34 INFO     | SentimentSniper      | ⏰ Sleeping 30s...
2026-07-31 00:48:08 INFO     | SentimentSniper      | ==================================================
2026-07-31 00:48:08 INFO     | SentimentSniper      |   📊 SENTIMENT SNIPER STATS
2026-07-31 00:48:08 INFO     | SentimentSniper      |   Tweets processed: 0
2026-07-31 00:48:08 INFO     | SentimentSniper      |   Trades executed: 0
2026-07-31 00:48:08 INFO     | SentimentSniper      |   Active trades: 0
2026-07-31 00:48:08 INFO     | SentimentSniper      |   Total PnL: $0.000000
2026-07-31 00:48:08 INFO     | SentimentSniper      | ==================================================
2026-07-31 00:48:08 INFO     | SentimentSniper      | ⏰ Sleeping 30s...
2026-07-31 00:48:41 INFO     | SentimentSniper      | ==================================================
2026-07-31 00:48:41 INFO     | SentimentSniper      |   📊 SENTIMENT SNIPER STATS
2026-07-31 00:48:41 INFO     | SentimentSniper      |   Tweets processed: 0
2026-07-31 00:48:41 INFO     | SentimentSniper      |   Trades executed: 0
2026-07-31 00:48:41 INFO     | SentimentSniper      |   Active trades: 0
2026-07-31 00:48:41 INFO     | SentimentSniper      |   Total PnL: $0.000000
2026-07-31 00:48:41 INFO     | SentimentSniper      | ==================================================
2026-07-31 00:48:41 INFO     | SentimentSniper      | ⏰ Sleeping 30s...
2026-07-31 00:49:16 INFO     | SentimentSniper      | ==================================================
2026-07-31 00:49:16 INFO     | SentimentSniper      |   📊 SENTIMENT SNIPER STATS
2026-07-31 00:49:16 INFO     | SentimentSniper      |   Tweets processed: 0
2026-07-31 00:49:16 INFO     | SentimentSniper      |   Trades executed: 0
2026-07-31 00:49:16 INFO     | SentimentSniper      |   Active trades: 0
2026-07-31 00:49:16 INFO     | SentimentSniper      |   Total PnL: $0.000000
2026-07-31 00:49:16 INFO     | SentimentSniper      | ==================================================
2026-07-31 00:49:16 INFO     | SentimentSniper      | ⏰ Sleeping 30s...
2026-07-31 00:49:49 INFO     | SentimentSniper      | ==================================================
2026-07-31 00:49:49 INFO     | SentimentSniper      |   📊 SENTIMENT SNIPER STATS
2026-07-31 00:49:49 INFO     | SentimentSniper      |   Tweets processed: 0
2026-07-31 00:49:49 INFO     | SentimentSniper      |   Trades executed: 0
2026-07-31 00:49:49 INFO     | SentimentSniper      |   Active trades: 0
2026-07-31 00:49:49 INFO     | SentimentSniper      |   Total PnL: $0.000000
2026-07-31 00:49:49 INFO     | SentimentSniper      | ==================================================
2026-07-31 00:49:49 INFO     | SentimentSniper      | ⏰ Sleeping 30s...
2026-07-31 00:50:22 INFO     | SentimentSniper      | ==================================================
2026-07-31 00:50:22 INFO     | SentimentSniper      |   📊 SENTIMENT SNIPER STATS
2026-07-31 00:50:22 INFO     | SentimentSniper      |   Tweets processed: 0
2026-07-31 00:50:22 INFO     | SentimentSniper      |   Trades executed: 0
2026-07-31 00:50:22 INFO     | SentimentSniper      |   Active trades: 0
2026-07-31 00:50:22 INFO     | SentimentSniper      |   Total PnL: $0.000000
2026-07-31 00:50:22 INFO     | SentimentSniper      | ==================================================
2026-07-31 00:50:22 INFO     | SentimentSniper      | ⏰ Sleeping 30s...
2026-07-31 00:50:56 INFO     | SentimentSniper      | ==================================================
2026-07-31 00:50:56 INFO     | SentimentSniper      |   📊 SENTIMENT SNIPER STATS
2026-07-31 00:50:56 INFO     | SentimentSniper      |   Tweets processed: 0
2026-07-31 00:50:56 INFO     | SentimentSniper      |   Trades executed: 0
2026-07-31 00:50:56 INFO     | SentimentSniper      |   Active trades: 0
2026-07-31 00:50:56 INFO     | SentimentSniper      |   Total PnL: $0.000000
2026-07-31 00:50:56 INFO     | SentimentSniper      | ==================================================
2026-07-31 00:50:56 INFO     | SentimentSniper      | ⏰ Sleeping 30s...
2026-07-31 00:51:29 INFO     | SentimentSniper      | ==================================================
2026-07-31 00:51:29 INFO     | SentimentSniper      |   📊 SENTIMENT SNIPER STATS
2026-07-31 00:51:29 INFO     | SentimentSniper      |   Tweets processed: 0
2026-07-31 00:51:29 INFO     | SentimentSniper      |   Trades executed: 0
2026-07-31 00:51:29 INFO     | SentimentSniper      |   Active trades: 0
2026-07-31 00:51:29 INFO     | SentimentSniper      |   Total PnL: $0.000000
2026-07-31 00:51:29 INFO     | SentimentSniper      | ==================================================
2026-07-31 00:51:29 INFO     | SentimentSniper      | ⏰ Sleeping 30s...
2026-07-31 00:52:02 INFO     | SentimentSniper      | ==================================================
2026-07-31 00:52:02 INFO     | SentimentSniper      |   📊 SENTIMENT SNIPER STATS
2026-07-31 00:52:02 INFO     | SentimentSniper      |   Tweets processed: 0
2026-07-31 00:52:02 INFO     | SentimentSniper      |   Trades executed: 0
2026-07-31 00:52:02 INFO     | SentimentSniper      |   Active trades: 0
2026-07-31 00:52:02 INFO     | SentimentSniper      |   Total PnL: $0.000000
2026-07-31 00:52:02 INFO     | SentimentSniper      | ==================================================
2026-07-31 00:52:02 INFO     | SentimentSniper      | ⏰ Sleeping 30s...
2026-07-31 00:52:39 INFO     | SentimentSniper      | ==================================================
2026-07-31 00:52:39 INFO     | SentimentSniper      |   📊 SENTIMENT SNIPER STATS
2026-07-31 00:52:39 INFO     | SentimentSniper      |   Tweets processed: 0
2026-07-31 00:52:39 INFO     | SentimentSniper      |   Trades executed: 0
2026-07-31 00:52:39 INFO     | SentimentSniper      |   Active trades: 0
2026-07-31 00:52:39 INFO     | SentimentSniper      |   Total PnL: $0.000000
2026-07-31 00:52:39 INFO     | SentimentSniper      | ==================================================
2026-07-31 00:52:39 INFO     | SentimentSniper      | ⏰ Sleeping 30s...
2026-07-31 00:53:12 INFO     | SentimentSniper      | ==================================================
2026-07-31 00:53:12 INFO     | SentimentSniper      |   📊 SENTIMENT SNIPER STATS
2026-07-31 00:53:12 INFO     | SentimentSniper      |   Tweets processed: 0
2026-07-31 00:53:12 INFO     | SentimentSniper      |   Trades executed: 0
2026-07-31 00:53:12 INFO     | SentimentSniper      |   Active trades: 0
2026-07-31 00:53:12 INFO     | SentimentSniper      |   Total PnL: $0.000000
2026-07-31 00:53:12 INFO     | SentimentSniper      | ==================================================
2026-07-31 00:53:12 INFO     | SentimentSniper      | ⏰ Sleeping 30s...
2026-07-31 00:53:45 INFO     | SentimentSniper      | ==================================================
2026-07-31 00:53:45 INFO     | SentimentSniper      |   📊 SENTIMENT SNIPER STATS
2026-07-31 00:53:45 INFO     | SentimentSniper      |   Tweets processed: 0
2026-07-31 00:53:45 INFO     | SentimentSniper      |   Trades executed: 0
2026-07-31 00:53:45 INFO     | SentimentSniper      |   Active trades: 0
2026-07-31 00:53:45 INFO     | SentimentSniper      |   Total PnL: $0.000000
2026-07-31 00:53:45 INFO     | SentimentSniper      | ==================================================
2026-07-31 00:53:45 INFO     | SentimentSniper      | ⏰ Sleeping 30s...
2026-07-31 00:54:19 INFO     | SentimentSniper      | ==================================================
2026-07-31 00:54:19 INFO     | SentimentSniper      |   📊 SENTIMENT SNIPER STATS
2026-07-31 00:54:19 INFO     | SentimentSniper      |   Tweets processed: 0
2026-07-31 00:54:19 INFO     | SentimentSniper      |   Trades executed: 0
2026-07-31 00:54:19 INFO     | SentimentSniper      |   Active trades: 0
2026-07-31 00:54:19 INFO     | SentimentSniper      |   Total PnL: $0.000000
2026-07-31 00:54:19 INFO     | SentimentSniper      | ==================================================
2026-07-31 00:54:19 INFO     | SentimentSniper      | ⏰ Sleeping 30s...
2026-07-31 00:54:52 INFO     | SentimentSniper      | ==================================================
2026-07-31 00:54:52 INFO     | SentimentSniper      |   📊 SENTIMENT SNIPER STATS
2026-07-31 00:54:52 INFO     | SentimentSniper      |   Tweets processed: 0
2026-07-31 00:54:52 INFO     | SentimentSniper      |   Trades executed: 0
2026-07-31 00:54:52 INFO     | SentimentSniper      |   Active trades: 0
2026-07-31 00:54:52 INFO     | SentimentSniper      |   Total PnL: $0.000000
2026-07-31 00:54:52 INFO     | SentimentSniper      | ==================================================
2026-07-31 00:54:52 INFO     | SentimentSniper      | ⏰ Sleeping 30s...
2026-07-31 00:55:25 INFO     | SentimentSniper      | ==================================================
2026-07-31 00:55:25 INFO     | SentimentSniper      |   📊 SENTIMENT SNIPER STATS
2026-07-31 00:55:25 INFO     | SentimentSniper      |   Tweets processed: 0
2026-07-31 00:55:25 INFO     | SentimentSniper      |   Trades executed: 0
2026-07-31 00:55:25 INFO     | SentimentSniper      |   Active trades: 0
2026-07-31 00:55:25 INFO     | SentimentSniper      |   Total PnL: $0.000000
2026-07-31 00:55:25 INFO     | SentimentSniper      | ==================================================
2026-07-31 00:55:25 INFO     | SentimentSniper      | ⏰ Sleeping 30s...
2026-07-31 00:55:58 INFO     | SentimentSniper      | ==================================================
2026-07-31 00:55:58 INFO     | SentimentSniper      |   📊 SENTIMENT SNIPER STATS
2026-07-31 00:55:58 INFO     | SentimentSniper      |   Tweets processed: 0
2026-07-31 00:55:58 INFO     | SentimentSniper      |   Trades executed: 0
2026-07-31 00:55:58 INFO     | SentimentSniper      |   Active trades: 0
2026-07-31 00:55:58 INFO     | SentimentSniper      |   Total PnL: $0.000000
2026-07-31 00:55:58 INFO     | SentimentSniper      | ==================================================
2026-07-31 00:55:58 INFO     | SentimentSniper      | ⏰ Sleeping 30s...
2026-07-31 00:56:32 INFO     | SentimentSniper      | ==================================================
2026-07-31 00:56:32 INFO     | SentimentSniper      |   📊 SENTIMENT SNIPER STATS
2026-07-31 00:56:32 INFO     | SentimentSniper      |   Tweets processed: 0
2026-07-31 00:56:32 INFO     | SentimentSniper      |   Trades executed: 0
2026-07-31 00:56:32 INFO     | SentimentSniper      |   Active trades: 0
2026-07-31 00:56:32 INFO     | SentimentSniper      |   Total PnL: $0.000000
2026-07-31 00:56:32 INFO     | SentimentSniper      | ==================================================
2026-07-31 00:56:32 INFO     | SentimentSniper      | ⏰ Sleeping 30s...
2026-07-31 00:57:05 INFO     | SentimentSniper      | ==================================================
2026-07-31 00:57:05 INFO     | SentimentSniper      |   📊 SENTIMENT SNIPER STATS
2026-07-31 00:57:05 INFO     | SentimentSniper      |   Tweets processed: 0
2026-07-31 00:57:05 INFO     | SentimentSniper      |   Trades executed: 0
2026-07-31 00:57:05 INFO     | SentimentSniper      |   Active trades: 0
2026-07-31 00:57:05 INFO     | SentimentSniper      |   Total PnL: $0.000000
2026-07-31 00:57:05 INFO     | SentimentSniper      | ==================================================
2026-07-31 00:57:05 INFO     | SentimentSniper      | ⏰ Sleeping 30s...
2026-07-31 00:57:48 INFO     | SentimentSniper      | ==================================================
2026-07-31 00:57:48 INFO     | SentimentSniper      |   📊 SENTIMENT SNIPER STATS
2026-07-31 00:57:48 INFO     | SentimentSniper      |   Tweets processed: 0
2026-07-31 00:57:48 INFO     | SentimentSniper      |   Trades executed: 0
2026-07-31 00:57:48 INFO     | SentimentSniper      |   Active trades: 0
2026-07-31 00:57:48 INFO     | SentimentSniper      |   Total PnL: $0.000000
2026-07-31 00:57:48 INFO     | SentimentSniper      | ==================================================
2026-07-31 00:57:48 INFO     | SentimentSniper      | ⏰ Sleeping 30s...
2026-07-31 00:58:21 INFO     | SentimentSniper      | ==================================================
2026-07-31 00:58:21 INFO     | SentimentSniper      |   📊 SENTIMENT SNIPER STATS
2026-07-31 00:58:21 INFO     | SentimentSniper      |   Tweets processed: 0
2026-07-31 00:58:21 INFO     | SentimentSniper      |   Trades executed: 0
2026-07-31 00:58:21 INFO     | SentimentSniper      |   Active trades: 0
2026-07-31 00:58:21 INFO     | SentimentSniper      |   Total PnL: $0.000000
2026-07-31 00:58:21 INFO     | SentimentSniper      | ==================================================
2026-07-31 00:58:21 INFO     | SentimentSniper      | ⏰ Sleeping 30s...
2026-07-31 00:58:54 INFO     | SentimentSniper      | ==================================================
2026-07-31 00:58:54 INFO     | SentimentSniper      |   📊 SENTIMENT SNIPER STATS
2026-07-31 00:58:54 INFO     | SentimentSniper      |   Tweets processed: 0
2026-07-31 00:58:54 INFO     | SentimentSniper      |   Trades executed: 0
2026-07-31 00:58:54 INFO     | SentimentSniper      |   Active trades: 0
2026-07-31 00:58:54 INFO     | SentimentSniper      |   Total PnL: $0.000000
2026-07-31 00:58:54 INFO     | SentimentSniper      | ==================================================
2026-07-31 00:58:54 INFO     | SentimentSniper      | ⏰ Sleeping 30s...
2026-07-31 00:59:28 INFO     | SentimentSniper      | ==================================================
2026-07-31 00:59:28 INFO     | SentimentSniper      |   📊 SENTIMENT SNIPER STATS
2026-07-31 00:59:28 INFO     | SentimentSniper      |   Tweets processed: 0
2026-07-31 00:59:28 INFO     | SentimentSniper      |   Trades executed: 0
2026-07-31 00:59:28 INFO     | SentimentSniper      |   Active trades: 0
2026-07-31 00:59:28 INFO     | SentimentSniper      |   Total PnL: $0.000000
2026-07-31 00:59:28 INFO     | SentimentSniper      | ==================================================
2026-07-31 00:59:28 INFO     | SentimentSniper      | ⏰ Sleeping 30s...
2026-07-31 01:00:01 INFO     | SentimentSniper      | ==================================================
2026-07-31 01:00:01 INFO     | SentimentSniper      |   📊 SENTIMENT SNIPER STATS
2026-07-31 01:00:01 INFO     | SentimentSniper      |   Tweets processed: 0
2026-07-31 01:00:01 INFO     | SentimentSniper      |   Trades executed: 0
2026-07-31 01:00:01 INFO     | SentimentSniper      |   Active trades: 0
2026-07-31 01:00:01 INFO     | SentimentSniper      |   Total PnL: $0.000000
2026-07-31 01:00:01 INFO     | SentimentSniper      | ==================================================
2026-07-31 01:00:01 INFO     | SentimentSniper      | ⏰ Sleeping 30s...
2026-07-31 01:00:34 INFO     | SentimentSniper      | ==================================================
2026-07-31 01:00:34 INFO     | SentimentSniper      |   📊 SENTIMENT SNIPER STATS
2026-07-31 01:00:34 INFO     | SentimentSniper      |   Tweets processed: 0
2026-07-31 01:00:34 INFO     | SentimentSniper      |   Trades executed: 0
2026-07-31 01:00:34 INFO     | SentimentSniper      |   Active trades: 0
2026-07-31 01:00:34 INFO     | SentimentSniper      |   Total PnL: $0.000000
2026-07-31 01:00:34 INFO     | SentimentSniper      | ==================================================
2026-07-31 01:00:34 INFO     | SentimentSniper      | ⏰ Sleeping 30s...
2026-07-31 01:01:07 INFO     | SentimentSniper      | ==================================================
2026-07-31 01:01:07 INFO     | SentimentSniper      |   📊 SENTIMENT SNIPER STATS
2026-07-31 01:01:07 INFO     | SentimentSniper      |   Tweets processed: 0
2026-07-31 01:01:07 INFO     | SentimentSniper      |   Trades executed: 0
2026-07-31 01:01:07 INFO     | SentimentSniper      |   Active trades: 0
2026-07-31 01:01:07 INFO     | SentimentSniper      |   Total PnL: $0.000000
2026-07-31 01:01:07 INFO     | SentimentSniper      | ==================================================
2026-07-31 01:01:07 INFO     | SentimentSniper      | ⏰ Sleeping 30s...
2026-07-31 01:01:40 INFO     | SentimentSniper      | ==================================================
2026-07-31 01:01:40 INFO     | SentimentSniper      |   📊 SENTIMENT SNIPER STATS
2026-07-31 01:01:40 INFO     | SentimentSniper      |   Tweets processed: 0
2026-07-31 01:01:40 INFO     | SentimentSniper      |   Trades executed: 0
2026-07-31 01:01:40 INFO     | SentimentSniper      |   Active trades: 0
2026-07-31 01:01:40 INFO     | SentimentSniper      |   Total PnL: $0.000000
2026-07-31 01:01:40 INFO     | SentimentSniper      | ==================================================
2026-07-31 01:01:40 INFO     | SentimentSniper      | ⏰ Sleeping 30s...
2026-07-31 01:02:16 INFO     | SentimentSniper      | ==================================================
2026-07-31 01:02:16 INFO     | SentimentSniper      |   📊 SENTIMENT SNIPER STATS
2026-07-31 01:02:16 INFO     | SentimentSniper      |   Tweets processed: 0
2026-07-31 01:02:16 INFO     | SentimentSniper      |   Trades executed: 0
2026-07-31 01:02:16 INFO     | SentimentSniper      |   Active trades: 0
2026-07-31 01:02:16 INFO     | SentimentSniper      |   Total PnL: $0.000000
2026-07-31 01:02:16 INFO     | SentimentSniper      | ==================================================
2026-07-31 01:02:16 INFO     | SentimentSniper      | ⏰ Sleeping 30s...
2026-07-31 01:02:49 INFO     | SentimentSniper      | ==================================================
2026-07-31 01:02:49 INFO     | SentimentSniper      |   📊 SENTIMENT SNIPER STATS
2026-07-31 01:02:49 INFO     | SentimentSniper      |   Tweets processed: 0
2026-07-31 01:02:49 INFO     | SentimentSniper      |   Trades executed: 0
2026-07-31 01:02:49 INFO     | SentimentSniper      |   Active trades: 0
2026-07-31 01:02:49 INFO     | SentimentSniper      |   Total PnL: $0.000000
2026-07-31 01:02:49 INFO     | SentimentSniper      | ==================================================
2026-07-31 01:02:49 INFO     | SentimentSniper      | ⏰ Sleeping 30s...
2026-07-31 01:03:22 INFO     | SentimentSniper      | ==================================================
2026-07-31 01:03:22 INFO     | SentimentSniper      |   📊 SENTIMENT SNIPER STATS
2026-07-31 01:03:22 INFO     | SentimentSniper      |   Tweets processed: 0
2026-07-31 01:03:22 INFO     | SentimentSniper      |   Trades executed: 0
2026-07-31 01:03:22 INFO     | SentimentSniper      |   Active trades: 0
2026-07-31 01:03:22 INFO     | SentimentSniper      |   Total PnL: $0.000000
2026-07-31 01:03:22 INFO     | SentimentSniper      | ==================================================
2026-07-31 01:03:22 INFO     | SentimentSniper      | ⏰ Sleeping 30s...
2026-07-31 01:03:56 INFO     | SentimentSniper      | ==================================================
2026-07-31 01:03:56 INFO     | SentimentSniper      |   📊 SENTIMENT SNIPER STATS
2026-07-31 01:03:56 INFO     | SentimentSniper      |   Tweets processed: 0
2026-07-31 01:03:56 INFO     | SentimentSniper      |   Trades executed: 0
2026-07-31 01:03:56 INFO     | SentimentSniper      |   Active trades: 0
2026-07-31 01:03:56 INFO     | SentimentSniper      |   Total PnL: $0.000000
2026-07-31 01:03:56 INFO     | SentimentSniper      | ==================================================
2026-07-31 01:03:56 INFO     | SentimentSniper      | ⏰ Sleeping 30s...
2026-07-31 01:04:29 INFO     | SentimentSniper      | ==================================================
2026-07-31 01:04:29 INFO     | SentimentSniper      |   📊 SENTIMENT SNIPER STATS
2026-07-31 01:04:29 INFO     | SentimentSniper      |   Tweets processed: 0
2026-07-31 01:04:29 INFO     | SentimentSniper      |   Trades executed: 0
2026-07-31 01:04:29 INFO     | SentimentSniper      |   Active trades: 0
2026-07-31 01:04:29 INFO     | SentimentSniper      |   Total PnL: $0.000000
2026-07-31 01:04:29 INFO     | SentimentSniper      | ==================================================
2026-07-31 01:04:29 INFO     | SentimentSniper      | ⏰ Sleeping 30s...
2026-07-31 01:05:02 INFO     | SentimentSniper      | ==================================================
2026-07-31 01:05:02 INFO     | SentimentSniper      |   📊 SENTIMENT SNIPER STATS
2026-07-31 01:05:02 INFO     | SentimentSniper      |   Tweets processed: 0
2026-07-31 01:05:02 INFO     | SentimentSniper      |   Trades executed: 0
2026-07-31 01:05:02 INFO     | SentimentSniper      |   Active trades: 0
2026-07-31 01:05:02 INFO     | SentimentSniper      |   Total PnL: $0.000000
2026-07-31 01:05:02 INFO     | SentimentSniper      | ==================================================
2026-07-31 01:05:02 INFO     | SentimentSniper      | ⏰ Sleeping 30s...
2026-07-31 01:05:35 INFO     | SentimentSniper      | ==================================================
2026-07-31 01:05:35 INFO     | SentimentSniper      |   📊 SENTIMENT SNIPER STATS
2026-07-31 01:05:35 INFO     | SentimentSniper      |   Tweets processed: 0
2026-07-31 01:05:35 INFO     | SentimentSniper      |   Trades executed: 0
2026-07-31 01:05:35 INFO     | SentimentSniper      |   Active trades: 0
2026-07-31 01:05:35 INFO     | SentimentSniper      |   Total PnL: $0.000000
2026-07-31 01:05:35 INFO     | SentimentSniper      | ==================================================
2026-07-31 01:05:35 INFO     | SentimentSniper      | ⏰ Sleeping 30s...
2026-07-31 01:06:08 INFO     | SentimentSniper      | ==================================================
2026-07-31 01:06:08 INFO     | SentimentSniper      |   📊 SENTIMENT SNIPER STATS
2026-07-31 01:06:08 INFO     | SentimentSniper      |   Tweets processed: 0
2026-07-31 01:06:08 INFO     | SentimentSniper      |   Trades executed: 0
2026-07-31 01:06:08 INFO     | SentimentSniper      |   Active trades: 0
2026-07-31 01:06:08 INFO     | SentimentSniper      |   Total PnL: $0.000000
2026-07-31 01:06:08 INFO     | SentimentSniper      | ==================================================
2026-07-31 01:06:08 INFO     | SentimentSniper      | ⏰ Sleeping 30s...
2026-07-31 01:06:42 INFO     | SentimentSniper      | ==================================================
2026-07-31 01:06:42 INFO     | SentimentSniper      |   📊 SENTIMENT SNIPER STATS
2026-07-31 01:06:42 INFO     | SentimentSniper      |   Tweets processed: 0
2026-07-31 01:06:42 INFO     | SentimentSniper      |   Trades executed: 0
2026-07-31 01:06:42 INFO     | SentimentSniper      |   Active trades: 0
2026-07-31 01:06:42 INFO     | SentimentSniper      |   Total PnL: $0.000000
2026-07-31 01:06:42 INFO     | SentimentSniper      | ==================================================
2026-07-31 01:06:42 INFO     | SentimentSniper      | ⏰ Sleeping 30s...
2026-07-31 01:07:15 INFO     | SentimentSniper      | ==================================================
2026-07-31 01:07:15 INFO     | SentimentSniper      |   📊 SENTIMENT SNIPER STATS
2026-07-31 01:07:15 INFO     | SentimentSniper      |   Tweets processed: 0
2026-07-31 01:07:15 INFO     | SentimentSniper      |   Trades executed: 0
2026-07-31 01:07:15 INFO     | SentimentSniper      |   Active trades: 0
2026-07-31 01:07:15 INFO     | SentimentSniper      |   Total PnL: $0.000000
2026-07-31 01:07:15 INFO     | SentimentSniper      | ==================================================
2026-07-31 01:07:15 INFO     | SentimentSniper      | ⏰ Sleeping 30s...
2026-07-31 01:07:48 INFO     | SentimentSniper      | ==================================================
2026-07-31 01:07:48 INFO     | SentimentSniper      |   📊 SENTIMENT SNIPER STATS
2026-07-31 01:07:48 INFO     | SentimentSniper      |   Tweets processed: 0
2026-07-31 01:07:48 INFO     | SentimentSniper      |   Trades executed: 0
2026-07-31 01:07:48 INFO     | SentimentSniper      |   Active trades: 0
2026-07-31 01:07:48 INFO     | SentimentSniper      |   Total PnL: $0.000000
2026-07-31 01:07:48 INFO     | SentimentSniper      | ==================================================
2026-07-31 01:07:48 INFO     | SentimentSniper      | ⏰ Sleeping 30s...
2026-07-31 01:08:22 INFO     | SentimentSniper      | ==================================================
2026-07-31 01:08:22 INFO     | SentimentSniper      |   📊 SENTIMENT SNIPER STATS
2026-07-31 01:08:22 INFO     | SentimentSniper      |   Tweets processed: 0
2026-07-31 01:08:22 INFO     | SentimentSniper      |   Trades executed: 0
2026-07-31 01:08:22 INFO     | SentimentSniper      |   Active trades: 0
2026-07-31 01:08:22 INFO     | SentimentSniper      |   Total PnL: $0.000000
2026-07-31 01:08:22 INFO     | SentimentSniper      | ==================================================
2026-07-31 01:08:22 INFO     | SentimentSniper      | ⏰ Sleeping 30s...
2026-07-31 01:08:55 INFO     | SentimentSniper      | ==================================================
2026-07-31 01:08:55 INFO     | SentimentSniper      |   📊 SENTIMENT SNIPER STATS
2026-07-31 01:08:55 INFO     | SentimentSniper      |   Tweets processed: 0
2026-07-31 01:08:55 INFO     | SentimentSniper      |   Trades executed: 0
2026-07-31 01:08:55 INFO     | SentimentSniper      |   Active trades: 0
2026-07-31 01:08:55 INFO     | SentimentSniper      |   Total PnL: $0.000000
2026-07-31 01:08:55 INFO     | SentimentSniper      | ==================================================
2026-07-31 01:08:55 INFO     | SentimentSniper      | ⏰ Sleeping 30s...
2026-07-31 01:09:28 INFO     | SentimentSniper      | ==================================================
2026-07-31 01:09:28 INFO     | SentimentSniper      |   📊 SENTIMENT SNIPER STATS
2026-07-31 01:09:28 INFO     | SentimentSniper      |   Tweets processed: 0
2026-07-31 01:09:28 INFO     | SentimentSniper      |   Trades executed: 0
2026-07-31 01:09:28 INFO     | SentimentSniper      |   Active trades: 0
2026-07-31 01:09:28 INFO     | SentimentSniper      |   Total PnL: $0.000000
2026-07-31 01:09:28 INFO     | SentimentSniper      | ==================================================
2026-07-31 01:09:28 INFO     | SentimentSniper      | ⏰ Sleeping 30s...
2026-07-31 01:10:02 INFO     | SentimentSniper      | ==================================================
2026-07-31 01:10:02 INFO     | SentimentSniper      |   📊 SENTIMENT SNIPER STATS
2026-07-31 01:10:02 INFO     | SentimentSniper      |   Tweets processed: 0
2026-07-31 01:10:02 INFO     | SentimentSniper      |   Trades executed: 0
2026-07-31 01:10:02 INFO     | SentimentSniper      |   Active trades: 0
2026-07-31 01:10:02 INFO     | SentimentSniper      |   Total PnL: $0.000000
2026-07-31 01:10:02 INFO     | SentimentSniper      | ==================================================
2026-07-31 01:10:02 INFO     | SentimentSniper      | ⏰ Sleeping 30s...
2026-07-31 01:10:35 INFO     | SentimentSniper      | ==================================================
2026-07-31 01:10:35 INFO     | SentimentSniper      |   📊 SENTIMENT SNIPER STATS
2026-07-31 01:10:35 INFO     | SentimentSniper      |   Tweets processed: 0
2026-07-31 01:10:35 INFO     | SentimentSniper      |   Trades executed: 0
2026-07-31 01:10:35 INFO     | SentimentSniper      |   Active trades: 0
2026-07-31 01:10:35 INFO     | SentimentSniper      |   Total PnL: $0.000000
2026-07-31 01:10:35 INFO     | SentimentSniper      | ==================================================
2026-07-31 01:10:35 INFO     | SentimentSniper      | ⏰ Sleeping 30s...
2026-07-31 01:11:08 INFO     | SentimentSniper      | ==================================================
2026-07-31 01:11:08 INFO     | SentimentSniper      |   📊 SENTIMENT SNIPER STATS
2026-07-31 01:11:08 INFO     | SentimentSniper      |   Tweets processed: 0
2026-07-31 01:11:08 INFO     | SentimentSniper      |   Trades executed: 0
2026-07-31 01:11:08 INFO     | SentimentSniper      |   Active trades: 0
2026-07-31 01:11:08 INFO     | SentimentSniper      |   Total PnL: $0.000000
2026-07-31 01:11:08 INFO     | SentimentSniper      | ==================================================
2026-07-31 01:11:08 INFO     | SentimentSniper      | ⏰ Sleeping 30s...
2026-07-31 01:11:41 INFO     | SentimentSniper      | ==================================================
2026-07-31 01:11:41 INFO     | SentimentSniper      |   📊 SENTIMENT SNIPER STATS
2026-07-31 01:11:41 INFO     | SentimentSniper      |   Tweets processed: 0
2026-07-31 01:11:41 INFO     | SentimentSniper      |   Trades executed: 0
2026-07-31 01:11:41 INFO     | SentimentSniper      |   Active trades: 0
2026-07-31 01:11:41 INFO     | SentimentSniper      |   Total PnL: $0.000000
2026-07-31 01:11:41 INFO     | SentimentSniper      | ==================================================
2026-07-31 01:11:41 INFO     | SentimentSniper      | ⏰ Sleeping 30s...
2026-07-31 01:12:15 INFO     | SentimentSniper      | ==================================================
2026-07-31 01:12:15 INFO     | SentimentSniper      |   📊 SENTIMENT SNIPER STATS
2026-07-31 01:12:15 INFO     | SentimentSniper      |   Tweets processed: 0
2026-07-31 01:12:15 INFO     | SentimentSniper      |   Trades executed: 0
2026-07-31 01:12:15 INFO     | SentimentSniper      |   Active trades: 0
2026-07-31 01:12:15 INFO     | SentimentSniper      |   Total PnL: $0.000000
2026-07-31 01:12:15 INFO     | SentimentSniper      | ==================================================
2026-07-31 01:12:15 INFO     | SentimentSniper      | ⏰ Sleeping 30s...
2026-07-31 01:12:48 INFO     | SentimentSniper      | ==================================================
2026-07-31 01:12:48 INFO     | SentimentSniper      |   📊 SENTIMENT SNIPER STATS
2026-07-31 01:12:48 INFO     | SentimentSniper      |   Tweets processed: 0
2026-07-31 01:12:48 INFO     | SentimentSniper      |   Trades executed: 0
2026-07-31 01:12:48 INFO     | SentimentSniper      |   Active trades: 0
2026-07-31 01:12:48 INFO     | SentimentSniper      |   Total PnL: $0.000000
2026-07-31 01:12:48 INFO     | SentimentSniper      | ==================================================
2026-07-31 01:12:48 INFO     | SentimentSniper      | ⏰ Sleeping 30s...
2026-07-31 01:13:21 INFO     | SentimentSniper      | ==================================================
2026-07-31 01:13:21 INFO     | SentimentSniper      |   📊 SENTIMENT SNIPER STATS
2026-07-31 01:13:21 INFO     | SentimentSniper      |   Tweets processed: 0
2026-07-31 01:13:21 INFO     | SentimentSniper      |   Trades executed: 0
2026-07-31 01:13:21 INFO     | SentimentSniper      |   Active trades: 0
2026-07-31 01:13:21 INFO     | SentimentSniper      |   Total PnL: $0.000000
2026-07-31 01:13:21 INFO     | SentimentSniper      | ==================================================
2026-07-31 01:13:21 INFO     | SentimentSniper      | ⏰ Sleeping 30s...
2026-07-31 01:13:54 INFO     | SentimentSniper      | ==================================================
2026-07-31 01:13:54 INFO     | SentimentSniper      |   📊 SENTIMENT SNIPER STATS
2026-07-31 01:13:54 INFO     | SentimentSniper      |   Tweets processed: 0
2026-07-31 01:13:54 INFO     | SentimentSniper      |   Trades executed: 0
2026-07-31 01:13:54 INFO     | SentimentSniper      |   Active trades: 0
2026-07-31 01:13:54 INFO     | SentimentSniper      |   Total PnL: $0.000000
2026-07-31 01:13:54 INFO     | SentimentSniper      | ==================================================
2026-07-31 01:13:54 INFO     | SentimentSniper      | ⏰ Sleeping 30s...
2026-07-31 01:14:27 INFO     | SentimentSniper      | ==================================================
2026-07-31 01:14:27 INFO     | SentimentSniper      |   📊 SENTIMENT SNIPER STATS
2026-07-31 01:14:27 INFO     | SentimentSniper      |   Tweets processed: 0
2026-07-31 01:14:27 INFO     | SentimentSniper      |   Trades executed: 0
2026-07-31 01:14:27 INFO     | SentimentSniper      |   Active trades: 0
2026-07-31 01:14:27 INFO     | SentimentSniper      |   Total PnL: $0.000000
2026-07-31 01:14:27 INFO     | SentimentSniper      | ==================================================
2026-07-31 01:14:27 INFO     | SentimentSniper      | ⏰ Sleeping 30s...
2026-07-31 01:15:01 INFO     | SentimentSniper      | ==================================================
2026-07-31 01:15:01 INFO     | SentimentSniper      |   📊 SENTIMENT SNIPER STATS
2026-07-31 01:15:01 INFO     | SentimentSniper      |   Tweets processed: 0
2026-07-31 01:15:01 INFO     | SentimentSniper      |   Trades executed: 0
2026-07-31 01:15:01 INFO     | SentimentSniper      |   Active trades: 0
2026-07-31 01:15:01 INFO     | SentimentSniper      |   Total PnL: $0.000000
2026-07-31 01:15:01 INFO     | SentimentSniper      | ==================================================
2026-07-31 01:15:01 INFO     | SentimentSniper      | ⏰ Sleeping 30s...
2026-07-31 01:15:34 INFO     | SentimentSniper      | ==================================================
2026-07-31 01:15:34 INFO     | SentimentSniper      |   📊 SENTIMENT SNIPER STATS
2026-07-31 01:15:34 INFO     | SentimentSniper      |   Tweets processed: 0
2026-07-31 01:15:34 INFO     | SentimentSniper      |   Trades executed: 0
2026-07-31 01:15:34 INFO     | SentimentSniper      |   Active trades: 0
2026-07-31 01:15:34 INFO     | SentimentSniper      |   Total PnL: $0.000000
2026-07-31 01:15:34 INFO     | SentimentSniper      | ==================================================
2026-07-31 01:15:34 INFO     | SentimentSniper      | ⏰ Sleeping 30s...
2026-07-31 01:16:07 INFO     | SentimentSniper      | ==================================================
2026-07-31 01:16:07 INFO     | SentimentSniper      |   📊 SENTIMENT SNIPER STATS
2026-07-31 01:16:07 INFO     | SentimentSniper      |   Tweets processed: 0
2026-07-31 01:16:07 INFO     | SentimentSniper      |   Trades executed: 0
2026-07-31 01:16:07 INFO     | SentimentSniper      |   Active trades: 0
2026-07-31 01:16:07 INFO     | SentimentSniper      |   Total PnL: $0.000000
2026-07-31 01:16:07 INFO     | SentimentSniper      | ==================================================
2026-07-31 01:16:07 INFO     | SentimentSniper      | ⏰ Sleeping 30s...
2026-07-31 01:16:40 INFO     | SentimentSniper      | ==================================================
2026-07-31 01:16:40 INFO     | SentimentSniper      |   📊 SENTIMENT SNIPER STATS
2026-07-31 01:16:40 INFO     | SentimentSniper      |   Tweets processed: 0
2026-07-31 01:16:40 INFO     | SentimentSniper      |   Trades executed: 0
2026-07-31 01:16:40 INFO     | SentimentSniper      |   Active trades: 0
2026-07-31 01:16:40 INFO     | SentimentSniper      |   Total PnL: $0.000000
2026-07-31 01:16:40 INFO     | SentimentSniper      | ==================================================
2026-07-31 01:16:40 INFO     | SentimentSniper      | ⏰ Sleeping 30s...
2026-07-31 01:17:13 INFO     | SentimentSniper      | ==================================================
2026-07-31 01:17:13 INFO     | SentimentSniper      |   📊 SENTIMENT SNIPER STATS
2026-07-31 01:17:13 INFO     | SentimentSniper      |   Tweets processed: 0
2026-07-31 01:17:13 INFO     | SentimentSniper      |   Trades executed: 0
2026-07-31 01:17:13 INFO     | SentimentSniper      |   Active trades: 0
2026-07-31 01:17:13 INFO     | SentimentSniper      |   Total PnL: $0.000000
2026-07-31 01:17:13 INFO     | SentimentSniper      | ==================================================
2026-07-31 01:17:13 INFO     | SentimentSniper      | ⏰ Sleeping 30s...
2026-07-31 01:17:46 INFO     | SentimentSniper      | ==================================================
2026-07-31 01:17:46 INFO     | SentimentSniper      |   📊 SENTIMENT SNIPER STATS
2026-07-31 01:17:46 INFO     | SentimentSniper      |   Tweets processed: 0
2026-07-31 01:17:46 INFO     | SentimentSniper      |   Trades executed: 0
2026-07-31 01:17:46 INFO     | SentimentSniper      |   Active trades: 0
2026-07-31 01:17:46 INFO     | SentimentSniper      |   Total PnL: $0.000000
2026-07-31 01:17:46 INFO     | SentimentSniper      | ==================================================
2026-07-31 01:17:46 INFO     | SentimentSniper      | ⏰ Sleeping 30s...
2026-07-31 01:18:20 INFO     | SentimentSniper      | ==================================================
2026-07-31 01:18:20 INFO     | SentimentSniper      |   📊 SENTIMENT SNIPER STATS
2026-07-31 01:18:20 INFO     | SentimentSniper      |   Tweets processed: 0
2026-07-31 01:18:20 INFO     | SentimentSniper      |   Trades executed: 0
2026-07-31 01:18:20 INFO     | SentimentSniper      |   Active trades: 0
2026-07-31 01:18:20 INFO     | SentimentSniper      |   Total PnL: $0.000000
2026-07-31 01:18:20 INFO     | SentimentSniper      | ==================================================
2026-07-31 01:18:20 INFO     | SentimentSniper      | ⏰ Sleeping 30s...
2026-07-31 01:18:53 INFO     | SentimentSniper      | ==================================================
2026-07-31 01:18:53 INFO     | SentimentSniper      |   📊 SENTIMENT SNIPER STATS
2026-07-31 01:18:53 INFO     | SentimentSniper      |   Tweets processed: 0
2026-07-31 01:18:53 INFO     | SentimentSniper      |   Trades executed: 0
2026-07-31 01:18:53 INFO     | SentimentSniper      |   Active trades: 0
2026-07-31 01:18:53 INFO     | SentimentSniper      |   Total PnL: $0.000000
2026-07-31 01:18:53 INFO     | SentimentSniper      | ==================================================
2026-07-31 01:18:53 INFO     | SentimentSniper      | ⏰ Sleeping 30s...
2026-07-31 01:19:27 INFO     | SentimentSniper      | ==================================================
2026-07-31 01:19:27 INFO     | SentimentSniper      |   📊 SENTIMENT SNIPER STATS
2026-07-31 01:19:27 INFO     | SentimentSniper      |   Tweets processed: 0
2026-07-31 01:19:27 INFO     | SentimentSniper      |   Trades executed: 0
2026-07-31 01:19:27 INFO     | SentimentSniper      |   Active trades: 0
2026-07-31 01:19:27 INFO     | SentimentSniper      |   Total PnL: $0.000000
2026-07-31 01:19:27 INFO     | SentimentSniper      | ==================================================
2026-07-31 01:19:27 INFO     | SentimentSniper      | ⏰ Sleeping 30s...
2026-07-31 01:20:00 INFO     | SentimentSniper      | ==================================================
2026-07-31 01:20:00 INFO     | SentimentSniper      |   📊 SENTIMENT SNIPER STATS
2026-07-31 01:20:00 INFO     | SentimentSniper      |   Tweets processed: 0
2026-07-31 01:20:00 INFO     | SentimentSniper      |   Trades executed: 0
2026-07-31 01:20:00 INFO     | SentimentSniper      |   Active trades: 0
2026-07-31 01:20:00 INFO     | SentimentSniper      |   Total PnL: $0.000000
2026-07-31 01:20:00 INFO     | SentimentSniper      | ==================================================
2026-07-31 01:20:00 INFO     | SentimentSniper      | ⏰ Sleeping 30s...
2026-07-31 01:20:33 INFO     | SentimentSniper      | ==================================================
2026-07-31 01:20:33 INFO     | SentimentSniper      |   📊 SENTIMENT SNIPER STATS
2026-07-31 01:20:33 INFO     | SentimentSniper      |   Tweets processed: 0
2026-07-31 01:20:33 INFO     | SentimentSniper      |   Trades executed: 0
2026-07-31 01:20:33 INFO     | SentimentSniper      |   Active trades: 0
2026-07-31 01:20:33 INFO     | SentimentSniper      |   Total PnL: $0.000000
2026-07-31 01:20:33 INFO     | SentimentSniper      | ==================================================
2026-07-31 01:20:33 INFO     | SentimentSniper      | ⏰ Sleeping 30s...
2026-07-31 01:21:06 INFO     | SentimentSniper      | ==================================================
2026-07-31 01:21:06 INFO     | SentimentSniper      |   📊 SENTIMENT SNIPER STATS
2026-07-31 01:21:06 INFO     | SentimentSniper      |   Tweets processed: 0
2026-07-31 01:21:06 INFO     | SentimentSniper      |   Trades executed: 0
2026-07-31 01:21:06 INFO     | SentimentSniper      |   Active trades: 0
2026-07-31 01:21:06 INFO     | SentimentSniper      |   Total PnL: $0.000000
2026-07-31 01:21:06 INFO     | SentimentSniper      | ==================================================
2026-07-31 01:21:06 INFO     | SentimentSniper      | ⏰ Sleeping 30s...
2026-07-31 01:21:39 INFO     | SentimentSniper      | ==================================================
2026-07-31 01:21:39 INFO     | SentimentSniper      |   📊 SENTIMENT SNIPER STATS
2026-07-31 01:21:39 INFO     | SentimentSniper      |   Tweets processed: 0
2026-07-31 01:21:39 INFO     | SentimentSniper      |   Trades executed: 0
2026-07-31 01:21:39 INFO     | SentimentSniper      |   Active trades: 0
2026-07-31 01:21:39 INFO     | SentimentSniper      |   Total PnL: $0.000000
2026-07-31 01:21:39 INFO     | SentimentSniper      | ==================================================
2026-07-31 01:21:39 INFO     | SentimentSniper      | ⏰ Sleeping 30s...
2026-07-31 01:22:12 INFO     | SentimentSniper      | ==================================================
2026-07-31 01:22:12 INFO     | SentimentSniper      |   📊 SENTIMENT SNIPER STATS
2026-07-31 01:22:12 INFO     | SentimentSniper      |   Tweets processed: 0
2026-07-31 01:22:12 INFO     | SentimentSniper      |   Trades executed: 0
2026-07-31 01:22:12 INFO     | SentimentSniper      |   Active trades: 0
2026-07-31 01:22:12 INFO     | SentimentSniper      |   Total PnL: $0.000000
2026-07-31 01:22:12 INFO     | SentimentSniper      | ==================================================
2026-07-31 01:22:12 INFO     | SentimentSniper      | ⏰ Sleeping 30s...
2026-07-31 01:22:46 INFO     | SentimentSniper      | ==================================================
2026-07-31 01:22:46 INFO     | SentimentSniper      |   📊 SENTIMENT SNIPER STATS
2026-07-31 01:22:46 INFO     | SentimentSniper      |   Tweets processed: 0
2026-07-31 01:22:46 INFO     | SentimentSniper      |   Trades executed: 0
2026-07-31 01:22:46 INFO     | SentimentSniper      |   Active trades: 0
2026-07-31 01:22:46 INFO     | SentimentSniper      |   Total PnL: $0.000000
2026-07-31 01:22:46 INFO     | SentimentSniper      | ==================================================
2026-07-31 01:22:46 INFO     | SentimentSniper      | ⏰ Sleeping 30s...
2026-07-31 01:23:19 INFO     | SentimentSniper      | ==================================================
2026-07-31 01:23:19 INFO     | SentimentSniper      |   📊 SENTIMENT SNIPER STATS
2026-07-31 01:23:19 INFO     | SentimentSniper      |   Tweets processed: 0
2026-07-31 01:23:19 INFO     | SentimentSniper      |   Trades executed: 0
2026-07-31 01:23:19 INFO     | SentimentSniper      |   Active trades: 0
2026-07-31 01:23:19 INFO     | SentimentSniper      |   Total PnL: $0.000000
2026-07-31 01:23:19 INFO     | SentimentSniper      | ==================================================
2026-07-31 01:23:19 INFO     | SentimentSniper      | ⏰ Sleeping 30s...
2026-07-31 01:23:52 INFO     | SentimentSniper      | ==================================================
2026-07-31 01:23:52 INFO     | SentimentSniper      |   📊 SENTIMENT SNIPER STATS
2026-07-31 01:23:52 INFO     | SentimentSniper      |   Tweets processed: 0
2026-07-31 01:23:52 INFO     | SentimentSniper      |   Trades executed: 0
2026-07-31 01:23:52 INFO     | SentimentSniper      |   Active trades: 0
2026-07-31 01:23:52 INFO     | SentimentSniper      |   Total PnL: $0.000000
2026-07-31 01:23:52 INFO     | SentimentSniper      | ==================================================
2026-07-31 01:23:52 INFO     | SentimentSniper      | ⏰ Sleeping 30s...
2026-07-31 01:24:25 INFO     | SentimentSniper      | ==================================================
2026-07-31 01:24:25 INFO     | SentimentSniper      |   📊 SENTIMENT SNIPER STATS
2026-07-31 01:24:25 INFO     | SentimentSniper      |   Tweets processed: 0
2026-07-31 01:24:25 INFO     | SentimentSniper      |   Trades executed: 0
2026-07-31 01:24:25 INFO     | SentimentSniper      |   Active trades: 0
2026-07-31 01:24:25 INFO     | SentimentSniper      |   Total PnL: $0.000000
2026-07-31 01:24:25 INFO     | SentimentSniper      | ==================================================
2026-07-31 01:24:25 INFO     | SentimentSniper      | ⏰ Sleeping 30s...
2026-07-31 01:24:58 INFO     | SentimentSniper      | ==================================================
2026-07-31 01:24:58 INFO     | SentimentSniper      |   📊 SENTIMENT SNIPER STATS
2026-07-31 01:24:58 INFO     | SentimentSniper      |   Tweets processed: 0
2026-07-31 01:24:58 INFO     | SentimentSniper      |   Trades executed: 0
2026-07-31 01:24:58 INFO     | SentimentSniper      |   Active trades: 0
2026-07-31 01:24:58 INFO     | SentimentSniper      |   Total PnL: $0.000000
2026-07-31 01:24:58 INFO     | SentimentSniper      | ==================================================
2026-07-31 01:24:58 INFO     | SentimentSniper      | ⏰ Sleeping 30s...
2026-07-31 01:25:32 INFO     | SentimentSniper      | ==================================================
2026-07-31 01:25:32 INFO     | SentimentSniper      |   📊 SENTIMENT SNIPER STATS
2026-07-31 01:25:32 INFO     | SentimentSniper      |   Tweets processed: 0
2026-07-31 01:25:32 INFO     | SentimentSniper      |   Trades executed: 0
2026-07-31 01:25:32 INFO     | SentimentSniper      |   Active trades: 0
2026-07-31 01:25:32 INFO     | SentimentSniper      |   Total PnL: $0.000000
2026-07-31 01:25:32 INFO     | SentimentSniper      | ==================================================
2026-07-31 01:25:32 INFO     | SentimentSniper      | ⏰ Sleeping 30s...
2026-07-31 01:26:05 INFO     | SentimentSniper      | ==================================================
2026-07-31 01:26:05 INFO     | SentimentSniper      |   📊 SENTIMENT SNIPER STATS
2026-07-31 01:26:05 INFO     | SentimentSniper      |   Tweets processed: 0
2026-07-31 01:26:05 INFO     | SentimentSniper      |   Trades executed: 0
2026-07-31 01:26:05 INFO     | SentimentSniper      |   Active trades: 0
2026-07-31 01:26:05 INFO     | SentimentSniper      |   Total PnL: $0.000000
2026-07-31 01:26:05 INFO     | SentimentSniper      | ==================================================
2026-07-31 01:26:05 INFO     | SentimentSniper      | ⏰ Sleeping 30s...
2026-07-31 01:26:38 INFO     | SentimentSniper      | ==================================================
2026-07-31 01:26:38 INFO     | SentimentSniper      |   📊 SENTIMENT SNIPER STATS
2026-07-31 01:26:38 INFO     | SentimentSniper      |   Tweets processed: 0
2026-07-31 01:26:38 INFO     | SentimentSniper      |   Trades executed: 0
2026-07-31 01:26:38 INFO     | SentimentSniper      |   Active trades: 0
2026-07-31 01:26:38 INFO     | SentimentSniper      |   Total PnL: $0.000000
2026-07-31 01:26:38 INFO     | SentimentSniper      | ==================================================
2026-07-31 01:26:38 INFO     | SentimentSniper      | ⏰ Sleeping 30s...
2026-07-31 01:27:11 INFO     | SentimentSniper      | ==================================================
2026-07-31 01:27:11 INFO     | SentimentSniper      |   📊 SENTIMENT SNIPER STATS
2026-07-31 01:27:11 INFO     | SentimentSniper      |   Tweets processed: 0
2026-07-31 01:27:11 INFO     | SentimentSniper      |   Trades executed: 0
2026-07-31 01:27:11 INFO     | SentimentSniper      |   Active trades: 0
2026-07-31 01:27:11 INFO     | SentimentSniper      |   Total PnL: $0.000000
2026-07-31 01:27:11 INFO     | SentimentSniper      | ==================================================
2026-07-31 01:27:11 INFO     | SentimentSniper      | ⏰ Sleeping 30s...
2026-07-31 01:27:44 INFO     | SentimentSniper      | ==================================================
2026-07-31 01:27:44 INFO     | SentimentSniper      |   📊 SENTIMENT SNIPER STATS
2026-07-31 01:27:44 INFO     | SentimentSniper      |   Tweets processed: 0
2026-07-31 01:27:44 INFO     | SentimentSniper      |   Trades executed: 0
2026-07-31 01:27:44 INFO     | SentimentSniper      |   Active trades: 0
2026-07-31 01:27:44 INFO     | SentimentSniper      |   Total PnL: $0.000000
2026-07-31 01:27:44 INFO     | SentimentSniper      | ==================================================
2026-07-31 01:27:44 INFO     | SentimentSniper      | ⏰ Sleeping 30s...
2026-07-31 01:28:17 INFO     | SentimentSniper      | ==================================================
2026-07-31 01:28:17 INFO     | SentimentSniper      |   📊 SENTIMENT SNIPER STATS
2026-07-31 01:28:17 INFO     | SentimentSniper      |   Tweets processed: 0
2026-07-31 01:28:17 INFO     | SentimentSniper      |   Trades executed: 0
2026-07-31 01:28:17 INFO     | SentimentSniper      |   Active trades: 0
2026-07-31 01:28:17 INFO     | SentimentSniper      |   Total PnL: $0.000000
2026-07-31 01:28:17 INFO     | SentimentSniper      | ==================================================
2026-07-31 01:28:17 INFO     | SentimentSniper      | ⏰ Sleeping 30s...
2026-07-31 01:28:51 INFO     | SentimentSniper      | ==================================================
2026-07-31 01:28:51 INFO     | SentimentSniper      |   📊 SENTIMENT SNIPER STATS
2026-07-31 01:28:51 INFO     | SentimentSniper      |   Tweets processed: 0
2026-07-31 01:28:51 INFO     | SentimentSniper      |   Trades executed: 0
2026-07-31 01:28:51 INFO     | SentimentSniper      |   Active trades: 0
2026-07-31 01:28:51 INFO     | SentimentSniper      |   Total PnL: $0.000000
2026-07-31 01:28:51 INFO     | SentimentSniper      | ==================================================
2026-07-31 01:28:51 INFO     | SentimentSniper      | ⏰ Sleeping 30s...
2026-07-31 01:29:28 INFO     | SentimentSniper      | ==================================================
2026-07-31 01:29:28 INFO     | SentimentSniper      |   📊 SENTIMENT SNIPER STATS
2026-07-31 01:29:28 INFO     | SentimentSniper      |   Tweets processed: 0
2026-07-31 01:29:28 INFO     | SentimentSniper      |   Trades executed: 0
2026-07-31 01:29:28 INFO     | SentimentSniper      |   Active trades: 0
2026-07-31 01:29:28 INFO     | SentimentSniper      |   Total PnL: $0.000000
2026-07-31 01:29:28 INFO     | SentimentSniper      | ==================================================
2026-07-31 01:29:28 INFO     | SentimentSniper      | ⏰ Sleeping 30s...
2026-07-31 01:30:01 INFO     | SentimentSniper      | ==================================================
2026-07-31 01:30:01 INFO     | SentimentSniper      |   📊 SENTIMENT SNIPER STATS
2026-07-31 01:30:01 INFO     | SentimentSniper      |   Tweets processed: 0
2026-07-31 01:30:01 INFO     | SentimentSniper      |   Trades executed: 0
2026-07-31 01:30:01 INFO     | SentimentSniper      |   Active trades: 0
2026-07-31 01:30:01 INFO     | SentimentSniper      |   Total PnL: $0.000000
2026-07-31 01:30:01 INFO     | SentimentSniper      | ==================================================
2026-07-31 01:30:01 INFO     | SentimentSniper      | ⏰ Sleeping 30s...
2026-07-31 01:30:34 INFO     | SentimentSniper      | ==================================================
2026-07-31 01:30:34 INFO     | SentimentSniper      |   📊 SENTIMENT SNIPER STATS
2026-07-31 01:30:34 INFO     | SentimentSniper      |   Tweets processed: 0
2026-07-31 01:30:34 INFO     | SentimentSniper      |   Trades executed: 0
2026-07-31 01:30:34 INFO     | SentimentSniper      |   Active trades: 0
2026-07-31 01:30:34 INFO     | SentimentSniper      |   Total PnL: $0.000000
2026-07-31 01:30:34 INFO     | SentimentSniper      | ==================================================
2026-07-31 01:30:34 INFO     | SentimentSniper      | ⏰ Sleeping 30s...
2026-07-31 01:31:08 INFO     | SentimentSniper      | ==================================================
2026-07-31 01:31:08 INFO     | SentimentSniper      |   📊 SENTIMENT SNIPER STATS
2026-07-31 01:31:08 INFO     | SentimentSniper      |   Tweets processed: 0
2026-07-31 01:31:08 INFO     | SentimentSniper      |   Trades executed: 0
2026-07-31 01:31:08 INFO     | SentimentSniper      |   Active trades: 0
2026-07-31 01:31:08 INFO     | SentimentSniper      |   Total PnL: $0.000000
2026-07-31 01:31:08 INFO     | SentimentSniper      | ==================================================
2026-07-31 01:31:08 INFO     | SentimentSniper      | ⏰ Sleeping 30s...
2026-07-31 01:31:41 INFO     | SentimentSniper      | ==================================================
2026-07-31 01:31:41 INFO     | SentimentSniper      |   📊 SENTIMENT SNIPER STATS
2026-07-31 01:31:41 INFO     | SentimentSniper      |   Tweets processed: 0
2026-07-31 01:31:41 INFO     | SentimentSniper      |   Trades executed: 0
2026-07-31 01:31:41 INFO     | SentimentSniper      |   Active trades: 0
2026-07-31 01:31:41 INFO     | SentimentSniper      |   Total PnL: $0.000000
2026-07-31 01:31:41 INFO     | SentimentSniper      | ==================================================
2026-07-31 01:31:41 INFO     | SentimentSniper      | ⏰ Sleeping 30s...
2026-07-31 01:32:14 INFO     | SentimentSniper      | ==================================================
2026-07-31 01:32:14 INFO     | SentimentSniper      |   📊 SENTIMENT SNIPER STATS
2026-07-31 01:32:14 INFO     | SentimentSniper      |   Tweets processed: 0
2026-07-31 01:32:14 INFO     | SentimentSniper      |   Trades executed: 0
2026-07-31 01:32:14 INFO     | SentimentSniper      |   Active trades: 0
2026-07-31 01:32:14 INFO     | SentimentSniper      |   Total PnL: $0.000000
2026-07-31 01:32:14 INFO     | SentimentSniper      | ==================================================
2026-07-31 01:32:14 INFO     | SentimentSniper      | ⏰ Sleeping 30s...
2026-07-31 01:32:49 INFO     | SentimentSniper      | ==================================================
2026-07-31 01:32:49 INFO     | SentimentSniper      |   📊 SENTIMENT SNIPER STATS
2026-07-31 01:32:49 INFO     | SentimentSniper      |   Tweets processed: 0
2026-07-31 01:32:49 INFO     | SentimentSniper      |   Trades executed: 0
2026-07-31 01:32:49 INFO     | SentimentSniper      |   Active trades: 0
2026-07-31 01:32:49 INFO     | SentimentSniper      |   Total PnL: $0.000000
2026-07-31 01:32:49 INFO     | SentimentSniper      | ==================================================
2026-07-31 01:32:49 INFO     | SentimentSniper      | ⏰ Sleeping 30s...
2026-07-31 01:33:22 INFO     | SentimentSniper      | ==================================================
2026-07-31 01:33:22 INFO     | SentimentSniper      |   📊 SENTIMENT SNIPER STATS
2026-07-31 01:33:22 INFO     | SentimentSniper      |   Tweets processed: 0
2026-07-31 01:33:22 INFO     | SentimentSniper      |   Trades executed: 0
2026-07-31 01:33:22 INFO     | SentimentSniper      |   Active trades: 0
2026-07-31 01:33:22 INFO     | SentimentSniper      |   Total PnL: $0.000000
2026-07-31 01:33:22 INFO     | SentimentSniper      | ==================================================
2026-07-31 01:33:22 INFO     | SentimentSniper      | ⏰ Sleeping 30s...
2026-07-31 01:33:55 INFO     | SentimentSniper      | ==================================================
2026-07-31 01:33:55 INFO     | SentimentSniper      |   📊 SENTIMENT SNIPER STATS
2026-07-31 01:33:55 INFO     | SentimentSniper      |   Tweets processed: 0
2026-07-31 01:33:55 INFO     | SentimentSniper      |   Trades executed: 0
2026-07-31 01:33:55 INFO     | SentimentSniper      |   Active trades: 0
2026-07-31 01:33:55 INFO     | SentimentSniper      |   Total PnL: $0.000000
2026-07-31 01:33:55 INFO     | SentimentSniper      | ==================================================
2026-07-31 01:33:55 INFO     | SentimentSniper      | ⏰ Sleeping 30s...
2026-07-31 01:34:28 INFO     | SentimentSniper      | ==================================================
2026-07-31 01:34:28 INFO     | SentimentSniper      |   📊 SENTIMENT SNIPER STATS
2026-07-31 01:34:28 INFO     | SentimentSniper      |   Tweets processed: 0
2026-07-31 01:34:28 INFO     | SentimentSniper      |   Trades executed: 0
2026-07-31 01:34:28 INFO     | SentimentSniper      |   Active trades: 0
2026-07-31 01:34:28 INFO     | SentimentSniper      |   Total PnL: $0.000000
2026-07-31 01:34:28 INFO     | SentimentSniper      | ==================================================
2026-07-31 01:34:28 INFO     | SentimentSniper      | ⏰ Sleeping 30s...
2026-07-31 01:35:02 INFO     | SentimentSniper      | ==================================================
2026-07-31 01:35:02 INFO     | SentimentSniper      |   📊 SENTIMENT SNIPER STATS
2026-07-31 01:35:02 INFO     | SentimentSniper      |   Tweets processed: 0
2026-07-31 01:35:02 INFO     | SentimentSniper      |   Trades executed: 0
2026-07-31 01:35:02 INFO     | SentimentSniper      |   Active trades: 0
2026-07-31 01:35:02 INFO     | SentimentSniper      |   Total PnL: $0.000000
2026-07-31 01:35:02 INFO     | SentimentSniper      | ==================================================
2026-07-31 01:35:02 INFO     | SentimentSniper      | ⏰ Sleeping 30s...
2026-07-31 01:35:35 INFO     | SentimentSniper      | ==================================================
2026-07-31 01:35:35 INFO     | SentimentSniper      |   📊 SENTIMENT SNIPER STATS
2026-07-31 01:35:35 INFO     | SentimentSniper      |   Tweets processed: 0
2026-07-31 01:35:35 INFO     | SentimentSniper      |   Trades executed: 0
2026-07-31 01:35:35 INFO     | SentimentSniper      |   Active trades: 0
2026-07-31 01:35:35 INFO     | SentimentSniper      |   Total PnL: $0.000000
2026-07-31 01:35:35 INFO     | SentimentSniper      | ==================================================
2026-07-31 01:35:35 INFO     | SentimentSniper      | ⏰ Sleeping 30s...
2026-07-31 01:36:08 INFO     | SentimentSniper      | ==================================================
2026-07-31 01:36:08 INFO     | SentimentSniper      |   📊 SENTIMENT SNIPER STATS
2026-07-31 01:36:08 INFO     | SentimentSniper      |   Tweets processed: 0
2026-07-31 01:36:08 INFO     | SentimentSniper      |   Trades executed: 0
2026-07-31 01:36:08 INFO     | SentimentSniper      |   Active trades: 0
2026-07-31 01:36:08 INFO     | SentimentSniper      |   Total PnL: $0.000000
2026-07-31 01:36:08 INFO     | SentimentSniper      | ==================================================
2026-07-31 01:36:08 INFO     | SentimentSniper      | ⏰ Sleeping 30s...
2026-07-31 01:36:41 INFO     | SentimentSniper      | ==================================================
2026-07-31 01:36:41 INFO     | SentimentSniper      |   📊 SENTIMENT SNIPER STATS
2026-07-31 01:36:41 INFO     | SentimentSniper      |   Tweets processed: 0
2026-07-31 01:36:41 INFO     | SentimentSniper      |   Trades executed: 0
2026-07-31 01:36:41 INFO     | SentimentSniper      |   Active trades: 0
2026-07-31 01:36:41 INFO     | SentimentSniper      |   Total PnL: $0.000000
2026-07-31 01:36:41 INFO     | SentimentSniper      | ==================================================
2026-07-31 01:36:41 INFO     | SentimentSniper      | ⏰ Sleeping 30s...
2026-07-31 01:37:14 INFO     | SentimentSniper      | ==================================================
2026-07-31 01:37:14 INFO     | SentimentSniper      |   📊 SENTIMENT SNIPER STATS
2026-07-31 01:37:14 INFO     | SentimentSniper      |   Tweets processed: 0
2026-07-31 01:37:14 INFO     | SentimentSniper      |   Trades executed: 0
2026-07-31 01:37:14 INFO     | SentimentSniper      |   Active trades: 0
2026-07-31 01:37:14 INFO     | SentimentSniper      |   Total PnL: $0.000000
2026-07-31 01:37:14 INFO     | SentimentSniper      | ==================================================
2026-07-31 01:37:14 INFO     | SentimentSniper      | ⏰ Sleeping 30s...
2026-07-31 01:37:48 INFO     | SentimentSniper      | ==================================================
2026-07-31 01:37:48 INFO     | SentimentSniper      |   📊 SENTIMENT SNIPER STATS
2026-07-31 01:37:48 INFO     | SentimentSniper      |   Tweets processed: 0
2026-07-31 01:37:48 INFO     | SentimentSniper      |   Trades executed: 0
2026-07-31 01:37:48 INFO     | SentimentSniper      |   Active trades: 0
2026-07-31 01:37:48 INFO     | SentimentSniper      |   Total PnL: $0.000000
2026-07-31 01:37:48 INFO     | SentimentSniper      | ==================================================
2026-07-31 01:37:48 INFO     | SentimentSniper      | ⏰ Sleeping 30s...
2026-07-31 01:38:21 INFO     | SentimentSniper      | ==================================================
2026-07-31 01:38:21 INFO     | SentimentSniper      |   📊 SENTIMENT SNIPER STATS
2026-07-31 01:38:21 INFO     | SentimentSniper      |   Tweets processed: 0
2026-07-31 01:38:21 INFO     | SentimentSniper      |   Trades executed: 0
2026-07-31 01:38:21 INFO     | SentimentSniper      |   Active trades: 0
2026-07-31 01:38:21 INFO     | SentimentSniper      |   Total PnL: $0.000000
2026-07-31 01:38:21 INFO     | SentimentSniper      | ==================================================
2026-07-31 01:38:21 INFO     | SentimentSniper      | ⏰ Sleeping 30s...
2026-07-31 01:38:55 INFO     | SentimentSniper      | ==================================================
2026-07-31 01:38:55 INFO     | SentimentSniper      |   📊 SENTIMENT SNIPER STATS
2026-07-31 01:38:55 INFO     | SentimentSniper      |   Tweets processed: 0
2026-07-31 01:38:55 INFO     | SentimentSniper      |   Trades executed: 0
2026-07-31 01:38:55 INFO     | SentimentSniper      |   Active trades: 0
2026-07-31 01:38:55 INFO     | SentimentSniper      |   Total PnL: $0.000000
2026-07-31 01:38:55 INFO     | SentimentSniper      | ==================================================
2026-07-31 01:38:55 INFO     | SentimentSniper      | ⏰ Sleeping 30s...
2026-07-31 01:39:28 INFO     | SentimentSniper      | ==================================================
2026-07-31 01:39:28 INFO     | SentimentSniper      |   📊 SENTIMENT SNIPER STATS
2026-07-31 01:39:28 INFO     | SentimentSniper      |   Tweets processed: 0
2026-07-31 01:39:28 INFO     | SentimentSniper      |   Trades executed: 0
2026-07-31 01:39:28 INFO     | SentimentSniper      |   Active trades: 0
2026-07-31 01:39:28 INFO     | SentimentSniper      |   Total PnL: $0.000000
2026-07-31 01:39:28 INFO     | SentimentSniper      | ==================================================
2026-07-31 01:39:28 INFO     | SentimentSniper      | ⏰ Sleeping 30s...
2026-07-31 01:40:01 INFO     | SentimentSniper      | ==================================================
2026-07-31 01:40:01 INFO     | SentimentSniper      |   📊 SENTIMENT SNIPER STATS
2026-07-31 01:40:01 INFO     | SentimentSniper      |   Tweets processed: 0
2026-07-31 01:40:01 INFO     | SentimentSniper      |   Trades executed: 0
2026-07-31 01:40:01 INFO     | SentimentSniper      |   Active trades: 0
2026-07-31 01:40:01 INFO     | SentimentSniper      |   Total PnL: $0.000000
2026-07-31 01:40:01 INFO     | SentimentSniper      | ==================================================
2026-07-31 01:40:01 INFO     | SentimentSniper      | ⏰ Sleeping 30s...
2026-07-31 01:40:34 INFO     | SentimentSniper      | ==================================================
2026-07-31 01:40:34 INFO     | SentimentSniper      |   📊 SENTIMENT SNIPER STATS
2026-07-31 01:40:34 INFO     | SentimentSniper      |   Tweets processed: 0
2026-07-31 01:40:34 INFO     | SentimentSniper      |   Trades executed: 0
2026-07-31 01:40:34 INFO     | SentimentSniper      |   Active trades: 0
2026-07-31 01:40:34 INFO     | SentimentSniper      |   Total PnL: $0.000000
2026-07-31 01:40:34 INFO     | SentimentSniper      | ==================================================
2026-07-31 01:40:34 INFO     | SentimentSniper      | ⏰ Sleeping 30s...
2026-07-31 01:41:08 INFO     | SentimentSniper      | ==================================================
2026-07-31 01:41:08 INFO     | SentimentSniper      |   📊 SENTIMENT SNIPER STATS
2026-07-31 01:41:08 INFO     | SentimentSniper      |   Tweets processed: 0
2026-07-31 01:41:08 INFO     | SentimentSniper      |   Trades executed: 0
2026-07-31 01:41:08 INFO     | SentimentSniper      |   Active trades: 0
2026-07-31 01:41:08 INFO     | SentimentSniper      |   Total PnL: $0.000000
2026-07-31 01:41:08 INFO     | SentimentSniper      | ==================================================
2026-07-31 01:41:08 INFO     | SentimentSniper      | ⏰ Sleeping 30s...
2026-07-31 01:41:41 INFO     | SentimentSniper      | ==================================================
2026-07-31 01:41:41 INFO     | SentimentSniper      |   📊 SENTIMENT SNIPER STATS
2026-07-31 01:41:41 INFO     | SentimentSniper      |   Tweets processed: 0
2026-07-31 01:41:41 INFO     | SentimentSniper      |   Trades executed: 0
2026-07-31 01:41:41 INFO     | SentimentSniper      |   Active trades: 0
2026-07-31 01:41:41 INFO     | SentimentSniper      |   Total PnL: $0.000000
2026-07-31 01:41:41 INFO     | SentimentSniper      | ==================================================
2026-07-31 01:41:41 INFO     | SentimentSniper      | ⏰ Sleeping 30s...
2026-07-31 01:42:14 INFO     | SentimentSniper      | ==================================================
2026-07-31 01:42:14 INFO     | SentimentSniper      |   📊 SENTIMENT SNIPER STATS
2026-07-31 01:42:14 INFO     | SentimentSniper      |   Tweets processed: 0
2026-07-31 01:42:14 INFO     | SentimentSniper      |   Trades executed: 0
2026-07-31 01:42:14 INFO     | SentimentSniper      |   Active trades: 0
2026-07-31 01:42:14 INFO     | SentimentSniper      |   Total PnL: $0.000000
2026-07-31 01:42:14 INFO     | SentimentSniper      | ==================================================
2026-07-31 01:42:14 INFO     | SentimentSniper      | ⏰ Sleeping 30s...
2026-07-31 01:42:47 INFO     | SentimentSniper      | ==================================================
2026-07-31 01:42:47 INFO     | SentimentSniper      |   📊 SENTIMENT SNIPER STATS
2026-07-31 01:42:47 INFO     | SentimentSniper      |   Tweets processed: 0
2026-07-31 01:42:47 INFO     | SentimentSniper      |   Trades executed: 0
2026-07-31 01:42:47 INFO     | SentimentSniper      |   Active trades: 0
2026-07-31 01:42:47 INFO     | SentimentSniper      |   Total PnL: $0.000000
2026-07-31 01:42:47 INFO     | SentimentSniper      | ==================================================
2026-07-31 01:42:47 INFO     | SentimentSniper      | ⏰ Sleeping 30s...
2026-07-31 01:43:20 INFO     | SentimentSniper      | ==================================================
2026-07-31 01:43:20 INFO     | SentimentSniper      |   📊 SENTIMENT SNIPER STATS
2026-07-31 01:43:20 INFO     | SentimentSniper      |   Tweets processed: 0
2026-07-31 01:43:20 INFO     | SentimentSniper      |   Trades executed: 0
2026-07-31 01:43:20 INFO     | SentimentSniper      |   Active trades: 0
2026-07-31 01:43:20 INFO     | SentimentSniper      |   Total PnL: $0.000000
2026-07-31 01:43:20 INFO     | SentimentSniper      | ==================================================
2026-07-31 01:43:20 INFO     | SentimentSniper      | ⏰ Sleeping 30s...
2026-07-31 01:43:54 INFO     | SentimentSniper      | ==================================================
2026-07-31 01:43:54 INFO     | SentimentSniper      |   📊 SENTIMENT SNIPER STATS
2026-07-31 01:43:54 INFO     | SentimentSniper      |   Tweets processed: 0
2026-07-31 01:43:54 INFO     | SentimentSniper      |   Trades executed: 0
2026-07-31 01:43:54 INFO     | SentimentSniper      |   Active trades: 0
2026-07-31 01:43:54 INFO     | SentimentSniper      |   Total PnL: $0.000000
2026-07-31 01:43:54 INFO     | SentimentSniper      | ==================================================
2026-07-31 01:43:54 INFO     | SentimentSniper      | ⏰ Sleeping 30s...
2026-07-31 01:44:27 INFO     | SentimentSniper      | ==================================================
2026-07-31 01:44:27 INFO     | SentimentSniper      |   📊 SENTIMENT SNIPER STATS
2026-07-31 01:44:27 INFO     | SentimentSniper      |   Tweets processed: 0
2026-07-31 01:44:27 INFO     | SentimentSniper      |   Trades executed: 0
2026-07-31 01:44:27 INFO     | SentimentSniper      |   Active trades: 0
2026-07-31 01:44:27 INFO     | SentimentSniper      |   Total PnL: $0.000000
2026-07-31 01:44:27 INFO     | SentimentSniper      | ==================================================
2026-07-31 01:44:27 INFO     | SentimentSniper      | ⏰ Sleeping 30s...
2026-07-31 01:45:00 INFO     | SentimentSniper      | ==================================================
2026-07-31 01:45:00 INFO     | SentimentSniper      |   📊 SENTIMENT SNIPER STATS
2026-07-31 01:45:00 INFO     | SentimentSniper      |   Tweets processed: 0
2026-07-31 01:45:00 INFO     | SentimentSniper      |   Trades executed: 0
2026-07-31 01:45:00 INFO     | SentimentSniper      |   Active trades: 0
2026-07-31 01:45:00 INFO     | SentimentSniper      |   Total PnL: $0.000000
2026-07-31 01:45:00 INFO     | SentimentSniper      | ==================================================
2026-07-31 01:45:00 INFO     | SentimentSniper      | ⏰ Sleeping 30s...
2026-07-31 01:45:34 ERROR    | SentimentSniper      | Twitter API error: HTTPSConnectionPool(host='api.twitter.com', port=443): Max retries exceeded with url: /2/users/by/username/elonmusk (Caused by SSLError(SSLEOFError(8, '[SSL: UNEXPECTED_EOF_WHILE_READING] EOF occurred in violation of protocol (_ssl.c:1010)')))
2026-07-31 01:45:35 INFO     | SentimentSniper      | ==================================================
2026-07-31 01:45:35 INFO     | SentimentSniper      |   📊 SENTIMENT SNIPER STATS
2026-07-31 01:45:35 INFO     | SentimentSniper      |   Tweets processed: 0
2026-07-31 01:45:35 INFO     | SentimentSniper      |   Trades executed: 0
2026-07-31 01:45:35 INFO     | SentimentSniper      |   Active trades: 0
2026-07-31 01:45:35 INFO     | SentimentSniper      |   Total PnL: $0.000000
2026-07-31 01:45:35 INFO     | SentimentSniper      | ==================================================
2026-07-31 01:45:35 INFO     | SentimentSniper      | ⏰ Sleeping 30s...
2026-07-31 12:57:18 ERROR    | SentimentSniper      | Twitter API error: HTTPSConnectionPool(host='api.twitter.com', port=443): Read timed out. (read timeout=10)
2026-07-31 12:57:18 INFO     | SentimentSniper      | ==================================================
2026-07-31 12:57:18 INFO     | SentimentSniper      |   📊 SENTIMENT SNIPER STATS
2026-07-31 12:57:18 INFO     | SentimentSniper      |   Tweets processed: 0
2026-07-31 12:57:18 INFO     | SentimentSniper      |   Trades executed: 0
2026-07-31 12:57:18 INFO     | SentimentSniper      |   Active trades: 0
2026-07-31 12:57:18 INFO     | SentimentSniper      |   Total PnL: $0.000000
2026-07-31 12:57:18 INFO     | SentimentSniper      | ==================================================
2026-07-31 12:57:18 INFO     | SentimentSniper      | ⏰ Sleeping 30s...
2026-07-31 12:58:00 ERROR    | SentimentSniper      | Twitter API error: HTTPSConnectionPool(host='api.twitter.com', port=443): Read timed out. (read timeout=10)
2026-07-31 12:58:00 INFO     | SentimentSniper      | ==================================================
2026-07-31 12:58:00 INFO     | SentimentSniper      |   📊 SENTIMENT SNIPER STATS
2026-07-31 12:58:00 INFO     | SentimentSniper      |   Tweets processed: 0
2026-07-31 12:58:00 INFO     | SentimentSniper      |   Trades executed: 0
2026-07-31 12:58:00 INFO     | SentimentSniper      |   Active trades: 0
2026-07-31 12:58:00 INFO     | SentimentSniper      |   Total PnL: $0.000000
2026-07-31 12:58:00 INFO     | SentimentSniper      | ==================================================
2026-07-31 12:58:00 INFO     | SentimentSniper      | ⏰ Sleeping 30s...
2026-07-31 12:58:41 ERROR    | SentimentSniper      | Twitter API error: HTTPSConnectionPool(host='api.twitter.com', port=443): Read timed out. (read timeout=10)
2026-07-31 12:58:41 INFO     | SentimentSniper      | ==================================================
2026-07-31 12:58:41 INFO     | SentimentSniper      |   📊 SENTIMENT SNIPER STATS
2026-07-31 12:58:41 INFO     | SentimentSniper      |   Tweets processed: 0
2026-07-31 12:58:41 INFO     | SentimentSniper      |   Trades executed: 0
2026-07-31 12:58:41 INFO     | SentimentSniper      |   Active trades: 0
2026-07-31 12:58:41 INFO     | SentimentSniper      |   Total PnL: $0.000000
2026-07-31 12:58:41 INFO     | SentimentSniper      | ==================================================
2026-07-31 12:58:41 INFO     | SentimentSniper      | ⏰ Sleeping 30s...
2026-07-31 12:59:21 ERROR    | SentimentSniper      | Twitter API error: HTTPSConnectionPool(host='api.twitter.com', port=443): Read timed out. (read timeout=10)
2026-07-31 12:59:21 INFO     | SentimentSniper      | ==================================================
2026-07-31 12:59:21 INFO     | SentimentSniper      |   📊 SENTIMENT SNIPER STATS
2026-07-31 12:59:21 INFO     | SentimentSniper      |   Tweets processed: 0
2026-07-31 12:59:21 INFO     | SentimentSniper      |   Trades executed: 0
2026-07-31 12:59:21 INFO     | SentimentSniper      |   Active trades: 0
2026-07-31 12:59:21 INFO     | SentimentSniper      |   Total PnL: $0.000000
2026-07-31 12:59:21 INFO     | SentimentSniper      | ==================================================
2026-07-31 12:59:21 INFO     | SentimentSniper      | ⏰ Sleeping 30s...
2026-07-31 13:00:01 ERROR    | SentimentSniper      | Twitter API error: HTTPSConnectionPool(host='api.twitter.com', port=443): Read timed out. (read timeout=10)
2026-07-31 13:00:01 INFO     | SentimentSniper      | ==================================================
2026-07-31 13:00:01 INFO     | SentimentSniper      |   📊 SENTIMENT SNIPER STATS
2026-07-31 13:00:01 INFO     | SentimentSniper      |   Tweets processed: 0
2026-07-31 13:00:01 INFO     | SentimentSniper      |   Trades executed: 0
2026-07-31 13:00:01 INFO     | SentimentSniper      |   Active trades: 0
2026-07-31 13:00:01 INFO     | SentimentSniper      |   Total PnL: $0.000000
2026-07-31 13:00:01 INFO     | SentimentSniper      | ==================================================
2026-07-31 13:00:01 INFO     | SentimentSniper      | ⏰ Sleeping 30s...
2026-07-31 13:00:42 ERROR    | SentimentSniper      | Twitter API error: HTTPSConnectionPool(host='api.twitter.com', port=443): Read timed out. (read timeout=10)
2026-07-31 13:00:42 INFO     | SentimentSniper      | ==================================================
2026-07-31 13:00:42 INFO     | SentimentSniper      |   📊 SENTIMENT SNIPER STATS
2026-07-31 13:00:42 INFO     | SentimentSniper      |   Tweets processed: 0
2026-07-31 13:00:42 INFO     | SentimentSniper      |   Trades executed: 0
2026-07-31 13:00:42 INFO     | SentimentSniper      |   Active trades: 0
2026-07-31 13:00:42 INFO     | SentimentSniper      |   Total PnL: $0.000000
2026-07-31 13:00:42 INFO     | SentimentSniper      | ==================================================
2026-07-31 13:00:42 INFO     | SentimentSniper      | ⏰ Sleeping 30s...
2026-07-31 13:01:23 ERROR    | SentimentSniper      | Twitter API error: HTTPSConnectionPool(host='api.twitter.com', port=443): Read timed out. (read timeout=10)
2026-07-31 13:01:23 INFO     | SentimentSniper      | ==================================================
2026-07-31 13:01:23 INFO     | SentimentSniper      |   📊 SENTIMENT SNIPER STATS
2026-07-31 13:01:23 INFO     | SentimentSniper      |   Tweets processed: 0
2026-07-31 13:01:23 INFO     | SentimentSniper      |   Trades executed: 0
2026-07-31 13:01:23 INFO     | SentimentSniper      |   Active trades: 0
2026-07-31 13:01:23 INFO     | SentimentSniper      |   Total PnL: $0.000000
2026-07-31 13:01:23 INFO     | SentimentSniper      | ==================================================
2026-07-31 13:01:23 INFO     | SentimentSniper      | ⏰ Sleeping 30s...
2026-07-31 13:02:03 ERROR    | SentimentSniper      | Twitter API error: HTTPSConnectionPool(host='api.twitter.com', port=443): Read timed out. (read timeout=10)
2026-07-31 13:02:03 INFO     | SentimentSniper      | ==================================================
2026-07-31 13:02:03 INFO     | SentimentSniper      |   📊 SENTIMENT SNIPER STATS
2026-07-31 13:02:03 INFO     | SentimentSniper      |   Tweets processed: 0
2026-07-31 13:02:03 INFO     | SentimentSniper      |   Trades executed: 0
2026-07-31 13:02:03 INFO     | SentimentSniper      |   Active trades: 0
2026-07-31 13:02:03 INFO     | SentimentSniper      |   Total PnL: $0.000000
2026-07-31 13:02:03 INFO     | SentimentSniper      | ==================================================
2026-07-31 13:02:03 INFO     | SentimentSniper      | ⏰ Sleeping 30s...
2026-07-31 13:02:44 ERROR    | SentimentSniper      | Twitter API error: HTTPSConnectionPool(host='api.twitter.com', port=443): Read timed out. (read timeout=10)
2026-07-31 13:02:44 INFO     | SentimentSniper      | ==================================================
2026-07-31 13:02:44 INFO     | SentimentSniper      |   📊 SENTIMENT SNIPER STATS
2026-07-31 13:02:44 INFO     | SentimentSniper      |   Tweets processed: 0
2026-07-31 13:02:44 INFO     | SentimentSniper      |   Trades executed: 0
2026-07-31 13:02:44 INFO     | SentimentSniper      |   Active trades: 0
2026-07-31 13:02:44 INFO     | SentimentSniper      |   Total PnL: $0.000000
2026-07-31 13:02:44 INFO     | SentimentSniper      | ==================================================
2026-07-31 13:02:44 INFO     | SentimentSniper      | ⏰ Sleeping 30s...
2026-07-31 13:03:24 ERROR    | SentimentSniper      | Twitter API error: HTTPSConnectionPool(host='api.twitter.com', port=443): Read timed out. (read timeout=10)
2026-07-31 13:03:24 INFO     | SentimentSniper      | ==================================================
2026-07-31 13:03:24 INFO     | SentimentSniper      |   📊 SENTIMENT SNIPER STATS
2026-07-31 13:03:24 INFO     | SentimentSniper      |   Tweets processed: 0
2026-07-31 13:03:24 INFO     | SentimentSniper      |   Trades executed: 0
2026-07-31 13:03:24 INFO     | SentimentSniper      |   Active trades: 0
2026-07-31 13:03:24 INFO     | SentimentSniper      |   Total PnL: $0.000000
2026-07-31 13:03:24 INFO     | SentimentSniper      | ==================================================
2026-07-31 13:03:24 INFO     | SentimentSniper      | ⏰ Sleeping 30s...
2026-07-31 13:04:04 ERROR    | SentimentSniper      | Twitter API error: HTTPSConnectionPool(host='api.twitter.com', port=443): Read timed out. (read timeout=10)
2026-07-31 13:04:04 INFO     | SentimentSniper      | ==================================================
2026-07-31 13:04:04 INFO     | SentimentSniper      |   📊 SENTIMENT SNIPER STATS
2026-07-31 13:04:04 INFO     | SentimentSniper      |   Tweets processed: 0
2026-07-31 13:04:04 INFO     | SentimentSniper      |   Trades executed: 0
2026-07-31 13:04:04 INFO     | SentimentSniper      |   Active trades: 0
2026-07-31 13:04:04 INFO     | SentimentSniper      |   Total PnL: $0.000000
2026-07-31 13:04:04 INFO     | SentimentSniper      | ==================================================
2026-07-31 13:04:04 INFO     | SentimentSniper      | ⏰ Sleeping 30s...
2026-07-31 13:04:45 ERROR    | SentimentSniper      | Twitter API error: HTTPSConnectionPool(host='api.twitter.com', port=443): Read timed out. (read timeout=10)
2026-07-31 13:04:45 INFO     | SentimentSniper      | ==================================================
2026-07-31 13:04:45 INFO     | SentimentSniper      |   📊 SENTIMENT SNIPER STATS
2026-07-31 13:04:45 INFO     | SentimentSniper      |   Tweets processed: 0
2026-07-31 13:04:45 INFO     | SentimentSniper      |   Trades executed: 0
2026-07-31 13:04:45 INFO     | SentimentSniper      |   Active trades: 0
2026-07-31 13:04:45 INFO     | SentimentSniper      |   Total PnL: $0.000000
2026-07-31 13:04:45 INFO     | SentimentSniper      | ==================================================
2026-07-31 13:04:45 INFO     | SentimentSniper      | ⏰ Sleeping 30s...
2026-07-31 13:05:25 ERROR    | SentimentSniper      | Twitter API error: HTTPSConnectionPool(host='api.twitter.com', port=443): Read timed out. (read timeout=10)
2026-07-31 13:05:25 INFO     | SentimentSniper      | ==================================================
2026-07-31 13:05:25 INFO     | SentimentSniper      |   📊 SENTIMENT SNIPER STATS
2026-07-31 13:05:25 INFO     | SentimentSniper      |   Tweets processed: 0
2026-07-31 13:05:25 INFO     | SentimentSniper      |   Trades executed: 0
2026-07-31 13:05:25 INFO     | SentimentSniper      |   Active trades: 0
2026-07-31 13:05:25 INFO     | SentimentSniper      |   Total PnL: $0.000000
2026-07-31 13:05:25 INFO     | SentimentSniper      | ==================================================
2026-07-31 13:05:25 INFO     | SentimentSniper      | ⏰ Sleeping 30s...
2026-07-31 13:06:07 ERROR    | SentimentSniper      | Twitter API error: HTTPSConnectionPool(host='api.twitter.com', port=443): Read timed out. (read timeout=10)
2026-07-31 13:06:07 INFO     | SentimentSniper      | ==================================================
2026-07-31 13:06:07 INFO     | SentimentSniper      |   📊 SENTIMENT SNIPER STATS
2026-07-31 13:06:07 INFO     | SentimentSniper      |   Tweets processed: 0
2026-07-31 13:06:07 INFO     | SentimentSniper      |   Trades executed: 0
2026-07-31 13:06:07 INFO     | SentimentSniper      |   Active trades: 0
2026-07-31 13:06:07 INFO     | SentimentSniper      |   Total PnL: $0.000000
2026-07-31 13:06:07 INFO     | SentimentSniper      | ==================================================
2026-07-31 13:06:07 INFO     | SentimentSniper      | ⏰ Sleeping 30s...
2026-07-31 13:06:47 ERROR    | SentimentSniper      | Twitter API error: HTTPSConnectionPool(host='api.twitter.com', port=443): Read timed out. (read timeout=10)
2026-07-31 13:06:47 INFO     | SentimentSniper      | ==================================================
2026-07-31 13:06:47 INFO     | SentimentSniper      |   📊 SENTIMENT SNIPER STATS
2026-07-31 13:06:47 INFO     | SentimentSniper      |   Tweets processed: 0
2026-07-31 13:06:47 INFO     | SentimentSniper      |   Trades executed: 0
2026-07-31 13:06:47 INFO     | SentimentSniper      |   Active trades: 0
2026-07-31 13:06:47 INFO     | SentimentSniper      |   Total PnL: $0.000000
2026-07-31 13:06:47 INFO     | SentimentSniper      | ==================================================
2026-07-31 13:06:47 INFO     | SentimentSniper      | ⏰ Sleeping 30s...
2026-07-31 13:07:28 ERROR    | SentimentSniper      | Twitter API error: HTTPSConnectionPool(host='api.twitter.com', port=443): Read timed out. (read timeout=10)
2026-07-31 13:07:28 INFO     | SentimentSniper      | ==================================================
2026-07-31 13:07:28 INFO     | SentimentSniper      |   📊 SENTIMENT SNIPER STATS
2026-07-31 13:07:28 INFO     | SentimentSniper      |   Tweets processed: 0
2026-07-31 13:07:28 INFO     | SentimentSniper      |   Trades executed: 0
2026-07-31 13:07:28 INFO     | SentimentSniper      |   Active trades: 0
2026-07-31 13:07:28 INFO     | SentimentSniper      |   Total PnL: $0.000000
2026-07-31 13:07:28 INFO     | SentimentSniper      | ==================================================
2026-07-31 13:07:28 INFO     | SentimentSniper      | ⏰ Sleeping 30s...
2026-07-31 13:08:01 INFO     | SentimentSniper      | ==================================================
2026-07-31 13:08:01 INFO     | SentimentSniper      |   📊 SENTIMENT SNIPER STATS
2026-07-31 13:08:01 INFO     | SentimentSniper      |   Tweets processed: 0
2026-07-31 13:08:01 INFO     | SentimentSniper      |   Trades executed: 0
2026-07-31 13:08:01 INFO     | SentimentSniper      |   Active trades: 0
2026-07-31 13:08:01 INFO     | SentimentSniper      |   Total PnL: $0.000000
2026-07-31 13:08:01 INFO     | SentimentSniper      | ==================================================
2026-07-31 13:08:01 INFO     | SentimentSniper      | ⏰ Sleeping 30s...
2026-07-31 13:08:34 INFO     | SentimentSniper      | ==================================================
2026-07-31 13:08:34 INFO     | SentimentSniper      |   📊 SENTIMENT SNIPER STATS
2026-07-31 13:08:34 INFO     | SentimentSniper      |   Tweets processed: 0
2026-07-31 13:08:34 INFO     | SentimentSniper      |   Trades executed: 0
2026-07-31 13:08:34 INFO     | SentimentSniper      |   Active trades: 0
2026-07-31 13:08:34 INFO     | SentimentSniper      |   Total PnL: $0.000000
2026-07-31 13:08:34 INFO     | SentimentSniper      | ==================================================
2026-07-31 13:08:34 INFO     | SentimentSniper      | ⏰ Sleeping 30s...
2026-07-31 13:09:07 INFO     | SentimentSniper      | ==================================================
2026-07-31 13:09:07 INFO     | SentimentSniper      |   📊 SENTIMENT SNIPER STATS
2026-07-31 13:09:07 INFO     | SentimentSniper      |   Tweets processed: 0
2026-07-31 13:09:07 INFO     | SentimentSniper      |   Trades executed: 0
2026-07-31 13:09:07 INFO     | SentimentSniper      |   Active trades: 0
2026-07-31 13:09:07 INFO     | SentimentSniper      |   Total PnL: $0.000000
2026-07-31 13:09:07 INFO     | SentimentSniper      | ==================================================
2026-07-31 13:09:07 INFO     | SentimentSniper      | ⏰ Sleeping 30s...
2026-07-31 13:09:40 INFO     | SentimentSniper      | ==================================================
2026-07-31 13:09:40 INFO     | SentimentSniper      |   📊 SENTIMENT SNIPER STATS
2026-07-31 13:09:40 INFO     | SentimentSniper      |   Tweets processed: 0
2026-07-31 13:09:40 INFO     | SentimentSniper      |   Trades executed: 0
2026-07-31 13:09:40 INFO     | SentimentSniper      |   Active trades: 0
2026-07-31 13:09:40 INFO     | SentimentSniper      |   Total PnL: $0.000000
2026-07-31 13:09:40 INFO     | SentimentSniper      | ==================================================
2026-07-31 13:09:40 INFO     | SentimentSniper      | ⏰ Sleeping 30s...
2026-07-31 13:10:14 INFO     | SentimentSniper      | ==================================================
2026-07-31 13:10:14 INFO     | SentimentSniper      |   📊 SENTIMENT SNIPER STATS
2026-07-31 13:10:14 INFO     | SentimentSniper      |   Tweets processed: 0
2026-07-31 13:10:14 INFO     | SentimentSniper      |   Trades executed: 0
2026-07-31 13:10:14 INFO     | SentimentSniper      |   Active trades: 0
2026-07-31 13:10:14 INFO     | SentimentSniper      |   Total PnL: $0.000000
2026-07-31 13:10:14 INFO     | SentimentSniper      | ==================================================
2026-07-31 13:10:14 INFO     | SentimentSniper      | ⏰ Sleeping 30s...
2026-07-31 13:10:47 INFO     | SentimentSniper      | ==================================================
2026-07-31 13:10:47 INFO     | SentimentSniper      |   📊 SENTIMENT SNIPER STATS
2026-07-31 13:10:47 INFO     | SentimentSniper      |   Tweets processed: 0
2026-07-31 13:10:47 INFO     | SentimentSniper      |   Trades executed: 0
2026-07-31 13:10:47 INFO     | SentimentSniper      |   Active trades: 0
2026-07-31 13:10:47 INFO     | SentimentSniper      |   Total PnL: $0.000000
2026-07-31 13:10:47 INFO     | SentimentSniper      | ==================================================
2026-07-31 13:10:47 INFO     | SentimentSniper      | ⏰ Sleeping 30s...
2026-07-31 13:11:20 INFO     | SentimentSniper      | ==================================================
2026-07-31 13:11:20 INFO     | SentimentSniper      |   📊 SENTIMENT SNIPER STATS
2026-07-31 13:11:20 INFO     | SentimentSniper      |   Tweets processed: 0
2026-07-31 13:11:20 INFO     | SentimentSniper      |   Trades executed: 0
2026-07-31 13:11:20 INFO     | SentimentSniper      |   Active trades: 0
2026-07-31 13:11:20 INFO     | SentimentSniper      |   Total PnL: $0.000000
2026-07-31 13:11:20 INFO     | SentimentSniper      | ==================================================
2026-07-31 13:11:20 INFO     | SentimentSniper      | ⏰ Sleeping 30s...
2026-07-31 13:11:54 INFO     | SentimentSniper      | ==================================================
2026-07-31 13:11:54 INFO     | SentimentSniper      |   📊 SENTIMENT SNIPER STATS
2026-07-31 13:11:54 INFO     | SentimentSniper      |   Tweets processed: 0
2026-07-31 13:11:54 INFO     | SentimentSniper      |   Trades executed: 0
2026-07-31 13:11:54 INFO     | SentimentSniper      |   Active trades: 0
2026-07-31 13:11:54 INFO     | SentimentSniper      |   Total PnL: $0.000000
2026-07-31 13:11:54 INFO     | SentimentSniper      | ==================================================
2026-07-31 13:11:54 INFO     | SentimentSniper      | ⏰ Sleeping 30s...
2026-07-31 13:12:27 INFO     | SentimentSniper      | ==================================================
2026-07-31 13:12:27 INFO     | SentimentSniper      |   📊 SENTIMENT SNIPER STATS
2026-07-31 13:12:27 INFO     | SentimentSniper      |   Tweets processed: 0
2026-07-31 13:12:27 INFO     | SentimentSniper      |   Trades executed: 0
2026-07-31 13:12:27 INFO     | SentimentSniper      |   Active trades: 0
2026-07-31 13:12:27 INFO     | SentimentSniper      |   Total PnL: $0.000000
2026-07-31 13:12:27 INFO     | SentimentSniper      | ==================================================
2026-07-31 13:12:27 INFO     | SentimentSniper      | ⏰ Sleeping 30s...
2026-07-31 13:13:02 INFO     | SentimentSniper      | ==================================================
2026-07-31 13:13:02 INFO     | SentimentSniper      |   📊 SENTIMENT SNIPER STATS
2026-07-31 13:13:02 INFO     | SentimentSniper      |   Tweets processed: 0
2026-07-31 13:13:02 INFO     | SentimentSniper      |   Trades executed: 0
2026-07-31 13:13:02 INFO     | SentimentSniper      |   Active trades: 0
2026-07-31 13:13:02 INFO     | SentimentSniper      |   Total PnL: $0.000000
2026-07-31 13:13:02 INFO     | SentimentSniper      | ==================================================
2026-07-31 13:13:02 INFO     | SentimentSniper      | ⏰ Sleeping 30s...
2026-07-31 13:13:35 INFO     | SentimentSniper      | ==================================================
2026-07-31 13:13:35 INFO     | SentimentSniper      |   📊 SENTIMENT SNIPER STATS
2026-07-31 13:13:35 INFO     | SentimentSniper      |   Tweets processed: 0
2026-07-31 13:13:35 INFO     | SentimentSniper      |   Trades executed: 0
2026-07-31 13:13:35 INFO     | SentimentSniper      |   Active trades: 0
2026-07-31 13:13:35 INFO     | SentimentSniper      |   Total PnL: $0.000000
2026-07-31 13:13:35 INFO     | SentimentSniper      | ==================================================
2026-07-31 13:13:35 INFO     | SentimentSniper      | ⏰ Sleeping 30s...
2026-07-31 13:14:08 INFO     | SentimentSniper      | ==================================================
2026-07-31 13:14:08 INFO     | SentimentSniper      |   📊 SENTIMENT SNIPER STATS
2026-07-31 13:14:08 INFO     | SentimentSniper      |   Tweets processed: 0
2026-07-31 13:14:08 INFO     | SentimentSniper      |   Trades executed: 0
2026-07-31 13:14:08 INFO     | SentimentSniper      |   Active trades: 0
2026-07-31 13:14:08 INFO     | SentimentSniper      |   Total PnL: $0.000000
2026-07-31 13:14:08 INFO     | SentimentSniper      | ==================================================
2026-07-31 13:14:08 INFO     | SentimentSniper      | ⏰ Sleeping 30s...
2026-07-31 13:14:41 INFO     | SentimentSniper      | ==================================================
2026-07-31 13:14:41 INFO     | SentimentSniper      |   📊 SENTIMENT SNIPER STATS
2026-07-31 13:14:41 INFO     | SentimentSniper      |   Tweets processed: 0
2026-07-31 13:14:41 INFO     | SentimentSniper      |   Trades executed: 0
2026-07-31 13:14:41 INFO     | SentimentSniper      |   Active trades: 0
2026-07-31 13:14:41 INFO     | SentimentSniper      |   Total PnL: $0.000000
2026-07-31 13:14:41 INFO     | SentimentSniper      | ==================================================
2026-07-31 13:14:41 INFO     | SentimentSniper      | ⏰ Sleeping 30s...
2026-07-31 13:15:15 INFO     | SentimentSniper      | ==================================================
2026-07-31 13:15:15 INFO     | SentimentSniper      |   📊 SENTIMENT SNIPER STATS
2026-07-31 13:15:15 INFO     | SentimentSniper      |   Tweets processed: 0
2026-07-31 13:15:15 INFO     | SentimentSniper      |   Trades executed: 0
2026-07-31 13:15:15 INFO     | SentimentSniper      |   Active trades: 0
2026-07-31 13:15:15 INFO     | SentimentSniper      |   Total PnL: $0.000000
2026-07-31 13:15:15 INFO     | SentimentSniper      | ==================================================
2026-07-31 13:15:15 INFO     | SentimentSniper      | ⏰ Sleeping 30s...
2026-07-31 13:15:48 INFO     | SentimentSniper      | ==================================================
2026-07-31 13:15:48 INFO     | SentimentSniper      |   📊 SENTIMENT SNIPER STATS
2026-07-31 13:15:48 INFO     | SentimentSniper      |   Tweets processed: 0
2026-07-31 13:15:48 INFO     | SentimentSniper      |   Trades executed: 0
2026-07-31 13:15:48 INFO     | SentimentSniper      |   Active trades: 0
2026-07-31 13:15:48 INFO     | SentimentSniper      |   Total PnL: $0.000000
2026-07-31 13:15:48 INFO     | SentimentSniper      | ==================================================
2026-07-31 13:15:48 INFO     | SentimentSniper      | ⏰ Sleeping 30s...
2026-07-31 13:16:21 INFO     | SentimentSniper      | ==================================================
2026-07-31 13:16:21 INFO     | SentimentSniper      |   📊 SENTIMENT SNIPER STATS
2026-07-31 13:16:21 INFO     | SentimentSniper      |   Tweets processed: 0
2026-07-31 13:16:21 INFO     | SentimentSniper      |   Trades executed: 0
2026-07-31 13:16:21 INFO     | SentimentSniper      |   Active trades: 0
2026-07-31 13:16:21 INFO     | SentimentSniper      |   Total PnL: $0.000000
2026-07-31 13:16:21 INFO     | SentimentSniper      | ==================================================
2026-07-31 13:16:21 INFO     | SentimentSniper      | ⏰ Sleeping 30s...
2026-07-31 13:16:54 INFO     | SentimentSniper      | ==================================================
2026-07-31 13:16:54 INFO     | SentimentSniper      |   📊 SENTIMENT SNIPER STATS
2026-07-31 13:16:54 INFO     | SentimentSniper      |   Tweets processed: 0
2026-07-31 13:16:54 INFO     | SentimentSniper      |   Trades executed: 0
2026-07-31 13:16:54 INFO     | SentimentSniper      |   Active trades: 0
2026-07-31 13:16:54 INFO     | SentimentSniper      |   Total PnL: $0.000000
2026-07-31 13:16:54 INFO     | SentimentSniper      | ==================================================
2026-07-31 13:16:54 INFO     | SentimentSniper      | ⏰ Sleeping 30s...
2026-07-31 13:17:28 INFO     | SentimentSniper      | ==================================================
2026-07-31 13:17:28 INFO     | SentimentSniper      |   📊 SENTIMENT SNIPER STATS
2026-07-31 13:17:28 INFO     | SentimentSniper      |   Tweets processed: 0
2026-07-31 13:17:28 INFO     | SentimentSniper      |   Trades executed: 0
2026-07-31 13:17:28 INFO     | SentimentSniper      |   Active trades: 0
2026-07-31 13:17:28 INFO     | SentimentSniper      |   Total PnL: $0.000000
2026-07-31 13:17:28 INFO     | SentimentSniper      | ==================================================
2026-07-31 13:17:28 INFO     | SentimentSniper      | ⏰ Sleeping 30s...
2026-07-31 13:18:01 INFO     | SentimentSniper      | ==================================================
2026-07-31 13:18:01 INFO     | SentimentSniper      |   📊 SENTIMENT SNIPER STATS
2026-07-31 13:18:01 INFO     | SentimentSniper      |   Tweets processed: 0
2026-07-31 13:18:01 INFO     | SentimentSniper      |   Trades executed: 0
2026-07-31 13:18:01 INFO     | SentimentSniper      |   Active trades: 0
2026-07-31 13:18:01 INFO     | SentimentSniper      |   Total PnL: $0.000000
2026-07-31 13:18:01 INFO     | SentimentSniper      | ==================================================
2026-07-31 13:18:01 INFO     | SentimentSniper      | ⏰ Sleeping 30s...
2026-07-31 13:18:35 INFO     | SentimentSniper      | ==================================================
2026-07-31 13:18:35 INFO     | SentimentSniper      |   📊 SENTIMENT SNIPER STATS
2026-07-31 13:18:35 INFO     | SentimentSniper      |   Tweets processed: 0
2026-07-31 13:18:35 INFO     | SentimentSniper      |   Trades executed: 0
2026-07-31 13:18:35 INFO     | SentimentSniper      |   Active trades: 0
2026-07-31 13:18:35 INFO     | SentimentSniper      |   Total PnL: $0.000000
2026-07-31 13:18:35 INFO     | SentimentSniper      | ==================================================
2026-07-31 13:18:35 INFO     | SentimentSniper      | ⏰ Sleeping 30s...
2026-07-31 13:19:08 INFO     | SentimentSniper      | ==================================================
2026-07-31 13:19:08 INFO     | SentimentSniper      |   📊 SENTIMENT SNIPER STATS
2026-07-31 13:19:08 INFO     | SentimentSniper      |   Tweets processed: 0
2026-07-31 13:19:08 INFO     | SentimentSniper      |   Trades executed: 0
2026-07-31 13:19:08 INFO     | SentimentSniper      |   Active trades: 0
2026-07-31 13:19:08 INFO     | SentimentSniper      |   Total PnL: $0.000000
2026-07-31 13:19:08 INFO     | SentimentSniper      | ==================================================
2026-07-31 13:19:08 INFO     | SentimentSniper      | ⏰ Sleeping 30s...
2026-07-31 13:19:41 INFO     | SentimentSniper      | ==================================================
2026-07-31 13:19:41 INFO     | SentimentSniper      |   📊 SENTIMENT SNIPER STATS
2026-07-31 13:19:41 INFO     | SentimentSniper      |   Tweets processed: 0
2026-07-31 13:19:41 INFO     | SentimentSniper      |   Trades executed: 0
2026-07-31 13:19:41 INFO     | SentimentSniper      |   Active trades: 0
2026-07-31 13:19:41 INFO     | SentimentSniper      |   Total PnL: $0.000000
2026-07-31 13:19:41 INFO     | SentimentSniper      | ==================================================
2026-07-31 13:19:41 INFO     | SentimentSniper      | ⏰ Sleeping 30s...
2026-07-31 13:20:14 INFO     | SentimentSniper      | ==================================================
2026-07-31 13:20:14 INFO     | SentimentSniper      |   📊 SENTIMENT SNIPER STATS
2026-07-31 13:20:14 INFO     | SentimentSniper      |   Tweets processed: 0
2026-07-31 13:20:14 INFO     | SentimentSniper      |   Trades executed: 0
2026-07-31 13:20:14 INFO     | SentimentSniper      |   Active trades: 0
2026-07-31 13:20:14 INFO     | SentimentSniper      |   Total PnL: $0.000000
2026-07-31 13:20:14 INFO     | SentimentSniper      | ==================================================
2026-07-31 13:20:14 INFO     | SentimentSniper      | ⏰ Sleeping 30s...
2026-07-31 13:20:49 INFO     | SentimentSniper      | ==================================================
2026-07-31 13:20:49 INFO     | SentimentSniper      |   📊 SENTIMENT SNIPER STATS
2026-07-31 13:20:49 INFO     | SentimentSniper      |   Tweets processed: 0
2026-07-31 13:20:49 INFO     | SentimentSniper      |   Trades executed: 0
2026-07-31 13:20:49 INFO     | SentimentSniper      |   Active trades: 0
2026-07-31 13:20:49 INFO     | SentimentSniper      |   Total PnL: $0.000000
2026-07-31 13:20:49 INFO     | SentimentSniper      | ==================================================
2026-07-31 13:20:49 INFO     | SentimentSniper      | ⏰ Sleeping 30s...
2026-07-31 13:21:22 INFO     | SentimentSniper      | ==================================================
2026-07-31 13:21:22 INFO     | SentimentSniper      |   📊 SENTIMENT SNIPER STATS
2026-07-31 13:21:22 INFO     | SentimentSniper      |   Tweets processed: 0
2026-07-31 13:21:22 INFO     | SentimentSniper      |   Trades executed: 0
2026-07-31 13:21:22 INFO     | SentimentSniper      |   Active trades: 0
2026-07-31 13:21:22 INFO     | SentimentSniper      |   Total PnL: $0.000000
2026-07-31 13:21:22 INFO     | SentimentSniper      | ==================================================
2026-07-31 13:21:22 INFO     | SentimentSniper      | ⏰ Sleeping 30s...
2026-07-31 13:21:55 INFO     | SentimentSniper      | ==================================================
2026-07-31 13:21:55 INFO     | SentimentSniper      |   📊 SENTIMENT SNIPER STATS
2026-07-31 13:21:55 INFO     | SentimentSniper      |   Tweets processed: 0
2026-07-31 13:21:55 INFO     | SentimentSniper      |   Trades executed: 0
2026-07-31 13:21:55 INFO     | SentimentSniper      |   Active trades: 0
2026-07-31 13:21:55 INFO     | SentimentSniper      |   Total PnL: $0.000000
2026-07-31 13:21:55 INFO     | SentimentSniper      | ==================================================
2026-07-31 13:21:55 INFO     | SentimentSniper      | ⏰ Sleeping 30s...
2026-07-31 13:22:29 INFO     | SentimentSniper      | ==================================================
2026-07-31 13:22:29 INFO     | SentimentSniper      |   📊 SENTIMENT SNIPER STATS
2026-07-31 13:22:29 INFO     | SentimentSniper      |   Tweets processed: 0
2026-07-31 13:22:29 INFO     | SentimentSniper      |   Trades executed: 0
2026-07-31 13:22:29 INFO     | SentimentSniper      |   Active trades: 0
2026-07-31 13:22:29 INFO     | SentimentSniper      |   Total PnL: $0.000000
2026-07-31 13:22:29 INFO     | SentimentSniper      | ==================================================
2026-07-31 13:22:29 INFO     | SentimentSniper      | ⏰ Sleeping 30s...
2026-07-31 13:23:02 INFO     | SentimentSniper      | ==================================================
2026-07-31 13:23:02 INFO     | SentimentSniper      |   📊 SENTIMENT SNIPER STATS
2026-07-31 13:23:02 INFO     | SentimentSniper      |   Tweets processed: 0
2026-07-31 13:23:02 INFO     | SentimentSniper      |   Trades executed: 0
2026-07-31 13:23:02 INFO     | SentimentSniper      |   Active trades: 0
2026-07-31 13:23:02 INFO     | SentimentSniper      |   Total PnL: $0.000000
2026-07-31 13:23:02 INFO     | SentimentSniper      | ==================================================
2026-07-31 13:23:02 INFO     | SentimentSniper      | ⏰ Sleeping 30s...
2026-07-31 13:23:36 INFO     | SentimentSniper      | ==================================================
2026-07-31 13:23:36 INFO     | SentimentSniper      |   📊 SENTIMENT SNIPER STATS
2026-07-31 13:23:36 INFO     | SentimentSniper      |   Tweets processed: 0
2026-07-31 13:23:36 INFO     | SentimentSniper      |   Trades executed: 0
2026-07-31 13:23:36 INFO     | SentimentSniper      |   Active trades: 0
2026-07-31 13:23:36 INFO     | SentimentSniper      |   Total PnL: $0.000000
2026-07-31 13:23:36 INFO     | SentimentSniper      | ==================================================
2026-07-31 13:23:36 INFO     | SentimentSniper      | ⏰ Sleeping 30s...
2026-07-31 13:24:10 INFO     | SentimentSniper      | ==================================================
2026-07-31 13:24:10 INFO     | SentimentSniper      |   📊 SENTIMENT SNIPER STATS
2026-07-31 13:24:10 INFO     | SentimentSniper      |   Tweets processed: 0
2026-07-31 13:24:10 INFO     | SentimentSniper      |   Trades executed: 0
2026-07-31 13:24:10 INFO     | SentimentSniper      |   Active trades: 0
2026-07-31 13:24:10 INFO     | SentimentSniper      |   Total PnL: $0.000000
2026-07-31 13:24:10 INFO     | SentimentSniper      | ==================================================
2026-07-31 13:24:10 INFO     | SentimentSniper      | ⏰ Sleeping 30s...
2026-07-31 13:24:43 INFO     | SentimentSniper      | ==================================================
2026-07-31 13:24:43 INFO     | SentimentSniper      |   📊 SENTIMENT SNIPER STATS
2026-07-31 13:24:43 INFO     | SentimentSniper      |   Tweets processed: 0
2026-07-31 13:24:43 INFO     | SentimentSniper      |   Trades executed: 0
2026-07-31 13:24:43 INFO     | SentimentSniper      |   Active trades: 0
2026-07-31 13:24:43 INFO     | SentimentSniper      |   Total PnL: $0.000000
2026-07-31 13:24:43 INFO     | SentimentSniper      | ==================================================
2026-07-31 13:24:43 INFO     | SentimentSniper      | ⏰ Sleeping 30s...
2026-07-31 13:25:17 INFO     | SentimentSniper      | ==================================================
2026-07-31 13:25:17 INFO     | SentimentSniper      |   📊 SENTIMENT SNIPER STATS
2026-07-31 13:25:17 INFO     | SentimentSniper      |   Tweets processed: 0
2026-07-31 13:25:17 INFO     | SentimentSniper      |   Trades executed: 0
2026-07-31 13:25:17 INFO     | SentimentSniper      |   Active trades: 0
2026-07-31 13:25:17 INFO     | SentimentSniper      |   Total PnL: $0.000000
2026-07-31 13:25:17 INFO     | SentimentSniper      | ==================================================
2026-07-31 13:25:17 INFO     | SentimentSniper      | ⏰ Sleeping 30s...
2026-07-31 13:25:51 INFO     | SentimentSniper      | ==================================================
2026-07-31 13:25:51 INFO     | SentimentSniper      |   📊 SENTIMENT SNIPER STATS
2026-07-31 13:25:51 INFO     | SentimentSniper      |   Tweets processed: 0
2026-07-31 13:25:51 INFO     | SentimentSniper      |   Trades executed: 0
2026-07-31 13:25:51 INFO     | SentimentSniper      |   Active trades: 0
2026-07-31 13:25:51 INFO     | SentimentSniper      |   Total PnL: $0.000000
2026-07-31 13:25:51 INFO     | SentimentSniper      | ==================================================
2026-07-31 13:25:51 INFO     | SentimentSniper      | ⏰ Sleeping 30s...
2026-07-31 13:26:24 INFO     | SentimentSniper      | ==================================================
2026-07-31 13:26:24 INFO     | SentimentSniper      |   📊 SENTIMENT SNIPER STATS
2026-07-31 13:26:24 INFO     | SentimentSniper      |   Tweets processed: 0
2026-07-31 13:26:24 INFO     | SentimentSniper      |   Trades executed: 0
2026-07-31 13:26:24 INFO     | SentimentSniper      |   Active trades: 0
2026-07-31 13:26:24 INFO     | SentimentSniper      |   Total PnL: $0.000000
2026-07-31 13:26:24 INFO     | SentimentSniper      | ==================================================
2026-07-31 13:26:24 INFO     | SentimentSniper      | ⏰ Sleeping 30s...
2026-07-31 13:26:58 INFO     | SentimentSniper      | ==================================================
2026-07-31 13:26:58 INFO     | SentimentSniper      |   📊 SENTIMENT SNIPER STATS
2026-07-31 13:26:58 INFO     | SentimentSniper      |   Tweets processed: 0
2026-07-31 13:26:58 INFO     | SentimentSniper      |   Trades executed: 0
2026-07-31 13:26:58 INFO     | SentimentSniper      |   Active trades: 0
2026-07-31 13:26:58 INFO     | SentimentSniper      |   Total PnL: $0.000000
2026-07-31 13:26:58 INFO     | SentimentSniper      | ==================================================
2026-07-31 13:26:58 INFO     | SentimentSniper      | ⏰ Sleeping 30s...
2026-07-31 13:27:31 INFO     | SentimentSniper      | ==================================================
2026-07-31 13:27:31 INFO     | SentimentSniper      |   📊 SENTIMENT SNIPER STATS
2026-07-31 13:27:31 INFO     | SentimentSniper      |   Tweets processed: 0
2026-07-31 13:27:31 INFO     | SentimentSniper      |   Trades executed: 0
2026-07-31 13:27:31 INFO     | SentimentSniper      |   Active trades: 0
2026-07-31 13:27:31 INFO     | SentimentSniper      |   Total PnL: $0.000000
2026-07-31 13:27:31 INFO     | SentimentSniper      | ==================================================
2026-07-31 13:27:31 INFO     | SentimentSniper      | ⏰ Sleeping 30s...
2026-07-31 13:28:04 INFO     | SentimentSniper      | ==================================================
2026-07-31 13:28:04 INFO     | SentimentSniper      |   📊 SENTIMENT SNIPER STATS
2026-07-31 13:28:04 INFO     | SentimentSniper      |   Tweets processed: 0
2026-07-31 13:28:04 INFO     | SentimentSniper      |   Trades executed: 0
2026-07-31 13:28:04 INFO     | SentimentSniper      |   Active trades: 0
2026-07-31 13:28:04 INFO     | SentimentSniper      |   Total PnL: $0.000000
2026-07-31 13:28:04 INFO     | SentimentSniper      | ==================================================
2026-07-31 13:28:04 INFO     | SentimentSniper      | ⏰ Sleeping 30s...
2026-07-31 13:28:38 INFO     | SentimentSniper      | ==================================================
2026-07-31 13:28:38 INFO     | SentimentSniper      |   📊 SENTIMENT SNIPER STATS
2026-07-31 13:28:38 INFO     | SentimentSniper      |   Tweets processed: 0
2026-07-31 13:28:38 INFO     | SentimentSniper      |   Trades executed: 0
2026-07-31 13:28:38 INFO     | SentimentSniper      |   Active trades: 0
2026-07-31 13:28:38 INFO     | SentimentSniper      |   Total PnL: $0.000000
2026-07-31 13:28:38 INFO     | SentimentSniper      | ==================================================
2026-07-31 13:28:38 INFO     | SentimentSniper      | ⏰ Sleeping 30s...
2026-07-31 13:29:11 INFO     | SentimentSniper      | ==================================================
2026-07-31 13:29:11 INFO     | SentimentSniper      |   📊 SENTIMENT SNIPER STATS
2026-07-31 13:29:11 INFO     | SentimentSniper      |   Tweets processed: 0
2026-07-31 13:29:11 INFO     | SentimentSniper      |   Trades executed: 0
2026-07-31 13:29:11 INFO     | SentimentSniper      |   Active trades: 0
2026-07-31 13:29:11 INFO     | SentimentSniper      |   Total PnL: $0.000000
2026-07-31 13:29:11 INFO     | SentimentSniper      | ==================================================
2026-07-31 13:29:11 INFO     | SentimentSniper      | ⏰ Sleeping 30s...
2026-07-31 13:29:44 INFO     | SentimentSniper      | ==================================================
2026-07-31 13:29:44 INFO     | SentimentSniper      |   📊 SENTIMENT SNIPER STATS
2026-07-31 13:29:44 INFO     | SentimentSniper      |   Tweets processed: 0
2026-07-31 13:29:44 INFO     | SentimentSniper      |   Trades executed: 0
2026-07-31 13:29:44 INFO     | SentimentSniper      |   Active trades: 0
2026-07-31 13:29:44 INFO     | SentimentSniper      |   Total PnL: $0.000000
2026-07-31 13:29:44 INFO     | SentimentSniper      | ==================================================
2026-07-31 13:29:44 INFO     | SentimentSniper      | ⏰ Sleeping 30s...
2026-07-31 13:30:18 INFO     | SentimentSniper      | ==================================================
2026-07-31 13:30:18 INFO     | SentimentSniper      |   📊 SENTIMENT SNIPER STATS
2026-07-31 13:30:18 INFO     | SentimentSniper      |   Tweets processed: 0
2026-07-31 13:30:18 INFO     | SentimentSniper      |   Trades executed: 0
2026-07-31 13:30:18 INFO     | SentimentSniper      |   Active trades: 0
2026-07-31 13:30:18 INFO     | SentimentSniper      |   Total PnL: $0.000000
2026-07-31 13:30:18 INFO     | SentimentSniper      | ==================================================
2026-07-31 13:30:18 INFO     | SentimentSniper      | ⏰ Sleeping 30s...
2026-07-31 13:30:51 INFO     | SentimentSniper      | ==================================================
2026-07-31 13:30:51 INFO     | SentimentSniper      |   📊 SENTIMENT SNIPER STATS
2026-07-31 13:30:51 INFO     | SentimentSniper      |   Tweets processed: 0
2026-07-31 13:30:51 INFO     | SentimentSniper      |   Trades executed: 0
2026-07-31 13:30:51 INFO     | SentimentSniper      |   Active trades: 0
2026-07-31 13:30:51 INFO     | SentimentSniper      |   Total PnL: $0.000000
2026-07-31 13:30:51 INFO     | SentimentSniper      | ==================================================
2026-07-31 13:30:51 INFO     | SentimentSniper      | ⏰ Sleeping 30s...
2026-07-31 13:31:24 INFO     | SentimentSniper      | ==================================================
2026-07-31 13:31:24 INFO     | SentimentSniper      |   📊 SENTIMENT SNIPER STATS
2026-07-31 13:31:24 INFO     | SentimentSniper      |   Tweets processed: 0
2026-07-31 13:31:24 INFO     | SentimentSniper      |   Trades executed: 0
2026-07-31 13:31:24 INFO     | SentimentSniper      |   Active trades: 0
2026-07-31 13:31:24 INFO     | SentimentSniper      |   Total PnL: $0.000000
2026-07-31 13:31:24 INFO     | SentimentSniper      | ==================================================
2026-07-31 13:31:24 INFO     | SentimentSniper      | ⏰ Sleeping 30s...
2026-07-31 13:31:58 INFO     | SentimentSniper      | ==================================================
2026-07-31 13:31:58 INFO     | SentimentSniper      |   📊 SENTIMENT SNIPER STATS
2026-07-31 13:31:58 INFO     | SentimentSniper      |   Tweets processed: 0
2026-07-31 13:31:58 INFO     | SentimentSniper      |   Trades executed: 0
2026-07-31 13:31:58 INFO     | SentimentSniper      |   Active trades: 0
2026-07-31 13:31:58 INFO     | SentimentSniper      |   Total PnL: $0.000000
2026-07-31 13:31:58 INFO     | SentimentSniper      | ==================================================
2026-07-31 13:31:58 INFO     | SentimentSniper      | ⏰ Sleeping 30s...
2026-07-31 13:32:32 INFO     | SentimentSniper      | ==================================================
2026-07-31 13:32:32 INFO     | SentimentSniper      |   📊 SENTIMENT SNIPER STATS
2026-07-31 13:32:32 INFO     | SentimentSniper      |   Tweets processed: 0
2026-07-31 13:32:32 INFO     | SentimentSniper      |   Trades executed: 0
2026-07-31 13:32:32 INFO     | SentimentSniper      |   Active trades: 0
2026-07-31 13:32:32 INFO     | SentimentSniper      |   Total PnL: $0.000000
2026-07-31 13:32:32 INFO     | SentimentSniper      | ==================================================
2026-07-31 13:32:32 INFO     | SentimentSniper      | ⏰ Sleeping 30s...
2026-07-31 13:33:05 INFO     | SentimentSniper      | ==================================================
2026-07-31 13:33:05 INFO     | SentimentSniper      |   📊 SENTIMENT SNIPER STATS
2026-07-31 13:33:05 INFO     | SentimentSniper      |   Tweets processed: 0
2026-07-31 13:33:05 INFO     | SentimentSniper      |   Trades executed: 0
2026-07-31 13:33:05 INFO     | SentimentSniper      |   Active trades: 0
2026-07-31 13:33:05 INFO     | SentimentSniper      |   Total PnL: $0.000000
2026-07-31 13:33:05 INFO     | SentimentSniper      | ==================================================
2026-07-31 13:33:05 INFO     | SentimentSniper      | ⏰ Sleeping 30s...
2026-07-31 13:33:38 INFO     | SentimentSniper      | ==================================================
2026-07-31 13:33:38 INFO     | SentimentSniper      |   📊 SENTIMENT SNIPER STATS
2026-07-31 13:33:38 INFO     | SentimentSniper      |   Tweets processed: 0
2026-07-31 13:33:38 INFO     | SentimentSniper      |   Trades executed: 0
2026-07-31 13:33:38 INFO     | SentimentSniper      |   Active trades: 0
2026-07-31 13:33:38 INFO     | SentimentSniper      |   Total PnL: $0.000000
2026-07-31 13:33:38 INFO     | SentimentSniper      | ==================================================
2026-07-31 13:33:38 INFO     | SentimentSniper      | ⏰ Sleeping 30s...
2026-07-31 13:34:12 INFO     | SentimentSniper      | ==================================================
2026-07-31 13:34:12 INFO     | SentimentSniper      |   📊 SENTIMENT SNIPER STATS
2026-07-31 13:34:12 INFO     | SentimentSniper      |   Tweets processed: 0
2026-07-31 13:34:12 INFO     | SentimentSniper      |   Trades executed: 0
2026-07-31 13:34:12 INFO     | SentimentSniper      |   Active trades: 0
2026-07-31 13:34:12 INFO     | SentimentSniper      |   Total PnL: $0.000000
2026-07-31 13:34:12 INFO     | SentimentSniper      | ==================================================
2026-07-31 13:34:12 INFO     | SentimentSniper      | ⏰ Sleeping 30s...
2026-07-31 13:34:45 INFO     | SentimentSniper      | ==================================================
2026-07-31 13:34:45 INFO     | SentimentSniper      |   📊 SENTIMENT SNIPER STATS
2026-07-31 13:34:45 INFO     | SentimentSniper      |   Tweets processed: 0
2026-07-31 13:34:45 INFO     | SentimentSniper      |   Trades executed: 0
2026-07-31 13:34:45 INFO     | SentimentSniper      |   Active trades: 0
2026-07-31 13:34:45 INFO     | SentimentSniper      |   Total PnL: $0.000000
2026-07-31 13:34:45 INFO     | SentimentSniper      | ==================================================
2026-07-31 13:34:45 INFO     | SentimentSniper      | ⏰ Sleeping 30s...
2026-07-31 13:35:19 INFO     | SentimentSniper      | ==================================================
2026-07-31 13:35:19 INFO     | SentimentSniper      |   📊 SENTIMENT SNIPER STATS
2026-07-31 13:35:19 INFO     | SentimentSniper      |   Tweets processed: 0
2026-07-31 13:35:19 INFO     | SentimentSniper      |   Trades executed: 0
2026-07-31 13:35:19 INFO     | SentimentSniper      |   Active trades: 0
2026-07-31 13:35:19 INFO     | SentimentSniper      |   Total PnL: $0.000000
2026-07-31 13:35:19 INFO     | SentimentSniper      | ==================================================
2026-07-31 13:35:19 INFO     | SentimentSniper      | ⏰ Sleeping 30s...
2026-07-31 13:35:52 INFO     | SentimentSniper      | ==================================================
2026-07-31 13:35:52 INFO     | SentimentSniper      |   📊 SENTIMENT SNIPER STATS
2026-07-31 13:35:52 INFO     | SentimentSniper      |   Tweets processed: 0
2026-07-31 13:35:52 INFO     | SentimentSniper      |   Trades executed: 0
2026-07-31 13:35:52 INFO     | SentimentSniper      |   Active trades: 0
2026-07-31 13:35:52 INFO     | SentimentSniper      |   Total PnL: $0.000000
2026-07-31 13:35:52 INFO     | SentimentSniper      | ==================================================
2026-07-31 13:35:52 INFO     | SentimentSniper      | ⏰ Sleeping 30s...
2026-07-31 13:36:25 INFO     | SentimentSniper      | ==================================================
2026-07-31 13:36:25 INFO     | SentimentSniper      |   📊 SENTIMENT SNIPER STATS
2026-07-31 13:36:25 INFO     | SentimentSniper      |   Tweets processed: 0
2026-07-31 13:36:25 INFO     | SentimentSniper      |   Trades executed: 0
2026-07-31 13:36:25 INFO     | SentimentSniper      |   Active trades: 0
2026-07-31 13:36:25 INFO     | SentimentSniper      |   Total PnL: $0.000000
2026-07-31 13:36:25 INFO     | SentimentSniper      | ==================================================
2026-07-31 13:36:25 INFO     | SentimentSniper      | ⏰ Sleeping 30s...
2026-07-31 13:36:58 INFO     | SentimentSniper      | ==================================================
2026-07-31 13:36:58 INFO     | SentimentSniper      |   📊 SENTIMENT SNIPER STATS
2026-07-31 13:36:58 INFO     | SentimentSniper      |   Tweets processed: 0
2026-07-31 13:36:58 INFO     | SentimentSniper      |   Trades executed: 0
2026-07-31 13:36:58 INFO     | SentimentSniper      |   Active trades: 0
2026-07-31 13:36:58 INFO     | SentimentSniper      |   Total PnL: $0.000000
2026-07-31 13:36:58 INFO     | SentimentSniper      | ==================================================
2026-07-31 13:36:58 INFO     | SentimentSniper      | ⏰ Sleeping 30s...
2026-07-31 13:37:32 INFO     | SentimentSniper      | ==================================================
2026-07-31 13:37:32 INFO     | SentimentSniper      |   📊 SENTIMENT SNIPER STATS
2026-07-31 13:37:32 INFO     | SentimentSniper      |   Tweets processed: 0
2026-07-31 13:37:32 INFO     | SentimentSniper      |   Trades executed: 0
2026-07-31 13:37:32 INFO     | SentimentSniper      |   Active trades: 0
2026-07-31 13:37:32 INFO     | SentimentSniper      |   Total PnL: $0.000000
2026-07-31 13:37:32 INFO     | SentimentSniper      | ==================================================
2026-07-31 13:37:32 INFO     | SentimentSniper      | ⏰ Sleeping 30s...
2026-07-31 13:38:05 INFO     | SentimentSniper      | ==================================================
2026-07-31 13:38:05 INFO     | SentimentSniper      |   📊 SENTIMENT SNIPER STATS
2026-07-31 13:38:05 INFO     | SentimentSniper      |   Tweets processed: 0
2026-07-31 13:38:05 INFO     | SentimentSniper      |   Trades executed: 0
2026-07-31 13:38:05 INFO     | SentimentSniper      |   Active trades: 0
2026-07-31 13:38:05 INFO     | SentimentSniper      |   Total PnL: $0.000000
2026-07-31 13:38:05 INFO     | SentimentSniper      | ==================================================
2026-07-31 13:38:05 INFO     | SentimentSniper      | ⏰ Sleeping 30s...
2026-07-31 13:38:39 INFO     | SentimentSniper      | ==================================================
2026-07-31 13:38:39 INFO     | SentimentSniper      |   📊 SENTIMENT SNIPER STATS
2026-07-31 13:38:39 INFO     | SentimentSniper      |   Tweets processed: 0
2026-07-31 13:38:39 INFO     | SentimentSniper      |   Trades executed: 0
2026-07-31 13:38:39 INFO     | SentimentSniper      |   Active trades: 0
2026-07-31 13:38:39 INFO     | SentimentSniper      |   Total PnL: $0.000000
2026-07-31 13:38:39 INFO     | SentimentSniper      | ==================================================
2026-07-31 13:38:39 INFO     | SentimentSniper      | ⏰ Sleeping 30s...
2026-07-31 13:39:12 INFO     | SentimentSniper      | ==================================================
2026-07-31 13:39:12 INFO     | SentimentSniper      |   📊 SENTIMENT SNIPER STATS
2026-07-31 13:39:12 INFO     | SentimentSniper      |   Tweets processed: 0
2026-07-31 13:39:12 INFO     | SentimentSniper      |   Trades executed: 0
2026-07-31 13:39:12 INFO     | SentimentSniper      |   Active trades: 0
2026-07-31 13:39:12 INFO     | SentimentSniper      |   Total PnL: $0.000000
2026-07-31 13:39:12 INFO     | SentimentSniper      | ==================================================
2026-07-31 13:39:12 INFO     | SentimentSniper      | ⏰ Sleeping 30s...
2026-07-31 13:39:46 INFO     | SentimentSniper      | ==================================================
2026-07-31 13:39:46 INFO     | SentimentSniper      |   📊 SENTIMENT SNIPER STATS
2026-07-31 13:39:46 INFO     | SentimentSniper      |   Tweets processed: 0
2026-07-31 13:39:46 INFO     | SentimentSniper      |   Trades executed: 0
2026-07-31 13:39:46 INFO     | SentimentSniper      |   Active trades: 0
2026-07-31 13:39:46 INFO     | SentimentSniper      |   Total PnL: $0.000000
2026-07-31 13:39:46 INFO     | SentimentSniper      | ==================================================
2026-07-31 13:39:46 INFO     | SentimentSniper      | ⏰ Sleeping 30s...
2026-07-31 13:40:19 INFO     | SentimentSniper      | ==================================================
2026-07-31 13:40:19 INFO     | SentimentSniper      |   📊 SENTIMENT SNIPER STATS
2026-07-31 13:40:19 INFO     | SentimentSniper      |   Tweets processed: 0
2026-07-31 13:40:19 INFO     | SentimentSniper      |   Trades executed: 0
2026-07-31 13:40:19 INFO     | SentimentSniper      |   Active trades: 0
2026-07-31 13:40:19 INFO     | SentimentSniper      |   Total PnL: $0.000000
2026-07-31 13:40:19 INFO     | SentimentSniper      | ==================================================
2026-07-31 13:40:19 INFO     | SentimentSniper      | ⏰ Sleeping 30s...
2026-07-31 13:40:52 INFO     | SentimentSniper      | ==================================================
2026-07-31 13:40:52 INFO     | SentimentSniper      |   📊 SENTIMENT SNIPER STATS
2026-07-31 13:40:52 INFO     | SentimentSniper      |   Tweets processed: 0
2026-07-31 13:40:52 INFO     | SentimentSniper      |   Trades executed: 0
2026-07-31 13:40:52 INFO     | SentimentSniper      |   Active trades: 0
2026-07-31 13:40:52 INFO     | SentimentSniper      |   Total PnL: $0.000000
2026-07-31 13:40:52 INFO     | SentimentSniper      | ==================================================
2026-07-31 13:40:52 INFO     | SentimentSniper      | ⏰ Sleeping 30s...
2026-07-31 13:41:26 INFO     | SentimentSniper      | ==================================================
2026-07-31 13:41:26 INFO     | SentimentSniper      |   📊 SENTIMENT SNIPER STATS
2026-07-31 13:41:26 INFO     | SentimentSniper      |   Tweets processed: 0
2026-07-31 13:41:26 INFO     | SentimentSniper      |   Trades executed: 0
2026-07-31 13:41:26 INFO     | SentimentSniper      |   Active trades: 0
2026-07-31 13:41:26 INFO     | SentimentSniper      |   Total PnL: $0.000000
2026-07-31 13:41:26 INFO     | SentimentSniper      | ==================================================
2026-07-31 13:41:26 INFO     | SentimentSniper      | ⏰ Sleeping 30s...
2026-07-31 13:41:59 INFO     | SentimentSniper      | ==================================================
2026-07-31 13:41:59 INFO     | SentimentSniper      |   📊 SENTIMENT SNIPER STATS
2026-07-31 13:41:59 INFO     | SentimentSniper      |   Tweets processed: 0
2026-07-31 13:41:59 INFO     | SentimentSniper      |   Trades executed: 0
2026-07-31 13:41:59 INFO     | SentimentSniper      |   Active trades: 0
2026-07-31 13:41:59 INFO     | SentimentSniper      |   Total PnL: $0.000000
2026-07-31 13:41:59 INFO     | SentimentSniper      | ==================================================
2026-07-31 13:41:59 INFO     | SentimentSniper      | ⏰ Sleeping 30s...
2026-07-31 13:42:32 INFO     | SentimentSniper      | ==================================================
2026-07-31 13:42:32 INFO     | SentimentSniper      |   📊 SENTIMENT SNIPER STATS
2026-07-31 13:42:32 INFO     | SentimentSniper      |   Tweets processed: 0
2026-07-31 13:42:32 INFO     | SentimentSniper      |   Trades executed: 0
2026-07-31 13:42:32 INFO     | SentimentSniper      |   Active trades: 0
2026-07-31 13:42:32 INFO     | SentimentSniper      |   Total PnL: $0.000000
2026-07-31 13:42:32 INFO     | SentimentSniper      | ==================================================
2026-07-31 13:42:32 INFO     | SentimentSniper      | ⏰ Sleeping 30s...
2026-07-31 13:43:06 INFO     | SentimentSniper      | ==================================================
2026-07-31 13:43:06 INFO     | SentimentSniper      |   📊 SENTIMENT SNIPER STATS
2026-07-31 13:43:06 INFO     | SentimentSniper      |   Tweets processed: 0
2026-07-31 13:43:06 INFO     | SentimentSniper      |   Trades executed: 0
2026-07-31 13:43:06 INFO     | SentimentSniper      |   Active trades: 0
2026-07-31 13:43:06 INFO     | SentimentSniper      |   Total PnL: $0.000000
2026-07-31 13:43:06 INFO     | SentimentSniper      | ==================================================
2026-07-31 13:43:06 INFO     | SentimentSniper      | ⏰ Sleeping 30s...
2026-07-31 13:43:39 INFO     | SentimentSniper      | ==================================================
2026-07-31 13:43:39 INFO     | SentimentSniper      |   📊 SENTIMENT SNIPER STATS
2026-07-31 13:43:39 INFO     | SentimentSniper      |   Tweets processed: 0
2026-07-31 13:43:39 INFO     | SentimentSniper      |   Trades executed: 0
2026-07-31 13:43:39 INFO     | SentimentSniper      |   Active trades: 0
2026-07-31 13:43:39 INFO     | SentimentSniper      |   Total PnL: $0.000000
2026-07-31 13:43:39 INFO     | SentimentSniper      | ==================================================
2026-07-31 13:43:39 INFO     | SentimentSniper      | ⏰ Sleeping 30s...
2026-07-31 13:44:13 INFO     | SentimentSniper      | ==================================================
2026-07-31 13:44:13 INFO     | SentimentSniper      |   📊 SENTIMENT SNIPER STATS
2026-07-31 13:44:13 INFO     | SentimentSniper      |   Tweets processed: 0
2026-07-31 13:44:13 INFO     | SentimentSniper      |   Trades executed: 0
2026-07-31 13:44:13 INFO     | SentimentSniper      |   Active trades: 0
2026-07-31 13:44:13 INFO     | SentimentSniper      |   Total PnL: $0.000000
2026-07-31 13:44:13 INFO     | SentimentSniper      | ==================================================
2026-07-31 13:44:13 INFO     | SentimentSniper      | ⏰ Sleeping 30s...
2026-07-31 13:44:46 INFO     | SentimentSniper      | ==================================================
2026-07-31 13:44:46 INFO     | SentimentSniper      |   📊 SENTIMENT SNIPER STATS
2026-07-31 13:44:46 INFO     | SentimentSniper      |   Tweets processed: 0
2026-07-31 13:44:46 INFO     | SentimentSniper      |   Trades executed: 0
2026-07-31 13:44:46 INFO     | SentimentSniper      |   Active trades: 0
2026-07-31 13:44:46 INFO     | SentimentSniper      |   Total PnL: $0.000000
2026-07-31 13:44:46 INFO     | SentimentSniper      | ==================================================
2026-07-31 13:44:46 INFO     | SentimentSniper      | ⏰ Sleeping 30s...
2026-07-31 13:45:19 INFO     | SentimentSniper      | ==================================================
2026-07-31 13:45:19 INFO     | SentimentSniper      |   📊 SENTIMENT SNIPER STATS
2026-07-31 13:45:19 INFO     | SentimentSniper      |   Tweets processed: 0
2026-07-31 13:45:19 INFO     | SentimentSniper      |   Trades executed: 0
2026-07-31 13:45:19 INFO     | SentimentSniper      |   Active trades: 0
2026-07-31 13:45:19 INFO     | SentimentSniper      |   Total PnL: $0.000000
2026-07-31 13:45:19 INFO     | SentimentSniper      | ==================================================
2026-07-31 13:45:19 INFO     | SentimentSniper      | ⏰ Sleeping 30s...
2026-07-31 13:45:53 INFO     | SentimentSniper      | ==================================================
2026-07-31 13:45:53 INFO     | SentimentSniper      |   📊 SENTIMENT SNIPER STATS
2026-07-31 13:45:53 INFO     | SentimentSniper      |   Tweets processed: 0
2026-07-31 13:45:53 INFO     | SentimentSniper      |   Trades executed: 0
2026-07-31 13:45:53 INFO     | SentimentSniper      |   Active trades: 0
2026-07-31 13:45:53 INFO     | SentimentSniper      |   Total PnL: $0.000000
2026-07-31 13:45:53 INFO     | SentimentSniper      | ==================================================
2026-07-31 13:45:53 INFO     | SentimentSniper      | ⏰ Sleeping 30s...
2026-07-31 13:46:26 INFO     | SentimentSniper      | ==================================================
2026-07-31 13:46:26 INFO     | SentimentSniper      |   📊 SENTIMENT SNIPER STATS
2026-07-31 13:46:26 INFO     | SentimentSniper      |   Tweets processed: 0
2026-07-31 13:46:26 INFO     | SentimentSniper      |   Trades executed: 0
2026-07-31 13:46:26 INFO     | SentimentSniper      |   Active trades: 0
2026-07-31 13:46:26 INFO     | SentimentSniper      |   Total PnL: $0.000000
2026-07-31 13:46:26 INFO     | SentimentSniper      | ==================================================
2026-07-31 13:46:26 INFO     | SentimentSniper      | ⏰ Sleeping 30s...
2026-07-31 13:46:59 INFO     | SentimentSniper      | ==================================================
2026-07-31 13:46:59 INFO     | SentimentSniper      |   📊 SENTIMENT SNIPER STATS
2026-07-31 13:46:59 INFO     | SentimentSniper      |   Tweets processed: 0
2026-07-31 13:46:59 INFO     | SentimentSniper      |   Trades executed: 0
2026-07-31 13:46:59 INFO     | SentimentSniper      |   Active trades: 0
2026-07-31 13:46:59 INFO     | SentimentSniper      |   Total PnL: $0.000000
2026-07-31 13:46:59 INFO     | SentimentSniper      | ==================================================
2026-07-31 13:46:59 INFO     | SentimentSniper      | ⏰ Sleeping 30s...
2026-07-31 13:47:32 INFO     | SentimentSniper      | ==================================================
2026-07-31 13:47:32 INFO     | SentimentSniper      |   📊 SENTIMENT SNIPER STATS
2026-07-31 13:47:32 INFO     | SentimentSniper      |   Tweets processed: 0
2026-07-31 13:47:32 INFO     | SentimentSniper      |   Trades executed: 0
2026-07-31 13:47:32 INFO     | SentimentSniper      |   Active trades: 0
2026-07-31 13:47:32 INFO     | SentimentSniper      |   Total PnL: $0.000000
2026-07-31 13:47:32 INFO     | SentimentSniper      | ==================================================
2026-07-31 13:47:32 INFO     | SentimentSniper      | ⏰ Sleeping 30s...
2026-07-31 13:48:06 INFO     | SentimentSniper      | ==================================================
2026-07-31 13:48:06 INFO     | SentimentSniper      |   📊 SENTIMENT SNIPER STATS
2026-07-31 13:48:06 INFO     | SentimentSniper      |   Tweets processed: 0
2026-07-31 13:48:06 INFO     | SentimentSniper      |   Trades executed: 0
2026-07-31 13:48:06 INFO     | SentimentSniper      |   Active trades: 0
2026-07-31 13:48:06 INFO     | SentimentSniper      |   Total PnL: $0.000000
2026-07-31 13:48:06 INFO     | SentimentSniper      | ==================================================
2026-07-31 13:48:06 INFO     | SentimentSniper      | ⏰ Sleeping 30s...
2026-07-31 13:48:39 INFO     | SentimentSniper      | ==================================================
2026-07-31 13:48:39 INFO     | SentimentSniper      |   📊 SENTIMENT SNIPER STATS
2026-07-31 13:48:39 INFO     | SentimentSniper      |   Tweets processed: 0
2026-07-31 13:48:39 INFO     | SentimentSniper      |   Trades executed: 0
2026-07-31 13:48:39 INFO     | SentimentSniper      |   Active trades: 0
2026-07-31 13:48:39 INFO     | SentimentSniper      |   Total PnL: $0.000000
2026-07-31 13:48:39 INFO     | SentimentSniper      | ==================================================
2026-07-31 13:48:39 INFO     | SentimentSniper      | ⏰ Sleeping 30s...
2026-07-31 13:49:12 INFO     | SentimentSniper      | ==================================================
2026-07-31 13:49:12 INFO     | SentimentSniper      |   📊 SENTIMENT SNIPER STATS
2026-07-31 13:49:12 INFO     | SentimentSniper      |   Tweets processed: 0
2026-07-31 13:49:12 INFO     | SentimentSniper      |   Trades executed: 0
2026-07-31 13:49:12 INFO     | SentimentSniper      |   Active trades: 0
2026-07-31 13:49:12 INFO     | SentimentSniper      |   Total PnL: $0.000000
2026-07-31 13:49:12 INFO     | SentimentSniper      | ==================================================
2026-07-31 13:49:12 INFO     | SentimentSniper      | ⏰ Sleeping 30s...
2026-07-31 13:49:46 INFO     | SentimentSniper      | ==================================================
2026-07-31 13:49:46 INFO     | SentimentSniper      |   📊 SENTIMENT SNIPER STATS
2026-07-31 13:49:46 INFO     | SentimentSniper      |   Tweets processed: 0
2026-07-31 13:49:46 INFO     | SentimentSniper      |   Trades executed: 0
2026-07-31 13:49:46 INFO     | SentimentSniper      |   Active trades: 0
2026-07-31 13:49:46 INFO     | SentimentSniper      |   Total PnL: $0.000000
2026-07-31 13:49:46 INFO     | SentimentSniper      | ==================================================
2026-07-31 13:49:46 INFO     | SentimentSniper      | ⏰ Sleeping 30s...
2026-07-31 13:50:19 INFO     | SentimentSniper      | ==================================================
2026-07-31 13:50:19 INFO     | SentimentSniper      |   📊 SENTIMENT SNIPER STATS
2026-07-31 13:50:19 INFO     | SentimentSniper      |   Tweets processed: 0
2026-07-31 13:50:19 INFO     | SentimentSniper      |   Trades executed: 0
2026-07-31 13:50:19 INFO     | SentimentSniper      |   Active trades: 0
2026-07-31 13:50:19 INFO     | SentimentSniper      |   Total PnL: $0.000000
2026-07-31 13:50:19 INFO     | SentimentSniper      | ==================================================
2026-07-31 13:50:19 INFO     | SentimentSniper      | ⏰ Sleeping 30s...
2026-07-31 13:50:52 INFO     | SentimentSniper      | ==================================================
2026-07-31 13:50:52 INFO     | SentimentSniper      |   📊 SENTIMENT SNIPER STATS
2026-07-31 13:50:52 INFO     | SentimentSniper      |   Tweets processed: 0
2026-07-31 13:50:52 INFO     | SentimentSniper      |   Trades executed: 0
2026-07-31 13:50:52 INFO     | SentimentSniper      |   Active trades: 0
2026-07-31 13:50:52 INFO     | SentimentSniper      |   Total PnL: $0.000000
2026-07-31 13:50:52 INFO     | SentimentSniper      | ==================================================
2026-07-31 13:50:52 INFO     | SentimentSniper      | ⏰ Sleeping 30s...
2026-07-31 13:51:26 INFO     | SentimentSniper      | ==================================================
2026-07-31 13:51:26 INFO     | SentimentSniper      |   📊 SENTIMENT SNIPER STATS
2026-07-31 13:51:26 INFO     | SentimentSniper      |   Tweets processed: 0
2026-07-31 13:51:26 INFO     | SentimentSniper      |   Trades executed: 0
2026-07-31 13:51:26 INFO     | SentimentSniper      |   Active trades: 0
2026-07-31 13:51:26 INFO     | SentimentSniper      |   Total PnL: $0.000000
2026-07-31 13:51:26 INFO     | SentimentSniper      | ==================================================
2026-07-31 13:51:26 INFO     | SentimentSniper      | ⏰ Sleeping 30s...
2026-07-31 13:51:59 INFO     | SentimentSniper      | ==================================================
2026-07-31 13:51:59 INFO     | SentimentSniper      |   📊 SENTIMENT SNIPER STATS
2026-07-31 13:51:59 INFO     | SentimentSniper      |   Tweets processed: 0
2026-07-31 13:51:59 INFO     | SentimentSniper      |   Trades executed: 0
2026-07-31 13:51:59 INFO     | SentimentSniper      |   Active trades: 0
2026-07-31 13:51:59 INFO     | SentimentSniper      |   Total PnL: $0.000000
2026-07-31 13:51:59 INFO     | SentimentSniper      | ==================================================
2026-07-31 13:51:59 INFO     | SentimentSniper      | ⏰ Sleeping 30s...
2026-07-31 13:52:32 INFO     | SentimentSniper      | ==================================================
2026-07-31 13:52:32 INFO     | SentimentSniper      |   📊 SENTIMENT SNIPER STATS
2026-07-31 13:52:32 INFO     | SentimentSniper      |   Tweets processed: 0
2026-07-31 13:52:32 INFO     | SentimentSniper      |   Trades executed: 0
2026-07-31 13:52:32 INFO     | SentimentSniper      |   Active trades: 0
2026-07-31 13:52:32 INFO     | SentimentSniper      |   Total PnL: $0.000000
2026-07-31 13:52:32 INFO     | SentimentSniper      | ==================================================
2026-07-31 13:52:32 INFO     | SentimentSniper      | ⏰ Sleeping 30s...
2026-07-31 13:53:06 INFO     | SentimentSniper      | ==================================================
2026-07-31 13:53:06 INFO     | SentimentSniper      |   📊 SENTIMENT SNIPER STATS
2026-07-31 13:53:06 INFO     | SentimentSniper      |   Tweets processed: 0
2026-07-31 13:53:06 INFO     | SentimentSniper      |   Trades executed: 0
2026-07-31 13:53:06 INFO     | SentimentSniper      |   Active trades: 0
2026-07-31 13:53:06 INFO     | SentimentSniper      |   Total PnL: $0.000000
2026-07-31 13:53:06 INFO     | SentimentSniper      | ==================================================
2026-07-31 13:53:06 INFO     | SentimentSniper      | ⏰ Sleeping 30s...
2026-07-31 13:53:39 INFO     | SentimentSniper      | ==================================================
2026-07-31 13:53:39 INFO     | SentimentSniper      |   📊 SENTIMENT SNIPER STATS
2026-07-31 13:53:39 INFO     | SentimentSniper      |   Tweets processed: 0
2026-07-31 13:53:39 INFO     | SentimentSniper      |   Trades executed: 0
2026-07-31 13:53:39 INFO     | SentimentSniper      |   Active trades: 0
2026-07-31 13:53:39 INFO     | SentimentSniper      |   Total PnL: $0.000000
2026-07-31 13:53:39 INFO     | SentimentSniper      | ==================================================
2026-07-31 13:53:39 INFO     | SentimentSniper      | ⏰ Sleeping 30s...
2026-07-31 13:54:12 INFO     | SentimentSniper      | ==================================================
2026-07-31 13:54:12 INFO     | SentimentSniper      |   📊 SENTIMENT SNIPER STATS
2026-07-31 13:54:12 INFO     | SentimentSniper      |   Tweets processed: 0
2026-07-31 13:54:12 INFO     | SentimentSniper      |   Trades executed: 0
2026-07-31 13:54:12 INFO     | SentimentSniper      |   Active trades: 0
2026-07-31 13:54:12 INFO     | SentimentSniper      |   Total PnL: $0.000000
2026-07-31 13:54:12 INFO     | SentimentSniper      | ==================================================
2026-07-31 13:54:12 INFO     | SentimentSniper      | ⏰ Sleeping 30s...
2026-07-31 13:54:46 INFO     | SentimentSniper      | ==================================================
2026-07-31 13:54:46 INFO     | SentimentSniper      |   📊 SENTIMENT SNIPER STATS
2026-07-31 13:54:46 INFO     | SentimentSniper      |   Tweets processed: 0
2026-07-31 13:54:46 INFO     | SentimentSniper      |   Trades executed: 0
2026-07-31 13:54:46 INFO     | SentimentSniper      |   Active trades: 0
2026-07-31 13:54:46 INFO     | SentimentSniper      |   Total PnL: $0.000000
2026-07-31 13:54:46 INFO     | SentimentSniper      | ==================================================
2026-07-31 13:54:46 INFO     | SentimentSniper      | ⏰ Sleeping 30s...
2026-07-31 13:55:19 INFO     | SentimentSniper      | ==================================================
2026-07-31 13:55:19 INFO     | SentimentSniper      |   📊 SENTIMENT SNIPER STATS
2026-07-31 13:55:19 INFO     | SentimentSniper      |   Tweets processed: 0
2026-07-31 13:55:19 INFO     | SentimentSniper      |   Trades executed: 0
2026-07-31 13:55:19 INFO     | SentimentSniper      |   Active trades: 0
2026-07-31 13:55:19 INFO     | SentimentSniper      |   Total PnL: $0.000000
2026-07-31 13:55:19 INFO     | SentimentSniper      | ==================================================
2026-07-31 13:55:19 INFO     | SentimentSniper      | ⏰ Sleeping 30s...
2026-07-31 13:55:53 INFO     | SentimentSniper      | ==================================================
2026-07-31 13:55:53 INFO     | SentimentSniper      |   📊 SENTIMENT SNIPER STATS
2026-07-31 13:55:53 INFO     | SentimentSniper      |   Tweets processed: 0
2026-07-31 13:55:53 INFO     | SentimentSniper      |   Trades executed: 0
2026-07-31 13:55:53 INFO     | SentimentSniper      |   Active trades: 0
2026-07-31 13:55:53 INFO     | SentimentSniper      |   Total PnL: $0.000000
2026-07-31 13:55:53 INFO     | SentimentSniper      | ==================================================
2026-07-31 13:55:53 INFO     | SentimentSniper      | ⏰ Sleeping 30s...
2026-07-31 13:56:26 INFO     | SentimentSniper      | ==================================================
2026-07-31 13:56:26 INFO     | SentimentSniper      |   📊 SENTIMENT SNIPER STATS
2026-07-31 13:56:26 INFO     | SentimentSniper      |   Tweets processed: 0
2026-07-31 13:56:26 INFO     | SentimentSniper      |   Trades executed: 0
2026-07-31 13:56:26 INFO     | SentimentSniper      |   Active trades: 0
2026-07-31 13:56:26 INFO     | SentimentSniper      |   Total PnL: $0.000000
2026-07-31 13:56:26 INFO     | SentimentSniper      | ==================================================
2026-07-31 13:56:26 INFO     | SentimentSniper      | ⏰ Sleeping 30s...
2026-07-31 13:57:00 INFO     | SentimentSniper      | ==================================================
2026-07-31 13:57:00 INFO     | SentimentSniper      |   📊 SENTIMENT SNIPER STATS
2026-07-31 13:57:00 INFO     | SentimentSniper      |   Tweets processed: 0
2026-07-31 13:57:00 INFO     | SentimentSniper      |   Trades executed: 0
2026-07-31 13:57:00 INFO     | SentimentSniper      |   Active trades: 0
2026-07-31 13:57:00 INFO     | SentimentSniper      |   Total PnL: $0.000000
2026-07-31 13:57:00 INFO     | SentimentSniper      | ==================================================
2026-07-31 13:57:00 INFO     | SentimentSniper      | ⏰ Sleeping 30s...
2026-07-31 13:57:40 INFO     | SentimentSniper      | ==================================================
2026-07-31 13:57:40 INFO     | SentimentSniper      |   📊 SENTIMENT SNIPER STATS
2026-07-31 13:57:40 INFO     | SentimentSniper      |   Tweets processed: 0
2026-07-31 13:57:40 INFO     | SentimentSniper      |   Trades executed: 0
2026-07-31 13:57:40 INFO     | SentimentSniper      |   Active trades: 0
2026-07-31 13:57:40 INFO     | SentimentSniper      |   Total PnL: $0.000000
2026-07-31 13:57:40 INFO     | SentimentSniper      | ==================================================
2026-07-31 13:57:40 INFO     | SentimentSniper      | ⏰ Sleeping 30s...
2026-07-31 13:58:13 INFO     | SentimentSniper      | ==================================================
2026-07-31 13:58:13 INFO     | SentimentSniper      |   📊 SENTIMENT SNIPER STATS
2026-07-31 13:58:13 INFO     | SentimentSniper      |   Tweets processed: 0
2026-07-31 13:58:13 INFO     | SentimentSniper      |   Trades executed: 0
2026-07-31 13:58:13 INFO     | SentimentSniper      |   Active trades: 0
2026-07-31 13:58:13 INFO     | SentimentSniper      |   Total PnL: $0.000000
2026-07-31 13:58:13 INFO     | SentimentSniper      | ==================================================
2026-07-31 13:58:13 INFO     | SentimentSniper      | ⏰ Sleeping 30s...
2026-07-31 13:58:46 INFO     | SentimentSniper      | ==================================================
2026-07-31 13:58:46 INFO     | SentimentSniper      |   📊 SENTIMENT SNIPER STATS
2026-07-31 13:58:46 INFO     | SentimentSniper      |   Tweets processed: 0
2026-07-31 13:58:46 INFO     | SentimentSniper      |   Trades executed: 0
2026-07-31 13:58:46 INFO     | SentimentSniper      |   Active trades: 0
2026-07-31 13:58:46 INFO     | SentimentSniper      |   Total PnL: $0.000000
2026-07-31 13:58:46 INFO     | SentimentSniper      | ==================================================
2026-07-31 13:58:46 INFO     | SentimentSniper      | ⏰ Sleeping 30s...
2026-07-31 13:59:20 INFO     | SentimentSniper      | ==================================================
2026-07-31 13:59:20 INFO     | SentimentSniper      |   📊 SENTIMENT SNIPER STATS
2026-07-31 13:59:20 INFO     | SentimentSniper      |   Tweets processed: 0
2026-07-31 13:59:20 INFO     | SentimentSniper      |   Trades executed: 0
2026-07-31 13:59:20 INFO     | SentimentSniper      |   Active trades: 0
2026-07-31 13:59:20 INFO     | SentimentSniper      |   Total PnL: $0.000000
2026-07-31 13:59:20 INFO     | SentimentSniper      | ==================================================
2026-07-31 13:59:20 INFO     | SentimentSniper      | ⏰ Sleeping 30s...
2026-07-31 13:59:54 INFO     | SentimentSniper      | ==================================================
2026-07-31 13:59:54 INFO     | SentimentSniper      |   📊 SENTIMENT SNIPER STATS
2026-07-31 13:59:54 INFO     | SentimentSniper      |   Tweets processed: 0
2026-07-31 13:59:54 INFO     | SentimentSniper      |   Trades executed: 0
2026-07-31 13:59:54 INFO     | SentimentSniper      |   Active trades: 0
2026-07-31 13:59:54 INFO     | SentimentSniper      |   Total PnL: $0.000000
2026-07-31 13:59:54 INFO     | SentimentSniper      | ==================================================
2026-07-31 13:59:54 INFO     | SentimentSniper      | ⏰ Sleeping 30s...
2026-07-31 14:00:28 INFO     | SentimentSniper      | ==================================================
2026-07-31 14:00:28 INFO     | SentimentSniper      |   📊 SENTIMENT SNIPER STATS
2026-07-31 14:00:28 INFO     | SentimentSniper      |   Tweets processed: 0
2026-07-31 14:00:28 INFO     | SentimentSniper      |   Trades executed: 0
2026-07-31 14:00:28 INFO     | SentimentSniper      |   Active trades: 0
2026-07-31 14:00:28 INFO     | SentimentSniper      |   Total PnL: $0.000000
2026-07-31 14:00:28 INFO     | SentimentSniper      | ==================================================
2026-07-31 14:00:28 INFO     | SentimentSniper      | ⏰ Sleeping 30s...
2026-07-31 14:01:01 INFO     | SentimentSniper      | ==================================================
2026-07-31 14:01:01 INFO     | SentimentSniper      |   📊 SENTIMENT SNIPER STATS
2026-07-31 14:01:01 INFO     | SentimentSniper      |   Tweets processed: 0
2026-07-31 14:01:01 INFO     | SentimentSniper      |   Trades executed: 0
2026-07-31 14:01:01 INFO     | SentimentSniper      |   Active trades: 0
2026-07-31 14:01:01 INFO     | SentimentSniper      |   Total PnL: $0.000000
2026-07-31 14:01:01 INFO     | SentimentSniper      | ==================================================
2026-07-31 14:01:01 INFO     | SentimentSniper      | ⏰ Sleeping 30s...
2026-07-31 14:01:35 INFO     | SentimentSniper      | ==================================================
2026-07-31 14:01:35 INFO     | SentimentSniper      |   📊 SENTIMENT SNIPER STATS
2026-07-31 14:01:35 INFO     | SentimentSniper      |   Tweets processed: 0
2026-07-31 14:01:35 INFO     | SentimentSniper      |   Trades executed: 0
2026-07-31 14:01:35 INFO     | SentimentSniper      |   Active trades: 0
2026-07-31 14:01:35 INFO     | SentimentSniper      |   Total PnL: $0.000000
2026-07-31 14:01:35 INFO     | SentimentSniper      | ==================================================
2026-07-31 14:01:35 INFO     | SentimentSniper      | ⏰ Sleeping 30s...
2026-07-31 14:02:08 INFO     | SentimentSniper      | ==================================================
2026-07-31 14:02:08 INFO     | SentimentSniper      |   📊 SENTIMENT SNIPER STATS
2026-07-31 14:02:08 INFO     | SentimentSniper      |   Tweets processed: 0
2026-07-31 14:02:08 INFO     | SentimentSniper      |   Trades executed: 0
2026-07-31 14:02:08 INFO     | SentimentSniper      |   Active trades: 0
2026-07-31 14:02:08 INFO     | SentimentSniper      |   Total PnL: $0.000000
2026-07-31 14:02:08 INFO     | SentimentSniper      | ==================================================
2026-07-31 14:02:08 INFO     | SentimentSniper      | ⏰ Sleeping 30s...
2026-07-31 14:02:42 INFO     | SentimentSniper      | ==================================================
2026-07-31 14:02:42 INFO     | SentimentSniper      |   📊 SENTIMENT SNIPER STATS
2026-07-31 14:02:42 INFO     | SentimentSniper      |   Tweets processed: 0
2026-07-31 14:02:42 INFO     | SentimentSniper      |   Trades executed: 0
2026-07-31 14:02:42 INFO     | SentimentSniper      |   Active trades: 0
2026-07-31 14:02:42 INFO     | SentimentSniper      |   Total PnL: $0.000000
2026-07-31 14:02:42 INFO     | SentimentSniper      | ==================================================
2026-07-31 14:02:42 INFO     | SentimentSniper      | ⏰ Sleeping 30s...
2026-07-31 14:03:16 INFO     | SentimentSniper      | ==================================================
2026-07-31 14:03:16 INFO     | SentimentSniper      |   📊 SENTIMENT SNIPER STATS
2026-07-31 14:03:16 INFO     | SentimentSniper      |   Tweets processed: 0
2026-07-31 14:03:16 INFO     | SentimentSniper      |   Trades executed: 0
2026-07-31 14:03:16 INFO     | SentimentSniper      |   Active trades: 0
2026-07-31 14:03:16 INFO     | SentimentSniper      |   Total PnL: $0.000000
2026-07-31 14:03:16 INFO     | SentimentSniper      | ==================================================
2026-07-31 14:03:16 INFO     | SentimentSniper      | ⏰ Sleeping 30s...
2026-07-31 14:03:49 INFO     | SentimentSniper      | ==================================================
2026-07-31 14:03:49 INFO     | SentimentSniper      |   📊 SENTIMENT SNIPER STATS
2026-07-31 14:03:49 INFO     | SentimentSniper      |   Tweets processed: 0
2026-07-31 14:03:49 INFO     | SentimentSniper      |   Trades executed: 0
2026-07-31 14:03:49 INFO     | SentimentSniper      |   Active trades: 0
2026-07-31 14:03:49 INFO     | SentimentSniper      |   Total PnL: $0.000000
2026-07-31 14:03:49 INFO     | SentimentSniper      | ==================================================
2026-07-31 14:03:49 INFO     | SentimentSniper      | ⏰ Sleeping 30s...
2026-07-31 14:04:23 INFO     | SentimentSniper      | ==================================================
2026-07-31 14:04:23 INFO     | SentimentSniper      |   📊 SENTIMENT SNIPER STATS
2026-07-31 14:04:23 INFO     | SentimentSniper      |   Tweets processed: 0
2026-07-31 14:04:23 INFO     | SentimentSniper      |   Trades executed: 0
2026-07-31 14:04:23 INFO     | SentimentSniper      |   Active trades: 0
2026-07-31 14:04:23 INFO     | SentimentSniper      |   Total PnL: $0.000000
2026-07-31 14:04:23 INFO     | SentimentSniper      | ==================================================
2026-07-31 14:04:23 INFO     | SentimentSniper      | ⏰ Sleeping 30s...
2026-07-31 14:04:56 INFO     | SentimentSniper      | ==================================================
2026-07-31 14:04:56 INFO     | SentimentSniper      |   📊 SENTIMENT SNIPER STATS
2026-07-31 14:04:56 INFO     | SentimentSniper      |   Tweets processed: 0
2026-07-31 14:04:56 INFO     | SentimentSniper      |   Trades executed: 0
2026-07-31 14:04:56 INFO     | SentimentSniper      |   Active trades: 0
2026-07-31 14:04:56 INFO     | SentimentSniper      |   Total PnL: $0.000000
2026-07-31 14:04:56 INFO     | SentimentSniper      | ==================================================
2026-07-31 14:04:56 INFO     | SentimentSniper      | ⏰ Sleeping 30s...
2026-07-31 14:05:30 INFO     | SentimentSniper      | ==================================================
2026-07-31 14:05:30 INFO     | SentimentSniper      |   📊 SENTIMENT SNIPER STATS
2026-07-31 14:05:30 INFO     | SentimentSniper      |   Tweets processed: 0
2026-07-31 14:05:30 INFO     | SentimentSniper      |   Trades executed: 0
2026-07-31 14:05:30 INFO     | SentimentSniper      |   Active trades: 0
2026-07-31 14:05:30 INFO     | SentimentSniper      |   Total PnL: $0.000000
2026-07-31 14:05:30 INFO     | SentimentSniper      | ==================================================
2026-07-31 14:05:30 INFO     | SentimentSniper      | ⏰ Sleeping 30s...
2026-07-31 14:06:03 INFO     | SentimentSniper      | ==================================================
2026-07-31 14:06:03 INFO     | SentimentSniper      |   📊 SENTIMENT SNIPER STATS
2026-07-31 14:06:03 INFO     | SentimentSniper      |   Tweets processed: 0
2026-07-31 14:06:03 INFO     | SentimentSniper      |   Trades executed: 0
2026-07-31 14:06:03 INFO     | SentimentSniper      |   Active trades: 0
2026-07-31 14:06:03 INFO     | SentimentSniper      |   Total PnL: $0.000000
2026-07-31 14:06:03 INFO     | SentimentSniper      | ==================================================
2026-07-31 14:06:03 INFO     | SentimentSniper      | ⏰ Sleeping 30s...
