timestamp,bot_name,action,symbol,price,quantity,amount_usdt,pnl,pnl_percent,reasoning
2026-07-30T21:46:11.698188,TestBot,BUY,BTC/USDT,65000.000000,0.001000,65.00,0.00,0.00,Test buy
2026-07-30T21:46:11.699189,TestBot,SELL,BTC/USDT,66000.000000,0.001000,66.00,1.00,1.54,Test sell
2026-07-30T22:08:21.612141,ArbitrageScanner,SIGNAL,GRT/USDT,0.014790,0.000000,0.00,0.00,0.00,Buy binance Sell okx Spread 0.406%
2026-07-30T22:08:21.613142,ArbitrageScanner,SIGNAL,PEPE/USDT,0.000003,0.000000,0.00,0.00,0.00,Buy binance Sell okx Spread 0.399%
2026-07-30T22:08:21.614144,ArbitrageScanner,SIGNAL,SNX/USDT,0.208000,0.000000,0.00,0.00,0.00,Buy binance Sell bybit Spread 0.385%
2026-07-30T22:09:40.260090,ArbitrageScanner,SIGNAL,GRT/USDT,0.014790,0.000000,0.00,0.00,0.00,Buy binance Sell okx Spread 0.406%
2026-07-30T22:09:40.262092,ArbitrageScanner,SIGNAL,SNX/USDT,0.208000,0.000000,0.00,0.00,0.00,Buy binance Sell bybit Spread 0.337%
2026-07-30T22:09:40.263091,ArbitrageScanner,SIGNAL,ENJ/USDT,0.024840,0.000000,0.00,0.00,0.00,Buy binance Sell bybit Spread 0.282%
2026-07-30T22:11:00.356160,ArbitrageScanner,SIGNAL,ENJ/USDT,0.024840,0.000000,0.00,0.00,0.00,Buy binance Sell bybit Spread 0.282%
2026-07-30T22:11:00.358162,ArbitrageScanner,SIGNAL,BAT/USDT,0.066150,0.000000,0.00,0.00,0.00,Buy bybit Sell okx Spread 0.257%
2026-07-30T22:11:00.359062,ArbitrageScanner,SIGNAL,SNX/USDT,0.208000,0.000000,0.00,0.00,0.00,Buy binance Sell bybit Spread 0.240%
2026-07-30T22:12:21.438059,ArbitrageScanner,SIGNAL,SNX/USDT,0.207000,0.000000,0.00,0.00,0.00,Buy binance Sell bybit Spread 0.483%
2026-07-30T22:12:21.439059,ArbitrageScanner,SIGNAL,PEPE/USDT,0.000003,0.000000,0.00,0.00,0.00,Buy binance Sell bybit Spread 0.290%
2026-07-30T22:12:21.441063,ArbitrageScanner,SIGNAL,BAT/USDT,0.066340,0.000000,0.00,0.00,0.00,Buy bybit Sell okx Spread 0.286%
2026-07-30T22:13:37.668200,ArbitrageScanner,SIGNAL,SNX/USDT,0.207000,0.000000,0.00,0.00,0.00,Buy binance Sell bybit Spread 0.435%
2026-07-30T22:13:37.669202,ArbitrageScanner,SIGNAL,BAT/USDT,0.066340,0.000000,0.00,0.00,0.00,Buy bybit Sell okx Spread 0.286%
2026-07-30T22:13:37.670202,ArbitrageScanner,SIGNAL,ZRX/USDT,0.078700,0.000000,0.00,0.00,0.00,Buy binance Sell okx Spread 0.254%
2026-07-30T22:14:55.634851,ArbitrageScanner,SIGNAL,GRT/USDT,0.014790,0.000000,0.00,0.00,0.00,Buy binance Sell okx Spread 0.270%
2026-07-30T22:14:55.636854,ArbitrageScanner,SIGNAL,ZRX/USDT,0.078700,0.000000,0.00,0.00,0.00,Buy binance Sell okx Spread 0.254%
2026-07-30T22:14:55.637853,ArbitrageScanner,SIGNAL,BAT/USDT,0.066340,0.000000,0.00,0.00,0.00,Buy bybit Sell binance Spread 0.241%
2026-07-30T22:15:35.756569,DexSniper,BUY,FNRK,0.000000,0.000000,0.05,0.00,0.00,Sniped FENRIK (FNRK)
2026-07-30T22:15:38.834177,DexSniper,BUY,FNRK,0.000000,0.000000,0.05,0.00,0.00,Sniped FENRIK
2026-07-30T22:16:04.391605,DCA_Bot,BUY,BTC/USDT,64812.560000,0.000771,50.00,0.00,0.00,DCA buy
2026-07-30T22:16:15.392517,ArbitrageScanner,SIGNAL,ZRX/USDT,0.078620,0.000000,0.00,0.00,0.00,Buy bybit Sell okx Spread 0.356%
2026-07-30T22:16:15.394517,ArbitrageScanner,SIGNAL,GRT/USDT,0.014790,0.000000,0.00,0.00,0.00,Buy binance Sell okx Spread 0.270%
2026-07-30T22:16:15.395519,ArbitrageScanner,SIGNAL,ENJ/USDT,0.024800,0.000000,0.00,0.00,0.00,Buy bybit Sell okx Spread 0.242%
2026-07-30T22:17:32.324533,ArbitrageScanner,SIGNAL,PEPE/USDT,0.000003,0.000000,0.00,0.00,0.00,Buy binance Sell bybit Spread 0.326%
2026-07-30T22:17:32.325534,ArbitrageScanner,SIGNAL,ZRX/USDT,0.078700,0.000000,0.00,0.00,0.00,Buy binance Sell okx Spread 0.254%
2026-07-30T22:17:32.326535,ArbitrageScanner,SIGNAL,ENJ/USDT,0.024800,0.000000,0.00,0.00,0.00,Buy bybit Sell okx Spread 0.242%
2026-07-30T22:18:42.736711,DexSniper,BUY,BANG,0.000000,0.000000,0.05,0.00,0.00,Sniped BANG (BANG)
2026-07-30T22:18:50.039645,ArbitrageScanner,SIGNAL,ZRX/USDT,0.078700,0.000000,0.00,0.00,0.00,Buy binance Sell okx Spread 0.254%
2026-07-30T22:18:50.041647,ArbitrageScanner,SIGNAL,ENJ/USDT,0.024800,0.000000,0.00,0.00,0.00,Buy bybit Sell okx Spread 0.242%
2026-07-30T22:18:50.042648,ArbitrageScanner,SIGNAL,1INCH/USDT,0.085700,0.000000,0.00,0.00,0.00,Buy binance Sell okx Spread 0.163%
2026-07-30T22:19:19.023722,DexSniper,BUY,BSC,0.000000,0.000000,0.05,0.00,0.00,Sniped BSCCORESuper
2026-07-30T22:20:07.009159,ArbitrageScanner,SIGNAL,ZRX/USDT,0.078700,0.000000,0.00,0.00,0.00,Buy binance Sell okx Spread 0.254%
2026-07-30T22:20:07.011161,ArbitrageScanner,SIGNAL,ENJ/USDT,0.024800,0.000000,0.00,0.00,0.00,Buy bybit Sell okx Spread 0.242%
2026-07-30T22:20:07.013162,ArbitrageScanner,SIGNAL,SAND/USDT,0.040990,0.000000,0.00,0.00,0.00,Buy bybit Sell okx Spread 0.195%
2026-07-30T22:20:23.095489,DexSniper,BUY,TikTok,0.000000,0.000000,0.05,0.00,0.00,Sniped TikTok
2026-07-30T22:21:32.203998,ArbitrageScanner,SIGNAL,1INCH/USDT,0.085600,0.000000,0.00,0.00,0.00,Buy binance Sell okx Spread 0.257%
2026-07-30T22:21:32.205998,ArbitrageScanner,SIGNAL,ZRX/USDT,0.078700,0.000000,0.00,0.00,0.00,Buy binance Sell okx Spread 0.254%
2026-07-30T22:21:32.208001,ArbitrageScanner,SIGNAL,SAND/USDT,0.040990,0.000000,0.00,0.00,0.00,Buy bybit Sell okx Spread 0.195%
2026-07-30T22:22:49.911701,DexSniper,BUY,BANK,0.000000,0.000000,0.05,0.00,0.00,Sniped Lorenzo Governance Token (BANK)
2026-07-30T22:22:50.892895,ArbitrageScanner,SIGNAL,PEPE/USDT,0.000003,0.000000,0.00,0.00,0.00,Buy bybit Sell binance Spread 0.252%
2026-07-30T22:22:50.893896,ArbitrageScanner,SIGNAL,ZRX/USDT,0.078740,0.000000,0.00,0.00,0.00,Buy bybit Sell binance Spread 0.203%
2026-07-30T22:22:50.895900,ArbitrageScanner,SIGNAL,SHIB/USDT,0.000005,0.000000,0.00,0.00,0.00,Buy binance Sell okx Spread 0.195%
2026-07-30T22:23:23.324289,DexSniper,BUY,OUSTon,0.000000,0.000000,0.05,0.00,0.00,Sniped Ouster Tokenized Stock (Ondo) (OUSTon)
2026-07-30T22:23:43.239984,GridML,LIMIT_BUY,ETH/USDT,1879.848703,0.026598,50.00,0.00,0.00,Grid order
2026-07-30T22:23:43.242986,GridML,LIMIT_BUY,ETH/USDT,1886.159642,0.026509,50.00,0.00,0.00,Grid order
2026-07-30T22:23:43.243988,GridML,LIMIT_BUY,ETH/USDT,1892.470581,0.026420,50.00,0.00,0.00,Grid order
2026-07-30T22:23:43.244988,GridML,LIMIT_BUY,ETH/USDT,1898.781520,0.026333,50.00,0.00,0.00,Grid order
2026-07-30T22:23:43.245989,GridML,LIMIT_BUY,ETH/USDT,1905.092459,0.026245,50.00,0.00,0.00,Grid order
2026-07-30T22:23:43.245989,GridML,LIMIT_SELL,ETH/USDT,1911.403398,0.026159,50.00,0.00,0.00,Grid order
2026-07-30T22:23:43.246991,GridML,LIMIT_SELL,ETH/USDT,1917.714338,0.026073,50.00,0.00,0.00,Grid order
2026-07-30T22:23:43.247992,GridML,LIMIT_SELL,ETH/USDT,1924.025277,0.025987,50.00,0.00,0.00,Grid order
2026-07-30T22:23:43.248993,GridML,LIMIT_SELL,ETH/USDT,1930.336216,0.025902,50.00,0.00,0.00,Grid order
2026-07-30T22:23:43.249994,GridML,LIMIT_SELL,ETH/USDT,1936.647155,0.025818,50.00,0.00,0.00,Grid order
2026-07-30T22:24:12.434041,ArbitrageScanner,SIGNAL,ZRX/USDT,0.078740,0.000000,0.00,0.00,0.00,Buy bybit Sell binance Spread 0.203%
2026-07-30T22:24:12.435042,ArbitrageScanner,SIGNAL,BAT/USDT,0.066390,0.000000,0.00,0.00,0.00,Buy bybit Sell binance Spread 0.166%
2026-07-30T22:24:12.436043,ArbitrageScanner,SIGNAL,ENJ/USDT,0.024820,0.000000,0.00,0.00,0.00,Buy binance Sell okx Spread 0.161%
2026-07-30T22:25:31.401686,ArbitrageScanner,SIGNAL,BAT/USDT,0.066440,0.000000,0.00,0.00,0.00,Buy bybit Sell okx Spread 0.211%
2026-07-30T22:25:31.402687,ArbitrageScanner,SIGNAL,ZRX/USDT,0.078740,0.000000,0.00,0.00,0.00,Buy bybit Sell binance Spread 0.203%
2026-07-30T22:25:31.404689,ArbitrageScanner,SIGNAL,GRT/USDT,0.014810,0.000000,0.00,0.00,0.00,Buy binance Sell okx Spread 0.203%
2026-07-30T22:26:41.025604,GridML,LIMIT_BUY,ETH/USDT,1882.755421,0.026557,50.00,0.00,0.00,Grid order
2026-07-30T22:26:41.027604,GridML,LIMIT_BUY,ETH/USDT,1889.110176,0.026467,50.00,0.00,0.00,Grid order
2026-07-30T22:26:41.029606,GridML,LIMIT_BUY,ETH/USDT,1895.464931,0.026379,50.00,0.00,0.00,Grid order
2026-07-30T22:26:41.031608,GridML,LIMIT_BUY,ETH/USDT,1901.819687,0.026291,50.00,0.00,0.00,Grid order
2026-07-30T22:26:41.033284,GridML,LIMIT_BUY,ETH/USDT,1908.174442,0.026203,50.00,0.00,0.00,Grid order
2026-07-30T22:26:41.034609,GridML,LIMIT_SELL,ETH/USDT,1914.529197,0.026116,50.00,0.00,0.00,Grid order
2026-07-30T22:26:41.036612,GridML,LIMIT_SELL,ETH/USDT,1920.883952,0.026030,50.00,0.00,0.00,Grid order
2026-07-30T22:26:41.038613,GridML,LIMIT_SELL,ETH/USDT,1927.238708,0.025944,50.00,0.00,0.00,Grid order
2026-07-30T22:26:41.039614,GridML,LIMIT_SELL,ETH/USDT,1933.593463,0.025859,50.00,0.00,0.00,Grid order
2026-07-30T22:26:41.040616,GridML,LIMIT_SELL,ETH/USDT,1939.948218,0.025774,50.00,0.00,0.00,Grid order
2026-07-30T22:26:50.283631,ArbitrageScanner,SIGNAL,AXS/USDT,0.828000,0.000000,0.00,0.00,0.00,Buy bybit Sell okx Spread 0.290%
2026-07-30T22:26:50.284631,ArbitrageScanner,SIGNAL,GRT/USDT,0.014810,0.000000,0.00,0.00,0.00,Buy bybit Sell okx Spread 0.270%
2026-07-30T22:26:50.286633,ArbitrageScanner,SIGNAL,1INCH/USDT,0.085680,0.000000,0.00,0.00,0.00,Buy okx Sell bybit Spread 0.210%
2026-07-30T22:28:08.391507,ArbitrageScanner,SIGNAL,PEPE/USDT,0.000003,0.000000,0.00,0.00,0.00,Buy binance Sell okx Spread 0.361%
2026-07-30T22:28:08.392509,ArbitrageScanner,SIGNAL,GRT/USDT,0.014810,0.000000,0.00,0.00,0.00,Buy bybit Sell binance Spread 0.270%
2026-07-30T22:28:08.393509,ArbitrageScanner,SIGNAL,SNX/USDT,0.208000,0.000000,0.00,0.00,0.00,Buy binance Sell bybit Spread 0.240%
2026-07-30T22:28:29.132144,DexSniper,BUY,幸运币🐯,0.000000,0.000000,0.05,0.00,0.00,Sniped 幸运币🐯 (幸运币🐯)
2026-07-30T22:29:23.465458,ArbitrageScanner,SIGNAL,GRT/USDT,0.014810,0.000000,0.00,0.00,0.00,Buy bybit Sell okx Spread 0.338%
2026-07-30T22:29:23.466457,ArbitrageScanner,SIGNAL,SNX/USDT,0.208000,0.000000,0.00,0.00,0.00,Buy binance Sell bybit Spread 0.240%
2026-07-30T22:29:23.467459,ArbitrageScanner,SIGNAL,ZRX/USDT,0.078740,0.000000,0.00,0.00,0.00,Buy bybit Sell binance Spread 0.203%
2026-07-30T22:30:37.738880,DexSniper,BUY,OKTA,0.000000,0.000000,0.05,0.00,0.00,Sniped Okta Inc (Derivatives) (OKTA)
2026-07-30T22:30:38.548533,ArbitrageScanner,SIGNAL,GRT/USDT,0.014810,0.000000,0.00,0.00,0.00,Buy bybit Sell okx Spread 0.338%
2026-07-30T22:30:38.549533,ArbitrageScanner,SIGNAL,SNX/USDT,0.208000,0.000000,0.00,0.00,0.00,Buy binance Sell bybit Spread 0.240%
2026-07-30T22:30:38.550534,ArbitrageScanner,SIGNAL,PEPE/USDT,0.000003,0.000000,0.00,0.00,0.00,Buy binance Sell bybit Spread 0.217%
2026-07-30T22:30:42.713195,DexSniper,BUY,BAB,0.000000,0.000000,0.05,0.00,0.00,Sniped BABT (BAB)
2026-07-30T22:31:55.231934,ArbitrageScanner,SIGNAL,GRT/USDT,0.014810,0.000000,0.00,0.00,0.00,Buy bybit Sell okx Spread 0.338%
2026-07-30T22:31:55.232935,ArbitrageScanner,SIGNAL,SNX/USDT,0.208000,0.000000,0.00,0.00,0.00,Buy binance Sell okx Spread 0.240%
2026-07-30T22:31:55.233935,ArbitrageScanner,SIGNAL,ENJ/USDT,0.024860,0.000000,0.00,0.00,0.00,Buy binance Sell okx Spread 0.201%
2026-07-30T22:32:21.194689,DexSniper,BUY,ZORG,0.000000,0.000000,0.05,0.00,0.00,Sniped ZORG (ZORG)
2026-07-30T22:32:25.686093,DexSniper,BUY,虚暴,0.000000,0.000000,0.05,0.00,0.00,Sniped 虚空风暴眼  (虚暴)
2026-07-30T22:33:12.696459,ArbitrageScanner,SIGNAL,SNX/USDT,0.207000,0.000000,0.00,0.00,0.00,Buy binance Sell okx Spread 0.483%
2026-07-30T22:33:12.698463,ArbitrageScanner,SIGNAL,GRT/USDT,0.014810,0.000000,0.00,0.00,0.00,Buy bybit Sell okx Spread 0.338%
2026-07-30T22:33:12.699462,ArbitrageScanner,SIGNAL,PEPE/USDT,0.000003,0.000000,0.00,0.00,0.00,Buy bybit Sell binance Spread 0.289%
2026-07-30T22:34:24.560417,ArbitrageScanner,SIGNAL,BAT/USDT,0.066510,0.000000,0.00,0.00,0.00,Buy okx Sell binance Spread 0.286%
2026-07-30T22:34:24.562419,ArbitrageScanner,SIGNAL,ZRX/USDT,0.078720,0.000000,0.00,0.00,0.00,Buy bybit Sell binance Spread 0.229%
2026-07-30T22:34:24.563420,ArbitrageScanner,SIGNAL,SAND/USDT,0.041100,0.000000,0.00,0.00,0.00,Buy binance Sell okx Spread 0.219%
2026-07-30T22:35:33.533617,ArbitrageScanner,SIGNAL,BAT/USDT,0.066510,0.000000,0.00,0.00,0.00,Buy okx Sell binance Spread 0.286%
2026-07-30T22:35:33.534617,ArbitrageScanner,SIGNAL,SAND/USDT,0.041080,0.000000,0.00,0.00,0.00,Buy binance Sell okx Spread 0.268%
2026-07-30T22:35:33.535619,ArbitrageScanner,SIGNAL,ZRX/USDT,0.078720,0.000000,0.00,0.00,0.00,Buy bybit Sell binance Spread 0.229%
2026-07-30T22:36:42.388621,ArbitrageScanner,SIGNAL,ENJ/USDT,0.024840,0.000000,0.00,0.00,0.00,Buy bybit Sell okx Spread 0.282%
2026-07-30T22:36:42.389624,ArbitrageScanner,SIGNAL,ZRX/USDT,0.078720,0.000000,0.00,0.00,0.00,Buy bybit Sell binance Spread 0.229%
2026-07-30T22:36:42.391623,ArbitrageScanner,SIGNAL,GRT/USDT,0.014820,0.000000,0.00,0.00,0.00,Buy binance Sell okx Spread 0.202%
2026-07-30T22:37:51.136683,ArbitrageScanner,SIGNAL,ENJ/USDT,0.024840,0.000000,0.00,0.00,0.00,Buy binance Sell okx Spread 0.282%
2026-07-30T22:37:51.138685,ArbitrageScanner,SIGNAL,ZRX/USDT,0.078740,0.000000,0.00,0.00,0.00,Buy bybit Sell binance Spread 0.203%
2026-07-30T22:37:51.138685,ArbitrageScanner,SIGNAL,PEPE/USDT,0.000003,0.000000,0.00,0.00,0.00,Buy bybit Sell binance Spread 0.180%
2026-07-30T22:39:00.327462,ArbitrageScanner,SIGNAL,SNX/USDT,0.207000,0.000000,0.00,0.00,0.00,Buy binance Sell bybit Spread 0.435%
2026-07-30T22:39:00.329463,ArbitrageScanner,SIGNAL,ENJ/USDT,0.024840,0.000000,0.00,0.00,0.00,Buy binance Sell okx Spread 0.282%
2026-07-30T22:39:00.331467,ArbitrageScanner,SIGNAL,FET/USDT,0.144500,0.000000,0.00,0.00,0.00,Buy bybit Sell binance Spread 0.277%
2026-07-30T22:40:09.297590,ArbitrageScanner,SIGNAL,ENJ/USDT,0.024840,0.000000,0.00,0.00,0.00,Buy binance Sell okx Spread 0.282%
2026-07-30T22:40:09.299591,ArbitrageScanner,SIGNAL,ZRX/USDT,0.078740,0.000000,0.00,0.00,0.00,Buy bybit Sell binance Spread 0.203%
2026-07-30T22:40:09.301593,ArbitrageScanner,SIGNAL,MANA/USDT,0.066600,0.000000,0.00,0.00,0.00,Buy binance Sell okx Spread 0.180%
2026-07-30T22:41:18.172472,ArbitrageScanner,SIGNAL,ENJ/USDT,0.024840,0.000000,0.00,0.00,0.00,Buy binance Sell okx Spread 0.282%
2026-07-30T22:41:18.173473,ArbitrageScanner,SIGNAL,BAT/USDT,0.066530,0.000000,0.00,0.00,0.00,Buy bybit Sell okx Spread 0.240%
2026-07-30T22:41:18.174474,ArbitrageScanner,SIGNAL,PEPE/USDT,0.000003,0.000000,0.00,0.00,0.00,Buy binance Sell bybit Spread 0.217%
2026-07-30T22:42:26.965622,ArbitrageScanner,SIGNAL,ENJ/USDT,0.024850,0.000000,0.00,0.00,0.00,Buy binance Sell okx Spread 0.241%
2026-07-30T22:42:26.967622,ArbitrageScanner,SIGNAL,BAT/USDT,0.066530,0.000000,0.00,0.00,0.00,Buy bybit Sell okx Spread 0.240%
2026-07-30T22:42:26.968622,ArbitrageScanner,SIGNAL,ZRX/USDT,0.078740,0.000000,0.00,0.00,0.00,Buy bybit Sell binance Spread 0.203%
2026-07-30T22:43:35.375570,ArbitrageScanner,SIGNAL,ZRX/USDT,0.078700,0.000000,0.00,0.00,0.00,Buy binance Sell okx Spread 0.254%
2026-07-30T22:43:35.376571,ArbitrageScanner,SIGNAL,BAT/USDT,0.066530,0.000000,0.00,0.00,0.00,Buy bybit Sell okx Spread 0.240%
2026-07-30T22:43:35.378572,ArbitrageScanner,SIGNAL,PEPE/USDT,0.000003,0.000000,0.00,0.00,0.00,Buy bybit Sell binance Spread 0.216%
2026-07-30T22:44:44.893468,ArbitrageScanner,SIGNAL,ZRX/USDT,0.078700,0.000000,0.00,0.00,0.00,Buy binance Sell okx Spread 0.254%
2026-07-30T22:44:44.894468,ArbitrageScanner,SIGNAL,BAT/USDT,0.066530,0.000000,0.00,0.00,0.00,Buy bybit Sell okx Spread 0.240%
2026-07-30T22:44:44.895468,ArbitrageScanner,SIGNAL,PEPE/USDT,0.000003,0.000000,0.00,0.00,0.00,Buy binance Sell okx Spread 0.217%
2026-07-30T22:45:52.612612,ArbitrageScanner,SIGNAL,PEPE/USDT,0.000003,0.000000,0.00,0.00,0.00,Buy binance Sell okx Spread 0.289%
2026-07-30T22:45:52.614614,ArbitrageScanner,SIGNAL,ZRX/USDT,0.078700,0.000000,0.00,0.00,0.00,Buy binance Sell okx Spread 0.254%
2026-07-30T22:45:52.615615,ArbitrageScanner,SIGNAL,CHZ/USDT,0.012970,0.000000,0.00,0.00,0.00,Buy bybit Sell okx Spread 0.231%
2026-07-30T22:47:01.204589,ArbitrageScanner,SIGNAL,ZRX/USDT,0.078560,0.000000,0.00,0.00,0.00,Buy bybit Sell okx Spread 0.433%
2026-07-30T22:47:01.205591,ArbitrageScanner,SIGNAL,ENJ/USDT,0.024830,0.000000,0.00,0.00,0.00,Buy bybit Sell okx Spread 0.242%
2026-07-30T22:47:01.206591,ArbitrageScanner,SIGNAL,AXS/USDT,0.830000,0.000000,0.00,0.00,0.00,Buy bybit Sell okx Spread 0.181%
2026-07-30T22:48:09.558819,ArbitrageScanner,SIGNAL,ZRX/USDT,0.078560,0.000000,0.00,0.00,0.00,Buy bybit Sell okx Spread 0.433%
2026-07-30T22:48:09.559820,ArbitrageScanner,SIGNAL,PEPE/USDT,0.000003,0.000000,0.00,0.00,0.00,Buy binance Sell bybit Spread 0.253%
2026-07-30T22:48:09.561821,ArbitrageScanner,SIGNAL,ENJ/USDT,0.024830,0.000000,0.00,0.00,0.00,Buy bybit Sell okx Spread 0.242%
2026-07-30T22:49:17.641100,ArbitrageScanner,SIGNAL,PEPE/USDT,0.000003,0.000000,0.00,0.00,0.00,Buy binance Sell okx Spread 0.289%
2026-07-30T22:49:17.642101,ArbitrageScanner,SIGNAL,ZRX/USDT,0.078700,0.000000,0.00,0.00,0.00,Buy binance Sell okx Spread 0.254%
2026-07-30T22:49:17.643102,ArbitrageScanner,SIGNAL,GRT/USDT,0.014780,0.000000,0.00,0.00,0.00,Buy binance Sell okx Spread 0.203%
2026-07-30T22:50:26.678051,ArbitrageScanner,SIGNAL,ZRX/USDT,0.078700,0.000000,0.00,0.00,0.00,Buy binance Sell okx Spread 0.254%
2026-07-30T22:50:26.680053,ArbitrageScanner,SIGNAL,GRT/USDT,0.014780,0.000000,0.00,0.00,0.00,Buy binance Sell okx Spread 0.203%
2026-07-30T22:50:26.683057,ArbitrageScanner,SIGNAL,AXS/USDT,0.830000,0.000000,0.00,0.00,0.00,Buy bybit Sell okx Spread 0.193%
2026-07-30T22:51:35.600936,ArbitrageScanner,SIGNAL,AXS/USDT,0.830000,0.000000,0.00,0.00,0.00,Buy bybit Sell okx Spread 0.325%
2026-07-30T22:51:35.603939,ArbitrageScanner,SIGNAL,BAT/USDT,0.066610,0.000000,0.00,0.00,0.00,Buy bybit Sell okx Spread 0.300%
2026-07-30T22:51:35.605942,ArbitrageScanner,SIGNAL,ZRX/USDT,0.078700,0.000000,0.00,0.00,0.00,Buy bybit Sell okx Spread 0.254%
2026-07-30T22:52:44.421428,ArbitrageScanner,SIGNAL,BAT/USDT,0.066610,0.000000,0.00,0.00,0.00,Buy bybit Sell okx Spread 0.300%
2026-07-30T22:52:44.432439,ArbitrageScanner,SIGNAL,SAND/USDT,0.041110,0.000000,0.00,0.00,0.00,Buy bybit Sell okx Spread 0.268%
2026-07-30T22:52:44.433440,ArbitrageScanner,SIGNAL,SNX/USDT,0.208000,0.000000,0.00,0.00,0.00,Buy binance Sell okx Spread 0.240%
2026-07-30T22:53:52.768438,ArbitrageScanner,SIGNAL,PEPE/USDT,0.000003,0.000000,0.00,0.00,0.00,Buy binance Sell okx Spread 0.397%
2026-07-30T22:53:52.770439,ArbitrageScanner,SIGNAL,SAND/USDT,0.041110,0.000000,0.00,0.00,0.00,Buy bybit Sell okx Spread 0.341%
2026-07-30T22:53:52.772443,ArbitrageScanner,SIGNAL,SNX/USDT,0.208000,0.000000,0.00,0.00,0.00,Buy binance Sell okx Spread 0.240%
2026-07-30T22:55:00.926652,ArbitrageScanner,SIGNAL,SAND/USDT,0.041110,0.000000,0.00,0.00,0.00,Buy bybit Sell binance Spread 0.365%
2026-07-30T22:55:00.928653,ArbitrageScanner,SIGNAL,ATOM/USDT,1.291000,0.000000,0.00,0.00,0.00,Buy bybit Sell okx Spread 0.232%
2026-07-30T22:55:00.930656,ArbitrageScanner,SIGNAL,BAT/USDT,0.066680,0.000000,0.00,0.00,0.00,Buy bybit Sell okx Spread 0.195%
2026-07-30T22:56:10.040853,ArbitrageScanner,SIGNAL,SAND/USDT,0.041110,0.000000,0.00,0.00,0.00,Buy bybit Sell okx Spread 0.341%
2026-07-30T22:56:10.042854,ArbitrageScanner,SIGNAL,GRT/USDT,0.014810,0.000000,0.00,0.00,0.00,Buy binance Sell okx Spread 0.203%
2026-07-30T22:56:10.043857,ArbitrageScanner,SIGNAL,BAT/USDT,0.066680,0.000000,0.00,0.00,0.00,Buy bybit Sell binance Spread 0.180%
2026-07-30T22:57:18.303498,ArbitrageScanner,SIGNAL,BAT/USDT,0.066550,0.000000,0.00,0.00,0.00,Buy bybit Sell binance Spread 0.376%
2026-07-30T22:57:18.304494,ArbitrageScanner,SIGNAL,ENJ/USDT,0.024890,0.000000,0.00,0.00,0.00,Buy okx Sell binance Spread 0.241%
2026-07-30T22:57:18.306501,ArbitrageScanner,SIGNAL,GRT/USDT,0.014810,0.000000,0.00,0.00,0.00,Buy binance Sell bybit Spread 0.203%
2026-07-30T22:58:26.281608,ArbitrageScanner,SIGNAL,BAT/USDT,0.066550,0.000000,0.00,0.00,0.00,Buy bybit Sell binance Spread 0.376%
2026-07-30T22:58:26.282609,ArbitrageScanner,SIGNAL,SNX/USDT,0.208000,0.000000,0.00,0.00,0.00,Buy binance Sell bybit Spread 0.240%
2026-07-30T22:58:26.283610,ArbitrageScanner,SIGNAL,GRT/USDT,0.014810,0.000000,0.00,0.00,0.00,Buy binance Sell okx Spread 0.203%
2026-07-30T22:59:33.892229,ArbitrageScanner,SIGNAL,GRT/USDT,0.014810,0.000000,0.00,0.00,0.00,Buy bybit Sell okx Spread 0.338%
2026-07-30T22:59:33.893229,ArbitrageScanner,SIGNAL,BAT/USDT,0.066580,0.000000,0.00,0.00,0.00,Buy bybit Sell binance Spread 0.330%
2026-07-30T22:59:33.894231,ArbitrageScanner,SIGNAL,PEPE/USDT,0.000003,0.000000,0.00,0.00,0.00,Buy binance Sell bybit Spread 0.325%
2026-07-30T23:00:42.338475,ArbitrageScanner,SIGNAL,GRT/USDT,0.014810,0.000000,0.00,0.00,0.00,Buy bybit Sell okx Spread 0.338%
2026-07-30T23:00:42.339476,ArbitrageScanner,SIGNAL,SNX/USDT,0.208000,0.000000,0.00,0.00,0.00,Buy binance Sell okx Spread 0.337%
2026-07-30T23:00:42.340477,ArbitrageScanner,SIGNAL,BAT/USDT,0.066660,0.000000,0.00,0.00,0.00,Buy bybit Sell binance Spread 0.210%
2026-07-30T23:01:50.890582,ArbitrageScanner,SIGNAL,GRT/USDT,0.014810,0.000000,0.00,0.00,0.00,Buy bybit Sell binance Spread 0.608%
2026-07-30T23:01:50.892580,ArbitrageScanner,SIGNAL,SNX/USDT,0.209000,0.000000,0.00,0.00,0.00,Buy binance Sell bybit Spread 0.431%
2026-07-30T23:01:50.894581,ArbitrageScanner,SIGNAL,ZRX/USDT,0.078800,0.000000,0.00,0.00,0.00,Buy binance Sell okx Spread 0.343%
2026-07-30T23:02:59.056534,ArbitrageScanner,SIGNAL,GRT/USDT,0.014810,0.000000,0.00,0.00,0.00,Buy bybit Sell binance Spread 0.608%
2026-07-30T23:02:59.057538,ArbitrageScanner,SIGNAL,SNX/USDT,0.209000,0.000000,0.00,0.00,0.00,Buy binance Sell bybit Spread 0.478%
2026-07-30T23:02:59.059537,ArbitrageScanner,SIGNAL,PEPE/USDT,0.000003,0.000000,0.00,0.00,0.00,Buy binance Sell okx Spread 0.252%
2026-07-30T23:04:07.986688,ArbitrageScanner,SIGNAL,GRT/USDT,0.014810,0.000000,0.00,0.00,0.00,Buy bybit Sell binance Spread 0.608%
2026-07-30T23:04:07.987689,ArbitrageScanner,SIGNAL,SNX/USDT,0.209000,0.000000,0.00,0.00,0.00,Buy binance Sell bybit Spread 0.383%
2026-07-30T23:04:07.989691,ArbitrageScanner,SIGNAL,1INCH/USDT,0.085890,0.000000,0.00,0.00,0.00,Buy bybit Sell okx Spread 0.256%
2026-07-30T23:05:15.773698,ArbitrageScanner,SIGNAL,SNX/USDT,0.209000,0.000000,0.00,0.00,0.00,Buy binance Sell bybit Spread 0.383%
2026-07-30T23:05:15.775700,ArbitrageScanner,SIGNAL,1INCH/USDT,0.085890,0.000000,0.00,0.00,0.00,Buy bybit Sell okx Spread 0.361%
2026-07-30T23:05:15.776700,ArbitrageScanner,SIGNAL,BAT/USDT,0.066820,0.000000,0.00,0.00,0.00,Buy bybit Sell okx Spread 0.344%
2026-07-30T23:06:24.701668,ArbitrageScanner,SIGNAL,ENJ/USDT,0.024940,0.000000,0.00,0.00,0.00,Buy bybit Sell okx Spread 0.281%
2026-07-30T23:06:24.702668,ArbitrageScanner,SIGNAL,BAT/USDT,0.066750,0.000000,0.00,0.00,0.00,Buy bybit Sell binance Spread 0.225%
2026-07-30T23:06:24.703669,ArbitrageScanner,SIGNAL,SHIB/USDT,0.000005,0.000000,0.00,0.00,0.00,Buy binance Sell bybit Spread 0.216%
2026-07-30T23:07:33.144618,ArbitrageScanner,SIGNAL,ENJ/USDT,0.024940,0.000000,0.00,0.00,0.00,Buy bybit Sell okx Spread 0.281%
2026-07-30T23:07:33.146620,ArbitrageScanner,SIGNAL,ZRX/USDT,0.078860,0.000000,0.00,0.00,0.00,Buy okx Sell bybit Spread 0.241%
2026-07-30T23:07:33.147620,ArbitrageScanner,SIGNAL,BAT/USDT,0.066750,0.000000,0.00,0.00,0.00,Buy bybit Sell okx Spread 0.225%
2026-07-30T23:08:41.503779,ArbitrageScanner,SIGNAL,ENJ/USDT,0.024940,0.000000,0.00,0.00,0.00,Buy bybit Sell okx Spread 0.281%
2026-07-30T23:08:41.504780,ArbitrageScanner,SIGNAL,BAT/USDT,0.066740,0.000000,0.00,0.00,0.00,Buy bybit Sell okx Spread 0.240%
2026-07-30T23:08:41.506782,ArbitrageScanner,SIGNAL,CRV/USDT,0.214300,0.000000,0.00,0.00,0.00,Buy bybit Sell okx Spread 0.233%
2026-07-30T23:09:49.501363,ArbitrageScanner,SIGNAL,SEI/USDT,0.043000,0.000000,0.00,0.00,0.00,Buy binance Sell bybit Spread 0.326%
2026-07-30T23:09:49.503364,ArbitrageScanner,SIGNAL,ZRX/USDT,0.078820,0.000000,0.00,0.00,0.00,Buy okx Sell bybit Spread 0.292%
2026-07-30T23:09:49.504366,ArbitrageScanner,SIGNAL,ENJ/USDT,0.024940,0.000000,0.00,0.00,0.00,Buy binance Sell okx Spread 0.281%
2026-07-30T23:10:58.097201,ArbitrageScanner,SIGNAL,ALGO/USDT,0.079310,0.000000,0.00,0.00,0.00,Buy bybit Sell okx Spread 0.315%
2026-07-30T23:10:58.099204,ArbitrageScanner,SIGNAL,ZRX/USDT,0.078820,0.000000,0.00,0.00,0.00,Buy okx Sell bybit Spread 0.292%
2026-07-30T23:10:58.100204,ArbitrageScanner,SIGNAL,ENJ/USDT,0.024940,0.000000,0.00,0.00,0.00,Buy binance Sell okx Spread 0.281%
2026-07-30T23:12:06.449888,ArbitrageScanner,SIGNAL,ZRX/USDT,0.078820,0.000000,0.00,0.00,0.00,Buy okx Sell bybit Spread 0.292%
2026-07-30T23:12:06.450889,ArbitrageScanner,SIGNAL,SAND/USDT,0.041250,0.000000,0.00,0.00,0.00,Buy binance Sell bybit Spread 0.267%
2026-07-30T23:12:06.451889,ArbitrageScanner,SIGNAL,PEPE/USDT,0.000003,0.000000,0.00,0.00,0.00,Buy bybit Sell binance Spread 0.216%
2026-07-30T23:13:14.886680,ArbitrageScanner,SIGNAL,ZRX/USDT,0.078820,0.000000,0.00,0.00,0.00,Buy okx Sell bybit Spread 0.292%
2026-07-30T23:13:14.888682,ArbitrageScanner,SIGNAL,SAND/USDT,0.041240,0.000000,0.00,0.00,0.00,Buy binance Sell bybit Spread 0.291%
2026-07-30T23:13:14.889683,ArbitrageScanner,SIGNAL,COMP/USDT,16.690000,0.000000,0.00,0.00,0.00,Buy binance Sell bybit Spread 0.240%
2026-07-30T23:14:24.199870,ArbitrageScanner,SIGNAL,BAT/USDT,0.066710,0.000000,0.00,0.00,0.00,Buy bybit Sell okx Spread 0.300%
2026-07-30T23:14:24.200871,ArbitrageScanner,SIGNAL,ZRX/USDT,0.078820,0.000000,0.00,0.00,0.00,Buy okx Sell bybit Spread 0.292%
2026-07-30T23:14:24.202873,ArbitrageScanner,SIGNAL,SAND/USDT,0.041240,0.000000,0.00,0.00,0.00,Buy binance Sell bybit Spread 0.291%
2026-07-30T23:15:32.214721,ArbitrageScanner,SIGNAL,1INCH/USDT,0.085800,0.000000,0.00,0.00,0.00,Buy binance Sell bybit Spread 0.326%
2026-07-30T23:15:32.215723,ArbitrageScanner,SIGNAL,BAT/USDT,0.066710,0.000000,0.00,0.00,0.00,Buy bybit Sell okx Spread 0.300%
2026-07-30T23:15:32.216724,ArbitrageScanner,SIGNAL,COMP/USDT,16.680000,0.000000,0.00,0.00,0.00,Buy okx Sell bybit Spread 0.300%
2026-07-30T23:16:09.012647,DCA_Bot,BUY,BTC/USDT,64786.010000,0.000772,50.00,0.00,0.00,DCA buy
2026-07-30T23:16:40.386738,ArbitrageScanner,SIGNAL,COMP/USDT,16.680000,0.000000,0.00,0.00,0.00,Buy okx Sell bybit Spread 0.300%
2026-07-30T23:16:40.388741,ArbitrageScanner,SIGNAL,ZRX/USDT,0.078820,0.000000,0.00,0.00,0.00,Buy okx Sell bybit Spread 0.292%
2026-07-30T23:16:40.389741,ArbitrageScanner,SIGNAL,PEPE/USDT,0.000003,0.000000,0.00,0.00,0.00,Buy bybit Sell binance Spread 0.252%
2026-07-30T23:17:48.968956,ArbitrageScanner,SIGNAL,SAND/USDT,0.041220,0.000000,0.00,0.00,0.00,Buy binance Sell bybit Spread 0.340%
2026-07-30T23:17:48.969957,ArbitrageScanner,SIGNAL,COMP/USDT,16.680000,0.000000,0.00,0.00,0.00,Buy okx Sell bybit Spread 0.300%
2026-07-30T23:17:48.970958,ArbitrageScanner,SIGNAL,ZRX/USDT,0.078820,0.000000,0.00,0.00,0.00,Buy okx Sell bybit Spread 0.292%
2026-07-30T23:18:57.508911,ArbitrageScanner,SIGNAL,ZRX/USDT,0.078820,0.000000,0.00,0.00,0.00,Buy okx Sell bybit Spread 0.292%
2026-07-30T23:18:57.510914,ArbitrageScanner,SIGNAL,SAND/USDT,0.041190,0.000000,0.00,0.00,0.00,Buy binance Sell okx Spread 0.291%
2026-07-30T23:18:57.512916,ArbitrageScanner,SIGNAL,PEPE/USDT,0.000003,0.000000,0.00,0.00,0.00,Buy bybit Sell binance Spread 0.289%
2026-07-30T23:20:07.254001,ArbitrageScanner,SIGNAL,ZRX/USDT,0.078710,0.000000,0.00,0.00,0.00,Buy bybit Sell binance Spread 0.241%
2026-07-30T23:20:07.255002,ArbitrageScanner,SIGNAL,SNX/USDT,0.208000,0.000000,0.00,0.00,0.00,Buy binance Sell okx Spread 0.240%
2026-07-30T23:20:07.256003,ArbitrageScanner,SIGNAL,PEPE/USDT,0.000003,0.000000,0.00,0.00,0.00,Buy bybit Sell binance Spread 0.216%
2026-07-30T23:21:16.162562,ArbitrageScanner,SIGNAL,SNX/USDT,0.208000,0.000000,0.00,0.00,0.00,Buy binance Sell okx Spread 0.385%
2026-07-30T23:21:16.164566,ArbitrageScanner,SIGNAL,SAND/USDT,0.041190,0.000000,0.00,0.00,0.00,Buy bybit Sell okx Spread 0.316%
2026-07-30T23:21:16.165565,ArbitrageScanner,SIGNAL,GRT/USDT,0.014850,0.000000,0.00,0.00,0.00,Buy bybit Sell binance Spread 0.269%
2026-07-30T23:22:24.575092,ArbitrageScanner,SIGNAL,SNX/USDT,0.208000,0.000000,0.00,0.00,0.00,Buy binance Sell okx Spread 0.385%
2026-07-30T23:22:24.576097,ArbitrageScanner,SIGNAL,BAT/USDT,0.066810,0.000000,0.00,0.00,0.00,Buy bybit Sell binance Spread 0.284%
2026-07-30T23:22:24.577094,ArbitrageScanner,SIGNAL,GRT/USDT,0.014850,0.000000,0.00,0.00,0.00,Buy bybit Sell binance Spread 0.269%
2026-07-30T23:23:34.455752,ArbitrageScanner,SIGNAL,SNX/USDT,0.208000,0.000000,0.00,0.00,0.00,Buy binance Sell okx Spread 0.385%
2026-07-30T23:23:34.457754,ArbitrageScanner,SIGNAL,SAND/USDT,0.041190,0.000000,0.00,0.00,0.00,Buy bybit Sell okx Spread 0.340%
2026-07-30T23:23:34.458755,ArbitrageScanner,SIGNAL,GRT/USDT,0.014850,0.000000,0.00,0.00,0.00,Buy bybit Sell binance Spread 0.337%
2026-07-30T23:24:41.964947,ArbitrageScanner,SIGNAL,BAT/USDT,0.066800,0.000000,0.00,0.00,0.00,Buy bybit Sell okx Spread 0.404%
2026-07-30T23:24:41.966951,ArbitrageScanner,SIGNAL,GRT/USDT,0.014850,0.000000,0.00,0.00,0.00,Buy bybit Sell binance Spread 0.337%
2026-07-30T23:24:41.967951,ArbitrageScanner,SIGNAL,SNX/USDT,0.208000,0.000000,0.00,0.00,0.00,Buy binance Sell bybit Spread 0.337%
2026-07-30T23:25:50.188308,ArbitrageScanner,SIGNAL,BAT/USDT,0.066800,0.000000,0.00,0.00,0.00,Buy bybit Sell okx Spread 0.404%
2026-07-30T23:25:50.190309,ArbitrageScanner,SIGNAL,GRT/USDT,0.014850,0.000000,0.00,0.00,0.00,Buy bybit Sell binance Spread 0.337%
2026-07-30T23:25:50.192311,ArbitrageScanner,SIGNAL,SNX/USDT,0.208000,0.000000,0.00,0.00,0.00,Buy binance Sell bybit Spread 0.337%
2026-07-30T23:26:57.861645,ArbitrageScanner,SIGNAL,BAT/USDT,0.066800,0.000000,0.00,0.00,0.00,Buy bybit Sell okx Spread 0.404%
2026-07-30T23:26:57.862645,ArbitrageScanner,SIGNAL,SNX/USDT,0.208000,0.000000,0.00,0.00,0.00,Buy binance Sell bybit Spread 0.337%
2026-07-30T23:26:57.863647,ArbitrageScanner,SIGNAL,GRT/USDT,0.014850,0.000000,0.00,0.00,0.00,Buy bybit Sell binance Spread 0.269%
2026-07-30T23:28:05.719829,ArbitrageScanner,SIGNAL,BAT/USDT,0.066850,0.000000,0.00,0.00,0.00,Buy bybit Sell okx Spread 0.329%
2026-07-30T23:28:05.720830,ArbitrageScanner,SIGNAL,GRT/USDT,0.014850,0.000000,0.00,0.00,0.00,Buy bybit Sell binance Spread 0.269%
2026-07-30T23:28:05.721831,ArbitrageScanner,SIGNAL,PEPE/USDT,0.000003,0.000000,0.00,0.00,0.00,Buy bybit Sell binance Spread 0.216%
2026-07-30T23:29:22.271729,ArbitrageScanner,SIGNAL,BAT/USDT,0.066830,0.000000,0.00,0.00,0.00,Buy bybit Sell okx Spread 0.359%
2026-07-30T23:29:22.272730,ArbitrageScanner,SIGNAL,GRT/USDT,0.014850,0.000000,0.00,0.00,0.00,Buy bybit Sell binance Spread 0.202%
2026-07-30T23:29:22.273731,ArbitrageScanner,SIGNAL,SHIB/USDT,0.000005,0.000000,0.00,0.00,0.00,Buy okx Sell bybit Spread 0.194%
2026-07-30T23:30:14.752696,DexSniper,BUY,特朗普,0.000000,0.000000,0.05,0.00,0.00,Sniped 特朗普 (特朗普)
2026-07-30T23:30:30.641781,ArbitrageScanner,SIGNAL,BAT/USDT,0.066800,0.000000,0.00,0.00,0.00,Buy binance Sell okx Spread 0.404%
2026-07-30T23:30:30.642783,ArbitrageScanner,SIGNAL,PEPE/USDT,0.000003,0.000000,0.00,0.00,0.00,Buy bybit Sell binance Spread 0.289%
2026-07-30T23:30:30.644786,ArbitrageScanner,SIGNAL,GRT/USDT,0.014850,0.000000,0.00,0.00,0.00,Buy bybit Sell binance Spread 0.269%
2026-07-30T23:31:38.081688,ArbitrageScanner,SIGNAL,MANA/USDT,0.067000,0.000000,0.00,0.00,0.00,Buy binance Sell okx Spread 0.358%
2026-07-30T23:31:38.083690,ArbitrageScanner,SIGNAL,PEPE/USDT,0.000003,0.000000,0.00,0.00,0.00,Buy bybit Sell binance Spread 0.289%
2026-07-30T23:31:38.084691,ArbitrageScanner,SIGNAL,GRT/USDT,0.014850,0.000000,0.00,0.00,0.00,Buy bybit Sell binance Spread 0.202%
2026-07-30T23:32:45.605664,ArbitrageScanner,SIGNAL,GRT/USDT,0.014850,0.000000,0.00,0.00,0.00,Buy bybit Sell okx Spread 0.269%
2026-07-30T23:32:45.606665,ArbitrageScanner,SIGNAL,ENJ/USDT,0.024910,0.000000,0.00,0.00,0.00,Buy binance Sell okx Spread 0.201%
2026-07-30T23:32:45.607667,ArbitrageScanner,SIGNAL,AXS/USDT,0.833000,0.000000,0.00,0.00,0.00,Buy bybit Sell okx Spread 0.168%
2026-07-30T23:33:54.628897,ArbitrageScanner,SIGNAL,GRT/USDT,0.014850,0.000000,0.00,0.00,0.00,Buy bybit Sell okx Spread 0.337%
2026-07-30T23:33:54.629898,ArbitrageScanner,SIGNAL,SNX/USDT,0.209400,0.000000,0.00,0.00,0.00,Buy bybit Sell binance Spread 0.287%
2026-07-30T23:33:54.630899,ArbitrageScanner,SIGNAL,PEPE/USDT,0.000003,0.000000,0.00,0.00,0.00,Buy binance Sell okx Spread 0.217%
2026-07-30T23:35:02.494065,ArbitrageScanner,SIGNAL,GRT/USDT,0.014850,0.000000,0.00,0.00,0.00,Buy bybit Sell okx Spread 0.337%
2026-07-30T23:35:02.496066,ArbitrageScanner,SIGNAL,SNX/USDT,0.209000,0.000000,0.00,0.00,0.00,Buy binance Sell okx Spread 0.335%
2026-07-30T23:35:02.497067,ArbitrageScanner,SIGNAL,PEPE/USDT,0.000003,0.000000,0.00,0.00,0.00,Buy binance Sell okx Spread 0.217%
2026-07-30T23:36:10.987872,ArbitrageScanner,SIGNAL,GRT/USDT,0.014850,0.000000,0.00,0.00,0.00,Buy bybit Sell okx Spread 0.337%
2026-07-30T23:36:10.989874,ArbitrageScanner,SIGNAL,SNX/USDT,0.209000,0.000000,0.00,0.00,0.00,Buy binance Sell okx Spread 0.335%
2026-07-30T23:36:12.504998,ArbitrageScanner,SIGNAL,ENJ/USDT,0.024900,0.000000,0.00,0.00,0.00,Buy bybit Sell okx Spread 0.241%
2026-07-30T23:37:24.312038,ArbitrageScanner,SIGNAL,SNX/USDT,0.209000,0.000000,0.00,0.00,0.00,Buy binance Sell bybit Spread 0.383%
2026-07-30T23:37:24.313038,ArbitrageScanner,SIGNAL,MANA/USDT,0.067100,0.000000,0.00,0.00,0.00,Buy binance Sell bybit Spread 0.343%
2026-07-30T23:37:24.314039,ArbitrageScanner,SIGNAL,GRT/USDT,0.014850,0.000000,0.00,0.00,0.00,Buy bybit Sell okx Spread 0.337%
2026-07-30T23:38:32.427929,ArbitrageScanner,SIGNAL,MANA/USDT,0.067100,0.000000,0.00,0.00,0.00,Buy binance Sell bybit Spread 0.417%
2026-07-30T23:38:32.428929,ArbitrageScanner,SIGNAL,SNX/USDT,0.209000,0.000000,0.00,0.00,0.00,Buy binance Sell bybit Spread 0.383%
2026-07-30T23:38:32.429931,ArbitrageScanner,SIGNAL,GRT/USDT,0.014850,0.000000,0.00,0.00,0.00,Buy bybit Sell binance Spread 0.337%
2026-07-30T23:39:40.826004,ArbitrageScanner,SIGNAL,SNX/USDT,0.209000,0.000000,0.00,0.00,0.00,Buy binance Sell bybit Spread 0.431%
2026-07-30T23:39:40.827006,ArbitrageScanner,SIGNAL,GRT/USDT,0.014850,0.000000,0.00,0.00,0.00,Buy bybit Sell binance Spread 0.337%
2026-07-30T23:39:40.829007,ArbitrageScanner,SIGNAL,PEPE/USDT,0.000003,0.000000,0.00,0.00,0.00,Buy binance Sell okx Spread 0.289%
2026-07-30T23:40:47.897914,ArbitrageScanner,SIGNAL,SNX/USDT,0.209000,0.000000,0.00,0.00,0.00,Buy binance Sell bybit Spread 0.478%
2026-07-30T23:40:47.899916,ArbitrageScanner,SIGNAL,GRT/USDT,0.014850,0.000000,0.00,0.00,0.00,Buy bybit Sell okx Spread 0.337%
2026-07-30T23:40:47.900917,ArbitrageScanner,SIGNAL,ENJ/USDT,0.024890,0.000000,0.00,0.00,0.00,Buy binance Sell okx Spread 0.281%
2026-07-30T23:41:56.687444,ArbitrageScanner,SIGNAL,SNX/USDT,0.209000,0.000000,0.00,0.00,0.00,Buy binance Sell bybit Spread 0.478%
2026-07-30T23:41:56.688444,ArbitrageScanner,SIGNAL,GRT/USDT,0.014850,0.000000,0.00,0.00,0.00,Buy bybit Sell binance Spread 0.337%
2026-07-30T23:41:56.689446,ArbitrageScanner,SIGNAL,PEPE/USDT,0.000003,0.000000,0.00,0.00,0.00,Buy binance Sell okx Spread 0.289%
2026-07-30T23:43:04.725975,ArbitrageScanner,SIGNAL,GRT/USDT,0.014850,0.000000,0.00,0.00,0.00,Buy bybit Sell binance Spread 0.337%
2026-07-30T23:43:04.727973,ArbitrageScanner,SIGNAL,ENJ/USDT,0.024890,0.000000,0.00,0.00,0.00,Buy binance Sell okx Spread 0.281%
2026-07-30T23:43:04.728974,ArbitrageScanner,SIGNAL,ZRX/USDT,0.078690,0.000000,0.00,0.00,0.00,Buy bybit Sell okx Spread 0.165%
2026-07-30T23:44:13.194066,ArbitrageScanner,SIGNAL,PEPE/USDT,0.000003,0.000000,0.00,0.00,0.00,Buy binance Sell bybit Spread 0.361%
2026-07-30T23:44:13.195067,ArbitrageScanner,SIGNAL,GRT/USDT,0.014850,0.000000,0.00,0.00,0.00,Buy bybit Sell binance Spread 0.337%
2026-07-30T23:44:13.196068,ArbitrageScanner,SIGNAL,ENJ/USDT,0.024890,0.000000,0.00,0.00,0.00,Buy binance Sell okx Spread 0.281%
2026-07-30T23:45:21.269825,ArbitrageScanner,SIGNAL,GRT/USDT,0.014850,0.000000,0.00,0.00,0.00,Buy bybit Sell binance Spread 0.337%
2026-07-30T23:45:21.271827,ArbitrageScanner,SIGNAL,LDO/USDT,0.372200,0.000000,0.00,0.00,0.00,Buy binance Sell okx Spread 0.215%
2026-07-30T23:45:21.272828,ArbitrageScanner,SIGNAL,ENJ/USDT,0.024890,0.000000,0.00,0.00,0.00,Buy binance Sell bybit Spread 0.201%
2026-07-30T23:46:29.593149,ArbitrageScanner,SIGNAL,GRT/USDT,0.014850,0.000000,0.00,0.00,0.00,Buy bybit Sell okx Spread 0.337%
2026-07-30T23:46:29.595150,ArbitrageScanner,SIGNAL,LDO/USDT,0.372200,0.000000,0.00,0.00,0.00,Buy binance Sell okx Spread 0.215%
2026-07-30T23:46:29.596152,ArbitrageScanner,SIGNAL,MANA/USDT,0.067300,0.000000,0.00,0.00,0.00,Buy binance Sell okx Spread 0.208%
2026-07-30T23:47:37.593006,ArbitrageScanner,SIGNAL,GRT/USDT,0.014850,0.000000,0.00,0.00,0.00,Buy bybit Sell okx Spread 0.337%
2026-07-30T23:47:37.594007,ArbitrageScanner,SIGNAL,SNX/USDT,0.210000,0.000000,0.00,0.00,0.00,Buy binance Sell bybit Spread 0.286%
2026-07-30T23:47:37.595009,ArbitrageScanner,SIGNAL,ENJ/USDT,0.024890,0.000000,0.00,0.00,0.00,Buy binance Sell bybit Spread 0.241%
2026-07-30T23:48:45.786172,ArbitrageScanner,SIGNAL,SNX/USDT,0.210000,0.000000,0.00,0.00,0.00,Buy binance Sell okx Spread 0.381%
2026-07-30T23:48:45.787172,ArbitrageScanner,SIGNAL,GRT/USDT,0.014850,0.000000,0.00,0.00,0.00,Buy bybit Sell binance Spread 0.337%
2026-07-30T23:48:45.789174,ArbitrageScanner,SIGNAL,MANA/USDT,0.067580,0.000000,0.00,0.00,0.00,Buy bybit Sell binance Spread 0.326%
2026-07-30T23:49:54.382052,ArbitrageScanner,SIGNAL,SNX/USDT,0.210000,0.000000,0.00,0.00,0.00,Buy binance Sell okx Spread 0.381%
2026-07-30T23:49:54.384051,ArbitrageScanner,SIGNAL,GRT/USDT,0.014850,0.000000,0.00,0.00,0.00,Buy bybit Sell binance Spread 0.269%
2026-07-30T23:49:54.385052,ArbitrageScanner,SIGNAL,PEPE/USDT,0.000003,0.000000,0.00,0.00,0.00,Buy bybit Sell binance Spread 0.216%
2026-07-30T23:51:03.095624,ArbitrageScanner,SIGNAL,SNX/USDT,0.210000,0.000000,0.00,0.00,0.00,Buy binance Sell okx Spread 0.381%
2026-07-30T23:51:03.097627,ArbitrageScanner,SIGNAL,GRT/USDT,0.014850,0.000000,0.00,0.00,0.00,Buy bybit Sell binance Spread 0.269%
2026-07-30T23:51:03.098628,ArbitrageScanner,SIGNAL,PEPE/USDT,0.000003,0.000000,0.00,0.00,0.00,Buy bybit Sell binance Spread 0.216%
2026-07-30T23:52:12.174033,ArbitrageScanner,SIGNAL,SNX/USDT,0.210000,0.000000,0.00,0.00,0.00,Buy binance Sell okx Spread 0.381%
2026-07-30T23:52:12.175034,ArbitrageScanner,SIGNAL,GRT/USDT,0.014850,0.000000,0.00,0.00,0.00,Buy bybit Sell binance Spread 0.269%
2026-07-30T23:52:12.176035,ArbitrageScanner,SIGNAL,PEPE/USDT,0.000003,0.000000,0.00,0.00,0.00,Buy bybit Sell binance Spread 0.216%
2026-07-30T23:53:20.809098,ArbitrageScanner,SIGNAL,SNX/USDT,0.210000,0.000000,0.00,0.00,0.00,Buy binance Sell okx Spread 0.333%
2026-07-30T23:53:20.810100,ArbitrageScanner,SIGNAL,PEPE/USDT,0.000003,0.000000,0.00,0.00,0.00,Buy bybit Sell binance Spread 0.288%
2026-07-30T23:53:20.812101,ArbitrageScanner,SIGNAL,GRT/USDT,0.014850,0.000000,0.00,0.00,0.00,Buy bybit Sell binance Spread 0.269%
2026-07-30T23:54:29.308178,ArbitrageScanner,SIGNAL,GRT/USDT,0.014850,0.000000,0.00,0.00,0.00,Buy bybit Sell binance Spread 0.269%
2026-07-30T23:54:29.310187,ArbitrageScanner,SIGNAL,SNX/USDT,0.210000,0.000000,0.00,0.00,0.00,Buy binance Sell bybit Spread 0.238%
2026-07-30T23:54:29.311187,ArbitrageScanner,SIGNAL,1INCH/USDT,0.085400,0.000000,0.00,0.00,0.00,Buy binance Sell bybit Spread 0.199%
2026-07-30T23:55:37.131127,ArbitrageScanner,SIGNAL,GRT/USDT,0.014850,0.000000,0.00,0.00,0.00,Buy bybit Sell binance Spread 0.269%
2026-07-30T23:55:37.132131,ArbitrageScanner,SIGNAL,PEPE/USDT,0.000003,0.000000,0.00,0.00,0.00,Buy binance Sell okx Spread 0.216%
2026-07-30T23:55:37.133127,ArbitrageScanner,SIGNAL,ZRX/USDT,0.078690,0.000000,0.00,0.00,0.00,Buy bybit Sell okx Spread 0.165%
2026-07-30T23:56:44.568910,ArbitrageScanner,SIGNAL,GRT/USDT,0.014850,0.000000,0.00,0.00,0.00,Buy bybit Sell binance Spread 0.269%
2026-07-30T23:56:44.569912,ArbitrageScanner,SIGNAL,BAT/USDT,0.066570,0.000000,0.00,0.00,0.00,Buy bybit Sell binance Spread 0.195%
2026-07-30T23:56:44.571914,ArbitrageScanner,SIGNAL,SHIB/USDT,0.000005,0.000000,0.00,0.00,0.00,Buy bybit Sell binance Spread 0.194%
2026-07-30T23:57:53.716187,ArbitrageScanner,SIGNAL,GRT/USDT,0.014850,0.000000,0.00,0.00,0.00,Buy bybit Sell binance Spread 0.269%
2026-07-30T23:57:53.717188,ArbitrageScanner,SIGNAL,PEPE/USDT,0.000003,0.000000,0.00,0.00,0.00,Buy bybit Sell binance Spread 0.216%
2026-07-30T23:57:53.718189,ArbitrageScanner,SIGNAL,SHIB/USDT,0.000005,0.000000,0.00,0.00,0.00,Buy bybit Sell binance Spread 0.194%
2026-07-30T23:59:02.214089,ArbitrageScanner,SIGNAL,GRT/USDT,0.014850,0.000000,0.00,0.00,0.00,Buy bybit Sell binance Spread 0.269%
2026-07-30T23:59:02.215088,ArbitrageScanner,SIGNAL,MANA/USDT,0.067500,0.000000,0.00,0.00,0.00,Buy binance Sell okx Spread 0.252%
2026-07-30T23:59:02.216089,ArbitrageScanner,SIGNAL,SNX/USDT,0.209500,0.000000,0.00,0.00,0.00,Buy bybit Sell binance Spread 0.239%
2026-07-31T00:00:13.965513,ArbitrageScanner,SIGNAL,GRT/USDT,0.014850,0.000000,0.00,0.00,0.00,Buy bybit Sell okx Spread 0.269%
2026-07-31T00:00:13.966513,ArbitrageScanner,SIGNAL,SNX/USDT,0.209500,0.000000,0.00,0.00,0.00,Buy bybit Sell binance Spread 0.239%
2026-07-31T00:00:13.967515,ArbitrageScanner,SIGNAL,LDO/USDT,0.371800,0.000000,0.00,0.00,0.00,Buy binance Sell okx Spread 0.161%
2026-07-31T00:01:23.975510,ArbitrageScanner,SIGNAL,PEPE/USDT,0.000003,0.000000,0.00,0.00,0.00,Buy bybit Sell binance Spread 0.288%
2026-07-31T00:01:23.976510,ArbitrageScanner,SIGNAL,GRT/USDT,0.014850,0.000000,0.00,0.00,0.00,Buy bybit Sell okx Spread 0.269%
2026-07-31T00:01:23.977511,ArbitrageScanner,SIGNAL,SNX/USDT,0.209500,0.000000,0.00,0.00,0.00,Buy bybit Sell binance Spread 0.239%
2026-07-31T00:02:33.651574,ArbitrageScanner,SIGNAL,GRT/USDT,0.014850,0.000000,0.00,0.00,0.00,Buy bybit Sell okx Spread 0.269%
2026-07-31T00:02:33.652575,ArbitrageScanner,SIGNAL,PEPE/USDT,0.000003,0.000000,0.00,0.00,0.00,Buy bybit Sell binance Spread 0.252%
2026-07-31T00:02:33.653576,ArbitrageScanner,SIGNAL,ENJ/USDT,0.024860,0.000000,0.00,0.00,0.00,Buy binance Sell okx Spread 0.241%
2026-07-31T00:03:43.159716,ArbitrageScanner,SIGNAL,GRT/USDT,0.014850,0.000000,0.00,0.00,0.00,Buy bybit Sell binance Spread 0.269%
2026-07-31T00:03:43.161718,ArbitrageScanner,SIGNAL,SNX/USDT,0.209500,0.000000,0.00,0.00,0.00,Buy okx Sell binance Spread 0.239%
2026-07-31T00:03:43.162718,ArbitrageScanner,SIGNAL,ENJ/USDT,0.024870,0.000000,0.00,0.00,0.00,Buy bybit Sell okx Spread 0.201%
2026-07-31T00:04:50.632929,ArbitrageScanner,SIGNAL,GRT/USDT,0.014850,0.000000,0.00,0.00,0.00,Buy bybit Sell binance Spread 0.404%
2026-07-31T00:04:50.634932,ArbitrageScanner,SIGNAL,SNX/USDT,0.209500,0.000000,0.00,0.00,0.00,Buy okx Sell binance Spread 0.239%
2026-07-31T00:04:50.635931,ArbitrageScanner,SIGNAL,PEPE/USDT,0.000003,0.000000,0.00,0.00,0.00,Buy bybit Sell binance Spread 0.216%
2026-07-31T00:05:58.805576,ArbitrageScanner,SIGNAL,SNX/USDT,0.209200,0.000000,0.00,0.00,0.00,Buy bybit Sell binance Spread 0.382%
2026-07-31T00:05:58.807576,ArbitrageScanner,SIGNAL,GRT/USDT,0.014850,0.000000,0.00,0.00,0.00,Buy bybit Sell binance Spread 0.337%
2026-07-31T00:05:58.809579,ArbitrageScanner,SIGNAL,BAT/USDT,0.066410,0.000000,0.00,0.00,0.00,Buy bybit Sell binance Spread 0.286%
2026-07-31T00:07:06.452044,ArbitrageScanner,SIGNAL,SNX/USDT,0.209200,0.000000,0.00,0.00,0.00,Buy bybit Sell binance Spread 0.382%
2026-07-31T00:07:06.454046,ArbitrageScanner,SIGNAL,BAT/USDT,0.066410,0.000000,0.00,0.00,0.00,Buy bybit Sell binance Spread 0.286%
2026-07-31T00:07:06.455047,ArbitrageScanner,SIGNAL,FET/USDT,0.144700,0.000000,0.00,0.00,0.00,Buy binance Sell okx Spread 0.276%
2026-07-31T00:08:15.313887,ArbitrageScanner,SIGNAL,SNX/USDT,0.209200,0.000000,0.00,0.00,0.00,Buy bybit Sell binance Spread 0.382%
2026-07-31T00:08:15.314889,ArbitrageScanner,SIGNAL,FET/USDT,0.144700,0.000000,0.00,0.00,0.00,Buy binance Sell okx Spread 0.276%
2026-07-31T00:08:15.315889,ArbitrageScanner,SIGNAL,GRT/USDT,0.014850,0.000000,0.00,0.00,0.00,Buy bybit Sell binance Spread 0.269%
2026-07-31T00:09:23.184304,ArbitrageScanner,SIGNAL,BAT/USDT,0.066460,0.000000,0.00,0.00,0.00,Buy bybit Sell binance Spread 0.512%
2026-07-31T00:09:23.186309,ArbitrageScanner,SIGNAL,SNX/USDT,0.209200,0.000000,0.00,0.00,0.00,Buy bybit Sell binance Spread 0.382%
2026-07-31T00:09:23.187309,ArbitrageScanner,SIGNAL,GRT/USDT,0.014850,0.000000,0.00,0.00,0.00,Buy bybit Sell binance Spread 0.269%
2026-07-31T00:10:31.990309,ArbitrageScanner,SIGNAL,SNX/USDT,0.209200,0.000000,0.00,0.00,0.00,Buy bybit Sell binance Spread 0.382%
2026-07-31T00:10:31.991309,ArbitrageScanner,SIGNAL,ENJ/USDT,0.024860,0.000000,0.00,0.00,0.00,Buy bybit Sell okx Spread 0.282%
2026-07-31T00:10:31.993311,ArbitrageScanner,SIGNAL,GRT/USDT,0.014850,0.000000,0.00,0.00,0.00,Buy bybit Sell binance Spread 0.269%
2026-07-31T00:11:40.069803,ArbitrageScanner,SIGNAL,GRT/USDT,0.014850,0.000000,0.00,0.00,0.00,Buy bybit Sell binance Spread 0.404%
2026-07-31T00:11:40.070804,ArbitrageScanner,SIGNAL,ENJ/USDT,0.024870,0.000000,0.00,0.00,0.00,Buy binance Sell okx Spread 0.241%
2026-07-31T00:11:40.072806,ArbitrageScanner,SIGNAL,SNX/USDT,0.209500,0.000000,0.00,0.00,0.00,Buy okx Sell binance Spread 0.239%
2026-07-31T00:12:48.365317,ArbitrageScanner,SIGNAL,GRT/USDT,0.014850,0.000000,0.00,0.00,0.00,Buy bybit Sell binance Spread 0.471%
2026-07-31T00:12:48.366317,ArbitrageScanner,SIGNAL,BAT/USDT,0.066800,0.000000,0.00,0.00,0.00,Buy bybit Sell okx Spread 0.254%
2026-07-31T00:12:48.367318,ArbitrageScanner,SIGNAL,SNX/USDT,0.209500,0.000000,0.00,0.00,0.00,Buy okx Sell binance Spread 0.239%
2026-07-31T00:13:58.949940,ArbitrageScanner,SIGNAL,GRT/USDT,0.014850,0.000000,0.00,0.00,0.00,Buy bybit Sell okx Spread 0.539%
2026-07-31T00:13:58.950941,ArbitrageScanner,SIGNAL,ALGO/USDT,0.079300,0.000000,0.00,0.00,0.00,Buy binance Sell okx Spread 0.328%
2026-07-31T00:13:58.951940,ArbitrageScanner,SIGNAL,SNX/USDT,0.209500,0.000000,0.00,0.00,0.00,Buy okx Sell binance Spread 0.239%
2026-07-31T00:15:14.066159,ArbitrageScanner,SIGNAL,GRT/USDT,0.014850,0.000000,0.00,0.00,0.00,Buy bybit Sell binance Spread 0.471%
2026-07-31T00:15:14.068160,ArbitrageScanner,SIGNAL,SNX/USDT,0.209500,0.000000,0.00,0.00,0.00,Buy okx Sell binance Spread 0.239%
2026-07-31T00:15:14.069161,ArbitrageScanner,SIGNAL,OP/USDT,0.089000,0.000000,0.00,0.00,0.00,Buy binance Sell bybit Spread 0.225%
2026-07-31T00:16:16.115828,DCA_Bot,BUY,BTC/USDT,64756.420000,0.000772,50.00,0.00,0.00,DCA buy
2026-07-31T00:16:25.120101,ArbitrageScanner,SIGNAL,GRT/USDT,0.014850,0.000000,0.00,0.00,0.00,Buy bybit Sell binance Spread 0.471%
2026-07-31T00:16:25.121102,ArbitrageScanner,SIGNAL,MANA/USDT,0.067100,0.000000,0.00,0.00,0.00,Buy binance Sell bybit Spread 0.298%
2026-07-31T00:16:25.122103,ArbitrageScanner,SIGNAL,ENJ/USDT,0.024880,0.000000,0.00,0.00,0.00,Buy bybit Sell okx Spread 0.281%
2026-07-31T00:17:06.688923,DexSniper,BUY,PYPLB,0.000000,0.000000,0.05,0.00,0.00,Sniped Paypal Tokenized bStocks (PYPLB)
2026-07-31T00:17:36.525905,ArbitrageScanner,SIGNAL,GRT/USDT,0.014850,0.000000,0.00,0.00,0.00,Buy bybit Sell binance Spread 0.471%
2026-07-31T00:17:36.526906,ArbitrageScanner,SIGNAL,MANA/USDT,0.067100,0.000000,0.00,0.00,0.00,Buy binance Sell bybit Spread 0.298%
2026-07-31T00:17:36.527907,ArbitrageScanner,SIGNAL,ENJ/USDT,0.024880,0.000000,0.00,0.00,0.00,Buy bybit Sell okx Spread 0.281%
2026-07-31T00:18:41.560692,DexSniper,BUY,SUP,0.000000,0.000000,0.05,0.00,0.00,Sniped SUPERBonk (SUP)
2026-07-31T00:18:46.631261,ArbitrageScanner,SIGNAL,GRT/USDT,0.014850,0.000000,0.00,0.00,0.00,Buy bybit Sell binance Spread 0.539%
2026-07-31T00:18:46.633257,ArbitrageScanner,SIGNAL,ENJ/USDT,0.024880,0.000000,0.00,0.00,0.00,Buy bybit Sell okx Spread 0.281%
2026-07-31T00:18:46.634258,ArbitrageScanner,SIGNAL,PEPE/USDT,0.000003,0.000000,0.00,0.00,0.00,Buy binance Sell okx Spread 0.252%
2026-07-31T00:19:57.614103,ArbitrageScanner,SIGNAL,GRT/USDT,0.014850,0.000000,0.00,0.00,0.00,Buy bybit Sell okx Spread 0.673%
2026-07-31T00:19:57.616105,ArbitrageScanner,SIGNAL,ENJ/USDT,0.024880,0.000000,0.00,0.00,0.00,Buy bybit Sell okx Spread 0.281%
2026-07-31T00:19:57.617106,ArbitrageScanner,SIGNAL,PEPE/USDT,0.000003,0.000000,0.00,0.00,0.00,Buy bybit Sell binance Spread 0.252%
2026-07-31T00:21:07.915670,ArbitrageScanner,SIGNAL,GRT/USDT,0.014850,0.000000,0.00,0.00,0.00,Buy bybit Sell okx Spread 0.673%
2026-07-31T00:21:07.916670,ArbitrageScanner,SIGNAL,ENJ/USDT,0.024880,0.000000,0.00,0.00,0.00,Buy bybit Sell okx Spread 0.281%
2026-07-31T00:21:07.918674,ArbitrageScanner,SIGNAL,PEPE/USDT,0.000003,0.000000,0.00,0.00,0.00,Buy bybit Sell binance Spread 0.216%
2026-07-31T00:22:17.957942,ArbitrageScanner,SIGNAL,GRT/USDT,0.014850,0.000000,0.00,0.00,0.00,Buy bybit Sell okx Spread 0.673%
2026-07-31T00:22:17.958946,ArbitrageScanner,SIGNAL,SNX/USDT,0.208000,0.000000,0.00,0.00,0.00,Buy binance Sell bybit Spread 0.481%
2026-07-31T00:22:17.959947,ArbitrageScanner,SIGNAL,ENJ/USDT,0.024880,0.000000,0.00,0.00,0.00,Buy binance Sell okx Spread 0.281%
2026-07-31T00:23:17.114631,DexSniper,BUY,🐯BETT,0.000000,0.000000,0.05,0.00,0.00,Sniped 🐯BetterSilly (🐯BETT)
2026-07-31T00:23:29.696551,ArbitrageScanner,SIGNAL,GRT/USDT,0.014850,0.000000,0.00,0.00,0.00,Buy bybit Sell okx Spread 0.673%
2026-07-31T00:23:29.698554,ArbitrageScanner,SIGNAL,SNX/USDT,0.208000,0.000000,0.00,0.00,0.00,Buy binance Sell bybit Spread 0.481%
2026-07-31T00:23:29.699553,ArbitrageScanner,SIGNAL,MANA/USDT,0.067100,0.000000,0.00,0.00,0.00,Buy binance Sell okx Spread 0.313%
2026-07-31T00:24:41.266258,ArbitrageScanner,SIGNAL,GRT/USDT,0.014850,0.000000,0.00,0.00,0.00,Buy bybit Sell okx Spread 0.673%
2026-07-31T00:24:41.267314,ArbitrageScanner,SIGNAL,SNX/USDT,0.208000,0.000000,0.00,0.00,0.00,Buy binance Sell bybit Spread 0.481%
2026-07-31T00:24:41.268788,ArbitrageScanner,SIGNAL,MANA/USDT,0.067100,0.000000,0.00,0.00,0.00,Buy binance Sell okx Spread 0.313%
2026-07-31T00:26:06.054506,ArbitrageScanner,SIGNAL,GRT/USDT,0.014850,0.000000,0.00,0.00,0.00,Buy bybit Sell okx Spread 0.539%
2026-07-31T00:26:06.055508,ArbitrageScanner,SIGNAL,SNX/USDT,0.208000,0.000000,0.00,0.00,0.00,Buy binance Sell bybit Spread 0.481%
2026-07-31T00:26:06.056508,ArbitrageScanner,SIGNAL,ENJ/USDT,0.024880,0.000000,0.00,0.00,0.00,Buy bybit Sell okx Spread 0.281%
2026-07-31T00:27:17.898836,ArbitrageScanner,SIGNAL,GRT/USDT,0.014850,0.000000,0.00,0.00,0.00,Buy bybit Sell okx Spread 0.539%
2026-07-31T00:27:17.899838,ArbitrageScanner,SIGNAL,SNX/USDT,0.208000,0.000000,0.00,0.00,0.00,Buy binance Sell bybit Spread 0.481%
2026-07-31T00:27:17.900840,ArbitrageScanner,SIGNAL,ENJ/USDT,0.024870,0.000000,0.00,0.00,0.00,Buy bybit Sell okx Spread 0.322%
2026-07-31T00:28:30.323952,ArbitrageScanner,SIGNAL,GRT/USDT,0.014850,0.000000,0.00,0.00,0.00,Buy bybit Sell okx Spread 0.539%
2026-07-31T00:28:30.325955,ArbitrageScanner,SIGNAL,SNX/USDT,0.208000,0.000000,0.00,0.00,0.00,Buy binance Sell okx Spread 0.337%
2026-07-31T00:28:30.327955,ArbitrageScanner,SIGNAL,ENJ/USDT,0.024870,0.000000,0.00,0.00,0.00,Buy bybit Sell okx Spread 0.322%
2026-07-31T00:29:41.900602,ArbitrageScanner,SIGNAL,GRT/USDT,0.014850,0.000000,0.00,0.00,0.00,Buy bybit Sell okx Spread 0.539%
2026-07-31T00:29:41.901604,ArbitrageScanner,SIGNAL,SNX/USDT,0.208000,0.000000,0.00,0.00,0.00,Buy binance Sell okx Spread 0.337%
2026-07-31T00:29:41.902604,ArbitrageScanner,SIGNAL,ENJ/USDT,0.024870,0.000000,0.00,0.00,0.00,Buy bybit Sell okx Spread 0.322%
2026-07-31T00:30:01.550231,DexSniper,BUY,USDTB,0.000000,0.000000,0.05,0.00,0.00,Sniped USDTB (USDTB)
2026-07-31T00:30:52.861089,ArbitrageScanner,SIGNAL,GRT/USDT,0.014850,0.000000,0.00,0.00,0.00,Buy bybit Sell okx Spread 0.539%
2026-07-31T00:30:52.864091,ArbitrageScanner,SIGNAL,ENJ/USDT,0.024870,0.000000,0.00,0.00,0.00,Buy bybit Sell okx Spread 0.322%
2026-07-31T00:30:52.865092,ArbitrageScanner,SIGNAL,SAND/USDT,0.041490,0.000000,0.00,0.00,0.00,Buy binance Sell bybit Spread 0.289%
2026-07-31T00:31:35.672297,DexSniper,BUY,BANK,0.000000,0.000000,0.05,0.00,0.00,Sniped Lorenzo Governance Token (BANK)
2026-07-31T00:32:02.799269,ArbitrageScanner,SIGNAL,GRT/USDT,0.014850,0.000000,0.00,0.00,0.00,Buy bybit Sell okx Spread 0.539%
2026-07-31T00:32:02.800271,ArbitrageScanner,SIGNAL,BAT/USDT,0.066800,0.000000,0.00,0.00,0.00,Buy binance Sell okx Spread 0.299%
2026-07-31T00:32:02.801271,ArbitrageScanner,SIGNAL,SAND/USDT,0.041490,0.000000,0.00,0.00,0.00,Buy binance Sell bybit Spread 0.289%
2026-07-31T00:33:13.754591,ArbitrageScanner,SIGNAL,GRT/USDT,0.014850,0.000000,0.00,0.00,0.00,Buy bybit Sell okx Spread 0.539%
2026-07-31T00:33:13.756592,ArbitrageScanner,SIGNAL,SNX/USDT,0.208000,0.000000,0.00,0.00,0.00,Buy binance Sell okx Spread 0.433%
2026-07-31T00:33:13.757595,ArbitrageScanner,SIGNAL,SAND/USDT,0.041490,0.000000,0.00,0.00,0.00,Buy binance Sell bybit Spread 0.289%
2026-07-31T00:34:23.787045,ArbitrageScanner,SIGNAL,GRT/USDT,0.014850,0.000000,0.00,0.00,0.00,Buy bybit Sell okx Spread 0.539%
2026-07-31T00:34:23.789047,ArbitrageScanner,SIGNAL,SNX/USDT,0.208000,0.000000,0.00,0.00,0.00,Buy binance Sell okx Spread 0.385%
2026-07-31T00:34:23.790048,ArbitrageScanner,SIGNAL,PEPE/USDT,0.000003,0.000000,0.00,0.00,0.00,Buy bybit Sell binance Spread 0.324%
2026-07-31T00:34:40.388040,DexSniper,BUY,SUP⭐,0.000000,0.000000,0.05,0.00,0.00,Sniped SUPERCYCLEChain⭐ (SUP⭐)
2026-07-31T00:35:35.706476,ArbitrageScanner,SIGNAL,GRT/USDT,0.014850,0.000000,0.00,0.00,0.00,Buy bybit Sell okx Spread 0.539%
2026-07-31T00:35:35.708478,ArbitrageScanner,SIGNAL,SNX/USDT,0.208000,0.000000,0.00,0.00,0.00,Buy binance Sell okx Spread 0.433%
2026-07-31T00:35:35.709480,ArbitrageScanner,SIGNAL,SAND/USDT,0.041490,0.000000,0.00,0.00,0.00,Buy binance Sell bybit Spread 0.289%
2026-07-31T00:36:44.832138,DexSniper,BUY,🐲BONK,0.000000,0.000000,0.05,0.00,0.00,Sniped 🐲BonkGang V3 (🐲BONK)
2026-07-31T00:36:47.554056,ArbitrageScanner,SIGNAL,GRT/USDT,0.014850,0.000000,0.00,0.00,0.00,Buy bybit Sell okx Spread 0.539%
2026-07-31T00:36:47.556054,ArbitrageScanner,SIGNAL,SNX/USDT,0.208000,0.000000,0.00,0.00,0.00,Buy binance Sell okx Spread 0.433%
2026-07-31T00:36:47.556054,ArbitrageScanner,SIGNAL,SAND/USDT,0.041490,0.000000,0.00,0.00,0.00,Buy binance Sell bybit Spread 0.289%
2026-07-31T00:37:48.513066,DexSniper,BUY,资本金融,0.000000,0.000000,0.05,0.00,0.00,Sniped 资本金融 (资本金融)
2026-07-31T00:38:00.693266,ArbitrageScanner,SIGNAL,GRT/USDT,0.014850,0.000000,0.00,0.00,0.00,Buy bybit Sell okx Spread 0.539%
2026-07-31T00:38:00.696270,ArbitrageScanner,SIGNAL,SNX/USDT,0.208000,0.000000,0.00,0.00,0.00,Buy binance Sell okx Spread 0.433%
2026-07-31T00:38:00.697809,ArbitrageScanner,SIGNAL,SAND/USDT,0.041490,0.000000,0.00,0.00,0.00,Buy binance Sell bybit Spread 0.289%
2026-07-31T00:38:52.098106,DexSniper,BUY,,0.000000,0.000000,0.05,0.00,0.00,Sniped  ()
2026-07-31T00:39:13.425554,ArbitrageScanner,SIGNAL,GRT/USDT,0.014850,0.000000,0.00,0.00,0.00,Buy bybit Sell okx Spread 0.337%
2026-07-31T00:39:13.428557,ArbitrageScanner,SIGNAL,SAND/USDT,0.041490,0.000000,0.00,0.00,0.00,Buy binance Sell bybit Spread 0.289%
2026-07-31T00:39:13.429557,ArbitrageScanner,SIGNAL,BAT/USDT,0.066720,0.000000,0.00,0.00,0.00,Buy bybit Sell okx Spread 0.195%
2026-07-31T00:40:25.602366,ArbitrageScanner,SIGNAL,SNX/USDT,0.208000,0.000000,0.00,0.00,0.00,Buy binance Sell okx Spread 0.385%
2026-07-31T00:40:25.603369,ArbitrageScanner,SIGNAL,GRT/USDT,0.014850,0.000000,0.00,0.00,0.00,Buy bybit Sell okx Spread 0.337%
2026-07-31T00:40:25.604369,ArbitrageScanner,SIGNAL,SAND/USDT,0.041480,0.000000,0.00,0.00,0.00,Buy okx Sell bybit Spread 0.313%
2026-07-31T00:41:27.446225,DexSniper,BUY,BOS,0.000000,0.000000,0.05,0.00,0.00,Sniped Bitcos Prime (BOS)
2026-07-31T00:41:36.250162,ArbitrageScanner,SIGNAL,SNX/USDT,0.208000,0.000000,0.00,0.00,0.00,Buy binance Sell okx Spread 0.433%
2026-07-31T00:41:36.251163,ArbitrageScanner,SIGNAL,GRT/USDT,0.014850,0.000000,0.00,0.00,0.00,Buy bybit Sell okx Spread 0.337%
2026-07-31T00:41:36.251163,ArbitrageScanner,SIGNAL,SAND/USDT,0.041480,0.000000,0.00,0.00,0.00,Buy okx Sell bybit Spread 0.313%
2026-07-31T00:42:48.044827,ArbitrageScanner,SIGNAL,SNX/USDT,0.208000,0.000000,0.00,0.00,0.00,Buy binance Sell okx Spread 0.433%
2026-07-31T00:42:48.045827,ArbitrageScanner,SIGNAL,GRT/USDT,0.014850,0.000000,0.00,0.00,0.00,Buy bybit Sell okx Spread 0.337%
2026-07-31T00:42:48.046828,ArbitrageScanner,SIGNAL,SAND/USDT,0.041480,0.000000,0.00,0.00,0.00,Buy okx Sell bybit Spread 0.313%
2026-07-31T00:44:00.471765,ArbitrageScanner,SIGNAL,GRT/USDT,0.014850,0.000000,0.00,0.00,0.00,Buy bybit Sell okx Spread 0.337%
2026-07-31T00:44:00.472766,ArbitrageScanner,SIGNAL,SAND/USDT,0.041480,0.000000,0.00,0.00,0.00,Buy okx Sell bybit Spread 0.313%
2026-07-31T00:44:00.473767,ArbitrageScanner,SIGNAL,SNX/USDT,0.208000,0.000000,0.00,0.00,0.00,Buy binance Sell bybit Spread 0.288%
2026-07-31T00:45:11.893266,ArbitrageScanner,SIGNAL,SNX/USDT,0.208000,0.000000,0.00,0.00,0.00,Buy binance Sell okx Spread 0.385%
2026-07-31T00:45:11.894267,ArbitrageScanner,SIGNAL,GRT/USDT,0.014850,0.000000,0.00,0.00,0.00,Buy bybit Sell okx Spread 0.337%
2026-07-31T00:45:11.895267,ArbitrageScanner,SIGNAL,SAND/USDT,0.041490,0.000000,0.00,0.00,0.00,Buy binance Sell bybit Spread 0.289%
2026-07-31T00:46:22.355651,ArbitrageScanner,SIGNAL,GRT/USDT,0.014850,0.000000,0.00,0.00,0.00,Buy bybit Sell okx Spread 0.337%
2026-07-31T00:46:22.356646,ArbitrageScanner,SIGNAL,SAND/USDT,0.041480,0.000000,0.00,0.00,0.00,Buy binance Sell bybit Spread 0.313%
2026-07-31T00:46:22.357647,ArbitrageScanner,SIGNAL,SNX/USDT,0.208000,0.000000,0.00,0.00,0.00,Buy binance Sell bybit Spread 0.288%
2026-07-31T00:47:03.431645,DexSniper,BUY,OCEAN,0.000000,0.000000,0.05,0.00,0.00,Sniped OCEAN (oceanbnb.vip) (OCEAN)
2026-07-31T00:47:31.392620,ArbitrageScanner,SIGNAL,GRT/USDT,0.014850,0.000000,0.00,0.00,0.00,Buy bybit Sell okx Spread 0.337%
2026-07-31T00:47:31.394623,ArbitrageScanner,SIGNAL,ENJ/USDT,0.024920,0.000000,0.00,0.00,0.00,Buy bybit Sell binance Spread 0.241%
2026-07-31T00:47:31.396623,ArbitrageScanner,SIGNAL,COMP/USDT,16.630000,0.000000,0.00,0.00,0.00,Buy binance Sell bybit Spread 0.241%
2026-07-31T00:48:37.286652,DexSniper,BUY,NOCK,0.000000,0.000000,0.05,0.00,0.00,Sniped Nock Finance (NOCK)
2026-07-31T00:48:41.533756,ArbitrageScanner,SIGNAL,GRT/USDT,0.014850,0.000000,0.00,0.00,0.00,Buy bybit Sell okx Spread 0.337%
2026-07-31T00:48:41.535756,ArbitrageScanner,SIGNAL,ENJ/USDT,0.024920,0.000000,0.00,0.00,0.00,Buy bybit Sell binance Spread 0.241%
2026-07-31T00:48:41.537758,ArbitrageScanner,SIGNAL,AXS/USDT,0.832000,0.000000,0.00,0.00,0.00,Buy binance Sell bybit Spread 0.240%
2026-07-31T00:50:10.959992,DexSniper,BUY,DRAG,0.000000,0.000000,0.05,0.00,0.00,Sniped Dragon (DRAG)
2026-07-31T00:50:25.032132,ArbitrageScanner,SIGNAL,1INCH/USDT,0.084900,0.000000,0.00,0.00,0.00,Buy binance Sell bybit Spread 0.247%
2026-07-31T00:50:25.196491,ArbitrageScanner,SIGNAL,ENJ/USDT,0.024920,0.000000,0.00,0.00,0.00,Buy bybit Sell binance Spread 0.241%
2026-07-31T00:51:35.063115,ArbitrageScanner,SIGNAL,GRT/USDT,0.014850,0.000000,0.00,0.00,0.00,Buy bybit Sell okx Spread 0.337%
2026-07-31T00:51:35.065119,ArbitrageScanner,SIGNAL,1INCH/USDT,0.084900,0.000000,0.00,0.00,0.00,Buy binance Sell bybit Spread 0.247%
2026-07-31T00:51:35.067118,ArbitrageScanner,SIGNAL,AXS/USDT,0.832000,0.000000,0.00,0.00,0.00,Buy binance Sell bybit Spread 0.240%
2026-07-31T00:52:50.611651,ArbitrageScanner,SIGNAL,PEPE/USDT,0.000003,0.000000,0.00,0.00,0.00,Buy bybit Sell binance Spread 0.360%
2026-07-31T00:52:50.613395,ArbitrageScanner,SIGNAL,GRT/USDT,0.014850,0.000000,0.00,0.00,0.00,Buy bybit Sell okx Spread 0.337%
2026-07-31T00:52:50.614400,ArbitrageScanner,SIGNAL,MANA/USDT,0.066900,0.000000,0.00,0.00,0.00,Buy binance Sell okx Spread 0.254%
2026-07-31T00:54:01.530444,ArbitrageScanner,SIGNAL,GRT/USDT,0.014850,0.000000,0.00,0.00,0.00,Buy bybit Sell okx Spread 0.337%
2026-07-31T00:54:01.532445,ArbitrageScanner,SIGNAL,MANA/USDT,0.066900,0.000000,0.00,0.00,0.00,Buy binance Sell okx Spread 0.254%
2026-07-31T00:54:01.534447,ArbitrageScanner,SIGNAL,ARB/USDT,0.077900,0.000000,0.00,0.00,0.00,Buy binance Sell okx Spread 0.218%
2026-07-31T00:55:12.075904,ArbitrageScanner,SIGNAL,GRT/USDT,0.014850,0.000000,0.00,0.00,0.00,Buy bybit Sell okx Spread 0.337%
2026-07-31T00:55:12.076905,ArbitrageScanner,SIGNAL,ZRX/USDT,0.078600,0.000000,0.00,0.00,0.00,Buy binance Sell bybit Spread 0.178%
2026-07-31T00:55:12.077906,ArbitrageScanner,SIGNAL,ARB/USDT,0.077900,0.000000,0.00,0.00,0.00,Buy binance Sell okx Spread 0.167%
2026-07-31T00:56:23.784705,ArbitrageScanner,SIGNAL,SNX/USDT,0.208100,0.000000,0.00,0.00,0.00,Buy bybit Sell binance Spread 0.432%
2026-07-31T00:56:23.785705,ArbitrageScanner,SIGNAL,GRT/USDT,0.014850,0.000000,0.00,0.00,0.00,Buy bybit Sell okx Spread 0.337%
2026-07-31T00:56:23.786706,ArbitrageScanner,SIGNAL,ENJ/USDT,0.024930,0.000000,0.00,0.00,0.00,Buy bybit Sell binance Spread 0.201%
2026-07-31T00:57:34.517047,ArbitrageScanner,SIGNAL,GRT/USDT,0.014850,0.000000,0.00,0.00,0.00,Buy bybit Sell okx Spread 0.337%
2026-07-31T00:57:34.519057,ArbitrageScanner,SIGNAL,OP/USDT,0.088600,0.000000,0.00,0.00,0.00,Buy binance Sell bybit Spread 0.226%
2026-07-31T00:57:34.520051,ArbitrageScanner,SIGNAL,ENJ/USDT,0.024930,0.000000,0.00,0.00,0.00,Buy bybit Sell binance Spread 0.201%
2026-07-31T00:58:40.374542,DexSniper,BUY,CLARUS,0.000000,0.000000,0.05,0.00,0.00,Sniped Clarus the Dogcow (CLARUS)
2026-07-31T00:58:44.523316,ArbitrageScanner,SIGNAL,GRT/USDT,0.014850,0.000000,0.00,0.00,0.00,Buy bybit Sell okx Spread 0.539%
2026-07-31T00:58:44.524316,ArbitrageScanner,SIGNAL,1INCH/USDT,0.084900,0.000000,0.00,0.00,0.00,Buy binance Sell bybit Spread 0.283%
2026-07-31T00:58:44.525317,ArbitrageScanner,SIGNAL,PEPE/USDT,0.000003,0.000000,0.00,0.00,0.00,Buy binance Sell bybit Spread 0.217%
2026-07-31T00:58:45.002116,DexSniper,BUY,CLARUS,0.000000,0.000000,0.05,0.00,0.00,Sniped Clarus the Dogcow (CLARUS)
2026-07-31T00:59:51.054339,DexSniper,BUY,云谕,0.000000,0.000000,0.05,0.00,0.00,Sniped 云端神谕  (云谕)
2026-07-31T00:59:54.918019,ArbitrageScanner,SIGNAL,GRT/USDT,0.014850,0.000000,0.00,0.00,0.00,Buy bybit Sell okx Spread 0.539%
2026-07-31T00:59:54.919020,ArbitrageScanner,SIGNAL,1INCH/USDT,0.084900,0.000000,0.00,0.00,0.00,Buy binance Sell bybit Spread 0.271%
2026-07-31T00:59:54.920021,ArbitrageScanner,SIGNAL,MANA/USDT,0.067100,0.000000,0.00,0.00,0.00,Buy binance Sell okx Spread 0.224%
2026-07-31T01:01:08.300866,ArbitrageScanner,SIGNAL,GRT/USDT,0.014850,0.000000,0.00,0.00,0.00,Buy bybit Sell okx Spread 0.539%
2026-07-31T01:01:08.301867,ArbitrageScanner,SIGNAL,FET/USDT,0.144100,0.000000,0.00,0.00,0.00,Buy binance Sell bybit Spread 0.208%
2026-07-31T01:01:08.302868,ArbitrageScanner,SIGNAL,ENJ/USDT,0.024930,0.000000,0.00,0.00,0.00,Buy bybit Sell binance Spread 0.201%
2026-07-31T01:02:18.294562,ArbitrageScanner,SIGNAL,GRT/USDT,0.014850,0.000000,0.00,0.00,0.00,Buy bybit Sell okx Spread 0.539%
2026-07-31T01:02:18.295563,ArbitrageScanner,SIGNAL,PEPE/USDT,0.000003,0.000000,0.00,0.00,0.00,Buy bybit Sell binance Spread 0.252%
2026-07-31T01:02:18.326271,ArbitrageScanner,SIGNAL,ENJ/USDT,0.024920,0.000000,0.00,0.00,0.00,Buy bybit Sell binance Spread 0.241%
2026-07-31T01:03:29.957753,ArbitrageScanner,SIGNAL,GRT/USDT,0.014850,0.000000,0.00,0.00,0.00,Buy bybit Sell okx Spread 0.606%
2026-07-31T01:03:29.958755,ArbitrageScanner,SIGNAL,ARB/USDT,0.077870,0.000000,0.00,0.00,0.00,Buy bybit Sell okx Spread 0.257%
2026-07-31T01:03:29.959756,ArbitrageScanner,SIGNAL,ENJ/USDT,0.024920,0.000000,0.00,0.00,0.00,Buy bybit Sell binance Spread 0.241%
2026-07-31T01:03:37.461610,DexSniper,BUY,兔子钻石,0.000000,0.000000,0.05,0.00,0.00,Sniped 兔子钻石 (兔子钻石)
2026-07-31T01:04:40.836922,ArbitrageScanner,SIGNAL,GRT/USDT,0.014850,0.000000,0.00,0.00,0.00,Buy bybit Sell binance Spread 0.741%
2026-07-31T01:04:40.837924,ArbitrageScanner,SIGNAL,ENJ/USDT,0.024920,0.000000,0.00,0.00,0.00,Buy bybit Sell binance Spread 0.361%
2026-07-31T01:04:40.838925,ArbitrageScanner,SIGNAL,ARB/USDT,0.077870,0.000000,0.00,0.00,0.00,Buy bybit Sell binance Spread 0.295%
2026-07-31T01:05:50.364501,ArbitrageScanner,SIGNAL,GRT/USDT,0.014850,0.000000,0.00,0.00,0.00,Buy bybit Sell binance Spread 0.741%
2026-07-31T01:05:50.365502,ArbitrageScanner,SIGNAL,ENJ/USDT,0.024950,0.000000,0.00,0.00,0.00,Buy okx Sell bybit Spread 0.561%
2026-07-31T01:05:50.366502,ArbitrageScanner,SIGNAL,SNX/USDT,0.208000,0.000000,0.00,0.00,0.00,Buy binance Sell okx Spread 0.481%
2026-07-31T01:06:59.574430,ArbitrageScanner,SIGNAL,GRT/USDT,0.014850,0.000000,0.00,0.00,0.00,Buy bybit Sell binance Spread 0.741%
2026-07-31T01:06:59.575431,ArbitrageScanner,SIGNAL,SNX/USDT,0.208000,0.000000,0.00,0.00,0.00,Buy binance Sell okx Spread 0.481%
2026-07-31T01:06:59.576432,ArbitrageScanner,SIGNAL,ENJ/USDT,0.024950,0.000000,0.00,0.00,0.00,Buy okx Sell bybit Spread 0.401%
2026-07-31T01:08:10.170398,ArbitrageScanner,SIGNAL,GRT/USDT,0.014850,0.000000,0.00,0.00,0.00,Buy bybit Sell binance Spread 0.741%
2026-07-31T01:08:10.172402,ArbitrageScanner,SIGNAL,SNX/USDT,0.208000,0.000000,0.00,0.00,0.00,Buy binance Sell okx Spread 0.481%
2026-07-31T01:08:10.174402,ArbitrageScanner,SIGNAL,ENJ/USDT,0.024950,0.000000,0.00,0.00,0.00,Buy okx Sell bybit Spread 0.401%
2026-07-31T01:09:21.512867,ArbitrageScanner,SIGNAL,GRT/USDT,0.014850,0.000000,0.00,0.00,0.00,Buy bybit Sell binance Spread 0.673%
2026-07-31T01:09:21.514866,ArbitrageScanner,SIGNAL,SNX/USDT,0.208000,0.000000,0.00,0.00,0.00,Buy binance Sell okx Spread 0.481%
2026-07-31T01:09:21.516868,ArbitrageScanner,SIGNAL,ENJ/USDT,0.024950,0.000000,0.00,0.00,0.00,Buy okx Sell bybit Spread 0.401%
2026-07-31T01:10:32.507065,ArbitrageScanner,SIGNAL,GRT/USDT,0.014850,0.000000,0.00,0.00,0.00,Buy bybit Sell okx Spread 0.943%
2026-07-31T01:10:32.508065,ArbitrageScanner,SIGNAL,SNX/USDT,0.208000,0.000000,0.00,0.00,0.00,Buy binance Sell okx Spread 0.481%
2026-07-31T01:10:32.509066,ArbitrageScanner,SIGNAL,PEPE/USDT,0.000003,0.000000,0.00,0.00,0.00,Buy bybit Sell binance Spread 0.252%
2026-07-31T01:11:41.609585,ArbitrageScanner,SIGNAL,GRT/USDT,0.014850,0.000000,0.00,0.00,0.00,Buy bybit Sell okx Spread 0.943%
2026-07-31T01:11:41.610587,ArbitrageScanner,SIGNAL,SNX/USDT,0.208000,0.000000,0.00,0.00,0.00,Buy binance Sell okx Spread 0.481%
2026-07-31T01:11:41.611587,ArbitrageScanner,SIGNAL,PEPE/USDT,0.000003,0.000000,0.00,0.00,0.00,Buy bybit Sell binance Spread 0.288%
2026-07-31T01:12:50.932374,ArbitrageScanner,SIGNAL,GRT/USDT,0.014850,0.000000,0.00,0.00,0.00,Buy bybit Sell okx Spread 0.808%
2026-07-31T01:12:50.933375,ArbitrageScanner,SIGNAL,SNX/USDT,0.208000,0.000000,0.00,0.00,0.00,Buy binance Sell okx Spread 0.481%
2026-07-31T01:12:50.934377,ArbitrageScanner,SIGNAL,APT/USDT,0.573000,0.000000,0.00,0.00,0.00,Buy binance Sell okx Spread 0.262%
2026-07-31T01:14:00.008074,ArbitrageScanner,SIGNAL,GRT/USDT,0.014850,0.000000,0.00,0.00,0.00,Buy bybit Sell okx Spread 0.808%
2026-07-31T01:14:00.009074,ArbitrageScanner,SIGNAL,APT/USDT,0.573000,0.000000,0.00,0.00,0.00,Buy binance Sell okx Spread 0.262%
2026-07-31T01:14:00.010076,ArbitrageScanner,SIGNAL,ENJ/USDT,0.024950,0.000000,0.00,0.00,0.00,Buy okx Sell binance Spread 0.240%
2026-07-31T01:15:09.434631,ArbitrageScanner,SIGNAL,GRT/USDT,0.014850,0.000000,0.00,0.00,0.00,Buy bybit Sell okx Spread 0.808%
2026-07-31T01:15:09.435633,ArbitrageScanner,SIGNAL,SNX/USDT,0.208000,0.000000,0.00,0.00,0.00,Buy binance Sell okx Spread 0.481%
2026-07-31T01:15:09.436633,ArbitrageScanner,SIGNAL,APT/USDT,0.573000,0.000000,0.00,0.00,0.00,Buy binance Sell okx Spread 0.262%
2026-07-31T01:16:19.792294,ArbitrageScanner,SIGNAL,GRT/USDT,0.014850,0.000000,0.00,0.00,0.00,Buy bybit Sell okx Spread 0.808%
2026-07-31T01:16:19.794297,ArbitrageScanner,SIGNAL,SNX/USDT,0.208000,0.000000,0.00,0.00,0.00,Buy binance Sell okx Spread 0.481%
2026-07-31T01:16:19.795297,ArbitrageScanner,SIGNAL,APT/USDT,0.573000,0.000000,0.00,0.00,0.00,Buy binance Sell okx Spread 0.262%
2026-07-31T01:16:26.926137,DexSniper,BUY,WOOD,0.000000,0.000000,0.05,0.00,0.00,Sniped Sherwood Protocol
2026-07-31T01:17:29.686443,ArbitrageScanner,SIGNAL,GRT/USDT,0.014850,0.000000,0.00,0.00,0.00,Buy bybit Sell okx Spread 0.808%
2026-07-31T01:17:29.687444,ArbitrageScanner,SIGNAL,SNX/USDT,0.208000,0.000000,0.00,0.00,0.00,Buy binance Sell okx Spread 0.481%
2026-07-31T01:17:29.688446,ArbitrageScanner,SIGNAL,ZRX/USDT,0.078500,0.000000,0.00,0.00,0.00,Buy binance Sell okx Spread 0.229%
2026-07-31T01:18:39.920703,ArbitrageScanner,SIGNAL,GRT/USDT,0.014850,0.000000,0.00,0.00,0.00,Buy bybit Sell binance Spread 0.808%
2026-07-31T01:18:39.922706,ArbitrageScanner,SIGNAL,SNX/USDT,0.208000,0.000000,0.00,0.00,0.00,Buy binance Sell okx Spread 0.240%
2026-07-31T01:18:39.924708,ArbitrageScanner,SIGNAL,SAND/USDT,0.041300,0.000000,0.00,0.00,0.00,Buy binance Sell okx Spread 0.218%
2026-07-31T01:19:50.336542,ArbitrageScanner,SIGNAL,GRT/USDT,0.014850,0.000000,0.00,0.00,0.00,Buy bybit Sell binance Spread 0.875%
2026-07-31T01:19:50.337543,ArbitrageScanner,SIGNAL,COMP/USDT,16.610000,0.000000,0.00,0.00,0.00,Buy binance Sell bybit Spread 0.301%
2026-07-31T01:19:50.338544,ArbitrageScanner,SIGNAL,SNX/USDT,0.208000,0.000000,0.00,0.00,0.00,Buy binance Sell okx Spread 0.240%
2026-07-31T01:21:00.920830,ArbitrageScanner,SIGNAL,BAT/USDT,0.066300,0.000000,0.00,0.00,0.00,Buy binance Sell bybit Spread 0.241%
2026-07-31T01:21:00.922832,ArbitrageScanner,SIGNAL,SNX/USDT,0.208000,0.000000,0.00,0.00,0.00,Buy binance Sell okx Spread 0.240%
2026-07-31T01:21:00.923832,ArbitrageScanner,SIGNAL,MANA/USDT,0.067200,0.000000,0.00,0.00,0.00,Buy binance Sell bybit Spread 0.223%
2026-07-31T01:22:09.678807,ArbitrageScanner,SIGNAL,PEPE/USDT,0.000003,0.000000,0.00,0.00,0.00,Buy binance Sell okx Spread 0.289%
2026-07-31T01:22:09.680790,ArbitrageScanner,SIGNAL,GRT/USDT,0.014940,0.000000,0.00,0.00,0.00,Buy bybit Sell okx Spread 0.201%
2026-07-31T01:22:09.683794,ArbitrageScanner,SIGNAL,SNX/USDT,0.208000,0.000000,0.00,0.00,0.00,Buy binance Sell okx Spread 0.192%
2026-07-31T01:23:19.269898,ArbitrageScanner,SIGNAL,SNX/USDT,0.208000,0.000000,0.00,0.00,0.00,Buy binance Sell okx Spread 0.240%
2026-07-31T01:23:19.271451,ArbitrageScanner,SIGNAL,GRT/USDT,0.014940,0.000000,0.00,0.00,0.00,Buy bybit Sell okx Spread 0.201%
2026-07-31T01:23:19.272997,ArbitrageScanner,SIGNAL,ZRX/USDT,0.078600,0.000000,0.00,0.00,0.00,Buy binance Sell bybit Spread 0.165%
2026-07-31T01:24:29.562554,ArbitrageScanner,SIGNAL,GRT/USDT,0.014940,0.000000,0.00,0.00,0.00,Buy bybit Sell okx Spread 0.268%
2026-07-31T01:24:29.564557,ArbitrageScanner,SIGNAL,ALGO/USDT,0.078940,0.000000,0.00,0.00,0.00,Buy bybit Sell binance Spread 0.203%
2026-07-31T01:24:29.565558,ArbitrageScanner,SIGNAL,SNX/USDT,0.208000,0.000000,0.00,0.00,0.00,Buy binance Sell okx Spread 0.192%
2026-07-31T01:25:40.007698,ArbitrageScanner,SIGNAL,GRT/USDT,0.014940,0.000000,0.00,0.00,0.00,Buy bybit Sell okx Spread 0.268%
2026-07-31T01:25:40.008699,ArbitrageScanner,SIGNAL,PEPE/USDT,0.000003,0.000000,0.00,0.00,0.00,Buy bybit Sell binance Spread 0.252%
2026-07-31T01:25:40.009699,ArbitrageScanner,SIGNAL,BAT/USDT,0.066140,0.000000,0.00,0.00,0.00,Buy bybit Sell okx Spread 0.212%
2026-07-31T01:26:50.201381,ArbitrageScanner,SIGNAL,SNX/USDT,0.208000,0.000000,0.00,0.00,0.00,Buy binance Sell okx Spread 0.288%
2026-07-31T01:26:50.203385,ArbitrageScanner,SIGNAL,GRT/USDT,0.014940,0.000000,0.00,0.00,0.00,Buy bybit Sell okx Spread 0.268%
2026-07-31T01:26:50.203385,ArbitrageScanner,SIGNAL,1INCH/USDT,0.085000,0.000000,0.00,0.00,0.00,Buy binance Sell okx Spread 0.176%
2026-07-31T01:28:03.095439,ArbitrageScanner,SIGNAL,SNX/USDT,0.208000,0.000000,0.00,0.00,0.00,Buy binance Sell okx Spread 0.288%
2026-07-31T01:28:03.096439,ArbitrageScanner,SIGNAL,GRT/USDT,0.014940,0.000000,0.00,0.00,0.00,Buy bybit Sell okx Spread 0.268%
2026-07-31T01:28:03.097440,ArbitrageScanner,SIGNAL,PEPE/USDT,0.000003,0.000000,0.00,0.00,0.00,Buy bybit Sell binance Spread 0.252%
2026-07-31T01:29:18.878069,ArbitrageScanner,SIGNAL,SNX/USDT,0.208000,0.000000,0.00,0.00,0.00,Buy binance Sell okx Spread 0.288%
2026-07-31T01:29:18.880072,ArbitrageScanner,SIGNAL,GRT/USDT,0.014940,0.000000,0.00,0.00,0.00,Buy bybit Sell okx Spread 0.268%
2026-07-31T01:29:18.881073,ArbitrageScanner,SIGNAL,AXS/USDT,0.829000,0.000000,0.00,0.00,0.00,Buy bybit Sell okx Spread 0.253%
2026-07-31T01:30:31.576618,ArbitrageScanner,SIGNAL,SNX/USDT,0.208000,0.000000,0.00,0.00,0.00,Buy binance Sell bybit Spread 0.337%
2026-07-31T01:30:31.577618,ArbitrageScanner,SIGNAL,GRT/USDT,0.014940,0.000000,0.00,0.00,0.00,Buy bybit Sell okx Spread 0.268%
2026-07-31T01:30:31.578619,ArbitrageScanner,SIGNAL,AXS/USDT,0.829000,0.000000,0.00,0.00,0.00,Buy bybit Sell okx Spread 0.253%
2026-07-31T01:31:45.104935,ArbitrageScanner,SIGNAL,SNX/USDT,0.208000,0.000000,0.00,0.00,0.00,Buy binance Sell bybit Spread 0.385%
2026-07-31T01:31:45.106936,ArbitrageScanner,SIGNAL,GRT/USDT,0.014940,0.000000,0.00,0.00,0.00,Buy bybit Sell okx Spread 0.268%
2026-07-31T01:31:45.108938,ArbitrageScanner,SIGNAL,AXS/USDT,0.829000,0.000000,0.00,0.00,0.00,Buy bybit Sell okx Spread 0.253%
2026-07-31T01:32:58.322265,ArbitrageScanner,SIGNAL,SNX/USDT,0.208000,0.000000,0.00,0.00,0.00,Buy binance Sell bybit Spread 0.385%
2026-07-31T01:32:58.323266,ArbitrageScanner,SIGNAL,GRT/USDT,0.014940,0.000000,0.00,0.00,0.00,Buy bybit Sell okx Spread 0.268%
2026-07-31T01:32:58.324266,ArbitrageScanner,SIGNAL,PEPE/USDT,0.000003,0.000000,0.00,0.00,0.00,Buy bybit Sell binance Spread 0.252%
2026-07-31T01:34:14.289681,ArbitrageScanner,SIGNAL,SNX/USDT,0.208000,0.000000,0.00,0.00,0.00,Buy binance Sell bybit Spread 0.385%
2026-07-31T01:34:14.291685,ArbitrageScanner,SIGNAL,GRT/USDT,0.014940,0.000000,0.00,0.00,0.00,Buy bybit Sell okx Spread 0.268%
2026-07-31T01:34:14.293687,ArbitrageScanner,SIGNAL,PEPE/USDT,0.000003,0.000000,0.00,0.00,0.00,Buy bybit Sell binance Spread 0.252%
2026-07-31T01:35:27.091495,ArbitrageScanner,SIGNAL,SNX/USDT,0.208400,0.000000,0.00,0.00,0.00,Buy bybit Sell binance Spread 0.288%
2026-07-31T01:35:27.092498,ArbitrageScanner,SIGNAL,GRT/USDT,0.014940,0.000000,0.00,0.00,0.00,Buy bybit Sell okx Spread 0.268%
2026-07-31T01:35:27.093498,ArbitrageScanner,SIGNAL,1INCH/USDT,0.085000,0.000000,0.00,0.00,0.00,Buy binance Sell bybit Spread 0.247%
2026-07-31T01:36:39.335873,ArbitrageScanner,SIGNAL,SNX/USDT,0.208400,0.000000,0.00,0.00,0.00,Buy bybit Sell binance Spread 0.288%
2026-07-31T01:36:39.336874,ArbitrageScanner,SIGNAL,PEPE/USDT,0.000003,0.000000,0.00,0.00,0.00,Buy okx Sell binance Spread 0.288%
2026-07-31T01:36:39.337875,ArbitrageScanner,SIGNAL,GRT/USDT,0.014940,0.000000,0.00,0.00,0.00,Buy bybit Sell okx Spread 0.268%
2026-07-31T01:37:56.828638,ArbitrageScanner,SIGNAL,SNX/USDT,0.208400,0.000000,0.00,0.00,0.00,Buy bybit Sell binance Spread 0.288%
2026-07-31T01:37:56.830640,ArbitrageScanner,SIGNAL,PEPE/USDT,0.000003,0.000000,0.00,0.00,0.00,Buy bybit Sell binance Spread 0.252%
2026-07-31T01:37:56.832642,ArbitrageScanner,SIGNAL,ENJ/USDT,0.025010,0.000000,0.00,0.00,0.00,Buy binance Sell bybit Spread 0.240%
2026-07-31T01:39:09.695452,ArbitrageScanner,SIGNAL,SNX/USDT,0.208400,0.000000,0.00,0.00,0.00,Buy bybit Sell binance Spread 0.288%
2026-07-31T01:39:09.697453,ArbitrageScanner,SIGNAL,ENJ/USDT,0.025010,0.000000,0.00,0.00,0.00,Buy binance Sell bybit Spread 0.240%
2026-07-31T01:39:09.699456,ArbitrageScanner,SIGNAL,GRT/USDT,0.014940,0.000000,0.00,0.00,0.00,Buy bybit Sell binance Spread 0.201%
2026-07-31T01:40:29.881247,ArbitrageScanner,SIGNAL,SNX/USDT,0.208400,0.000000,0.00,0.00,0.00,Buy bybit Sell binance Spread 0.288%
2026-07-31T01:40:29.882250,ArbitrageScanner,SIGNAL,ENJ/USDT,0.025020,0.000000,0.00,0.00,0.00,Buy binance Sell bybit Spread 0.200%
2026-07-31T01:40:29.883250,ArbitrageScanner,SIGNAL,ZRX/USDT,0.078670,0.000000,0.00,0.00,0.00,Buy bybit Sell okx Spread 0.153%
2026-07-31T01:41:44.019892,ArbitrageScanner,SIGNAL,SNX/USDT,0.208400,0.000000,0.00,0.00,0.00,Buy bybit Sell binance Spread 0.288%
2026-07-31T01:41:44.020893,ArbitrageScanner,SIGNAL,PEPE/USDT,0.000003,0.000000,0.00,0.00,0.00,Buy bybit Sell binance Spread 0.288%
2026-07-31T01:41:44.021893,ArbitrageScanner,SIGNAL,ENJ/USDT,0.024990,0.000000,0.00,0.00,0.00,Buy bybit Sell okx Spread 0.280%
2026-07-31T01:42:54.813013,ArbitrageScanner,SIGNAL,SNX/USDT,0.208400,0.000000,0.00,0.00,0.00,Buy bybit Sell binance Spread 0.288%
2026-07-31T01:42:54.815020,ArbitrageScanner,SIGNAL,PEPE/USDT,0.000003,0.000000,0.00,0.00,0.00,Buy bybit Sell binance Spread 0.288%
2026-07-31T01:42:54.816023,ArbitrageScanner,SIGNAL,ENJ/USDT,0.024990,0.000000,0.00,0.00,0.00,Buy bybit Sell okx Spread 0.280%
2026-07-31T01:43:37.829582,DCA_Bot,BUY,BTC/USDT,64921.560000,0.000770,50.00,0.00,0.00,DCA buy
2026-07-31T01:44:09.139474,ArbitrageScanner,SIGNAL,SNX/USDT,0.208400,0.000000,0.00,0.00,0.00,Buy bybit Sell binance Spread 0.288%
2026-07-31T01:44:09.140474,ArbitrageScanner,SIGNAL,ENJ/USDT,0.024990,0.000000,0.00,0.00,0.00,Buy bybit Sell okx Spread 0.280%
2026-07-31T01:44:09.141476,ArbitrageScanner,SIGNAL,SAND/USDT,0.041250,0.000000,0.00,0.00,0.00,Buy bybit Sell okx Spread 0.267%
2026-07-31T01:45:26.990462,ArbitrageScanner,SIGNAL,SNX/USDT,0.208400,0.000000,0.00,0.00,0.00,Buy bybit Sell binance Spread 0.288%
2026-07-31T01:45:26.991463,ArbitrageScanner,SIGNAL,PEPE/USDT,0.000003,0.000000,0.00,0.00,0.00,Buy okx Sell binance Spread 0.288%
2026-07-31T01:45:26.992464,ArbitrageScanner,SIGNAL,ENJ/USDT,0.024990,0.000000,0.00,0.00,0.00,Buy bybit Sell okx Spread 0.280%
2026-07-31T12:57:54.179564,ArbitrageScanner,SIGNAL,SNX/USDT,0.210300,0.000000,0.00,0.00,0.00,Buy okx Sell binance Spread 0.333%
2026-07-31T12:57:54.180564,ArbitrageScanner,SIGNAL,PEPE/USDT,0.000003,0.000000,0.00,0.00,0.00,Buy binance Sell bybit Spread 0.221%
2026-07-31T12:57:54.181565,ArbitrageScanner,SIGNAL,ATOM/USDT,1.231000,0.000000,0.00,0.00,0.00,Buy binance Sell bybit Spread 0.162%
2026-07-31T12:59:04.316500,ArbitrageScanner,SIGNAL,SNX/USDT,0.210300,0.000000,0.00,0.00,0.00,Buy okx Sell binance Spread 0.333%
2026-07-31T12:59:51.347620,ArbitrageScanner,SIGNAL,GRT/USDT,0.014380,0.000000,0.00,0.00,0.00,Buy binance Sell okx Spread 0.278%
2026-07-31T12:59:51.349621,ArbitrageScanner,SIGNAL,SHIB/USDT,0.000005,0.000000,0.00,0.00,0.00,Buy binance Sell bybit Spread 0.238%
2026-07-31T13:00:59.936616,ArbitrageScanner,SIGNAL,SNX/USDT,0.210200,0.000000,0.00,0.00,0.00,Buy bybit Sell binance Spread 0.381%
2026-07-31T13:00:59.937617,ArbitrageScanner,SIGNAL,GRT/USDT,0.014360,0.000000,0.00,0.00,0.00,Buy binance Sell okx Spread 0.348%
2026-07-31T13:00:59.938618,ArbitrageScanner,SIGNAL,ENJ/USDT,0.024680,0.000000,0.00,0.00,0.00,Buy binance Sell bybit Spread 0.284%
2026-07-31T13:02:13.194410,ArbitrageScanner,SIGNAL,GRT/USDT,0.014370,0.000000,0.00,0.00,0.00,Buy binance Sell okx Spread 0.348%
2026-07-31T13:02:13.196414,ArbitrageScanner,SIGNAL,SNX/USDT,0.210400,0.000000,0.00,0.00,0.00,Buy bybit Sell binance Spread 0.285%
2026-07-31T13:02:13.198414,ArbitrageScanner,SIGNAL,SAND/USDT,0.041880,0.000000,0.00,0.00,0.00,Buy binance Sell bybit Spread 0.263%
2026-07-31T13:03:21.371804,ArbitrageScanner,SIGNAL,SNX/USDT,0.210200,0.000000,0.00,0.00,0.00,Buy okx Sell binance Spread 0.381%
2026-07-31T13:03:21.373808,ArbitrageScanner,SIGNAL,PEPE/USDT,0.000003,0.000000,0.00,0.00,0.00,Buy bybit Sell binance Spread 0.331%
2026-07-31T13:03:21.374808,ArbitrageScanner,SIGNAL,1INCH/USDT,0.083400,0.000000,0.00,0.00,0.00,Buy binance Sell okx Spread 0.264%
2026-07-31T13:04:29.545641,ArbitrageScanner,SIGNAL,SNX/USDT,0.210200,0.000000,0.00,0.00,0.00,Buy okx Sell binance Spread 0.381%
2026-07-31T13:04:29.546642,ArbitrageScanner,SIGNAL,SAND/USDT,0.041740,0.000000,0.00,0.00,0.00,Buy okx Sell bybit Spread 0.311%
2026-07-31T13:04:29.548646,ArbitrageScanner,SIGNAL,PEPE/USDT,0.000003,0.000000,0.00,0.00,0.00,Buy bybit Sell binance Spread 0.294%
2026-07-31T13:05:37.341574,ArbitrageScanner,SIGNAL,ETC/USDT,6.620000,0.000000,0.00,0.00,0.00,Buy binance Sell bybit Spread 0.287%
2026-07-31T13:05:37.343575,ArbitrageScanner,SIGNAL,PEPE/USDT,0.000003,0.000000,0.00,0.00,0.00,Buy bybit Sell binance Spread 0.257%
2026-07-31T13:05:37.346580,ArbitrageScanner,SIGNAL,GRT/USDT,0.014380,0.000000,0.00,0.00,0.00,Buy binance Sell bybit Spread 0.209%
2026-07-31T13:06:44.853702,ArbitrageScanner,SIGNAL,GRT/USDT,0.014350,0.000000,0.00,0.00,0.00,Buy binance Sell okx Spread 0.418%
2026-07-31T13:06:44.854687,ArbitrageScanner,SIGNAL,ZRX/USDT,0.077420,0.000000,0.00,0.00,0.00,Buy bybit Sell okx Spread 0.310%
2026-07-31T13:06:44.855688,ArbitrageScanner,SIGNAL,ATOM/USDT,1.231000,0.000000,0.00,0.00,0.00,Buy binance Sell okx Spread 0.244%
2026-07-31T13:07:59.570662,ArbitrageScanner,SIGNAL,GRT/USDT,0.014350,0.000000,0.00,0.00,0.00,Buy binance Sell okx Spread 0.418%
2026-07-31T13:07:59.571663,ArbitrageScanner,SIGNAL,SNX/USDT,0.210200,0.000000,0.00,0.00,0.00,Buy bybit Sell binance Spread 0.381%
2026-07-31T13:07:59.572663,ArbitrageScanner,SIGNAL,ATOM/USDT,1.230000,0.000000,0.00,0.00,0.00,Buy binance Sell okx Spread 0.325%
2026-07-31T13:09:10.795826,ArbitrageScanner,SIGNAL,GRT/USDT,0.014350,0.000000,0.00,0.00,0.00,Buy bybit Sell okx Spread 0.418%
2026-07-31T13:09:10.796827,ArbitrageScanner,SIGNAL,COMP/USDT,16.530000,0.000000,0.00,0.00,0.00,Buy okx Sell bybit Spread 0.363%
2026-07-31T13:09:10.797828,ArbitrageScanner,SIGNAL,ZRX/USDT,0.077430,0.000000,0.00,0.00,0.00,Buy bybit Sell okx Spread 0.297%
2026-07-31T13:10:22.226940,ArbitrageScanner,SIGNAL,SAND/USDT,0.041910,0.000000,0.00,0.00,0.00,Buy bybit Sell binance Spread 0.453%
2026-07-31T13:10:22.228943,ArbitrageScanner,SIGNAL,ZRX/USDT,0.077500,0.000000,0.00,0.00,0.00,Buy bybit Sell okx Spread 0.387%
2026-07-31T13:10:22.229944,ArbitrageScanner,SIGNAL,GRT/USDT,0.014350,0.000000,0.00,0.00,0.00,Buy bybit Sell okx Spread 0.348%
2026-07-31T13:11:34.049082,ArbitrageScanner,SIGNAL,ZRX/USDT,0.077500,0.000000,0.00,0.00,0.00,Buy bybit Sell okx Spread 0.387%
2026-07-31T13:11:34.051085,ArbitrageScanner,SIGNAL,SAND/USDT,0.041910,0.000000,0.00,0.00,0.00,Buy bybit Sell binance Spread 0.382%
2026-07-31T13:11:34.053086,ArbitrageScanner,SIGNAL,PEPE/USDT,0.000003,0.000000,0.00,0.00,0.00,Buy binance Sell bybit Spread 0.368%
2026-07-31T13:12:45.058635,ArbitrageScanner,SIGNAL,GRT/USDT,0.014350,0.000000,0.00,0.00,0.00,Buy bybit Sell okx Spread 0.557%
2026-07-31T13:12:45.059638,ArbitrageScanner,SIGNAL,SAND/USDT,0.041910,0.000000,0.00,0.00,0.00,Buy bybit Sell okx Spread 0.477%
2026-07-31T13:12:45.061638,ArbitrageScanner,SIGNAL,ZRX/USDT,0.077500,0.000000,0.00,0.00,0.00,Buy bybit Sell okx Spread 0.387%
2026-07-31T13:13:55.007502,ArbitrageScanner,SIGNAL,SAND/USDT,0.041910,0.000000,0.00,0.00,0.00,Buy bybit Sell okx Spread 0.620%
2026-07-31T13:13:55.009503,ArbitrageScanner,SIGNAL,GRT/USDT,0.014350,0.000000,0.00,0.00,0.00,Buy bybit Sell okx Spread 0.557%
2026-07-31T13:13:55.011505,ArbitrageScanner,SIGNAL,SNX/USDT,0.212500,0.000000,0.00,0.00,0.00,Buy bybit Sell okx Spread 0.282%
2026-07-31T13:15:07.580417,ArbitrageScanner,SIGNAL,SAND/USDT,0.041910,0.000000,0.00,0.00,0.00,Buy bybit Sell okx Spread 0.573%
2026-07-31T13:15:07.582419,ArbitrageScanner,SIGNAL,GRT/USDT,0.014350,0.000000,0.00,0.00,0.00,Buy bybit Sell okx Spread 0.557%
2026-07-31T13:15:07.583420,ArbitrageScanner,SIGNAL,ATOM/USDT,1.231000,0.000000,0.00,0.00,0.00,Buy okx Sell binance Spread 0.325%
2026-07-31T13:16:19.614731,ArbitrageScanner,SIGNAL,GRT/USDT,0.014390,0.000000,0.00,0.00,0.00,Buy binance Sell bybit Spread 0.347%
2026-07-31T13:16:19.615731,ArbitrageScanner,SIGNAL,ENJ/USDT,0.024670,0.000000,0.00,0.00,0.00,Buy bybit Sell okx Spread 0.324%
2026-07-31T13:16:19.617732,ArbitrageScanner,SIGNAL,SNX/USDT,0.212500,0.000000,0.00,0.00,0.00,Buy bybit Sell okx Spread 0.282%
2026-07-31T13:17:32.160561,ArbitrageScanner,SIGNAL,GRT/USDT,0.014370,0.000000,0.00,0.00,0.00,Buy binance Sell bybit Spread 0.487%
2026-07-31T13:17:32.162563,ArbitrageScanner,SIGNAL,ENJ/USDT,0.024670,0.000000,0.00,0.00,0.00,Buy bybit Sell okx Spread 0.324%
2026-07-31T13:17:32.164565,ArbitrageScanner,SIGNAL,SNX/USDT,0.212500,0.000000,0.00,0.00,0.00,Buy bybit Sell okx Spread 0.282%
2026-07-31T13:18:45.818874,ArbitrageScanner,SIGNAL,GRT/USDT,0.014380,0.000000,0.00,0.00,0.00,Buy binance Sell bybit Spread 0.417%
2026-07-31T13:18:45.819875,ArbitrageScanner,SIGNAL,SAND/USDT,0.042120,0.000000,0.00,0.00,0.00,Buy bybit Sell binance Spread 0.332%
2026-07-31T13:18:45.820876,ArbitrageScanner,SIGNAL,ENJ/USDT,0.024670,0.000000,0.00,0.00,0.00,Buy bybit Sell okx Spread 0.324%
2026-07-31T13:19:57.011104,ArbitrageScanner,SIGNAL,GRT/USDT,0.014380,0.000000,0.00,0.00,0.00,Buy binance Sell bybit Spread 0.417%
2026-07-31T13:19:57.013106,ArbitrageScanner,SIGNAL,ENJ/USDT,0.024670,0.000000,0.00,0.00,0.00,Buy bybit Sell okx Spread 0.324%
2026-07-31T13:19:57.015109,ArbitrageScanner,SIGNAL,COMP/USDT,16.550000,0.000000,0.00,0.00,0.00,Buy okx Sell binance Spread 0.302%
2026-07-31T13:21:07.326812,ArbitrageScanner,SIGNAL,GRT/USDT,0.014380,0.000000,0.00,0.00,0.00,Buy binance Sell bybit Spread 0.417%
2026-07-31T13:21:07.327812,ArbitrageScanner,SIGNAL,SNX/USDT,0.212500,0.000000,0.00,0.00,0.00,Buy bybit Sell okx Spread 0.376%
2026-07-31T13:21:07.329813,ArbitrageScanner,SIGNAL,BAT/USDT,0.064590,0.000000,0.00,0.00,0.00,Buy bybit Sell binance Spread 0.325%
2026-07-31T13:22:21.113864,ArbitrageScanner,SIGNAL,SNX/USDT,0.212500,0.000000,0.00,0.00,0.00,Buy bybit Sell okx Spread 0.565%
2026-07-31T13:22:21.114865,ArbitrageScanner,SIGNAL,SAND/USDT,0.041900,0.000000,0.00,0.00,0.00,Buy bybit Sell okx Spread 0.501%
2026-07-31T13:22:21.115865,ArbitrageScanner,SIGNAL,GRT/USDT,0.014380,0.000000,0.00,0.00,0.00,Buy binance Sell bybit Spread 0.417%
2026-07-31T13:23:03.789184,DCA_Bot,BUY,BTC/USDT,63790.010000,0.000784,50.00,0.00,0.00,DCA buy
2026-07-31T13:23:33.557167,ArbitrageScanner,SIGNAL,SNX/USDT,0.212500,0.000000,0.00,0.00,0.00,Buy bybit Sell okx Spread 0.565%
2026-07-31T13:23:33.559169,ArbitrageScanner,SIGNAL,SAND/USDT,0.041900,0.000000,0.00,0.00,0.00,Buy bybit Sell okx Spread 0.358%
2026-07-31T13:23:33.559169,ArbitrageScanner,SIGNAL,GRT/USDT,0.014390,0.000000,0.00,0.00,0.00,Buy binance Sell bybit Spread 0.347%
2026-07-31T13:23:50.811989,GridML,LIMIT_BUY,ETH/USDT,1856.041641,0.026939,50.00,0.00,0.00,Grid order
2026-07-31T13:23:50.812993,GridML,LIMIT_BUY,ETH/USDT,1861.711480,0.026857,50.00,0.00,0.00,Grid order
2026-07-31T13:23:50.813994,GridML,LIMIT_BUY,ETH/USDT,1867.381320,0.026775,50.00,0.00,0.00,Grid order
2026-07-31T13:23:50.814996,GridML,LIMIT_BUY,ETH/USDT,1873.051159,0.026694,50.00,0.00,0.00,Grid order
2026-07-31T13:23:50.815996,GridML,LIMIT_BUY,ETH/USDT,1878.720999,0.026614,50.00,0.00,0.00,Grid order
2026-07-31T13:23:50.816997,GridML,LIMIT_SELL,ETH/USDT,1884.390838,0.026534,50.00,0.00,0.00,Grid order
2026-07-31T13:23:50.817998,GridML,LIMIT_SELL,ETH/USDT,1890.060678,0.026454,50.00,0.00,0.00,Grid order
2026-07-31T13:23:50.818999,GridML,LIMIT_SELL,ETH/USDT,1895.730517,0.026375,50.00,0.00,0.00,Grid order
2026-07-31T13:23:50.820000,GridML,LIMIT_SELL,ETH/USDT,1901.400357,0.026296,50.00,0.00,0.00,Grid order
2026-07-31T13:23:50.821003,GridML,LIMIT_SELL,ETH/USDT,1907.070196,0.026218,50.00,0.00,0.00,Grid order
2026-07-31T13:24:44.547773,ArbitrageScanner,SIGNAL,GRT/USDT,0.014390,0.000000,0.00,0.00,0.00,Buy binance Sell bybit Spread 0.347%
2026-07-31T13:24:44.549774,ArbitrageScanner,SIGNAL,ZRX/USDT,0.077850,0.000000,0.00,0.00,0.00,Buy bybit Sell okx Spread 0.321%
2026-07-31T13:24:44.550775,ArbitrageScanner,SIGNAL,COMP/USDT,16.550000,0.000000,0.00,0.00,0.00,Buy okx Sell binance Spread 0.302%
2026-07-31T13:25:56.229249,ArbitrageScanner,SIGNAL,GRT/USDT,0.014390,0.000000,0.00,0.00,0.00,Buy binance Sell bybit Spread 0.347%
2026-07-31T13:25:56.231252,ArbitrageScanner,SIGNAL,AXS/USDT,0.832000,0.000000,0.00,0.00,0.00,Buy bybit Sell okx Spread 0.337%
2026-07-31T13:25:56.233253,ArbitrageScanner,SIGNAL,COMP/USDT,16.550000,0.000000,0.00,0.00,0.00,Buy okx Sell binance Spread 0.302%
2026-07-31T13:27:06.608527,ArbitrageScanner,SIGNAL,ENJ/USDT,0.024720,0.000000,0.00,0.00,0.00,Buy bybit Sell okx Spread 0.445%
2026-07-31T13:27:06.610531,ArbitrageScanner,SIGNAL,SAND/USDT,0.041830,0.000000,0.00,0.00,0.00,Buy binance Sell bybit Spread 0.383%
2026-07-31T13:27:06.612532,ArbitrageScanner,SIGNAL,GRT/USDT,0.014390,0.000000,0.00,0.00,0.00,Buy binance Sell bybit Spread 0.347%
2026-07-31T13:28:19.536619,ArbitrageScanner,SIGNAL,GRT/USDT,0.014370,0.000000,0.00,0.00,0.00,Buy binance Sell bybit Spread 0.487%
2026-07-31T13:28:19.537620,ArbitrageScanner,SIGNAL,ENJ/USDT,0.024720,0.000000,0.00,0.00,0.00,Buy bybit Sell okx Spread 0.364%
2026-07-31T13:28:19.541623,ArbitrageScanner,SIGNAL,AXS/USDT,0.832000,0.000000,0.00,0.00,0.00,Buy bybit Sell okx Spread 0.337%
2026-07-31T13:29:31.282837,ArbitrageScanner,SIGNAL,GRT/USDT,0.014350,0.000000,0.00,0.00,0.00,Buy binance Sell okx Spread 0.557%
2026-07-31T13:29:31.284839,ArbitrageScanner,SIGNAL,SAND/USDT,0.041850,0.000000,0.00,0.00,0.00,Buy binance Sell bybit Spread 0.358%
2026-07-31T13:29:31.285839,ArbitrageScanner,SIGNAL,AXS/USDT,0.832000,0.000000,0.00,0.00,0.00,Buy bybit Sell okx Spread 0.325%
2026-07-31T13:30:45.796010,ArbitrageScanner,SIGNAL,GRT/USDT,0.014370,0.000000,0.00,0.00,0.00,Buy binance Sell okx Spread 0.418%
2026-07-31T13:30:45.798016,ArbitrageScanner,SIGNAL,SAND/USDT,0.041860,0.000000,0.00,0.00,0.00,Buy binance Sell bybit Spread 0.334%
2026-07-31T13:30:45.800017,ArbitrageScanner,SIGNAL,ATOM/USDT,1.229000,0.000000,0.00,0.00,0.00,Buy bybit Sell okx Spread 0.325%
2026-07-31T13:31:59.511157,ArbitrageScanner,SIGNAL,GRT/USDT,0.014370,0.000000,0.00,0.00,0.00,Buy binance Sell okx Spread 0.418%
2026-07-31T13:31:59.513158,ArbitrageScanner,SIGNAL,SAND/USDT,0.041860,0.000000,0.00,0.00,0.00,Buy binance Sell bybit Spread 0.334%
2026-07-31T13:31:59.515159,ArbitrageScanner,SIGNAL,AXS/USDT,0.832000,0.000000,0.00,0.00,0.00,Buy bybit Sell okx Spread 0.325%
2026-07-31T13:33:10.707612,ArbitrageScanner,SIGNAL,GRT/USDT,0.014370,0.000000,0.00,0.00,0.00,Buy binance Sell okx Spread 0.418%
2026-07-31T13:33:10.708610,ArbitrageScanner,SIGNAL,COMP/USDT,16.550000,0.000000,0.00,0.00,0.00,Buy okx Sell binance Spread 0.302%
2026-07-31T13:33:10.709610,ArbitrageScanner,SIGNAL,SNX/USDT,0.214400,0.000000,0.00,0.00,0.00,Buy okx Sell binance Spread 0.280%
2026-07-31T13:34:22.272779,ArbitrageScanner,SIGNAL,SNX/USDT,0.214000,0.000000,0.00,0.00,0.00,Buy binance Sell okx Spread 0.374%
2026-07-31T13:34:22.274781,ArbitrageScanner,SIGNAL,GRT/USDT,0.014370,0.000000,0.00,0.00,0.00,Buy binance Sell okx Spread 0.348%
2026-07-31T13:34:22.275781,ArbitrageScanner,SIGNAL,ENJ/USDT,0.024850,0.000000,0.00,0.00,0.00,Buy binance Sell okx Spread 0.322%
2026-07-31T13:35:33.861878,ArbitrageScanner,SIGNAL,SNX/USDT,0.214000,0.000000,0.00,0.00,0.00,Buy binance Sell okx Spread 0.374%
2026-07-31T13:35:33.862880,ArbitrageScanner,SIGNAL,ENJ/USDT,0.024830,0.000000,0.00,0.00,0.00,Buy bybit Sell okx Spread 0.362%
2026-07-31T13:35:33.863879,ArbitrageScanner,SIGNAL,GRT/USDT,0.014360,0.000000,0.00,0.00,0.00,Buy binance Sell okx Spread 0.348%
2026-07-31T13:36:45.592098,ArbitrageScanner,SIGNAL,SNX/USDT,0.214000,0.000000,0.00,0.00,0.00,Buy binance Sell okx Spread 0.561%
2026-07-31T13:36:45.593098,ArbitrageScanner,SIGNAL,GRT/USDT,0.014350,0.000000,0.00,0.00,0.00,Buy binance Sell okx Spread 0.557%
2026-07-31T13:36:45.594099,ArbitrageScanner,SIGNAL,ZRX/USDT,0.078020,0.000000,0.00,0.00,0.00,Buy bybit Sell okx Spread 0.269%
2026-07-31T13:37:57.216871,ArbitrageScanner,SIGNAL,SNX/USDT,0.214000,0.000000,0.00,0.00,0.00,Buy binance Sell okx Spread 0.561%
2026-07-31T13:37:57.218874,ArbitrageScanner,SIGNAL,GRT/USDT,0.014360,0.000000,0.00,0.00,0.00,Buy binance Sell okx Spread 0.348%
2026-07-31T13:37:57.219871,ArbitrageScanner,SIGNAL,PEPE/USDT,0.000003,0.000000,0.00,0.00,0.00,Buy binance Sell okx Spread 0.293%
2026-07-31T13:39:10.303293,ArbitrageScanner,SIGNAL,GRT/USDT,0.014340,0.000000,0.00,0.00,0.00,Buy binance Sell okx Spread 0.558%
2026-07-31T13:39:10.304294,ArbitrageScanner,SIGNAL,MANA/USDT,0.067500,0.000000,0.00,0.00,0.00,Buy binance Sell bybit Spread 0.356%
2026-07-31T13:39:10.305295,ArbitrageScanner,SIGNAL,SNX/USDT,0.214000,0.000000,0.00,0.00,0.00,Buy binance Sell okx Spread 0.327%
2026-07-31T13:40:21.322400,ArbitrageScanner,SIGNAL,GRT/USDT,0.014340,0.000000,0.00,0.00,0.00,Buy binance Sell okx Spread 0.558%
2026-07-31T13:40:21.323401,ArbitrageScanner,SIGNAL,ENJ/USDT,0.024890,0.000000,0.00,0.00,0.00,Buy bybit Sell okx Spread 0.402%
2026-07-31T13:40:21.325403,ArbitrageScanner,SIGNAL,ZRX/USDT,0.078020,0.000000,0.00,0.00,0.00,Buy bybit Sell okx Spread 0.295%
2026-07-31T13:41:33.260101,ArbitrageScanner,SIGNAL,ENJ/USDT,0.024880,0.000000,0.00,0.00,0.00,Buy bybit Sell okx Spread 0.442%
2026-07-31T13:41:33.261101,ArbitrageScanner,SIGNAL,GRT/USDT,0.014350,0.000000,0.00,0.00,0.00,Buy binance Sell okx Spread 0.348%
2026-07-31T13:41:33.263103,ArbitrageScanner,SIGNAL,SHIB/USDT,0.000005,0.000000,0.00,0.00,0.00,Buy binance Sell bybit Spread 0.194%
2026-07-31T13:42:46.152395,ArbitrageScanner,SIGNAL,GRT/USDT,0.014350,0.000000,0.00,0.00,0.00,Buy binance Sell bybit Spread 0.488%
2026-07-31T13:42:46.153396,ArbitrageScanner,SIGNAL,TIA/USDT,0.319100,0.000000,0.00,0.00,0.00,Buy bybit Sell binance Spread 0.219%
2026-07-31T13:42:46.154397,ArbitrageScanner,SIGNAL,ENJ/USDT,0.024880,0.000000,0.00,0.00,0.00,Buy bybit Sell okx Spread 0.201%
2026-07-31T13:43:58.770419,ArbitrageScanner,SIGNAL,GRT/USDT,0.014350,0.000000,0.00,0.00,0.00,Buy binance Sell okx Spread 0.557%
2026-07-31T13:43:58.771421,ArbitrageScanner,SIGNAL,CHZ/USDT,0.012770,0.000000,0.00,0.00,0.00,Buy bybit Sell binance Spread 0.313%
2026-07-31T13:43:58.772422,ArbitrageScanner,SIGNAL,BAT/USDT,0.064940,0.000000,0.00,0.00,0.00,Buy bybit Sell binance Spread 0.246%
2026-07-31T13:45:10.160413,ArbitrageScanner,SIGNAL,GRT/USDT,0.014350,0.000000,0.00,0.00,0.00,Buy binance Sell bybit Spread 0.488%
2026-07-31T13:45:10.161414,ArbitrageScanner,SIGNAL,CHZ/USDT,0.012770,0.000000,0.00,0.00,0.00,Buy bybit Sell binance Spread 0.392%
2026-07-31T13:45:10.162416,ArbitrageScanner,SIGNAL,ZRX/USDT,0.078080,0.000000,0.00,0.00,0.00,Buy bybit Sell okx Spread 0.218%
2026-07-31T13:46:20.973798,ArbitrageScanner,SIGNAL,GRT/USDT,0.014350,0.000000,0.00,0.00,0.00,Buy binance Sell bybit Spread 0.488%
2026-07-31T13:46:20.975800,ArbitrageScanner,SIGNAL,ENJ/USDT,0.024870,0.000000,0.00,0.00,0.00,Buy bybit Sell okx Spread 0.241%
2026-07-31T13:46:20.976800,ArbitrageScanner,SIGNAL,MANA/USDT,0.067400,0.000000,0.00,0.00,0.00,Buy binance Sell bybit Spread 0.223%
2026-07-31T13:47:32.531007,ArbitrageScanner,SIGNAL,GRT/USDT,0.014350,0.000000,0.00,0.00,0.00,Buy binance Sell bybit Spread 0.488%
2026-07-31T13:47:32.532008,ArbitrageScanner,SIGNAL,ENJ/USDT,0.024870,0.000000,0.00,0.00,0.00,Buy bybit Sell okx Spread 0.281%
2026-07-31T13:47:32.534011,ArbitrageScanner,SIGNAL,ZRX/USDT,0.078080,0.000000,0.00,0.00,0.00,Buy bybit Sell okx Spread 0.218%
2026-07-31T13:47:50.879641,DexSniper,BUY,RBN,0.000000,0.000000,0.05,0.00,0.00,Sniped Ribbin
2026-07-31T13:48:45.661080,ArbitrageScanner,SIGNAL,GRT/USDT,0.014340,0.000000,0.00,0.00,0.00,Buy binance Sell bybit Spread 0.558%
2026-07-31T13:48:45.662081,ArbitrageScanner,SIGNAL,SNX/USDT,0.214000,0.000000,0.00,0.00,0.00,Buy binance Sell okx Spread 0.421%
2026-07-31T13:48:45.663083,ArbitrageScanner,SIGNAL,ENJ/USDT,0.024870,0.000000,0.00,0.00,0.00,Buy bybit Sell okx Spread 0.281%
2026-07-31T13:49:56.247851,ArbitrageScanner,SIGNAL,GRT/USDT,0.014350,0.000000,0.00,0.00,0.00,Buy binance Sell bybit Spread 0.488%
2026-07-31T13:49:56.248852,ArbitrageScanner,SIGNAL,SNX/USDT,0.214000,0.000000,0.00,0.00,0.00,Buy binance Sell okx Spread 0.421%
2026-07-31T13:49:56.249853,ArbitrageScanner,SIGNAL,TIA/USDT,0.318900,0.000000,0.00,0.00,0.00,Buy okx Sell bybit Spread 0.314%
2026-07-31T13:51:09.153050,ArbitrageScanner,SIGNAL,GRT/USDT,0.014350,0.000000,0.00,0.00,0.00,Buy binance Sell bybit Spread 0.488%
2026-07-31T13:51:09.154051,ArbitrageScanner,SIGNAL,SNX/USDT,0.214000,0.000000,0.00,0.00,0.00,Buy binance Sell bybit Spread 0.280%
2026-07-31T13:51:09.155052,ArbitrageScanner,SIGNAL,ENJ/USDT,0.024850,0.000000,0.00,0.00,0.00,Buy binance Sell okx Spread 0.241%
2026-07-31T13:52:23.633632,ArbitrageScanner,SIGNAL,GRT/USDT,0.014370,0.000000,0.00,0.00,0.00,Buy binance Sell bybit Spread 0.348%
2026-07-31T13:52:23.634635,ArbitrageScanner,SIGNAL,PEPE/USDT,0.000003,0.000000,0.00,0.00,0.00,Buy binance Sell bybit Spread 0.331%
2026-07-31T13:52:23.635636,ArbitrageScanner,SIGNAL,ENJ/USDT,0.024830,0.000000,0.00,0.00,0.00,Buy bybit Sell okx Spread 0.322%
2026-07-31T13:53:35.707761,ArbitrageScanner,SIGNAL,GRT/USDT,0.014370,0.000000,0.00,0.00,0.00,Buy binance Sell okx Spread 0.418%
2026-07-31T13:53:35.708762,ArbitrageScanner,SIGNAL,ENJ/USDT,0.024830,0.000000,0.00,0.00,0.00,Buy bybit Sell okx Spread 0.322%
2026-07-31T13:53:35.709763,ArbitrageScanner,SIGNAL,SNX/USDT,0.214000,0.000000,0.00,0.00,0.00,Buy binance Sell bybit Spread 0.280%
2026-07-31T13:54:47.861065,ArbitrageScanner,SIGNAL,GRT/USDT,0.014370,0.000000,0.00,0.00,0.00,Buy binance Sell okx Spread 0.418%
2026-07-31T13:54:47.862065,ArbitrageScanner,SIGNAL,ENJ/USDT,0.024830,0.000000,0.00,0.00,0.00,Buy bybit Sell okx Spread 0.322%
2026-07-31T13:54:47.863067,ArbitrageScanner,SIGNAL,SNX/USDT,0.214000,0.000000,0.00,0.00,0.00,Buy binance Sell bybit Spread 0.280%
2026-07-31T13:56:01.046133,ArbitrageScanner,SIGNAL,GRT/USDT,0.014380,0.000000,0.00,0.00,0.00,Buy binance Sell okx Spread 0.417%
2026-07-31T13:56:01.049135,ArbitrageScanner,SIGNAL,ENJ/USDT,0.024830,0.000000,0.00,0.00,0.00,Buy bybit Sell okx Spread 0.322%
2026-07-31T13:56:01.050137,ArbitrageScanner,SIGNAL,SNX/USDT,0.214000,0.000000,0.00,0.00,0.00,Buy binance Sell bybit Spread 0.280%
2026-07-31T13:57:15.507218,ArbitrageScanner,SIGNAL,ENJ/USDT,0.024830,0.000000,0.00,0.00,0.00,Buy bybit Sell okx Spread 0.443%
2026-07-31T13:57:15.509224,ArbitrageScanner,SIGNAL,MANA/USDT,0.067250,0.000000,0.00,0.00,0.00,Buy bybit Sell binance Spread 0.372%
2026-07-31T13:57:15.510223,ArbitrageScanner,SIGNAL,GRT/USDT,0.014380,0.000000,0.00,0.00,0.00,Buy binance Sell okx Spread 0.348%
2026-07-31T13:58:07.028915,DexSniper,SELL,RBN,0.000000,0.000000,0.05,-0.03,-70.00,Auto-exit 10min: Ribbin
2026-07-31T13:58:28.261067,ArbitrageScanner,SIGNAL,GRT/USDT,0.014360,0.000000,0.00,0.00,0.00,Buy binance Sell okx Spread 0.487%
2026-07-31T13:58:28.263069,ArbitrageScanner,SIGNAL,ENJ/USDT,0.024830,0.000000,0.00,0.00,0.00,Buy bybit Sell okx Spread 0.322%
2026-07-31T13:58:28.265070,ArbitrageScanner,SIGNAL,AXS/USDT,0.834000,0.000000,0.00,0.00,0.00,Buy bybit Sell okx Spread 0.216%
2026-07-31T13:59:39.959429,ArbitrageScanner,SIGNAL,GRT/USDT,0.014370,0.000000,0.00,0.00,0.00,Buy binance Sell okx Spread 0.557%
2026-07-31T13:59:39.961431,ArbitrageScanner,SIGNAL,ENJ/USDT,0.024830,0.000000,0.00,0.00,0.00,Buy bybit Sell okx Spread 0.362%
2026-07-31T13:59:39.962432,ArbitrageScanner,SIGNAL,SHIB/USDT,0.000005,0.000000,0.00,0.00,0.00,Buy binance Sell bybit Spread 0.258%
2026-07-31T14:00:50.568052,ArbitrageScanner,SIGNAL,GRT/USDT,0.014380,0.000000,0.00,0.00,0.00,Buy binance Sell okx Spread 0.348%
2026-07-31T14:00:50.570051,ArbitrageScanner,SIGNAL,SAND/USDT,0.041790,0.000000,0.00,0.00,0.00,Buy binance Sell bybit Spread 0.335%
2026-07-31T14:00:50.572053,ArbitrageScanner,SIGNAL,ENJ/USDT,0.024830,0.000000,0.00,0.00,0.00,Buy bybit Sell okx Spread 0.322%
2026-07-31T14:02:01.650837,ArbitrageScanner,SIGNAL,GRT/USDT,0.014390,0.000000,0.00,0.00,0.00,Buy binance Sell okx Spread 0.486%
2026-07-31T14:02:01.652840,ArbitrageScanner,SIGNAL,ZRX/USDT,0.077750,0.000000,0.00,0.00,0.00,Buy okx Sell binance Spread 0.450%
2026-07-31T14:02:01.654841,ArbitrageScanner,SIGNAL,SAND/USDT,0.041780,0.000000,0.00,0.00,0.00,Buy binance Sell bybit Spread 0.359%
2026-07-31T14:03:18.071826,ArbitrageScanner,SIGNAL,ZRX/USDT,0.077750,0.000000,0.00,0.00,0.00,Buy okx Sell binance Spread 0.450%
2026-07-31T14:03:18.072827,ArbitrageScanner,SIGNAL,ENJ/USDT,0.024860,0.000000,0.00,0.00,0.00,Buy binance Sell okx Spread 0.322%
2026-07-31T14:03:18.073827,ArbitrageScanner,SIGNAL,GRT/USDT,0.014400,0.000000,0.00,0.00,0.00,Buy binance Sell okx Spread 0.278%
2026-07-31T14:04:31.512597,ArbitrageScanner,SIGNAL,ZRX/USDT,0.077750,0.000000,0.00,0.00,0.00,Buy okx Sell binance Spread 0.450%
2026-07-31T14:04:31.514600,ArbitrageScanner,SIGNAL,ENJ/USDT,0.024860,0.000000,0.00,0.00,0.00,Buy binance Sell okx Spread 0.322%
2026-07-31T14:04:31.516605,ArbitrageScanner,SIGNAL,BAT/USDT,0.065090,0.000000,0.00,0.00,0.00,Buy okx Sell bybit Spread 0.292%
2026-07-31T14:05:41.959317,ArbitrageScanner,SIGNAL,ZRX/USDT,0.077750,0.000000,0.00,0.00,0.00,Buy okx Sell binance Spread 0.450%
2026-07-31T14:05:41.961320,ArbitrageScanner,SIGNAL,GRT/USDT,0.014400,0.000000,0.00,0.00,0.00,Buy binance Sell okx Spread 0.417%
2026-07-31T14:05:41.962321,ArbitrageScanner,SIGNAL,ENJ/USDT,0.024860,0.000000,0.00,0.00,0.00,Buy binance Sell okx Spread 0.322%
2026-07-31T14:06:55.261020,ArbitrageScanner,SIGNAL,ZRX/USDT,0.077750,0.000000,0.00,0.00,0.00,Buy okx Sell binance Spread 0.450%
2026-07-31T14:06:55.263024,ArbitrageScanner,SIGNAL,ENJ/USDT,0.024870,0.000000,0.00,0.00,0.00,Buy bybit Sell okx Spread 0.241%
2026-07-31T14:06:55.265024,ArbitrageScanner,SIGNAL,PEPE/USDT,0.000003,0.000000,0.00,0.00,0.00,Buy bybit Sell binance Spread 0.219%
2026-07-31T14:08:07.353240,ArbitrageScanner,SIGNAL,ZRX/USDT,0.077750,0.000000,0.00,0.00,0.00,Buy okx Sell binance Spread 0.450%
2026-07-31T14:08:07.354240,ArbitrageScanner,SIGNAL,GRT/USDT,0.014400,0.000000,0.00,0.00,0.00,Buy binance Sell okx Spread 0.417%
2026-07-31T14:08:07.355242,ArbitrageScanner,SIGNAL,ENJ/USDT,0.024870,0.000000,0.00,0.00,0.00,Buy bybit Sell okx Spread 0.362%
